soc_percent,p_net_w,irradiance_wm2,weather_index,demand_index,centroid,fis_mode
0.0,-350.0,850.0,0.85,0.85,0.6921,M1
0.0,-345.0,850.0,0.85,0.85,0.6921,M1
0.0,-340.0,850.0,0.85,0.85,0.6921,M1
0.0,-335.0,850.0,0.85,0.85,0.6921,M1
0.0,-330.0,850.0,0.85,0.85,0.6921,M1
0.0,-325.0,850.0,0.85,0.85,0.6921,M1
0.0,-320.0,850.0,0.85,0.85,0.6921,M1
0.0,-315.0,850.0,0.85,0.85,0.6921,M1
0.0,-310.0,850.0,0.85,0.85,0.6921,M1
0.0,-305.0,850.0,0.85,0.85,0.6921,M1
0.0,-300.0,850.0,0.85,0.85,0.6921,M1
0.0,-295.0,850.0,0.85,0.85,0.6921,M1
0.0,-290.0,850.0,0.85,0.85,0.6921,M1
0.0,-285.0,850.0,0.85,0.85,0.6921,M1
0.0,-280.0,850.0,0.85,0.85,0.6921,M1
0.0,-275.0,850.0,0.85,0.85,0.6921,M1
0.0,-270.0,850.0,0.85,0.85,0.6921,M1
0.0,-265.0,850.0,0.85,0.85,0.6921,M1
0.0,-260.0,850.0,0.85,0.85,0.6921,M1
0.0,-255.0,850.0,0.85,0.85,0.6921,M1
0.0,-250.0,850.0,0.85,0.85,0.6921,M1
0.0,-245.0,850.0,0.85,0.85,0.6921,M1
0.0,-240.0,850.0,0.85,0.85,0.6921,M1
0.0,-235.0,850.0,0.85,0.85,0.6921,M1
0.0,-230.0,850.0,0.85,0.85,0.6921,M1
0.0,-225.0,850.0,0.85,0.85,0.6921,M1
0.0,-220.0,850.0,0.85,0.85,0.6921,M1
0.0,-215.0,850.0,0.85,0.85,0.6917,M1
0.0,-210.0,850.0,0.85,0.85,0.6903,M1
0.0,-205.0,850.0,0.85,0.85,0.688,M1
0.0,-200.0,850.0,0.85,0.85,0.6846,M1
0.0,-195.0,850.0,0.85,0.85,0.6803,M1
0.0,-190.0,850.0,0.85,0.85,0.6748,M1
0.0,-185.0,850.0,0.85,0.85,0.668,M1
0.0,-180.0,850.0,0.85,0.85,0.6598,M1
0.0,-175.0,850.0,0.85,0.85,0.6501,M1
0.0,-170.0,850.0,0.85,0.85,0.6385,M1
0.0,-165.0,850.0,0.85,0.85,0.6247,M1
0.0,-160.0,850.0,0.85,0.85,0.6085,M1
0.0,-155.0,850.0,0.85,0.85,0.5892,M1
0.0,-150.0,850.0,0.85,0.85,0.5666,M1
0.0,-145.0,850.0,0.85,0.85,0.54,M1
0.0,-140.0,850.0,0.85,0.85,0.5087,M1
0.0,-135.0,850.0,0.85,0.85,0.4717,M0
0.0,-130.0,850.0,0.85,0.85,0.4281,M0
0.0,-125.0,850.0,0.85,0.85,0.3764,M0
0.0,-120.0,850.0,0.85,0.85,0.3147,M0
0.0,-115.0,850.0,0.85,0.85,0.3147,M0
0.0,-110.0,850.0,0.85,0.85,0.3147,M0
0.0,-105.0,850.0,0.85,0.85,0.3147,M0
0.0,-100.0,850.0,0.85,0.85,0.3147,M0
0.0,-95.0,850.0,0.85,0.85,0.3147,M0
0.0,-90.0,850.0,0.85,0.85,0.3147,M0
0.0,-85.0,850.0,0.85,0.85,0.3147,M0
0.0,-80.0,850.0,0.85,0.85,0.3147,M0
0.0,-75.0,850.0,0.85,0.85,0.3147,M0
0.0,-70.0,850.0,0.85,0.85,0.3147,M0
0.0,-65.0,850.0,0.85,0.85,0.3147,M0
0.0,-60.0,850.0,0.85,0.85,0.3147,M0
0.0,-55.0,850.0,0.85,0.85,0.3147,M0
0.0,-50.0,850.0,0.85,0.85,0.3147,M0
0.0,-45.0,850.0,0.85,0.85,0.3147,M0
0.0,-40.0,850.0,0.85,0.85,0.3147,M0
0.0,-35.0,850.0,0.85,0.85,0.3147,M0
0.0,-30.0,850.0,0.85,0.85,0.3147,M0
0.0,-25.0,850.0,0.85,0.85,0.3147,M0
0.0,-20.0,850.0,0.85,0.85,0.3147,M0
0.0,-15.0,850.0,0.85,0.85,0.3147,M0
0.0,-10.0,850.0,0.85,0.85,0.3147,M0
0.0,-5.0,850.0,0.85,0.85,0.3147,M0
0.0,0.0,850.0,0.85,0.85,0.3147,M0
0.0,5.0,850.0,0.85,0.85,0.3147,M0
0.0,10.0,850.0,0.85,0.85,0.3147,M0
0.0,15.0,850.0,0.85,0.85,0.3147,M0
0.0,20.0,850.0,0.85,0.85,0.3147,M0
0.0,25.0,850.0,0.85,0.85,0.3147,M0
0.0,30.0,850.0,0.85,0.85,0.3147,M0
0.0,35.0,850.0,0.85,0.85,0.3147,M0
0.0,40.0,850.0,0.85,0.85,0.3147,M0
0.0,45.0,850.0,0.85,0.85,0.3147,M0
0.0,50.0,850.0,0.85,0.85,0.3147,M0
0.0,55.0,850.0,0.85,0.85,0.3147,M0
0.0,60.0,850.0,0.85,0.85,0.3147,M0
0.0,65.0,850.0,0.85,0.85,0.3147,M0
0.0,70.0,850.0,0.85,0.85,0.3147,M0
0.0,75.0,850.0,0.85,0.85,0.3147,M0
0.0,80.0,850.0,0.85,0.85,0.3147,M0
0.0,85.0,850.0,0.85,0.85,0.3147,M0
0.0,90.0,850.0,0.85,0.85,0.3147,M0
0.0,95.0,850.0,0.85,0.85,0.3147,M0
0.0,100.0,850.0,0.85,0.85,0.3147,M0
0.0,105.0,850.0,0.85,0.85,0.3147,M0
0.0,110.0,850.0,0.85,0.85,0.3147,M0
0.0,115.0,850.0,0.85,0.85,0.3147,M0
0.0,120.0,850.0,0.85,0.85,0.3147,M0
0.0,125.0,850.0,0.85,0.85,0.3147,M0
0.0,130.0,850.0,0.85,0.85,0.3147,M0
0.0,135.0,850.0,0.85,0.85,0.3147,M0
0.0,140.0,850.0,0.85,0.85,0.3147,M0
0.0,145.0,850.0,0.85,0.85,0.3147,M0
0.0,150.0,850.0,0.85,0.85,0.3147,M0
0.0,155.0,850.0,0.85,0.85,0.3147,M0
0.0,160.0,850.0,0.85,0.85,0.3147,M0
0.0,165.0,850.0,0.85,0.85,0.3147,M0
0.0,170.0,850.0,0.85,0.85,0.3147,M0
0.0,175.0,850.0,0.85,0.85,0.3147,M0
0.0,180.0,850.0,0.85,0.85,0.3147,M0
0.0,185.0,850.0,0.85,0.85,0.3147,M0
0.0,190.0,850.0,0.85,0.85,0.3147,M0
0.0,195.0,850.0,0.85,0.85,0.3147,M0
0.0,200.0,850.0,0.85,0.85,0.3147,M0
0.0,205.0,850.0,0.85,0.85,0.3147,M0
0.0,210.0,850.0,0.85,0.85,0.3147,M0
0.0,215.0,850.0,0.85,0.85,0.3147,M0
0.0,220.0,850.0,0.85,0.85,0.3147,M0
0.0,225.0,850.0,0.85,0.85,0.3147,M0
0.0,230.0,850.0,0.85,0.85,0.3147,M0
0.0,235.0,850.0,0.85,0.85,0.3147,M0
0.0,240.0,850.0,0.85,0.85,0.3147,M0
0.0,245.0,850.0,0.85,0.85,0.3147,M0
0.0,250.0,850.0,0.85,0.85,0.3147,M0
0.0,255.0,850.0,0.85,0.85,0.3147,M0
0.0,260.0,850.0,0.85,0.85,0.3147,M0
0.0,265.0,850.0,0.85,0.85,0.3147,M0
0.0,270.0,850.0,0.85,0.85,0.3147,M0
0.0,275.0,850.0,0.85,0.85,0.3147,M0
0.0,280.0,850.0,0.85,0.85,0.3147,M0
0.0,285.0,850.0,0.85,0.85,0.3147,M0
0.0,290.0,850.0,0.85,0.85,0.3147,M0
0.0,295.0,850.0,0.85,0.85,0.3147,M0
0.0,300.0,850.0,0.85,0.85,0.3147,M0
1.0,-350.0,850.0,0.85,0.85,0.6921,M1
1.0,-345.0,850.0,0.85,0.85,0.6921,M1
1.0,-340.0,850.0,0.85,0.85,0.6921,M1
1.0,-335.0,850.0,0.85,0.85,0.6921,M1
1.0,-330.0,850.0,0.85,0.85,0.6921,M1
1.0,-325.0,850.0,0.85,0.85,0.6921,M1
1.0,-320.0,850.0,0.85,0.85,0.6921,M1
1.0,-315.0,850.0,0.85,0.85,0.6921,M1
1.0,-310.0,850.0,0.85,0.85,0.6921,M1
1.0,-305.0,850.0,0.85,0.85,0.6921,M1
1.0,-300.0,850.0,0.85,0.85,0.6921,M1
1.0,-295.0,850.0,0.85,0.85,0.6921,M1
1.0,-290.0,850.0,0.85,0.85,0.6921,M1
1.0,-285.0,850.0,0.85,0.85,0.6921,M1
1.0,-280.0,850.0,0.85,0.85,0.6921,M1
1.0,-275.0,850.0,0.85,0.85,0.6921,M1
1.0,-270.0,850.0,0.85,0.85,0.6921,M1
1.0,-265.0,850.0,0.85,0.85,0.6921,M1
1.0,-260.0,850.0,0.85,0.85,0.6921,M1
1.0,-255.0,850.0,0.85,0.85,0.6921,M1
1.0,-250.0,850.0,0.85,0.85,0.6921,M1
1.0,-245.0,850.0,0.85,0.85,0.6921,M1
1.0,-240.0,850.0,0.85,0.85,0.6921,M1
1.0,-235.0,850.0,0.85,0.85,0.6921,M1
1.0,-230.0,850.0,0.85,0.85,0.6921,M1
1.0,-225.0,850.0,0.85,0.85,0.6921,M1
1.0,-220.0,850.0,0.85,0.85,0.6921,M1
1.0,-215.0,850.0,0.85,0.85,0.6917,M1
1.0,-210.0,850.0,0.85,0.85,0.6903,M1
1.0,-205.0,850.0,0.85,0.85,0.688,M1
1.0,-200.0,850.0,0.85,0.85,0.6846,M1
1.0,-195.0,850.0,0.85,0.85,0.6803,M1
1.0,-190.0,850.0,0.85,0.85,0.6748,M1
1.0,-185.0,850.0,0.85,0.85,0.668,M1
1.0,-180.0,850.0,0.85,0.85,0.6598,M1
1.0,-175.0,850.0,0.85,0.85,0.6501,M1
1.0,-170.0,850.0,0.85,0.85,0.6385,M1
1.0,-165.0,850.0,0.85,0.85,0.6247,M1
1.0,-160.0,850.0,0.85,0.85,0.6085,M1
1.0,-155.0,850.0,0.85,0.85,0.5892,M1
1.0,-150.0,850.0,0.85,0.85,0.5666,M1
1.0,-145.0,850.0,0.85,0.85,0.54,M1
1.0,-140.0,850.0,0.85,0.85,0.5087,M1
1.0,-135.0,850.0,0.85,0.85,0.4717,M0
1.0,-130.0,850.0,0.85,0.85,0.4281,M0
1.0,-125.0,850.0,0.85,0.85,0.3764,M0
1.0,-120.0,850.0,0.85,0.85,0.3147,M0
1.0,-115.0,850.0,0.85,0.85,0.3147,M0
1.0,-110.0,850.0,0.85,0.85,0.3147,M0
1.0,-105.0,850.0,0.85,0.85,0.3147,M0
1.0,-100.0,850.0,0.85,0.85,0.3147,M0
1.0,-95.0,850.0,0.85,0.85,0.3147,M0
1.0,-90.0,850.0,0.85,0.85,0.3147,M0
1.0,-85.0,850.0,0.85,0.85,0.3147,M0
1.0,-80.0,850.0,0.85,0.85,0.3147,M0
1.0,-75.0,850.0,0.85,0.85,0.3147,M0
1.0,-70.0,850.0,0.85,0.85,0.3147,M0
1.0,-65.0,850.0,0.85,0.85,0.3147,M0
1.0,-60.0,850.0,0.85,0.85,0.3147,M0
1.0,-55.0,850.0,0.85,0.85,0.3147,M0
1.0,-50.0,850.0,0.85,0.85,0.3147,M0
1.0,-45.0,850.0,0.85,0.85,0.3147,M0
1.0,-40.0,850.0,0.85,0.85,0.3147,M0
1.0,-35.0,850.0,0.85,0.85,0.3147,M0
1.0,-30.0,850.0,0.85,0.85,0.3147,M0
1.0,-25.0,850.0,0.85,0.85,0.3147,M0
1.0,-20.0,850.0,0.85,0.85,0.3147,M0
1.0,-15.0,850.0,0.85,0.85,0.3147,M0
1.0,-10.0,850.0,0.85,0.85,0.3147,M0
1.0,-5.0,850.0,0.85,0.85,0.3147,M0
1.0,0.0,850.0,0.85,0.85,0.3147,M0
1.0,5.0,850.0,0.85,0.85,0.3147,M0
1.0,10.0,850.0,0.85,0.85,0.3147,M0
1.0,15.0,850.0,0.85,0.85,0.3147,M0
1.0,20.0,850.0,0.85,0.85,0.3147,M0
1.0,25.0,850.0,0.85,0.85,0.3147,M0
1.0,30.0,850.0,0.85,0.85,0.3147,M0
1.0,35.0,850.0,0.85,0.85,0.3147,M0
1.0,40.0,850.0,0.85,0.85,0.3147,M0
1.0,45.0,850.0,0.85,0.85,0.3147,M0
1.0,50.0,850.0,0.85,0.85,0.3147,M0
1.0,55.0,850.0,0.85,0.85,0.3147,M0
1.0,60.0,850.0,0.85,0.85,0.3147,M0
1.0,65.0,850.0,0.85,0.85,0.3147,M0
1.0,70.0,850.0,0.85,0.85,0.3147,M0
1.0,75.0,850.0,0.85,0.85,0.3147,M0
1.0,80.0,850.0,0.85,0.85,0.3147,M0
1.0,85.0,850.0,0.85,0.85,0.3147,M0
1.0,90.0,850.0,0.85,0.85,0.3147,M0
1.0,95.0,850.0,0.85,0.85,0.3147,M0
1.0,100.0,850.0,0.85,0.85,0.3147,M0
1.0,105.0,850.0,0.85,0.85,0.3147,M0
1.0,110.0,850.0,0.85,0.85,0.3147,M0
1.0,115.0,850.0,0.85,0.85,0.3147,M0
1.0,120.0,850.0,0.85,0.85,0.3147,M0
1.0,125.0,850.0,0.85,0.85,0.3147,M0
1.0,130.0,850.0,0.85,0.85,0.3147,M0
1.0,135.0,850.0,0.85,0.85,0.3147,M0
1.0,140.0,850.0,0.85,0.85,0.3147,M0
1.0,145.0,850.0,0.85,0.85,0.3147,M0
1.0,150.0,850.0,0.85,0.85,0.3147,M0
1.0,155.0,850.0,0.85,0.85,0.3147,M0
1.0,160.0,850.0,0.85,0.85,0.3147,M0
1.0,165.0,850.0,0.85,0.85,0.3147,M0
1.0,170.0,850.0,0.85,0.85,0.3147,M0
1.0,175.0,850.0,0.85,0.85,0.3147,M0
1.0,180.0,850.0,0.85,0.85,0.3147,M0
1.0,185.0,850.0,0.85,0.85,0.3147,M0
1.0,190.0,850.0,0.85,0.85,0.3147,M0
1.0,195.0,850.0,0.85,0.85,0.3147,M0
1.0,200.0,850.0,0.85,0.85,0.3147,M0
1.0,205.0,850.0,0.85,0.85,0.3147,M0
1.0,210.0,850.0,0.85,0.85,0.3147,M0
1.0,215.0,850.0,0.85,0.85,0.3147,M0
1.0,220.0,850.0,0.85,0.85,0.3147,M0
1.0,225.0,850.0,0.85,0.85,0.3147,M0
1.0,230.0,850.0,0.85,0.85,0.3147,M0
1.0,235.0,850.0,0.85,0.85,0.3147,M0
1.0,240.0,850.0,0.85,0.85,0.3147,M0
1.0,245.0,850.0,0.85,0.85,0.3147,M0
1.0,250.0,850.0,0.85,0.85,0.3147,M0
1.0,255.0,850.0,0.85,0.85,0.3147,M0
1.0,260.0,850.0,0.85,0.85,0.3147,M0
1.0,265.0,850.0,0.85,0.85,0.3147,M0
1.0,270.0,850.0,0.85,0.85,0.3147,M0
1.0,275.0,850.0,0.85,0.85,0.3147,M0
1.0,280.0,850.0,0.85,0.85,0.3147,M0
1.0,285.0,850.0,0.85,0.85,0.3147,M0
1.0,290.0,850.0,0.85,0.85,0.3147,M0
1.0,295.0,850.0,0.85,0.85,0.3147,M0
1.0,300.0,850.0,0.85,0.85,0.3147,M0
2.0,-350.0,850.0,0.85,0.85,0.6921,M1
2.0,-345.0,850.0,0.85,0.85,0.6921,M1
2.0,-340.0,850.0,0.85,0.85,0.6921,M1
2.0,-335.0,850.0,0.85,0.85,0.6921,M1
2.0,-330.0,850.0,0.85,0.85,0.6921,M1
2.0,-325.0,850.0,0.85,0.85,0.6921,M1
2.0,-320.0,850.0,0.85,0.85,0.6921,M1
2.0,-315.0,850.0,0.85,0.85,0.6921,M1
2.0,-310.0,850.0,0.85,0.85,0.6921,M1
2.0,-305.0,850.0,0.85,0.85,0.6921,M1
2.0,-300.0,850.0,0.85,0.85,0.6921,M1
2.0,-295.0,850.0,0.85,0.85,0.6921,M1
2.0,-290.0,850.0,0.85,0.85,0.6921,M1
2.0,-285.0,850.0,0.85,0.85,0.6921,M1
2.0,-280.0,850.0,0.85,0.85,0.6921,M1
2.0,-275.0,850.0,0.85,0.85,0.6921,M1
2.0,-270.0,850.0,0.85,0.85,0.6921,M1
2.0,-265.0,850.0,0.85,0.85,0.6921,M1
2.0,-260.0,850.0,0.85,0.85,0.6921,M1
2.0,-255.0,850.0,0.85,0.85,0.6921,M1
2.0,-250.0,850.0,0.85,0.85,0.6921,M1
2.0,-245.0,850.0,0.85,0.85,0.6921,M1
2.0,-240.0,850.0,0.85,0.85,0.6921,M1
2.0,-235.0,850.0,0.85,0.85,0.6921,M1
2.0,-230.0,850.0,0.85,0.85,0.6921,M1
2.0,-225.0,850.0,0.85,0.85,0.6921,M1
2.0,-220.0,850.0,0.85,0.85,0.6921,M1
2.0,-215.0,850.0,0.85,0.85,0.6917,M1
2.0,-210.0,850.0,0.85,0.85,0.6903,M1
2.0,-205.0,850.0,0.85,0.85,0.688,M1
2.0,-200.0,850.0,0.85,0.85,0.6846,M1
2.0,-195.0,850.0,0.85,0.85,0.6803,M1
2.0,-190.0,850.0,0.85,0.85,0.6748,M1
2.0,-185.0,850.0,0.85,0.85,0.668,M1
2.0,-180.0,850.0,0.85,0.85,0.6598,M1
2.0,-175.0,850.0,0.85,0.85,0.6501,M1
2.0,-170.0,850.0,0.85,0.85,0.6385,M1
2.0,-165.0,850.0,0.85,0.85,0.6247,M1
2.0,-160.0,850.0,0.85,0.85,0.6085,M1
2.0,-155.0,850.0,0.85,0.85,0.5892,M1
2.0,-150.0,850.0,0.85,0.85,0.5666,M1
2.0,-145.0,850.0,0.85,0.85,0.54,M1
2.0,-140.0,850.0,0.85,0.85,0.5087,M1
2.0,-135.0,850.0,0.85,0.85,0.4717,M0
2.0,-130.0,850.0,0.85,0.85,0.4281,M0
2.0,-125.0,850.0,0.85,0.85,0.3764,M0
2.0,-120.0,850.0,0.85,0.85,0.3147,M0
2.0,-115.0,850.0,0.85,0.85,0.3147,M0
2.0,-110.0,850.0,0.85,0.85,0.3147,M0
2.0,-105.0,850.0,0.85,0.85,0.3147,M0
2.0,-100.0,850.0,0.85,0.85,0.3147,M0
2.0,-95.0,850.0,0.85,0.85,0.3147,M0
2.0,-90.0,850.0,0.85,0.85,0.3147,M0
2.0,-85.0,850.0,0.85,0.85,0.3147,M0
2.0,-80.0,850.0,0.85,0.85,0.3147,M0
2.0,-75.0,850.0,0.85,0.85,0.3147,M0
2.0,-70.0,850.0,0.85,0.85,0.3147,M0
2.0,-65.0,850.0,0.85,0.85,0.3147,M0
2.0,-60.0,850.0,0.85,0.85,0.3147,M0
2.0,-55.0,850.0,0.85,0.85,0.3147,M0
2.0,-50.0,850.0,0.85,0.85,0.3147,M0
2.0,-45.0,850.0,0.85,0.85,0.3147,M0
2.0,-40.0,850.0,0.85,0.85,0.3147,M0
2.0,-35.0,850.0,0.85,0.85,0.3147,M0
2.0,-30.0,850.0,0.85,0.85,0.3147,M0
2.0,-25.0,850.0,0.85,0.85,0.3147,M0
2.0,-20.0,850.0,0.85,0.85,0.3147,M0
2.0,-15.0,850.0,0.85,0.85,0.3147,M0
2.0,-10.0,850.0,0.85,0.85,0.3147,M0
2.0,-5.0,850.0,0.85,0.85,0.3147,M0
2.0,0.0,850.0,0.85,0.85,0.3147,M0
2.0,5.0,850.0,0.85,0.85,0.3147,M0
2.0,10.0,850.0,0.85,0.85,0.3147,M0
2.0,15.0,850.0,0.85,0.85,0.3147,M0
2.0,20.0,850.0,0.85,0.85,0.3147,M0
2.0,25.0,850.0,0.85,0.85,0.3147,M0
2.0,30.0,850.0,0.85,0.85,0.3147,M0
2.0,35.0,850.0,0.85,0.85,0.3147,M0
2.0,40.0,850.0,0.85,0.85,0.3147,M0
2.0,45.0,850.0,0.85,0.85,0.3147,M0
2.0,50.0,850.0,0.85,0.85,0.3147,M0
2.0,55.0,850.0,0.85,0.85,0.3147,M0
2.0,60.0,850.0,0.85,0.85,0.3147,M0
2.0,65.0,850.0,0.85,0.85,0.3147,M0
2.0,70.0,850.0,0.85,0.85,0.3147,M0
2.0,75.0,850.0,0.85,0.85,0.3147,M0
2.0,80.0,850.0,0.85,0.85,0.3147,M0
2.0,85.0,850.0,0.85,0.85,0.3147,M0
2.0,90.0,850.0,0.85,0.85,0.3147,M0
2.0,95.0,850.0,0.85,0.85,0.3147,M0
2.0,100.0,850.0,0.85,0.85,0.3147,M0
2.0,105.0,850.0,0.85,0.85,0.3147,M0
2.0,110.0,850.0,0.85,0.85,0.3147,M0
2.0,115.0,850.0,0.85,0.85,0.3147,M0
2.0,120.0,850.0,0.85,0.85,0.3147,M0
2.0,125.0,850.0,0.85,0.85,0.3147,M0
2.0,130.0,850.0,0.85,0.85,0.3147,M0
2.0,135.0,850.0,0.85,0.85,0.3147,M0
2.0,140.0,850.0,0.85,0.85,0.3147,M0
2.0,145.0,850.0,0.85,0.85,0.3147,M0
2.0,150.0,850.0,0.85,0.85,0.3147,M0
2.0,155.0,850.0,0.85,0.85,0.3147,M0
2.0,160.0,850.0,0.85,0.85,0.3147,M0
2.0,165.0,850.0,0.85,0.85,0.3147,M0
2.0,170.0,850.0,0.85,0.85,0.3147,M0
2.0,175.0,850.0,0.85,0.85,0.3147,M0
2.0,180.0,850.0,0.85,0.85,0.3147,M0
2.0,185.0,850.0,0.85,0.85,0.3147,M0
2.0,190.0,850.0,0.85,0.85,0.3147,M0
2.0,195.0,850.0,0.85,0.85,0.3147,M0
2.0,200.0,850.0,0.85,0.85,0.3147,M0
2.0,205.0,850.0,0.85,0.85,0.3147,M0
2.0,210.0,850.0,0.85,0.85,0.3147,M0
2.0,215.0,850.0,0.85,0.85,0.3147,M0
2.0,220.0,850.0,0.85,0.85,0.3147,M0
2.0,225.0,850.0,0.85,0.85,0.3147,M0
2.0,230.0,850.0,0.85,0.85,0.3147,M0
2.0,235.0,850.0,0.85,0.85,0.3147,M0
2.0,240.0,850.0,0.85,0.85,0.3147,M0
2.0,245.0,850.0,0.85,0.85,0.3147,M0
2.0,250.0,850.0,0.85,0.85,0.3147,M0
2.0,255.0,850.0,0.85,0.85,0.3147,M0
2.0,260.0,850.0,0.85,0.85,0.3147,M0
2.0,265.0,850.0,0.85,0.85,0.3147,M0
2.0,270.0,850.0,0.85,0.85,0.3147,M0
2.0,275.0,850.0,0.85,0.85,0.3147,M0
2.0,280.0,850.0,0.85,0.85,0.3147,M0
2.0,285.0,850.0,0.85,0.85,0.3147,M0
2.0,290.0,850.0,0.85,0.85,0.3147,M0
2.0,295.0,850.0,0.85,0.85,0.3147,M0
2.0,300.0,850.0,0.85,0.85,0.3147,M0
3.0,-350.0,850.0,0.85,0.85,0.6921,M1
3.0,-345.0,850.0,0.85,0.85,0.6921,M1
3.0,-340.0,850.0,0.85,0.85,0.6921,M1
3.0,-335.0,850.0,0.85,0.85,0.6921,M1
3.0,-330.0,850.0,0.85,0.85,0.6921,M1
3.0,-325.0,850.0,0.85,0.85,0.6921,M1
3.0,-320.0,850.0,0.85,0.85,0.6921,M1
3.0,-315.0,850.0,0.85,0.85,0.6921,M1
3.0,-310.0,850.0,0.85,0.85,0.6921,M1
3.0,-305.0,850.0,0.85,0.85,0.6921,M1
3.0,-300.0,850.0,0.85,0.85,0.6921,M1
3.0,-295.0,850.0,0.85,0.85,0.6921,M1
3.0,-290.0,850.0,0.85,0.85,0.6921,M1
3.0,-285.0,850.0,0.85,0.85,0.6921,M1
3.0,-280.0,850.0,0.85,0.85,0.6921,M1
3.0,-275.0,850.0,0.85,0.85,0.6921,M1
3.0,-270.0,850.0,0.85,0.85,0.6921,M1
3.0,-265.0,850.0,0.85,0.85,0.6921,M1
3.0,-260.0,850.0,0.85,0.85,0.6921,M1
3.0,-255.0,850.0,0.85,0.85,0.6921,M1
3.0,-250.0,850.0,0.85,0.85,0.6921,M1
3.0,-245.0,850.0,0.85,0.85,0.6921,M1
3.0,-240.0,850.0,0.85,0.85,0.6921,M1
3.0,-235.0,850.0,0.85,0.85,0.6921,M1
3.0,-230.0,850.0,0.85,0.85,0.6921,M1
3.0,-225.0,850.0,0.85,0.85,0.6921,M1
3.0,-220.0,850.0,0.85,0.85,0.6921,M1
3.0,-215.0,850.0,0.85,0.85,0.6917,M1
3.0,-210.0,850.0,0.85,0.85,0.6903,M1
3.0,-205.0,850.0,0.85,0.85,0.688,M1
3.0,-200.0,850.0,0.85,0.85,0.6846,M1
3.0,-195.0,850.0,0.85,0.85,0.6803,M1
3.0,-190.0,850.0,0.85,0.85,0.6748,M1
3.0,-185.0,850.0,0.85,0.85,0.668,M1
3.0,-180.0,850.0,0.85,0.85,0.6598,M1
3.0,-175.0,850.0,0.85,0.85,0.6501,M1
3.0,-170.0,850.0,0.85,0.85,0.6385,M1
3.0,-165.0,850.0,0.85,0.85,0.6247,M1
3.0,-160.0,850.0,0.85,0.85,0.6085,M1
3.0,-155.0,850.0,0.85,0.85,0.5892,M1
3.0,-150.0,850.0,0.85,0.85,0.5666,M1
3.0,-145.0,850.0,0.85,0.85,0.54,M1
3.0,-140.0,850.0,0.85,0.85,0.5087,M1
3.0,-135.0,850.0,0.85,0.85,0.4717,M0
3.0,-130.0,850.0,0.85,0.85,0.4281,M0
3.0,-125.0,850.0,0.85,0.85,0.3764,M0
3.0,-120.0,850.0,0.85,0.85,0.3147,M0
3.0,-115.0,850.0,0.85,0.85,0.3147,M0
3.0,-110.0,850.0,0.85,0.85,0.3147,M0
3.0,-105.0,850.0,0.85,0.85,0.3147,M0
3.0,-100.0,850.0,0.85,0.85,0.3147,M0
3.0,-95.0,850.0,0.85,0.85,0.3147,M0
3.0,-90.0,850.0,0.85,0.85,0.3147,M0
3.0,-85.0,850.0,0.85,0.85,0.3147,M0
3.0,-80.0,850.0,0.85,0.85,0.3147,M0
3.0,-75.0,850.0,0.85,0.85,0.3147,M0
3.0,-70.0,850.0,0.85,0.85,0.3147,M0
3.0,-65.0,850.0,0.85,0.85,0.3147,M0
3.0,-60.0,850.0,0.85,0.85,0.3147,M0
3.0,-55.0,850.0,0.85,0.85,0.3147,M0
3.0,-50.0,850.0,0.85,0.85,0.3147,M0
3.0,-45.0,850.0,0.85,0.85,0.3147,M0
3.0,-40.0,850.0,0.85,0.85,0.3147,M0
3.0,-35.0,850.0,0.85,0.85,0.3147,M0
3.0,-30.0,850.0,0.85,0.85,0.3147,M0
3.0,-25.0,850.0,0.85,0.85,0.3147,M0
3.0,-20.0,850.0,0.85,0.85,0.3147,M0
3.0,-15.0,850.0,0.85,0.85,0.3147,M0
3.0,-10.0,850.0,0.85,0.85,0.3147,M0
3.0,-5.0,850.0,0.85,0.85,0.3147,M0
3.0,0.0,850.0,0.85,0.85,0.3147,M0
3.0,5.0,850.0,0.85,0.85,0.3147,M0
3.0,10.0,850.0,0.85,0.85,0.3147,M0
3.0,15.0,850.0,0.85,0.85,0.3147,M0
3.0,20.0,850.0,0.85,0.85,0.3147,M0
3.0,25.0,850.0,0.85,0.85,0.3147,M0
3.0,30.0,850.0,0.85,0.85,0.3147,M0
3.0,35.0,850.0,0.85,0.85,0.3147,M0
3.0,40.0,850.0,0.85,0.85,0.3147,M0
3.0,45.0,850.0,0.85,0.85,0.3147,M0
3.0,50.0,850.0,0.85,0.85,0.3147,M0
3.0,55.0,850.0,0.85,0.85,0.3147,M0
3.0,60.0,850.0,0.85,0.85,0.3147,M0
3.0,65.0,850.0,0.85,0.85,0.3147,M0
3.0,70.0,850.0,0.85,0.85,0.3147,M0
3.0,75.0,850.0,0.85,0.85,0.3147,M0
3.0,80.0,850.0,0.85,0.85,0.3147,M0
3.0,85.0,850.0,0.85,0.85,0.3147,M0
3.0,90.0,850.0,0.85,0.85,0.3147,M0
3.0,95.0,850.0,0.85,0.85,0.3147,M0
3.0,100.0,850.0,0.85,0.85,0.3147,M0
3.0,105.0,850.0,0.85,0.85,0.3147,M0
3.0,110.0,850.0,0.85,0.85,0.3147,M0
3.0,115.0,850.0,0.85,0.85,0.3147,M0
3.0,120.0,850.0,0.85,0.85,0.3147,M0
3.0,125.0,850.0,0.85,0.85,0.3147,M0
3.0,130.0,850.0,0.85,0.85,0.3147,M0
3.0,135.0,850.0,0.85,0.85,0.3147,M0
3.0,140.0,850.0,0.85,0.85,0.3147,M0
3.0,145.0,850.0,0.85,0.85,0.3147,M0
3.0,150.0,850.0,0.85,0.85,0.3147,M0
3.0,155.0,850.0,0.85,0.85,0.3147,M0
3.0,160.0,850.0,0.85,0.85,0.3147,M0
3.0,165.0,850.0,0.85,0.85,0.3147,M0
3.0,170.0,850.0,0.85,0.85,0.3147,M0
3.0,175.0,850.0,0.85,0.85,0.3147,M0
3.0,180.0,850.0,0.85,0.85,0.3147,M0
3.0,185.0,850.0,0.85,0.85,0.3147,M0
3.0,190.0,850.0,0.85,0.85,0.3147,M0
3.0,195.0,850.0,0.85,0.85,0.3147,M0
3.0,200.0,850.0,0.85,0.85,0.3147,M0
3.0,205.0,850.0,0.85,0.85,0.3147,M0
3.0,210.0,850.0,0.85,0.85,0.3147,M0
3.0,215.0,850.0,0.85,0.85,0.3147,M0
3.0,220.0,850.0,0.85,0.85,0.3147,M0
3.0,225.0,850.0,0.85,0.85,0.3147,M0
3.0,230.0,850.0,0.85,0.85,0.3147,M0
3.0,235.0,850.0,0.85,0.85,0.3147,M0
3.0,240.0,850.0,0.85,0.85,0.3147,M0
3.0,245.0,850.0,0.85,0.85,0.3147,M0
3.0,250.0,850.0,0.85,0.85,0.3147,M0
3.0,255.0,850.0,0.85,0.85,0.3147,M0
3.0,260.0,850.0,0.85,0.85,0.3147,M0
3.0,265.0,850.0,0.85,0.85,0.3147,M0
3.0,270.0,850.0,0.85,0.85,0.3147,M0
3.0,275.0,850.0,0.85,0.85,0.3147,M0
3.0,280.0,850.0,0.85,0.85,0.3147,M0
3.0,285.0,850.0,0.85,0.85,0.3147,M0
3.0,290.0,850.0,0.85,0.85,0.3147,M0
3.0,295.0,850.0,0.85,0.85,0.3147,M0
3.0,300.0,850.0,0.85,0.85,0.3147,M0
4.0,-350.0,850.0,0.85,0.85,0.6921,M1
4.0,-345.0,850.0,0.85,0.85,0.6921,M1
4.0,-340.0,850.0,0.85,0.85,0.6921,M1
4.0,-335.0,850.0,0.85,0.85,0.6921,M1
4.0,-330.0,850.0,0.85,0.85,0.6921,M1
4.0,-325.0,850.0,0.85,0.85,0.6921,M1
4.0,-320.0,850.0,0.85,0.85,0.6921,M1
4.0,-315.0,850.0,0.85,0.85,0.6921,M1
4.0,-310.0,850.0,0.85,0.85,0.6921,M1
4.0,-305.0,850.0,0.85,0.85,0.6921,M1
4.0,-300.0,850.0,0.85,0.85,0.6921,M1
4.0,-295.0,850.0,0.85,0.85,0.6921,M1
4.0,-290.0,850.0,0.85,0.85,0.6921,M1
4.0,-285.0,850.0,0.85,0.85,0.6921,M1
4.0,-280.0,850.0,0.85,0.85,0.6921,M1
4.0,-275.0,850.0,0.85,0.85,0.6921,M1
4.0,-270.0,850.0,0.85,0.85,0.6921,M1
4.0,-265.0,850.0,0.85,0.85,0.6921,M1
4.0,-260.0,850.0,0.85,0.85,0.6921,M1
4.0,-255.0,850.0,0.85,0.85,0.6921,M1
4.0,-250.0,850.0,0.85,0.85,0.6921,M1
4.0,-245.0,850.0,0.85,0.85,0.6921,M1
4.0,-240.0,850.0,0.85,0.85,0.6921,M1
4.0,-235.0,850.0,0.85,0.85,0.6921,M1
4.0,-230.0,850.0,0.85,0.85,0.6921,M1
4.0,-225.0,850.0,0.85,0.85,0.6921,M1
4.0,-220.0,850.0,0.85,0.85,0.6921,M1
4.0,-215.0,850.0,0.85,0.85,0.6917,M1
4.0,-210.0,850.0,0.85,0.85,0.6903,M1
4.0,-205.0,850.0,0.85,0.85,0.688,M1
4.0,-200.0,850.0,0.85,0.85,0.6846,M1
4.0,-195.0,850.0,0.85,0.85,0.6803,M1
4.0,-190.0,850.0,0.85,0.85,0.6748,M1
4.0,-185.0,850.0,0.85,0.85,0.668,M1
4.0,-180.0,850.0,0.85,0.85,0.6598,M1
4.0,-175.0,850.0,0.85,0.85,0.6501,M1
4.0,-170.0,850.0,0.85,0.85,0.6385,M1
4.0,-165.0,850.0,0.85,0.85,0.6247,M1
4.0,-160.0,850.0,0.85,0.85,0.6085,M1
4.0,-155.0,850.0,0.85,0.85,0.5892,M1
4.0,-150.0,850.0,0.85,0.85,0.5666,M1
4.0,-145.0,850.0,0.85,0.85,0.54,M1
4.0,-140.0,850.0,0.85,0.85,0.5087,M1
4.0,-135.0,850.0,0.85,0.85,0.4717,M0
4.0,-130.0,850.0,0.85,0.85,0.4281,M0
4.0,-125.0,850.0,0.85,0.85,0.3764,M0
4.0,-120.0,850.0,0.85,0.85,0.3147,M0
4.0,-115.0,850.0,0.85,0.85,0.3147,M0
4.0,-110.0,850.0,0.85,0.85,0.3147,M0
4.0,-105.0,850.0,0.85,0.85,0.3147,M0
4.0,-100.0,850.0,0.85,0.85,0.3147,M0
4.0,-95.0,850.0,0.85,0.85,0.3147,M0
4.0,-90.0,850.0,0.85,0.85,0.3147,M0
4.0,-85.0,850.0,0.85,0.85,0.3147,M0
4.0,-80.0,850.0,0.85,0.85,0.3147,M0
4.0,-75.0,850.0,0.85,0.85,0.3147,M0
4.0,-70.0,850.0,0.85,0.85,0.3147,M0
4.0,-65.0,850.0,0.85,0.85,0.3147,M0
4.0,-60.0,850.0,0.85,0.85,0.3147,M0
4.0,-55.0,850.0,0.85,0.85,0.3147,M0
4.0,-50.0,850.0,0.85,0.85,0.3147,M0
4.0,-45.0,850.0,0.85,0.85,0.3147,M0
4.0,-40.0,850.0,0.85,0.85,0.3147,M0
4.0,-35.0,850.0,0.85,0.85,0.3147,M0
4.0,-30.0,850.0,0.85,0.85,0.3147,M0
4.0,-25.0,850.0,0.85,0.85,0.3147,M0
4.0,-20.0,850.0,0.85,0.85,0.3147,M0
4.0,-15.0,850.0,0.85,0.85,0.3147,M0
4.0,-10.0,850.0,0.85,0.85,0.3147,M0
4.0,-5.0,850.0,0.85,0.85,0.3147,M0
4.0,0.0,850.0,0.85,0.85,0.3147,M0
4.0,5.0,850.0,0.85,0.85,0.3147,M0
4.0,10.0,850.0,0.85,0.85,0.3147,M0
4.0,15.0,850.0,0.85,0.85,0.3147,M0
4.0,20.0,850.0,0.85,0.85,0.3147,M0
4.0,25.0,850.0,0.85,0.85,0.3147,M0
4.0,30.0,850.0,0.85,0.85,0.3147,M0
4.0,35.0,850.0,0.85,0.85,0.3147,M0
4.0,40.0,850.0,0.85,0.85,0.3147,M0
4.0,45.0,850.0,0.85,0.85,0.3147,M0
4.0,50.0,850.0,0.85,0.85,0.3147,M0
4.0,55.0,850.0,0.85,0.85,0.3147,M0
4.0,60.0,850.0,0.85,0.85,0.3147,M0
4.0,65.0,850.0,0.85,0.85,0.3147,M0
4.0,70.0,850.0,0.85,0.85,0.3147,M0
4.0,75.0,850.0,0.85,0.85,0.3147,M0
4.0,80.0,850.0,0.85,0.85,0.3147,M0
4.0,85.0,850.0,0.85,0.85,0.3147,M0
4.0,90.0,850.0,0.85,0.85,0.3147,M0
4.0,95.0,850.0,0.85,0.85,0.3147,M0
4.0,100.0,850.0,0.85,0.85,0.3147,M0
4.0,105.0,850.0,0.85,0.85,0.3147,M0
4.0,110.0,850.0,0.85,0.85,0.3147,M0
4.0,115.0,850.0,0.85,0.85,0.3147,M0
4.0,120.0,850.0,0.85,0.85,0.3147,M0
4.0,125.0,850.0,0.85,0.85,0.3147,M0
4.0,130.0,850.0,0.85,0.85,0.3147,M0
4.0,135.0,850.0,0.85,0.85,0.3147,M0
4.0,140.0,850.0,0.85,0.85,0.3147,M0
4.0,145.0,850.0,0.85,0.85,0.3147,M0
4.0,150.0,850.0,0.85,0.85,0.3147,M0
4.0,155.0,850.0,0.85,0.85,0.3147,M0
4.0,160.0,850.0,0.85,0.85,0.3147,M0
4.0,165.0,850.0,0.85,0.85,0.3147,M0
4.0,170.0,850.0,0.85,0.85,0.3147,M0
4.0,175.0,850.0,0.85,0.85,0.3147,M0
4.0,180.0,850.0,0.85,0.85,0.3147,M0
4.0,185.0,850.0,0.85,0.85,0.3147,M0
4.0,190.0,850.0,0.85,0.85,0.3147,M0
4.0,195.0,850.0,0.85,0.85,0.3147,M0
4.0,200.0,850.0,0.85,0.85,0.3147,M0
4.0,205.0,850.0,0.85,0.85,0.3147,M0
4.0,210.0,850.0,0.85,0.85,0.3147,M0
4.0,215.0,850.0,0.85,0.85,0.3147,M0
4.0,220.0,850.0,0.85,0.85,0.3147,M0
4.0,225.0,850.0,0.85,0.85,0.3147,M0
4.0,230.0,850.0,0.85,0.85,0.3147,M0
4.0,235.0,850.0,0.85,0.85,0.3147,M0
4.0,240.0,850.0,0.85,0.85,0.3147,M0
4.0,245.0,850.0,0.85,0.85,0.3147,M0
4.0,250.0,850.0,0.85,0.85,0.3147,M0
4.0,255.0,850.0,0.85,0.85,0.3147,M0
4.0,260.0,850.0,0.85,0.85,0.3147,M0
4.0,265.0,850.0,0.85,0.85,0.3147,M0
4.0,270.0,850.0,0.85,0.85,0.3147,M0
4.0,275.0,850.0,0.85,0.85,0.3147,M0
4.0,280.0,850.0,0.85,0.85,0.3147,M0
4.0,285.0,850.0,0.85,0.85,0.3147,M0
4.0,290.0,850.0,0.85,0.85,0.3147,M0
4.0,295.0,850.0,0.85,0.85,0.3147,M0
4.0,300.0,850.0,0.85,0.85,0.3147,M0
5.0,-350.0,850.0,0.85,0.85,0.6921,M1
5.0,-345.0,850.0,0.85,0.85,0.6921,M1
5.0,-340.0,850.0,0.85,0.85,0.6921,M1
5.0,-335.0,850.0,0.85,0.85,0.6921,M1
5.0,-330.0,850.0,0.85,0.85,0.6921,M1
5.0,-325.0,850.0,0.85,0.85,0.6921,M1
5.0,-320.0,850.0,0.85,0.85,0.6921,M1
5.0,-315.0,850.0,0.85,0.85,0.6921,M1
5.0,-310.0,850.0,0.85,0.85,0.6921,M1
5.0,-305.0,850.0,0.85,0.85,0.6921,M1
5.0,-300.0,850.0,0.85,0.85,0.6921,M1
5.0,-295.0,850.0,0.85,0.85,0.6921,M1
5.0,-290.0,850.0,0.85,0.85,0.6921,M1
5.0,-285.0,850.0,0.85,0.85,0.6921,M1
5.0,-280.0,850.0,0.85,0.85,0.6921,M1
5.0,-275.0,850.0,0.85,0.85,0.6921,M1
5.0,-270.0,850.0,0.85,0.85,0.6921,M1
5.0,-265.0,850.0,0.85,0.85,0.6921,M1
5.0,-260.0,850.0,0.85,0.85,0.6921,M1
5.0,-255.0,850.0,0.85,0.85,0.6921,M1
5.0,-250.0,850.0,0.85,0.85,0.6921,M1
5.0,-245.0,850.0,0.85,0.85,0.6921,M1
5.0,-240.0,850.0,0.85,0.85,0.6921,M1
5.0,-235.0,850.0,0.85,0.85,0.6921,M1
5.0,-230.0,850.0,0.85,0.85,0.6921,M1
5.0,-225.0,850.0,0.85,0.85,0.6921,M1
5.0,-220.0,850.0,0.85,0.85,0.6921,M1
5.0,-215.0,850.0,0.85,0.85,0.6917,M1
5.0,-210.0,850.0,0.85,0.85,0.6903,M1
5.0,-205.0,850.0,0.85,0.85,0.688,M1
5.0,-200.0,850.0,0.85,0.85,0.6846,M1
5.0,-195.0,850.0,0.85,0.85,0.6803,M1
5.0,-190.0,850.0,0.85,0.85,0.6748,M1
5.0,-185.0,850.0,0.85,0.85,0.668,M1
5.0,-180.0,850.0,0.85,0.85,0.6598,M1
5.0,-175.0,850.0,0.85,0.85,0.6501,M1
5.0,-170.0,850.0,0.85,0.85,0.6385,M1
5.0,-165.0,850.0,0.85,0.85,0.6247,M1
5.0,-160.0,850.0,0.85,0.85,0.6085,M1
5.0,-155.0,850.0,0.85,0.85,0.5892,M1
5.0,-150.0,850.0,0.85,0.85,0.5666,M1
5.0,-145.0,850.0,0.85,0.85,0.54,M1
5.0,-140.0,850.0,0.85,0.85,0.5087,M1
5.0,-135.0,850.0,0.85,0.85,0.4717,M0
5.0,-130.0,850.0,0.85,0.85,0.4281,M0
5.0,-125.0,850.0,0.85,0.85,0.3764,M0
5.0,-120.0,850.0,0.85,0.85,0.3147,M0
5.0,-115.0,850.0,0.85,0.85,0.3147,M0
5.0,-110.0,850.0,0.85,0.85,0.3147,M0
5.0,-105.0,850.0,0.85,0.85,0.3147,M0
5.0,-100.0,850.0,0.85,0.85,0.3147,M0
5.0,-95.0,850.0,0.85,0.85,0.3147,M0
5.0,-90.0,850.0,0.85,0.85,0.3147,M0
5.0,-85.0,850.0,0.85,0.85,0.3147,M0
5.0,-80.0,850.0,0.85,0.85,0.3147,M0
5.0,-75.0,850.0,0.85,0.85,0.3147,M0
5.0,-70.0,850.0,0.85,0.85,0.3147,M0
5.0,-65.0,850.0,0.85,0.85,0.3147,M0
5.0,-60.0,850.0,0.85,0.85,0.3147,M0
5.0,-55.0,850.0,0.85,0.85,0.3147,M0
5.0,-50.0,850.0,0.85,0.85,0.3147,M0
5.0,-45.0,850.0,0.85,0.85,0.3147,M0
5.0,-40.0,850.0,0.85,0.85,0.3147,M0
5.0,-35.0,850.0,0.85,0.85,0.3147,M0
5.0,-30.0,850.0,0.85,0.85,0.3147,M0
5.0,-25.0,850.0,0.85,0.85,0.3147,M0
5.0,-20.0,850.0,0.85,0.85,0.3147,M0
5.0,-15.0,850.0,0.85,0.85,0.3147,M0
5.0,-10.0,850.0,0.85,0.85,0.3147,M0
5.0,-5.0,850.0,0.85,0.85,0.3147,M0
5.0,0.0,850.0,0.85,0.85,0.3147,M0
5.0,5.0,850.0,0.85,0.85,0.3147,M0
5.0,10.0,850.0,0.85,0.85,0.3147,M0
5.0,15.0,850.0,0.85,0.85,0.3147,M0
5.0,20.0,850.0,0.85,0.85,0.3147,M0
5.0,25.0,850.0,0.85,0.85,0.3147,M0
5.0,30.0,850.0,0.85,0.85,0.3147,M0
5.0,35.0,850.0,0.85,0.85,0.3147,M0
5.0,40.0,850.0,0.85,0.85,0.3147,M0
5.0,45.0,850.0,0.85,0.85,0.3147,M0
5.0,50.0,850.0,0.85,0.85,0.3147,M0
5.0,55.0,850.0,0.85,0.85,0.3147,M0
5.0,60.0,850.0,0.85,0.85,0.3147,M0
5.0,65.0,850.0,0.85,0.85,0.3147,M0
5.0,70.0,850.0,0.85,0.85,0.3147,M0
5.0,75.0,850.0,0.85,0.85,0.3147,M0
5.0,80.0,850.0,0.85,0.85,0.3147,M0
5.0,85.0,850.0,0.85,0.85,0.3147,M0
5.0,90.0,850.0,0.85,0.85,0.3147,M0
5.0,95.0,850.0,0.85,0.85,0.3147,M0
5.0,100.0,850.0,0.85,0.85,0.3147,M0
5.0,105.0,850.0,0.85,0.85,0.3147,M0
5.0,110.0,850.0,0.85,0.85,0.3147,M0
5.0,115.0,850.0,0.85,0.85,0.3147,M0
5.0,120.0,850.0,0.85,0.85,0.3147,M0
5.0,125.0,850.0,0.85,0.85,0.3147,M0
5.0,130.0,850.0,0.85,0.85,0.3147,M0
5.0,135.0,850.0,0.85,0.85,0.3147,M0
5.0,140.0,850.0,0.85,0.85,0.3147,M0
5.0,145.0,850.0,0.85,0.85,0.3147,M0
5.0,150.0,850.0,0.85,0.85,0.3147,M0
5.0,155.0,850.0,0.85,0.85,0.3147,M0
5.0,160.0,850.0,0.85,0.85,0.3147,M0
5.0,165.0,850.0,0.85,0.85,0.3147,M0
5.0,170.0,850.0,0.85,0.85,0.3147,M0
5.0,175.0,850.0,0.85,0.85,0.3147,M0
5.0,180.0,850.0,0.85,0.85,0.3147,M0
5.0,185.0,850.0,0.85,0.85,0.3147,M0
5.0,190.0,850.0,0.85,0.85,0.3147,M0
5.0,195.0,850.0,0.85,0.85,0.3147,M0
5.0,200.0,850.0,0.85,0.85,0.3147,M0
5.0,205.0,850.0,0.85,0.85,0.3147,M0
5.0,210.0,850.0,0.85,0.85,0.3147,M0
5.0,215.0,850.0,0.85,0.85,0.3147,M0
5.0,220.0,850.0,0.85,0.85,0.3147,M0
5.0,225.0,850.0,0.85,0.85,0.3147,M0
5.0,230.0,850.0,0.85,0.85,0.3147,M0
5.0,235.0,850.0,0.85,0.85,0.3147,M0
5.0,240.0,850.0,0.85,0.85,0.3147,M0
5.0,245.0,850.0,0.85,0.85,0.3147,M0
5.0,250.0,850.0,0.85,0.85,0.3147,M0
5.0,255.0,850.0,0.85,0.85,0.3147,M0
5.0,260.0,850.0,0.85,0.85,0.3147,M0
5.0,265.0,850.0,0.85,0.85,0.3147,M0
5.0,270.0,850.0,0.85,0.85,0.3147,M0
5.0,275.0,850.0,0.85,0.85,0.3147,M0
5.0,280.0,850.0,0.85,0.85,0.3147,M0
5.0,285.0,850.0,0.85,0.85,0.3147,M0
5.0,290.0,850.0,0.85,0.85,0.3147,M0
5.0,295.0,850.0,0.85,0.85,0.3147,M0
5.0,300.0,850.0,0.85,0.85,0.3147,M0
6.0,-350.0,850.0,0.85,0.85,0.6921,M1
6.0,-345.0,850.0,0.85,0.85,0.6921,M1
6.0,-340.0,850.0,0.85,0.85,0.6921,M1
6.0,-335.0,850.0,0.85,0.85,0.6921,M1
6.0,-330.0,850.0,0.85,0.85,0.6921,M1
6.0,-325.0,850.0,0.85,0.85,0.6921,M1
6.0,-320.0,850.0,0.85,0.85,0.6921,M1
6.0,-315.0,850.0,0.85,0.85,0.6921,M1
6.0,-310.0,850.0,0.85,0.85,0.6921,M1
6.0,-305.0,850.0,0.85,0.85,0.6921,M1
6.0,-300.0,850.0,0.85,0.85,0.6921,M1
6.0,-295.0,850.0,0.85,0.85,0.6921,M1
6.0,-290.0,850.0,0.85,0.85,0.6921,M1
6.0,-285.0,850.0,0.85,0.85,0.6921,M1
6.0,-280.0,850.0,0.85,0.85,0.6921,M1
6.0,-275.0,850.0,0.85,0.85,0.6921,M1
6.0,-270.0,850.0,0.85,0.85,0.6921,M1
6.0,-265.0,850.0,0.85,0.85,0.6921,M1
6.0,-260.0,850.0,0.85,0.85,0.6921,M1
6.0,-255.0,850.0,0.85,0.85,0.6921,M1
6.0,-250.0,850.0,0.85,0.85,0.6921,M1
6.0,-245.0,850.0,0.85,0.85,0.6921,M1
6.0,-240.0,850.0,0.85,0.85,0.6921,M1
6.0,-235.0,850.0,0.85,0.85,0.6921,M1
6.0,-230.0,850.0,0.85,0.85,0.6921,M1
6.0,-225.0,850.0,0.85,0.85,0.6921,M1
6.0,-220.0,850.0,0.85,0.85,0.6921,M1
6.0,-215.0,850.0,0.85,0.85,0.6917,M1
6.0,-210.0,850.0,0.85,0.85,0.6903,M1
6.0,-205.0,850.0,0.85,0.85,0.688,M1
6.0,-200.0,850.0,0.85,0.85,0.6846,M1
6.0,-195.0,850.0,0.85,0.85,0.6803,M1
6.0,-190.0,850.0,0.85,0.85,0.6748,M1
6.0,-185.0,850.0,0.85,0.85,0.668,M1
6.0,-180.0,850.0,0.85,0.85,0.6598,M1
6.0,-175.0,850.0,0.85,0.85,0.6501,M1
6.0,-170.0,850.0,0.85,0.85,0.6385,M1
6.0,-165.0,850.0,0.85,0.85,0.6247,M1
6.0,-160.0,850.0,0.85,0.85,0.6085,M1
6.0,-155.0,850.0,0.85,0.85,0.5892,M1
6.0,-150.0,850.0,0.85,0.85,0.5666,M1
6.0,-145.0,850.0,0.85,0.85,0.54,M1
6.0,-140.0,850.0,0.85,0.85,0.5087,M1
6.0,-135.0,850.0,0.85,0.85,0.4717,M0
6.0,-130.0,850.0,0.85,0.85,0.4281,M0
6.0,-125.0,850.0,0.85,0.85,0.3764,M0
6.0,-120.0,850.0,0.85,0.85,0.3147,M0
6.0,-115.0,850.0,0.85,0.85,0.3147,M0
6.0,-110.0,850.0,0.85,0.85,0.3147,M0
6.0,-105.0,850.0,0.85,0.85,0.3147,M0
6.0,-100.0,850.0,0.85,0.85,0.3147,M0
6.0,-95.0,850.0,0.85,0.85,0.3147,M0
6.0,-90.0,850.0,0.85,0.85,0.3147,M0
6.0,-85.0,850.0,0.85,0.85,0.3147,M0
6.0,-80.0,850.0,0.85,0.85,0.3147,M0
6.0,-75.0,850.0,0.85,0.85,0.3147,M0
6.0,-70.0,850.0,0.85,0.85,0.3147,M0
6.0,-65.0,850.0,0.85,0.85,0.3147,M0
6.0,-60.0,850.0,0.85,0.85,0.3147,M0
6.0,-55.0,850.0,0.85,0.85,0.3147,M0
6.0,-50.0,850.0,0.85,0.85,0.3147,M0
6.0,-45.0,850.0,0.85,0.85,0.3147,M0
6.0,-40.0,850.0,0.85,0.85,0.3147,M0
6.0,-35.0,850.0,0.85,0.85,0.3147,M0
6.0,-30.0,850.0,0.85,0.85,0.3147,M0
6.0,-25.0,850.0,0.85,0.85,0.3147,M0
6.0,-20.0,850.0,0.85,0.85,0.3147,M0
6.0,-15.0,850.0,0.85,0.85,0.3147,M0
6.0,-10.0,850.0,0.85,0.85,0.3147,M0
6.0,-5.0,850.0,0.85,0.85,0.3147,M0
6.0,0.0,850.0,0.85,0.85,0.3147,M0
6.0,5.0,850.0,0.85,0.85,0.3147,M0
6.0,10.0,850.0,0.85,0.85,0.3147,M0
6.0,15.0,850.0,0.85,0.85,0.3147,M0
6.0,20.0,850.0,0.85,0.85,0.3147,M0
6.0,25.0,850.0,0.85,0.85,0.3147,M0
6.0,30.0,850.0,0.85,0.85,0.3147,M0
6.0,35.0,850.0,0.85,0.85,0.3147,M0
6.0,40.0,850.0,0.85,0.85,0.3147,M0
6.0,45.0,850.0,0.85,0.85,0.3147,M0
6.0,50.0,850.0,0.85,0.85,0.3147,M0
6.0,55.0,850.0,0.85,0.85,0.3147,M0
6.0,60.0,850.0,0.85,0.85,0.3147,M0
6.0,65.0,850.0,0.85,0.85,0.3147,M0
6.0,70.0,850.0,0.85,0.85,0.3147,M0
6.0,75.0,850.0,0.85,0.85,0.3147,M0
6.0,80.0,850.0,0.85,0.85,0.3147,M0
6.0,85.0,850.0,0.85,0.85,0.3147,M0
6.0,90.0,850.0,0.85,0.85,0.3147,M0
6.0,95.0,850.0,0.85,0.85,0.3147,M0
6.0,100.0,850.0,0.85,0.85,0.3147,M0
6.0,105.0,850.0,0.85,0.85,0.3147,M0
6.0,110.0,850.0,0.85,0.85,0.3147,M0
6.0,115.0,850.0,0.85,0.85,0.3147,M0
6.0,120.0,850.0,0.85,0.85,0.3147,M0
6.0,125.0,850.0,0.85,0.85,0.3147,M0
6.0,130.0,850.0,0.85,0.85,0.3147,M0
6.0,135.0,850.0,0.85,0.85,0.3147,M0
6.0,140.0,850.0,0.85,0.85,0.3147,M0
6.0,145.0,850.0,0.85,0.85,0.3147,M0
6.0,150.0,850.0,0.85,0.85,0.3147,M0
6.0,155.0,850.0,0.85,0.85,0.3147,M0
6.0,160.0,850.0,0.85,0.85,0.3147,M0
6.0,165.0,850.0,0.85,0.85,0.3147,M0
6.0,170.0,850.0,0.85,0.85,0.3147,M0
6.0,175.0,850.0,0.85,0.85,0.3147,M0
6.0,180.0,850.0,0.85,0.85,0.3147,M0
6.0,185.0,850.0,0.85,0.85,0.3147,M0
6.0,190.0,850.0,0.85,0.85,0.3147,M0
6.0,195.0,850.0,0.85,0.85,0.3147,M0
6.0,200.0,850.0,0.85,0.85,0.3147,M0
6.0,205.0,850.0,0.85,0.85,0.3147,M0
6.0,210.0,850.0,0.85,0.85,0.3147,M0
6.0,215.0,850.0,0.85,0.85,0.3147,M0
6.0,220.0,850.0,0.85,0.85,0.3147,M0
6.0,225.0,850.0,0.85,0.85,0.3147,M0
6.0,230.0,850.0,0.85,0.85,0.3147,M0
6.0,235.0,850.0,0.85,0.85,0.3147,M0
6.0,240.0,850.0,0.85,0.85,0.3147,M0
6.0,245.0,850.0,0.85,0.85,0.3147,M0
6.0,250.0,850.0,0.85,0.85,0.3147,M0
6.0,255.0,850.0,0.85,0.85,0.3147,M0
6.0,260.0,850.0,0.85,0.85,0.3147,M0
6.0,265.0,850.0,0.85,0.85,0.3147,M0
6.0,270.0,850.0,0.85,0.85,0.3147,M0
6.0,275.0,850.0,0.85,0.85,0.3147,M0
6.0,280.0,850.0,0.85,0.85,0.3147,M0
6.0,285.0,850.0,0.85,0.85,0.3147,M0
6.0,290.0,850.0,0.85,0.85,0.3147,M0
6.0,295.0,850.0,0.85,0.85,0.3147,M0
6.0,300.0,850.0,0.85,0.85,0.3147,M0
7.0,-350.0,850.0,0.85,0.85,0.6921,M1
7.0,-345.0,850.0,0.85,0.85,0.6921,M1
7.0,-340.0,850.0,0.85,0.85,0.6921,M1
7.0,-335.0,850.0,0.85,0.85,0.6921,M1
7.0,-330.0,850.0,0.85,0.85,0.6921,M1
7.0,-325.0,850.0,0.85,0.85,0.6921,M1
7.0,-320.0,850.0,0.85,0.85,0.6921,M1
7.0,-315.0,850.0,0.85,0.85,0.6921,M1
7.0,-310.0,850.0,0.85,0.85,0.6921,M1
7.0,-305.0,850.0,0.85,0.85,0.6921,M1
7.0,-300.0,850.0,0.85,0.85,0.6921,M1
7.0,-295.0,850.0,0.85,0.85,0.6921,M1
7.0,-290.0,850.0,0.85,0.85,0.6921,M1
7.0,-285.0,850.0,0.85,0.85,0.6921,M1
7.0,-280.0,850.0,0.85,0.85,0.6921,M1
7.0,-275.0,850.0,0.85,0.85,0.6921,M1
7.0,-270.0,850.0,0.85,0.85,0.6921,M1
7.0,-265.0,850.0,0.85,0.85,0.6921,M1
7.0,-260.0,850.0,0.85,0.85,0.6921,M1
7.0,-255.0,850.0,0.85,0.85,0.6921,M1
7.0,-250.0,850.0,0.85,0.85,0.6921,M1
7.0,-245.0,850.0,0.85,0.85,0.6921,M1
7.0,-240.0,850.0,0.85,0.85,0.6921,M1
7.0,-235.0,850.0,0.85,0.85,0.6921,M1
7.0,-230.0,850.0,0.85,0.85,0.6921,M1
7.0,-225.0,850.0,0.85,0.85,0.6921,M1
7.0,-220.0,850.0,0.85,0.85,0.6921,M1
7.0,-215.0,850.0,0.85,0.85,0.6917,M1
7.0,-210.0,850.0,0.85,0.85,0.6903,M1
7.0,-205.0,850.0,0.85,0.85,0.688,M1
7.0,-200.0,850.0,0.85,0.85,0.6846,M1
7.0,-195.0,850.0,0.85,0.85,0.6803,M1
7.0,-190.0,850.0,0.85,0.85,0.6748,M1
7.0,-185.0,850.0,0.85,0.85,0.668,M1
7.0,-180.0,850.0,0.85,0.85,0.6598,M1
7.0,-175.0,850.0,0.85,0.85,0.6501,M1
7.0,-170.0,850.0,0.85,0.85,0.6385,M1
7.0,-165.0,850.0,0.85,0.85,0.6247,M1
7.0,-160.0,850.0,0.85,0.85,0.6085,M1
7.0,-155.0,850.0,0.85,0.85,0.5892,M1
7.0,-150.0,850.0,0.85,0.85,0.5666,M1
7.0,-145.0,850.0,0.85,0.85,0.54,M1
7.0,-140.0,850.0,0.85,0.85,0.5087,M1
7.0,-135.0,850.0,0.85,0.85,0.4717,M0
7.0,-130.0,850.0,0.85,0.85,0.4281,M0
7.0,-125.0,850.0,0.85,0.85,0.3764,M0
7.0,-120.0,850.0,0.85,0.85,0.3147,M0
7.0,-115.0,850.0,0.85,0.85,0.3147,M0
7.0,-110.0,850.0,0.85,0.85,0.3147,M0
7.0,-105.0,850.0,0.85,0.85,0.3147,M0
7.0,-100.0,850.0,0.85,0.85,0.3147,M0
7.0,-95.0,850.0,0.85,0.85,0.3147,M0
7.0,-90.0,850.0,0.85,0.85,0.3147,M0
7.0,-85.0,850.0,0.85,0.85,0.3147,M0
7.0,-80.0,850.0,0.85,0.85,0.3147,M0
7.0,-75.0,850.0,0.85,0.85,0.3147,M0
7.0,-70.0,850.0,0.85,0.85,0.3147,M0
7.0,-65.0,850.0,0.85,0.85,0.3147,M0
7.0,-60.0,850.0,0.85,0.85,0.3147,M0
7.0,-55.0,850.0,0.85,0.85,0.3147,M0
7.0,-50.0,850.0,0.85,0.85,0.3147,M0
7.0,-45.0,850.0,0.85,0.85,0.3147,M0
7.0,-40.0,850.0,0.85,0.85,0.3147,M0
7.0,-35.0,850.0,0.85,0.85,0.3147,M0
7.0,-30.0,850.0,0.85,0.85,0.3147,M0
7.0,-25.0,850.0,0.85,0.85,0.3147,M0
7.0,-20.0,850.0,0.85,0.85,0.3147,M0
7.0,-15.0,850.0,0.85,0.85,0.3147,M0
7.0,-10.0,850.0,0.85,0.85,0.3147,M0
7.0,-5.0,850.0,0.85,0.85,0.3147,M0
7.0,0.0,850.0,0.85,0.85,0.3147,M0
7.0,5.0,850.0,0.85,0.85,0.3147,M0
7.0,10.0,850.0,0.85,0.85,0.3147,M0
7.0,15.0,850.0,0.85,0.85,0.3147,M0
7.0,20.0,850.0,0.85,0.85,0.3147,M0
7.0,25.0,850.0,0.85,0.85,0.3147,M0
7.0,30.0,850.0,0.85,0.85,0.3147,M0
7.0,35.0,850.0,0.85,0.85,0.3147,M0
7.0,40.0,850.0,0.85,0.85,0.3147,M0
7.0,45.0,850.0,0.85,0.85,0.3147,M0
7.0,50.0,850.0,0.85,0.85,0.3147,M0
7.0,55.0,850.0,0.85,0.85,0.3147,M0
7.0,60.0,850.0,0.85,0.85,0.3147,M0
7.0,65.0,850.0,0.85,0.85,0.3147,M0
7.0,70.0,850.0,0.85,0.85,0.3147,M0
7.0,75.0,850.0,0.85,0.85,0.3147,M0
7.0,80.0,850.0,0.85,0.85,0.3147,M0
7.0,85.0,850.0,0.85,0.85,0.3147,M0
7.0,90.0,850.0,0.85,0.85,0.3147,M0
7.0,95.0,850.0,0.85,0.85,0.3147,M0
7.0,100.0,850.0,0.85,0.85,0.3147,M0
7.0,105.0,850.0,0.85,0.85,0.3147,M0
7.0,110.0,850.0,0.85,0.85,0.3147,M0
7.0,115.0,850.0,0.85,0.85,0.3147,M0
7.0,120.0,850.0,0.85,0.85,0.3147,M0
7.0,125.0,850.0,0.85,0.85,0.3147,M0
7.0,130.0,850.0,0.85,0.85,0.3147,M0
7.0,135.0,850.0,0.85,0.85,0.3147,M0
7.0,140.0,850.0,0.85,0.85,0.3147,M0
7.0,145.0,850.0,0.85,0.85,0.3147,M0
7.0,150.0,850.0,0.85,0.85,0.3147,M0
7.0,155.0,850.0,0.85,0.85,0.3147,M0
7.0,160.0,850.0,0.85,0.85,0.3147,M0
7.0,165.0,850.0,0.85,0.85,0.3147,M0
7.0,170.0,850.0,0.85,0.85,0.3147,M0
7.0,175.0,850.0,0.85,0.85,0.3147,M0
7.0,180.0,850.0,0.85,0.85,0.3147,M0
7.0,185.0,850.0,0.85,0.85,0.3147,M0
7.0,190.0,850.0,0.85,0.85,0.3147,M0
7.0,195.0,850.0,0.85,0.85,0.3147,M0
7.0,200.0,850.0,0.85,0.85,0.3147,M0
7.0,205.0,850.0,0.85,0.85,0.3147,M0
7.0,210.0,850.0,0.85,0.85,0.3147,M0
7.0,215.0,850.0,0.85,0.85,0.3147,M0
7.0,220.0,850.0,0.85,0.85,0.3147,M0
7.0,225.0,850.0,0.85,0.85,0.3147,M0
7.0,230.0,850.0,0.85,0.85,0.3147,M0
7.0,235.0,850.0,0.85,0.85,0.3147,M0
7.0,240.0,850.0,0.85,0.85,0.3147,M0
7.0,245.0,850.0,0.85,0.85,0.3147,M0
7.0,250.0,850.0,0.85,0.85,0.3147,M0
7.0,255.0,850.0,0.85,0.85,0.3147,M0
7.0,260.0,850.0,0.85,0.85,0.3147,M0
7.0,265.0,850.0,0.85,0.85,0.3147,M0
7.0,270.0,850.0,0.85,0.85,0.3147,M0
7.0,275.0,850.0,0.85,0.85,0.3147,M0
7.0,280.0,850.0,0.85,0.85,0.3147,M0
7.0,285.0,850.0,0.85,0.85,0.3147,M0
7.0,290.0,850.0,0.85,0.85,0.3147,M0
7.0,295.0,850.0,0.85,0.85,0.3147,M0
7.0,300.0,850.0,0.85,0.85,0.3147,M0
8.0,-350.0,850.0,0.85,0.85,0.6921,M1
8.0,-345.0,850.0,0.85,0.85,0.6921,M1
8.0,-340.0,850.0,0.85,0.85,0.6921,M1
8.0,-335.0,850.0,0.85,0.85,0.6921,M1
8.0,-330.0,850.0,0.85,0.85,0.6921,M1
8.0,-325.0,850.0,0.85,0.85,0.6921,M1
8.0,-320.0,850.0,0.85,0.85,0.6921,M1
8.0,-315.0,850.0,0.85,0.85,0.6921,M1
8.0,-310.0,850.0,0.85,0.85,0.6921,M1
8.0,-305.0,850.0,0.85,0.85,0.6921,M1
8.0,-300.0,850.0,0.85,0.85,0.6921,M1
8.0,-295.0,850.0,0.85,0.85,0.6921,M1
8.0,-290.0,850.0,0.85,0.85,0.6921,M1
8.0,-285.0,850.0,0.85,0.85,0.6921,M1
8.0,-280.0,850.0,0.85,0.85,0.6921,M1
8.0,-275.0,850.0,0.85,0.85,0.6921,M1
8.0,-270.0,850.0,0.85,0.85,0.6921,M1
8.0,-265.0,850.0,0.85,0.85,0.6921,M1
8.0,-260.0,850.0,0.85,0.85,0.6921,M1
8.0,-255.0,850.0,0.85,0.85,0.6921,M1
8.0,-250.0,850.0,0.85,0.85,0.6921,M1
8.0,-245.0,850.0,0.85,0.85,0.6921,M1
8.0,-240.0,850.0,0.85,0.85,0.6921,M1
8.0,-235.0,850.0,0.85,0.85,0.6921,M1
8.0,-230.0,850.0,0.85,0.85,0.6921,M1
8.0,-225.0,850.0,0.85,0.85,0.6921,M1
8.0,-220.0,850.0,0.85,0.85,0.6921,M1
8.0,-215.0,850.0,0.85,0.85,0.6917,M1
8.0,-210.0,850.0,0.85,0.85,0.6903,M1
8.0,-205.0,850.0,0.85,0.85,0.688,M1
8.0,-200.0,850.0,0.85,0.85,0.6846,M1
8.0,-195.0,850.0,0.85,0.85,0.6803,M1
8.0,-190.0,850.0,0.85,0.85,0.6748,M1
8.0,-185.0,850.0,0.85,0.85,0.668,M1
8.0,-180.0,850.0,0.85,0.85,0.6598,M1
8.0,-175.0,850.0,0.85,0.85,0.6501,M1
8.0,-170.0,850.0,0.85,0.85,0.6385,M1
8.0,-165.0,850.0,0.85,0.85,0.6247,M1
8.0,-160.0,850.0,0.85,0.85,0.6085,M1
8.0,-155.0,850.0,0.85,0.85,0.5892,M1
8.0,-150.0,850.0,0.85,0.85,0.5666,M1
8.0,-145.0,850.0,0.85,0.85,0.54,M1
8.0,-140.0,850.0,0.85,0.85,0.5087,M1
8.0,-135.0,850.0,0.85,0.85,0.4717,M0
8.0,-130.0,850.0,0.85,0.85,0.4281,M0
8.0,-125.0,850.0,0.85,0.85,0.3764,M0
8.0,-120.0,850.0,0.85,0.85,0.3147,M0
8.0,-115.0,850.0,0.85,0.85,0.3147,M0
8.0,-110.0,850.0,0.85,0.85,0.3147,M0
8.0,-105.0,850.0,0.85,0.85,0.3147,M0
8.0,-100.0,850.0,0.85,0.85,0.3147,M0
8.0,-95.0,850.0,0.85,0.85,0.3147,M0
8.0,-90.0,850.0,0.85,0.85,0.3147,M0
8.0,-85.0,850.0,0.85,0.85,0.3147,M0
8.0,-80.0,850.0,0.85,0.85,0.3147,M0
8.0,-75.0,850.0,0.85,0.85,0.3147,M0
8.0,-70.0,850.0,0.85,0.85,0.3147,M0
8.0,-65.0,850.0,0.85,0.85,0.3147,M0
8.0,-60.0,850.0,0.85,0.85,0.3147,M0
8.0,-55.0,850.0,0.85,0.85,0.3147,M0
8.0,-50.0,850.0,0.85,0.85,0.3147,M0
8.0,-45.0,850.0,0.85,0.85,0.3147,M0
8.0,-40.0,850.0,0.85,0.85,0.3147,M0
8.0,-35.0,850.0,0.85,0.85,0.3147,M0
8.0,-30.0,850.0,0.85,0.85,0.3147,M0
8.0,-25.0,850.0,0.85,0.85,0.3147,M0
8.0,-20.0,850.0,0.85,0.85,0.3147,M0
8.0,-15.0,850.0,0.85,0.85,0.3147,M0
8.0,-10.0,850.0,0.85,0.85,0.3147,M0
8.0,-5.0,850.0,0.85,0.85,0.3147,M0
8.0,0.0,850.0,0.85,0.85,0.3147,M0
8.0,5.0,850.0,0.85,0.85,0.3147,M0
8.0,10.0,850.0,0.85,0.85,0.3147,M0
8.0,15.0,850.0,0.85,0.85,0.3147,M0
8.0,20.0,850.0,0.85,0.85,0.3147,M0
8.0,25.0,850.0,0.85,0.85,0.3147,M0
8.0,30.0,850.0,0.85,0.85,0.3147,M0
8.0,35.0,850.0,0.85,0.85,0.3147,M0
8.0,40.0,850.0,0.85,0.85,0.3147,M0
8.0,45.0,850.0,0.85,0.85,0.3147,M0
8.0,50.0,850.0,0.85,0.85,0.3147,M0
8.0,55.0,850.0,0.85,0.85,0.3147,M0
8.0,60.0,850.0,0.85,0.85,0.3147,M0
8.0,65.0,850.0,0.85,0.85,0.3147,M0
8.0,70.0,850.0,0.85,0.85,0.3147,M0
8.0,75.0,850.0,0.85,0.85,0.3147,M0
8.0,80.0,850.0,0.85,0.85,0.3147,M0
8.0,85.0,850.0,0.85,0.85,0.3147,M0
8.0,90.0,850.0,0.85,0.85,0.3147,M0
8.0,95.0,850.0,0.85,0.85,0.3147,M0
8.0,100.0,850.0,0.85,0.85,0.3147,M0
8.0,105.0,850.0,0.85,0.85,0.3147,M0
8.0,110.0,850.0,0.85,0.85,0.3147,M0
8.0,115.0,850.0,0.85,0.85,0.3147,M0
8.0,120.0,850.0,0.85,0.85,0.3147,M0
8.0,125.0,850.0,0.85,0.85,0.3147,M0
8.0,130.0,850.0,0.85,0.85,0.3147,M0
8.0,135.0,850.0,0.85,0.85,0.3147,M0
8.0,140.0,850.0,0.85,0.85,0.3147,M0
8.0,145.0,850.0,0.85,0.85,0.3147,M0
8.0,150.0,850.0,0.85,0.85,0.3147,M0
8.0,155.0,850.0,0.85,0.85,0.3147,M0
8.0,160.0,850.0,0.85,0.85,0.3147,M0
8.0,165.0,850.0,0.85,0.85,0.3147,M0
8.0,170.0,850.0,0.85,0.85,0.3147,M0
8.0,175.0,850.0,0.85,0.85,0.3147,M0
8.0,180.0,850.0,0.85,0.85,0.3147,M0
8.0,185.0,850.0,0.85,0.85,0.3147,M0
8.0,190.0,850.0,0.85,0.85,0.3147,M0
8.0,195.0,850.0,0.85,0.85,0.3147,M0
8.0,200.0,850.0,0.85,0.85,0.3147,M0
8.0,205.0,850.0,0.85,0.85,0.3147,M0
8.0,210.0,850.0,0.85,0.85,0.3147,M0
8.0,215.0,850.0,0.85,0.85,0.3147,M0
8.0,220.0,850.0,0.85,0.85,0.3147,M0
8.0,225.0,850.0,0.85,0.85,0.3147,M0
8.0,230.0,850.0,0.85,0.85,0.3147,M0
8.0,235.0,850.0,0.85,0.85,0.3147,M0
8.0,240.0,850.0,0.85,0.85,0.3147,M0
8.0,245.0,850.0,0.85,0.85,0.3147,M0
8.0,250.0,850.0,0.85,0.85,0.3147,M0
8.0,255.0,850.0,0.85,0.85,0.3147,M0
8.0,260.0,850.0,0.85,0.85,0.3147,M0
8.0,265.0,850.0,0.85,0.85,0.3147,M0
8.0,270.0,850.0,0.85,0.85,0.3147,M0
8.0,275.0,850.0,0.85,0.85,0.3147,M0
8.0,280.0,850.0,0.85,0.85,0.3147,M0
8.0,285.0,850.0,0.85,0.85,0.3147,M0
8.0,290.0,850.0,0.85,0.85,0.3147,M0
8.0,295.0,850.0,0.85,0.85,0.3147,M0
8.0,300.0,850.0,0.85,0.85,0.3147,M0
9.0,-350.0,850.0,0.85,0.85,0.6921,M1
9.0,-345.0,850.0,0.85,0.85,0.6921,M1
9.0,-340.0,850.0,0.85,0.85,0.6921,M1
9.0,-335.0,850.0,0.85,0.85,0.6921,M1
9.0,-330.0,850.0,0.85,0.85,0.6921,M1
9.0,-325.0,850.0,0.85,0.85,0.6921,M1
9.0,-320.0,850.0,0.85,0.85,0.6921,M1
9.0,-315.0,850.0,0.85,0.85,0.6921,M1
9.0,-310.0,850.0,0.85,0.85,0.6921,M1
9.0,-305.0,850.0,0.85,0.85,0.6921,M1
9.0,-300.0,850.0,0.85,0.85,0.6921,M1
9.0,-295.0,850.0,0.85,0.85,0.6921,M1
9.0,-290.0,850.0,0.85,0.85,0.6921,M1
9.0,-285.0,850.0,0.85,0.85,0.6921,M1
9.0,-280.0,850.0,0.85,0.85,0.6921,M1
9.0,-275.0,850.0,0.85,0.85,0.6921,M1
9.0,-270.0,850.0,0.85,0.85,0.6921,M1
9.0,-265.0,850.0,0.85,0.85,0.6921,M1
9.0,-260.0,850.0,0.85,0.85,0.6921,M1
9.0,-255.0,850.0,0.85,0.85,0.6921,M1
9.0,-250.0,850.0,0.85,0.85,0.6921,M1
9.0,-245.0,850.0,0.85,0.85,0.6921,M1
9.0,-240.0,850.0,0.85,0.85,0.6921,M1
9.0,-235.0,850.0,0.85,0.85,0.6921,M1
9.0,-230.0,850.0,0.85,0.85,0.6921,M1
9.0,-225.0,850.0,0.85,0.85,0.6921,M1
9.0,-220.0,850.0,0.85,0.85,0.6921,M1
9.0,-215.0,850.0,0.85,0.85,0.6917,M1
9.0,-210.0,850.0,0.85,0.85,0.6903,M1
9.0,-205.0,850.0,0.85,0.85,0.688,M1
9.0,-200.0,850.0,0.85,0.85,0.6846,M1
9.0,-195.0,850.0,0.85,0.85,0.6803,M1
9.0,-190.0,850.0,0.85,0.85,0.6748,M1
9.0,-185.0,850.0,0.85,0.85,0.668,M1
9.0,-180.0,850.0,0.85,0.85,0.6598,M1
9.0,-175.0,850.0,0.85,0.85,0.6501,M1
9.0,-170.0,850.0,0.85,0.85,0.6385,M1
9.0,-165.0,850.0,0.85,0.85,0.6247,M1
9.0,-160.0,850.0,0.85,0.85,0.6085,M1
9.0,-155.0,850.0,0.85,0.85,0.5892,M1
9.0,-150.0,850.0,0.85,0.85,0.5666,M1
9.0,-145.0,850.0,0.85,0.85,0.54,M1
9.0,-140.0,850.0,0.85,0.85,0.5087,M1
9.0,-135.0,850.0,0.85,0.85,0.4717,M0
9.0,-130.0,850.0,0.85,0.85,0.4281,M0
9.0,-125.0,850.0,0.85,0.85,0.3764,M0
9.0,-120.0,850.0,0.85,0.85,0.3147,M0
9.0,-115.0,850.0,0.85,0.85,0.3147,M0
9.0,-110.0,850.0,0.85,0.85,0.3147,M0
9.0,-105.0,850.0,0.85,0.85,0.3147,M0
9.0,-100.0,850.0,0.85,0.85,0.3147,M0
9.0,-95.0,850.0,0.85,0.85,0.3147,M0
9.0,-90.0,850.0,0.85,0.85,0.3147,M0
9.0,-85.0,850.0,0.85,0.85,0.3147,M0
9.0,-80.0,850.0,0.85,0.85,0.3147,M0
9.0,-75.0,850.0,0.85,0.85,0.3147,M0
9.0,-70.0,850.0,0.85,0.85,0.3147,M0
9.0,-65.0,850.0,0.85,0.85,0.3147,M0
9.0,-60.0,850.0,0.85,0.85,0.3147,M0
9.0,-55.0,850.0,0.85,0.85,0.3147,M0
9.0,-50.0,850.0,0.85,0.85,0.3147,M0
9.0,-45.0,850.0,0.85,0.85,0.3147,M0
9.0,-40.0,850.0,0.85,0.85,0.3147,M0
9.0,-35.0,850.0,0.85,0.85,0.3147,M0
9.0,-30.0,850.0,0.85,0.85,0.3147,M0
9.0,-25.0,850.0,0.85,0.85,0.3147,M0
9.0,-20.0,850.0,0.85,0.85,0.3147,M0
9.0,-15.0,850.0,0.85,0.85,0.3147,M0
9.0,-10.0,850.0,0.85,0.85,0.3147,M0
9.0,-5.0,850.0,0.85,0.85,0.3147,M0
9.0,0.0,850.0,0.85,0.85,0.3147,M0
9.0,5.0,850.0,0.85,0.85,0.3147,M0
9.0,10.0,850.0,0.85,0.85,0.3147,M0
9.0,15.0,850.0,0.85,0.85,0.3147,M0
9.0,20.0,850.0,0.85,0.85,0.3147,M0
9.0,25.0,850.0,0.85,0.85,0.3147,M0
9.0,30.0,850.0,0.85,0.85,0.3147,M0
9.0,35.0,850.0,0.85,0.85,0.3147,M0
9.0,40.0,850.0,0.85,0.85,0.3147,M0
9.0,45.0,850.0,0.85,0.85,0.3147,M0
9.0,50.0,850.0,0.85,0.85,0.3147,M0
9.0,55.0,850.0,0.85,0.85,0.3147,M0
9.0,60.0,850.0,0.85,0.85,0.3147,M0
9.0,65.0,850.0,0.85,0.85,0.3147,M0
9.0,70.0,850.0,0.85,0.85,0.3147,M0
9.0,75.0,850.0,0.85,0.85,0.3147,M0
9.0,80.0,850.0,0.85,0.85,0.3147,M0
9.0,85.0,850.0,0.85,0.85,0.3147,M0
9.0,90.0,850.0,0.85,0.85,0.3147,M0
9.0,95.0,850.0,0.85,0.85,0.3147,M0
9.0,100.0,850.0,0.85,0.85,0.3147,M0
9.0,105.0,850.0,0.85,0.85,0.3147,M0
9.0,110.0,850.0,0.85,0.85,0.3147,M0
9.0,115.0,850.0,0.85,0.85,0.3147,M0
9.0,120.0,850.0,0.85,0.85,0.3147,M0
9.0,125.0,850.0,0.85,0.85,0.3147,M0
9.0,130.0,850.0,0.85,0.85,0.3147,M0
9.0,135.0,850.0,0.85,0.85,0.3147,M0
9.0,140.0,850.0,0.85,0.85,0.3147,M0
9.0,145.0,850.0,0.85,0.85,0.3147,M0
9.0,150.0,850.0,0.85,0.85,0.3147,M0
9.0,155.0,850.0,0.85,0.85,0.3147,M0
9.0,160.0,850.0,0.85,0.85,0.3147,M0
9.0,165.0,850.0,0.85,0.85,0.3147,M0
9.0,170.0,850.0,0.85,0.85,0.3147,M0
9.0,175.0,850.0,0.85,0.85,0.3147,M0
9.0,180.0,850.0,0.85,0.85,0.3147,M0
9.0,185.0,850.0,0.85,0.85,0.3147,M0
9.0,190.0,850.0,0.85,0.85,0.3147,M0
9.0,195.0,850.0,0.85,0.85,0.3147,M0
9.0,200.0,850.0,0.85,0.85,0.3147,M0
9.0,205.0,850.0,0.85,0.85,0.3147,M0
9.0,210.0,850.0,0.85,0.85,0.3147,M0
9.0,215.0,850.0,0.85,0.85,0.3147,M0
9.0,220.0,850.0,0.85,0.85,0.3147,M0
9.0,225.0,850.0,0.85,0.85,0.3147,M0
9.0,230.0,850.0,0.85,0.85,0.3147,M0
9.0,235.0,850.0,0.85,0.85,0.3147,M0
9.0,240.0,850.0,0.85,0.85,0.3147,M0
9.0,245.0,850.0,0.85,0.85,0.3147,M0
9.0,250.0,850.0,0.85,0.85,0.3147,M0
9.0,255.0,850.0,0.85,0.85,0.3147,M0
9.0,260.0,850.0,0.85,0.85,0.3147,M0
9.0,265.0,850.0,0.85,0.85,0.3147,M0
9.0,270.0,850.0,0.85,0.85,0.3147,M0
9.0,275.0,850.0,0.85,0.85,0.3147,M0
9.0,280.0,850.0,0.85,0.85,0.3147,M0
9.0,285.0,850.0,0.85,0.85,0.3147,M0
9.0,290.0,850.0,0.85,0.85,0.3147,M0
9.0,295.0,850.0,0.85,0.85,0.3147,M0
9.0,300.0,850.0,0.85,0.85,0.3147,M0
10.0,-350.0,850.0,0.85,0.85,0.6921,M1
10.0,-345.0,850.0,0.85,0.85,0.6921,M1
10.0,-340.0,850.0,0.85,0.85,0.6921,M1
10.0,-335.0,850.0,0.85,0.85,0.6921,M1
10.0,-330.0,850.0,0.85,0.85,0.6921,M1
10.0,-325.0,850.0,0.85,0.85,0.6921,M1
10.0,-320.0,850.0,0.85,0.85,0.6921,M1
10.0,-315.0,850.0,0.85,0.85,0.6921,M1
10.0,-310.0,850.0,0.85,0.85,0.6921,M1
10.0,-305.0,850.0,0.85,0.85,0.6921,M1
10.0,-300.0,850.0,0.85,0.85,0.6921,M1
10.0,-295.0,850.0,0.85,0.85,0.6921,M1
10.0,-290.0,850.0,0.85,0.85,0.6921,M1
10.0,-285.0,850.0,0.85,0.85,0.6921,M1
10.0,-280.0,850.0,0.85,0.85,0.6921,M1
10.0,-275.0,850.0,0.85,0.85,0.6921,M1
10.0,-270.0,850.0,0.85,0.85,0.6921,M1
10.0,-265.0,850.0,0.85,0.85,0.6921,M1
10.0,-260.0,850.0,0.85,0.85,0.6921,M1
10.0,-255.0,850.0,0.85,0.85,0.6921,M1
10.0,-250.0,850.0,0.85,0.85,0.6921,M1
10.0,-245.0,850.0,0.85,0.85,0.6921,M1
10.0,-240.0,850.0,0.85,0.85,0.6921,M1
10.0,-235.0,850.0,0.85,0.85,0.6921,M1
10.0,-230.0,850.0,0.85,0.85,0.6921,M1
10.0,-225.0,850.0,0.85,0.85,0.6921,M1
10.0,-220.0,850.0,0.85,0.85,0.6921,M1
10.0,-215.0,850.0,0.85,0.85,0.6917,M1
10.0,-210.0,850.0,0.85,0.85,0.6903,M1
10.0,-205.0,850.0,0.85,0.85,0.688,M1
10.0,-200.0,850.0,0.85,0.85,0.6846,M1
10.0,-195.0,850.0,0.85,0.85,0.6803,M1
10.0,-190.0,850.0,0.85,0.85,0.6748,M1
10.0,-185.0,850.0,0.85,0.85,0.668,M1
10.0,-180.0,850.0,0.85,0.85,0.6598,M1
10.0,-175.0,850.0,0.85,0.85,0.6501,M1
10.0,-170.0,850.0,0.85,0.85,0.6385,M1
10.0,-165.0,850.0,0.85,0.85,0.6247,M1
10.0,-160.0,850.0,0.85,0.85,0.6085,M1
10.0,-155.0,850.0,0.85,0.85,0.5892,M1
10.0,-150.0,850.0,0.85,0.85,0.5666,M1
10.0,-145.0,850.0,0.85,0.85,0.54,M1
10.0,-140.0,850.0,0.85,0.85,0.5087,M1
10.0,-135.0,850.0,0.85,0.85,0.4717,M0
10.0,-130.0,850.0,0.85,0.85,0.4281,M0
10.0,-125.0,850.0,0.85,0.85,0.3764,M0
10.0,-120.0,850.0,0.85,0.85,0.3147,M0
10.0,-115.0,850.0,0.85,0.85,0.3147,M0
10.0,-110.0,850.0,0.85,0.85,0.3147,M0
10.0,-105.0,850.0,0.85,0.85,0.3147,M0
10.0,-100.0,850.0,0.85,0.85,0.3147,M0
10.0,-95.0,850.0,0.85,0.85,0.3147,M0
10.0,-90.0,850.0,0.85,0.85,0.3147,M0
10.0,-85.0,850.0,0.85,0.85,0.3147,M0
10.0,-80.0,850.0,0.85,0.85,0.3147,M0
10.0,-75.0,850.0,0.85,0.85,0.3147,M0
10.0,-70.0,850.0,0.85,0.85,0.3147,M0
10.0,-65.0,850.0,0.85,0.85,0.3147,M0
10.0,-60.0,850.0,0.85,0.85,0.3147,M0
10.0,-55.0,850.0,0.85,0.85,0.3147,M0
10.0,-50.0,850.0,0.85,0.85,0.3147,M0
10.0,-45.0,850.0,0.85,0.85,0.3147,M0
10.0,-40.0,850.0,0.85,0.85,0.3147,M0
10.0,-35.0,850.0,0.85,0.85,0.3147,M0
10.0,-30.0,850.0,0.85,0.85,0.3147,M0
10.0,-25.0,850.0,0.85,0.85,0.3147,M0
10.0,-20.0,850.0,0.85,0.85,0.3147,M0
10.0,-15.0,850.0,0.85,0.85,0.3147,M0
10.0,-10.0,850.0,0.85,0.85,0.3147,M0
10.0,-5.0,850.0,0.85,0.85,0.3147,M0
10.0,0.0,850.0,0.85,0.85,0.3147,M0
10.0,5.0,850.0,0.85,0.85,0.3147,M0
10.0,10.0,850.0,0.85,0.85,0.3147,M0
10.0,15.0,850.0,0.85,0.85,0.3147,M0
10.0,20.0,850.0,0.85,0.85,0.3147,M0
10.0,25.0,850.0,0.85,0.85,0.3147,M0
10.0,30.0,850.0,0.85,0.85,0.3147,M0
10.0,35.0,850.0,0.85,0.85,0.3147,M0
10.0,40.0,850.0,0.85,0.85,0.3147,M0
10.0,45.0,850.0,0.85,0.85,0.3147,M0
10.0,50.0,850.0,0.85,0.85,0.3147,M0
10.0,55.0,850.0,0.85,0.85,0.3147,M0
10.0,60.0,850.0,0.85,0.85,0.3147,M0
10.0,65.0,850.0,0.85,0.85,0.3147,M0
10.0,70.0,850.0,0.85,0.85,0.3147,M0
10.0,75.0,850.0,0.85,0.85,0.3147,M0
10.0,80.0,850.0,0.85,0.85,0.3147,M0
10.0,85.0,850.0,0.85,0.85,0.3147,M0
10.0,90.0,850.0,0.85,0.85,0.3147,M0
10.0,95.0,850.0,0.85,0.85,0.3147,M0
10.0,100.0,850.0,0.85,0.85,0.3147,M0
10.0,105.0,850.0,0.85,0.85,0.3147,M0
10.0,110.0,850.0,0.85,0.85,0.3147,M0
10.0,115.0,850.0,0.85,0.85,0.3147,M0
10.0,120.0,850.0,0.85,0.85,0.3147,M0
10.0,125.0,850.0,0.85,0.85,0.3147,M0
10.0,130.0,850.0,0.85,0.85,0.3147,M0
10.0,135.0,850.0,0.85,0.85,0.3147,M0
10.0,140.0,850.0,0.85,0.85,0.3147,M0
10.0,145.0,850.0,0.85,0.85,0.3147,M0
10.0,150.0,850.0,0.85,0.85,0.3147,M0
10.0,155.0,850.0,0.85,0.85,0.3147,M0
10.0,160.0,850.0,0.85,0.85,0.3147,M0
10.0,165.0,850.0,0.85,0.85,0.3147,M0
10.0,170.0,850.0,0.85,0.85,0.3147,M0
10.0,175.0,850.0,0.85,0.85,0.3147,M0
10.0,180.0,850.0,0.85,0.85,0.3147,M0
10.0,185.0,850.0,0.85,0.85,0.3147,M0
10.0,190.0,850.0,0.85,0.85,0.3147,M0
10.0,195.0,850.0,0.85,0.85,0.3147,M0
10.0,200.0,850.0,0.85,0.85,0.3147,M0
10.0,205.0,850.0,0.85,0.85,0.3147,M0
10.0,210.0,850.0,0.85,0.85,0.3147,M0
10.0,215.0,850.0,0.85,0.85,0.3147,M0
10.0,220.0,850.0,0.85,0.85,0.3147,M0
10.0,225.0,850.0,0.85,0.85,0.3147,M0
10.0,230.0,850.0,0.85,0.85,0.3147,M0
10.0,235.0,850.0,0.85,0.85,0.3147,M0
10.0,240.0,850.0,0.85,0.85,0.3147,M0
10.0,245.0,850.0,0.85,0.85,0.3147,M0
10.0,250.0,850.0,0.85,0.85,0.3147,M0
10.0,255.0,850.0,0.85,0.85,0.3147,M0
10.0,260.0,850.0,0.85,0.85,0.3147,M0
10.0,265.0,850.0,0.85,0.85,0.3147,M0
10.0,270.0,850.0,0.85,0.85,0.3147,M0
10.0,275.0,850.0,0.85,0.85,0.3147,M0
10.0,280.0,850.0,0.85,0.85,0.3147,M0
10.0,285.0,850.0,0.85,0.85,0.3147,M0
10.0,290.0,850.0,0.85,0.85,0.3147,M0
10.0,295.0,850.0,0.85,0.85,0.3147,M0
10.0,300.0,850.0,0.85,0.85,0.3147,M0
11.0,-350.0,850.0,0.85,0.85,0.6921,M1
11.0,-345.0,850.0,0.85,0.85,0.6921,M1
11.0,-340.0,850.0,0.85,0.85,0.6921,M1
11.0,-335.0,850.0,0.85,0.85,0.6921,M1
11.0,-330.0,850.0,0.85,0.85,0.6921,M1
11.0,-325.0,850.0,0.85,0.85,0.6921,M1
11.0,-320.0,850.0,0.85,0.85,0.6921,M1
11.0,-315.0,850.0,0.85,0.85,0.6921,M1
11.0,-310.0,850.0,0.85,0.85,0.6921,M1
11.0,-305.0,850.0,0.85,0.85,0.6921,M1
11.0,-300.0,850.0,0.85,0.85,0.6921,M1
11.0,-295.0,850.0,0.85,0.85,0.6921,M1
11.0,-290.0,850.0,0.85,0.85,0.6921,M1
11.0,-285.0,850.0,0.85,0.85,0.6921,M1
11.0,-280.0,850.0,0.85,0.85,0.6921,M1
11.0,-275.0,850.0,0.85,0.85,0.6921,M1
11.0,-270.0,850.0,0.85,0.85,0.6921,M1
11.0,-265.0,850.0,0.85,0.85,0.6921,M1
11.0,-260.0,850.0,0.85,0.85,0.6921,M1
11.0,-255.0,850.0,0.85,0.85,0.6921,M1
11.0,-250.0,850.0,0.85,0.85,0.6921,M1
11.0,-245.0,850.0,0.85,0.85,0.6921,M1
11.0,-240.0,850.0,0.85,0.85,0.6921,M1
11.0,-235.0,850.0,0.85,0.85,0.6921,M1
11.0,-230.0,850.0,0.85,0.85,0.6921,M1
11.0,-225.0,850.0,0.85,0.85,0.6921,M1
11.0,-220.0,850.0,0.85,0.85,0.6921,M1
11.0,-215.0,850.0,0.85,0.85,0.6917,M1
11.0,-210.0,850.0,0.85,0.85,0.6903,M1
11.0,-205.0,850.0,0.85,0.85,0.688,M1
11.0,-200.0,850.0,0.85,0.85,0.6846,M1
11.0,-195.0,850.0,0.85,0.85,0.6803,M1
11.0,-190.0,850.0,0.85,0.85,0.6748,M1
11.0,-185.0,850.0,0.85,0.85,0.668,M1
11.0,-180.0,850.0,0.85,0.85,0.6598,M1
11.0,-175.0,850.0,0.85,0.85,0.6501,M1
11.0,-170.0,850.0,0.85,0.85,0.6385,M1
11.0,-165.0,850.0,0.85,0.85,0.6247,M1
11.0,-160.0,850.0,0.85,0.85,0.6085,M1
11.0,-155.0,850.0,0.85,0.85,0.5892,M1
11.0,-150.0,850.0,0.85,0.85,0.5666,M1
11.0,-145.0,850.0,0.85,0.85,0.54,M1
11.0,-140.0,850.0,0.85,0.85,0.5087,M1
11.0,-135.0,850.0,0.85,0.85,0.4717,M0
11.0,-130.0,850.0,0.85,0.85,0.4281,M0
11.0,-125.0,850.0,0.85,0.85,0.3764,M0
11.0,-120.0,850.0,0.85,0.85,0.3147,M0
11.0,-115.0,850.0,0.85,0.85,0.3147,M0
11.0,-110.0,850.0,0.85,0.85,0.3147,M0
11.0,-105.0,850.0,0.85,0.85,0.3147,M0
11.0,-100.0,850.0,0.85,0.85,0.3147,M0
11.0,-95.0,850.0,0.85,0.85,0.3147,M0
11.0,-90.0,850.0,0.85,0.85,0.3147,M0
11.0,-85.0,850.0,0.85,0.85,0.3147,M0
11.0,-80.0,850.0,0.85,0.85,0.3147,M0
11.0,-75.0,850.0,0.85,0.85,0.3147,M0
11.0,-70.0,850.0,0.85,0.85,0.3147,M0
11.0,-65.0,850.0,0.85,0.85,0.3147,M0
11.0,-60.0,850.0,0.85,0.85,0.3147,M0
11.0,-55.0,850.0,0.85,0.85,0.3147,M0
11.0,-50.0,850.0,0.85,0.85,0.3147,M0
11.0,-45.0,850.0,0.85,0.85,0.3147,M0
11.0,-40.0,850.0,0.85,0.85,0.3147,M0
11.0,-35.0,850.0,0.85,0.85,0.3147,M0
11.0,-30.0,850.0,0.85,0.85,0.3147,M0
11.0,-25.0,850.0,0.85,0.85,0.3147,M0
11.0,-20.0,850.0,0.85,0.85,0.3147,M0
11.0,-15.0,850.0,0.85,0.85,0.3147,M0
11.0,-10.0,850.0,0.85,0.85,0.3147,M0
11.0,-5.0,850.0,0.85,0.85,0.3147,M0
11.0,0.0,850.0,0.85,0.85,0.3147,M0
11.0,5.0,850.0,0.85,0.85,0.3147,M0
11.0,10.0,850.0,0.85,0.85,0.3147,M0
11.0,15.0,850.0,0.85,0.85,0.3147,M0
11.0,20.0,850.0,0.85,0.85,0.3147,M0
11.0,25.0,850.0,0.85,0.85,0.3147,M0
11.0,30.0,850.0,0.85,0.85,0.3147,M0
11.0,35.0,850.0,0.85,0.85,0.3147,M0
11.0,40.0,850.0,0.85,0.85,0.3147,M0
11.0,45.0,850.0,0.85,0.85,0.3147,M0
11.0,50.0,850.0,0.85,0.85,0.3147,M0
11.0,55.0,850.0,0.85,0.85,0.3147,M0
11.0,60.0,850.0,0.85,0.85,0.3147,M0
11.0,65.0,850.0,0.85,0.85,0.3147,M0
11.0,70.0,850.0,0.85,0.85,0.3147,M0
11.0,75.0,850.0,0.85,0.85,0.3147,M0
11.0,80.0,850.0,0.85,0.85,0.3147,M0
11.0,85.0,850.0,0.85,0.85,0.3147,M0
11.0,90.0,850.0,0.85,0.85,0.3147,M0
11.0,95.0,850.0,0.85,0.85,0.3147,M0
11.0,100.0,850.0,0.85,0.85,0.3147,M0
11.0,105.0,850.0,0.85,0.85,0.3147,M0
11.0,110.0,850.0,0.85,0.85,0.3147,M0
11.0,115.0,850.0,0.85,0.85,0.3147,M0
11.0,120.0,850.0,0.85,0.85,0.3147,M0
11.0,125.0,850.0,0.85,0.85,0.3147,M0
11.0,130.0,850.0,0.85,0.85,0.3147,M0
11.0,135.0,850.0,0.85,0.85,0.3147,M0
11.0,140.0,850.0,0.85,0.85,0.3147,M0
11.0,145.0,850.0,0.85,0.85,0.3147,M0
11.0,150.0,850.0,0.85,0.85,0.3147,M0
11.0,155.0,850.0,0.85,0.85,0.3147,M0
11.0,160.0,850.0,0.85,0.85,0.3147,M0
11.0,165.0,850.0,0.85,0.85,0.3147,M0
11.0,170.0,850.0,0.85,0.85,0.3147,M0
11.0,175.0,850.0,0.85,0.85,0.3147,M0
11.0,180.0,850.0,0.85,0.85,0.3147,M0
11.0,185.0,850.0,0.85,0.85,0.3147,M0
11.0,190.0,850.0,0.85,0.85,0.3147,M0
11.0,195.0,850.0,0.85,0.85,0.3147,M0
11.0,200.0,850.0,0.85,0.85,0.3147,M0
11.0,205.0,850.0,0.85,0.85,0.3147,M0
11.0,210.0,850.0,0.85,0.85,0.3147,M0
11.0,215.0,850.0,0.85,0.85,0.3147,M0
11.0,220.0,850.0,0.85,0.85,0.3147,M0
11.0,225.0,850.0,0.85,0.85,0.3147,M0
11.0,230.0,850.0,0.85,0.85,0.3147,M0
11.0,235.0,850.0,0.85,0.85,0.3147,M0
11.0,240.0,850.0,0.85,0.85,0.3147,M0
11.0,245.0,850.0,0.85,0.85,0.3147,M0
11.0,250.0,850.0,0.85,0.85,0.3147,M0
11.0,255.0,850.0,0.85,0.85,0.3147,M0
11.0,260.0,850.0,0.85,0.85,0.3147,M0
11.0,265.0,850.0,0.85,0.85,0.3147,M0
11.0,270.0,850.0,0.85,0.85,0.3147,M0
11.0,275.0,850.0,0.85,0.85,0.3147,M0
11.0,280.0,850.0,0.85,0.85,0.3147,M0
11.0,285.0,850.0,0.85,0.85,0.3147,M0
11.0,290.0,850.0,0.85,0.85,0.3147,M0
11.0,295.0,850.0,0.85,0.85,0.3147,M0
11.0,300.0,850.0,0.85,0.85,0.3147,M0
12.0,-350.0,850.0,0.85,0.85,0.6921,M1
12.0,-345.0,850.0,0.85,0.85,0.6921,M1
12.0,-340.0,850.0,0.85,0.85,0.6921,M1
12.0,-335.0,850.0,0.85,0.85,0.6921,M1
12.0,-330.0,850.0,0.85,0.85,0.6921,M1
12.0,-325.0,850.0,0.85,0.85,0.6921,M1
12.0,-320.0,850.0,0.85,0.85,0.6921,M1
12.0,-315.0,850.0,0.85,0.85,0.6921,M1
12.0,-310.0,850.0,0.85,0.85,0.6921,M1
12.0,-305.0,850.0,0.85,0.85,0.6921,M1
12.0,-300.0,850.0,0.85,0.85,0.6921,M1
12.0,-295.0,850.0,0.85,0.85,0.6921,M1
12.0,-290.0,850.0,0.85,0.85,0.6921,M1
12.0,-285.0,850.0,0.85,0.85,0.6921,M1
12.0,-280.0,850.0,0.85,0.85,0.6921,M1
12.0,-275.0,850.0,0.85,0.85,0.6921,M1
12.0,-270.0,850.0,0.85,0.85,0.6921,M1
12.0,-265.0,850.0,0.85,0.85,0.6921,M1
12.0,-260.0,850.0,0.85,0.85,0.6921,M1
12.0,-255.0,850.0,0.85,0.85,0.6921,M1
12.0,-250.0,850.0,0.85,0.85,0.6921,M1
12.0,-245.0,850.0,0.85,0.85,0.6921,M1
12.0,-240.0,850.0,0.85,0.85,0.6921,M1
12.0,-235.0,850.0,0.85,0.85,0.6921,M1
12.0,-230.0,850.0,0.85,0.85,0.6921,M1
12.0,-225.0,850.0,0.85,0.85,0.6921,M1
12.0,-220.0,850.0,0.85,0.85,0.6921,M1
12.0,-215.0,850.0,0.85,0.85,0.6917,M1
12.0,-210.0,850.0,0.85,0.85,0.6903,M1
12.0,-205.0,850.0,0.85,0.85,0.688,M1
12.0,-200.0,850.0,0.85,0.85,0.6846,M1
12.0,-195.0,850.0,0.85,0.85,0.6803,M1
12.0,-190.0,850.0,0.85,0.85,0.6748,M1
12.0,-185.0,850.0,0.85,0.85,0.668,M1
12.0,-180.0,850.0,0.85,0.85,0.6598,M1
12.0,-175.0,850.0,0.85,0.85,0.6501,M1
12.0,-170.0,850.0,0.85,0.85,0.6385,M1
12.0,-165.0,850.0,0.85,0.85,0.6247,M1
12.0,-160.0,850.0,0.85,0.85,0.6085,M1
12.0,-155.0,850.0,0.85,0.85,0.5892,M1
12.0,-150.0,850.0,0.85,0.85,0.5666,M1
12.0,-145.0,850.0,0.85,0.85,0.54,M1
12.0,-140.0,850.0,0.85,0.85,0.5087,M1
12.0,-135.0,850.0,0.85,0.85,0.4717,M0
12.0,-130.0,850.0,0.85,0.85,0.4281,M0
12.0,-125.0,850.0,0.85,0.85,0.3764,M0
12.0,-120.0,850.0,0.85,0.85,0.3147,M0
12.0,-115.0,850.0,0.85,0.85,0.3147,M0
12.0,-110.0,850.0,0.85,0.85,0.3147,M0
12.0,-105.0,850.0,0.85,0.85,0.3147,M0
12.0,-100.0,850.0,0.85,0.85,0.3147,M0
12.0,-95.0,850.0,0.85,0.85,0.3147,M0
12.0,-90.0,850.0,0.85,0.85,0.3147,M0
12.0,-85.0,850.0,0.85,0.85,0.3147,M0
12.0,-80.0,850.0,0.85,0.85,0.3147,M0
12.0,-75.0,850.0,0.85,0.85,0.3147,M0
12.0,-70.0,850.0,0.85,0.85,0.3147,M0
12.0,-65.0,850.0,0.85,0.85,0.3147,M0
12.0,-60.0,850.0,0.85,0.85,0.3147,M0
12.0,-55.0,850.0,0.85,0.85,0.3147,M0
12.0,-50.0,850.0,0.85,0.85,0.3147,M0
12.0,-45.0,850.0,0.85,0.85,0.3147,M0
12.0,-40.0,850.0,0.85,0.85,0.3147,M0
12.0,-35.0,850.0,0.85,0.85,0.3147,M0
12.0,-30.0,850.0,0.85,0.85,0.3147,M0
12.0,-25.0,850.0,0.85,0.85,0.3147,M0
12.0,-20.0,850.0,0.85,0.85,0.3147,M0
12.0,-15.0,850.0,0.85,0.85,0.3147,M0
12.0,-10.0,850.0,0.85,0.85,0.3147,M0
12.0,-5.0,850.0,0.85,0.85,0.3147,M0
12.0,0.0,850.0,0.85,0.85,0.3147,M0
12.0,5.0,850.0,0.85,0.85,0.3147,M0
12.0,10.0,850.0,0.85,0.85,0.3147,M0
12.0,15.0,850.0,0.85,0.85,0.3147,M0
12.0,20.0,850.0,0.85,0.85,0.3147,M0
12.0,25.0,850.0,0.85,0.85,0.3147,M0
12.0,30.0,850.0,0.85,0.85,0.3147,M0
12.0,35.0,850.0,0.85,0.85,0.3147,M0
12.0,40.0,850.0,0.85,0.85,0.3147,M0
12.0,45.0,850.0,0.85,0.85,0.3147,M0
12.0,50.0,850.0,0.85,0.85,0.3147,M0
12.0,55.0,850.0,0.85,0.85,0.3147,M0
12.0,60.0,850.0,0.85,0.85,0.3147,M0
12.0,65.0,850.0,0.85,0.85,0.3147,M0
12.0,70.0,850.0,0.85,0.85,0.3147,M0
12.0,75.0,850.0,0.85,0.85,0.3147,M0
12.0,80.0,850.0,0.85,0.85,0.3147,M0
12.0,85.0,850.0,0.85,0.85,0.3147,M0
12.0,90.0,850.0,0.85,0.85,0.3147,M0
12.0,95.0,850.0,0.85,0.85,0.3147,M0
12.0,100.0,850.0,0.85,0.85,0.3147,M0
12.0,105.0,850.0,0.85,0.85,0.3147,M0
12.0,110.0,850.0,0.85,0.85,0.3147,M0
12.0,115.0,850.0,0.85,0.85,0.3147,M0
12.0,120.0,850.0,0.85,0.85,0.3147,M0
12.0,125.0,850.0,0.85,0.85,0.3147,M0
12.0,130.0,850.0,0.85,0.85,0.3147,M0
12.0,135.0,850.0,0.85,0.85,0.3147,M0
12.0,140.0,850.0,0.85,0.85,0.3147,M0
12.0,145.0,850.0,0.85,0.85,0.3147,M0
12.0,150.0,850.0,0.85,0.85,0.3147,M0
12.0,155.0,850.0,0.85,0.85,0.3147,M0
12.0,160.0,850.0,0.85,0.85,0.3147,M0
12.0,165.0,850.0,0.85,0.85,0.3147,M0
12.0,170.0,850.0,0.85,0.85,0.3147,M0
12.0,175.0,850.0,0.85,0.85,0.3147,M0
12.0,180.0,850.0,0.85,0.85,0.3147,M0
12.0,185.0,850.0,0.85,0.85,0.3147,M0
12.0,190.0,850.0,0.85,0.85,0.3147,M0
12.0,195.0,850.0,0.85,0.85,0.3147,M0
12.0,200.0,850.0,0.85,0.85,0.3147,M0
12.0,205.0,850.0,0.85,0.85,0.3147,M0
12.0,210.0,850.0,0.85,0.85,0.3147,M0
12.0,215.0,850.0,0.85,0.85,0.3147,M0
12.0,220.0,850.0,0.85,0.85,0.3147,M0
12.0,225.0,850.0,0.85,0.85,0.3147,M0
12.0,230.0,850.0,0.85,0.85,0.3147,M0
12.0,235.0,850.0,0.85,0.85,0.3147,M0
12.0,240.0,850.0,0.85,0.85,0.3147,M0
12.0,245.0,850.0,0.85,0.85,0.3147,M0
12.0,250.0,850.0,0.85,0.85,0.3147,M0
12.0,255.0,850.0,0.85,0.85,0.3147,M0
12.0,260.0,850.0,0.85,0.85,0.3147,M0
12.0,265.0,850.0,0.85,0.85,0.3147,M0
12.0,270.0,850.0,0.85,0.85,0.3147,M0
12.0,275.0,850.0,0.85,0.85,0.3147,M0
12.0,280.0,850.0,0.85,0.85,0.3147,M0
12.0,285.0,850.0,0.85,0.85,0.3147,M0
12.0,290.0,850.0,0.85,0.85,0.3147,M0
12.0,295.0,850.0,0.85,0.85,0.3147,M0
12.0,300.0,850.0,0.85,0.85,0.3147,M0
13.0,-350.0,850.0,0.85,0.85,0.6921,M1
13.0,-345.0,850.0,0.85,0.85,0.6921,M1
13.0,-340.0,850.0,0.85,0.85,0.6921,M1
13.0,-335.0,850.0,0.85,0.85,0.6921,M1
13.0,-330.0,850.0,0.85,0.85,0.6921,M1
13.0,-325.0,850.0,0.85,0.85,0.6921,M1
13.0,-320.0,850.0,0.85,0.85,0.6921,M1
13.0,-315.0,850.0,0.85,0.85,0.6921,M1
13.0,-310.0,850.0,0.85,0.85,0.6921,M1
13.0,-305.0,850.0,0.85,0.85,0.6921,M1
13.0,-300.0,850.0,0.85,0.85,0.6921,M1
13.0,-295.0,850.0,0.85,0.85,0.6921,M1
13.0,-290.0,850.0,0.85,0.85,0.6921,M1
13.0,-285.0,850.0,0.85,0.85,0.6921,M1
13.0,-280.0,850.0,0.85,0.85,0.6921,M1
13.0,-275.0,850.0,0.85,0.85,0.6921,M1
13.0,-270.0,850.0,0.85,0.85,0.6921,M1
13.0,-265.0,850.0,0.85,0.85,0.6921,M1
13.0,-260.0,850.0,0.85,0.85,0.6921,M1
13.0,-255.0,850.0,0.85,0.85,0.6921,M1
13.0,-250.0,850.0,0.85,0.85,0.6921,M1
13.0,-245.0,850.0,0.85,0.85,0.6921,M1
13.0,-240.0,850.0,0.85,0.85,0.6921,M1
13.0,-235.0,850.0,0.85,0.85,0.6921,M1
13.0,-230.0,850.0,0.85,0.85,0.6921,M1
13.0,-225.0,850.0,0.85,0.85,0.6921,M1
13.0,-220.0,850.0,0.85,0.85,0.6921,M1
13.0,-215.0,850.0,0.85,0.85,0.6917,M1
13.0,-210.0,850.0,0.85,0.85,0.6903,M1
13.0,-205.0,850.0,0.85,0.85,0.688,M1
13.0,-200.0,850.0,0.85,0.85,0.6846,M1
13.0,-195.0,850.0,0.85,0.85,0.6803,M1
13.0,-190.0,850.0,0.85,0.85,0.6748,M1
13.0,-185.0,850.0,0.85,0.85,0.668,M1
13.0,-180.0,850.0,0.85,0.85,0.6598,M1
13.0,-175.0,850.0,0.85,0.85,0.6501,M1
13.0,-170.0,850.0,0.85,0.85,0.6385,M1
13.0,-165.0,850.0,0.85,0.85,0.6247,M1
13.0,-160.0,850.0,0.85,0.85,0.6085,M1
13.0,-155.0,850.0,0.85,0.85,0.5892,M1
13.0,-150.0,850.0,0.85,0.85,0.5666,M1
13.0,-145.0,850.0,0.85,0.85,0.54,M1
13.0,-140.0,850.0,0.85,0.85,0.5087,M1
13.0,-135.0,850.0,0.85,0.85,0.4717,M0
13.0,-130.0,850.0,0.85,0.85,0.4281,M0
13.0,-125.0,850.0,0.85,0.85,0.3764,M0
13.0,-120.0,850.0,0.85,0.85,0.3147,M0
13.0,-115.0,850.0,0.85,0.85,0.3147,M0
13.0,-110.0,850.0,0.85,0.85,0.3147,M0
13.0,-105.0,850.0,0.85,0.85,0.3147,M0
13.0,-100.0,850.0,0.85,0.85,0.3147,M0
13.0,-95.0,850.0,0.85,0.85,0.3147,M0
13.0,-90.0,850.0,0.85,0.85,0.3147,M0
13.0,-85.0,850.0,0.85,0.85,0.3147,M0
13.0,-80.0,850.0,0.85,0.85,0.3147,M0
13.0,-75.0,850.0,0.85,0.85,0.3147,M0
13.0,-70.0,850.0,0.85,0.85,0.3147,M0
13.0,-65.0,850.0,0.85,0.85,0.3147,M0
13.0,-60.0,850.0,0.85,0.85,0.3147,M0
13.0,-55.0,850.0,0.85,0.85,0.3147,M0
13.0,-50.0,850.0,0.85,0.85,0.3147,M0
13.0,-45.0,850.0,0.85,0.85,0.3147,M0
13.0,-40.0,850.0,0.85,0.85,0.3147,M0
13.0,-35.0,850.0,0.85,0.85,0.3147,M0
13.0,-30.0,850.0,0.85,0.85,0.3147,M0
13.0,-25.0,850.0,0.85,0.85,0.3147,M0
13.0,-20.0,850.0,0.85,0.85,0.3147,M0
13.0,-15.0,850.0,0.85,0.85,0.3147,M0
13.0,-10.0,850.0,0.85,0.85,0.3147,M0
13.0,-5.0,850.0,0.85,0.85,0.3147,M0
13.0,0.0,850.0,0.85,0.85,0.3147,M0
13.0,5.0,850.0,0.85,0.85,0.3147,M0
13.0,10.0,850.0,0.85,0.85,0.3147,M0
13.0,15.0,850.0,0.85,0.85,0.3147,M0
13.0,20.0,850.0,0.85,0.85,0.3147,M0
13.0,25.0,850.0,0.85,0.85,0.3147,M0
13.0,30.0,850.0,0.85,0.85,0.3147,M0
13.0,35.0,850.0,0.85,0.85,0.3147,M0
13.0,40.0,850.0,0.85,0.85,0.3147,M0
13.0,45.0,850.0,0.85,0.85,0.3147,M0
13.0,50.0,850.0,0.85,0.85,0.3147,M0
13.0,55.0,850.0,0.85,0.85,0.3147,M0
13.0,60.0,850.0,0.85,0.85,0.3147,M0
13.0,65.0,850.0,0.85,0.85,0.3147,M0
13.0,70.0,850.0,0.85,0.85,0.3147,M0
13.0,75.0,850.0,0.85,0.85,0.3147,M0
13.0,80.0,850.0,0.85,0.85,0.3147,M0
13.0,85.0,850.0,0.85,0.85,0.3147,M0
13.0,90.0,850.0,0.85,0.85,0.3147,M0
13.0,95.0,850.0,0.85,0.85,0.3147,M0
13.0,100.0,850.0,0.85,0.85,0.3147,M0
13.0,105.0,850.0,0.85,0.85,0.3147,M0
13.0,110.0,850.0,0.85,0.85,0.3147,M0
13.0,115.0,850.0,0.85,0.85,0.3147,M0
13.0,120.0,850.0,0.85,0.85,0.3147,M0
13.0,125.0,850.0,0.85,0.85,0.3147,M0
13.0,130.0,850.0,0.85,0.85,0.3147,M0
13.0,135.0,850.0,0.85,0.85,0.3147,M0
13.0,140.0,850.0,0.85,0.85,0.3147,M0
13.0,145.0,850.0,0.85,0.85,0.3147,M0
13.0,150.0,850.0,0.85,0.85,0.3147,M0
13.0,155.0,850.0,0.85,0.85,0.3147,M0
13.0,160.0,850.0,0.85,0.85,0.3147,M0
13.0,165.0,850.0,0.85,0.85,0.3147,M0
13.0,170.0,850.0,0.85,0.85,0.3147,M0
13.0,175.0,850.0,0.85,0.85,0.3147,M0
13.0,180.0,850.0,0.85,0.85,0.3147,M0
13.0,185.0,850.0,0.85,0.85,0.3147,M0
13.0,190.0,850.0,0.85,0.85,0.3147,M0
13.0,195.0,850.0,0.85,0.85,0.3147,M0
13.0,200.0,850.0,0.85,0.85,0.3147,M0
13.0,205.0,850.0,0.85,0.85,0.3147,M0
13.0,210.0,850.0,0.85,0.85,0.3147,M0
13.0,215.0,850.0,0.85,0.85,0.3147,M0
13.0,220.0,850.0,0.85,0.85,0.3147,M0
13.0,225.0,850.0,0.85,0.85,0.3147,M0
13.0,230.0,850.0,0.85,0.85,0.3147,M0
13.0,235.0,850.0,0.85,0.85,0.3147,M0
13.0,240.0,850.0,0.85,0.85,0.3147,M0
13.0,245.0,850.0,0.85,0.85,0.3147,M0
13.0,250.0,850.0,0.85,0.85,0.3147,M0
13.0,255.0,850.0,0.85,0.85,0.3147,M0
13.0,260.0,850.0,0.85,0.85,0.3147,M0
13.0,265.0,850.0,0.85,0.85,0.3147,M0
13.0,270.0,850.0,0.85,0.85,0.3147,M0
13.0,275.0,850.0,0.85,0.85,0.3147,M0
13.0,280.0,850.0,0.85,0.85,0.3147,M0
13.0,285.0,850.0,0.85,0.85,0.3147,M0
13.0,290.0,850.0,0.85,0.85,0.3147,M0
13.0,295.0,850.0,0.85,0.85,0.3147,M0
13.0,300.0,850.0,0.85,0.85,0.3147,M0
14.0,-350.0,850.0,0.85,0.85,0.6921,M1
14.0,-345.0,850.0,0.85,0.85,0.6921,M1
14.0,-340.0,850.0,0.85,0.85,0.6921,M1
14.0,-335.0,850.0,0.85,0.85,0.6921,M1
14.0,-330.0,850.0,0.85,0.85,0.6921,M1
14.0,-325.0,850.0,0.85,0.85,0.6921,M1
14.0,-320.0,850.0,0.85,0.85,0.6921,M1
14.0,-315.0,850.0,0.85,0.85,0.6921,M1
14.0,-310.0,850.0,0.85,0.85,0.6921,M1
14.0,-305.0,850.0,0.85,0.85,0.6921,M1
14.0,-300.0,850.0,0.85,0.85,0.6921,M1
14.0,-295.0,850.0,0.85,0.85,0.6921,M1
14.0,-290.0,850.0,0.85,0.85,0.6921,M1
14.0,-285.0,850.0,0.85,0.85,0.6921,M1
14.0,-280.0,850.0,0.85,0.85,0.6921,M1
14.0,-275.0,850.0,0.85,0.85,0.6921,M1
14.0,-270.0,850.0,0.85,0.85,0.6921,M1
14.0,-265.0,850.0,0.85,0.85,0.6921,M1
14.0,-260.0,850.0,0.85,0.85,0.6921,M1
14.0,-255.0,850.0,0.85,0.85,0.6921,M1
14.0,-250.0,850.0,0.85,0.85,0.6921,M1
14.0,-245.0,850.0,0.85,0.85,0.6921,M1
14.0,-240.0,850.0,0.85,0.85,0.6921,M1
14.0,-235.0,850.0,0.85,0.85,0.6921,M1
14.0,-230.0,850.0,0.85,0.85,0.6921,M1
14.0,-225.0,850.0,0.85,0.85,0.6921,M1
14.0,-220.0,850.0,0.85,0.85,0.6921,M1
14.0,-215.0,850.0,0.85,0.85,0.6917,M1
14.0,-210.0,850.0,0.85,0.85,0.6903,M1
14.0,-205.0,850.0,0.85,0.85,0.688,M1
14.0,-200.0,850.0,0.85,0.85,0.6846,M1
14.0,-195.0,850.0,0.85,0.85,0.6803,M1
14.0,-190.0,850.0,0.85,0.85,0.6748,M1
14.0,-185.0,850.0,0.85,0.85,0.668,M1
14.0,-180.0,850.0,0.85,0.85,0.6598,M1
14.0,-175.0,850.0,0.85,0.85,0.6501,M1
14.0,-170.0,850.0,0.85,0.85,0.6385,M1
14.0,-165.0,850.0,0.85,0.85,0.6247,M1
14.0,-160.0,850.0,0.85,0.85,0.6085,M1
14.0,-155.0,850.0,0.85,0.85,0.5892,M1
14.0,-150.0,850.0,0.85,0.85,0.5666,M1
14.0,-145.0,850.0,0.85,0.85,0.54,M1
14.0,-140.0,850.0,0.85,0.85,0.5087,M1
14.0,-135.0,850.0,0.85,0.85,0.4717,M0
14.0,-130.0,850.0,0.85,0.85,0.4281,M0
14.0,-125.0,850.0,0.85,0.85,0.3764,M0
14.0,-120.0,850.0,0.85,0.85,0.3147,M0
14.0,-115.0,850.0,0.85,0.85,0.3147,M0
14.0,-110.0,850.0,0.85,0.85,0.3147,M0
14.0,-105.0,850.0,0.85,0.85,0.3147,M0
14.0,-100.0,850.0,0.85,0.85,0.3147,M0
14.0,-95.0,850.0,0.85,0.85,0.3147,M0
14.0,-90.0,850.0,0.85,0.85,0.3147,M0
14.0,-85.0,850.0,0.85,0.85,0.3147,M0
14.0,-80.0,850.0,0.85,0.85,0.3147,M0
14.0,-75.0,850.0,0.85,0.85,0.3147,M0
14.0,-70.0,850.0,0.85,0.85,0.3147,M0
14.0,-65.0,850.0,0.85,0.85,0.3147,M0
14.0,-60.0,850.0,0.85,0.85,0.3147,M0
14.0,-55.0,850.0,0.85,0.85,0.3147,M0
14.0,-50.0,850.0,0.85,0.85,0.3147,M0
14.0,-45.0,850.0,0.85,0.85,0.3147,M0
14.0,-40.0,850.0,0.85,0.85,0.3147,M0
14.0,-35.0,850.0,0.85,0.85,0.3147,M0
14.0,-30.0,850.0,0.85,0.85,0.3147,M0
14.0,-25.0,850.0,0.85,0.85,0.3147,M0
14.0,-20.0,850.0,0.85,0.85,0.3147,M0
14.0,-15.0,850.0,0.85,0.85,0.3147,M0
14.0,-10.0,850.0,0.85,0.85,0.3147,M0
14.0,-5.0,850.0,0.85,0.85,0.3147,M0
14.0,0.0,850.0,0.85,0.85,0.3147,M0
14.0,5.0,850.0,0.85,0.85,0.3147,M0
14.0,10.0,850.0,0.85,0.85,0.3147,M0
14.0,15.0,850.0,0.85,0.85,0.3147,M0
14.0,20.0,850.0,0.85,0.85,0.3147,M0
14.0,25.0,850.0,0.85,0.85,0.3147,M0
14.0,30.0,850.0,0.85,0.85,0.3147,M0
14.0,35.0,850.0,0.85,0.85,0.3147,M0
14.0,40.0,850.0,0.85,0.85,0.3147,M0
14.0,45.0,850.0,0.85,0.85,0.3147,M0
14.0,50.0,850.0,0.85,0.85,0.3147,M0
14.0,55.0,850.0,0.85,0.85,0.3147,M0
14.0,60.0,850.0,0.85,0.85,0.3147,M0
14.0,65.0,850.0,0.85,0.85,0.3147,M0
14.0,70.0,850.0,0.85,0.85,0.3147,M0
14.0,75.0,850.0,0.85,0.85,0.3147,M0
14.0,80.0,850.0,0.85,0.85,0.3147,M0
14.0,85.0,850.0,0.85,0.85,0.3147,M0
14.0,90.0,850.0,0.85,0.85,0.3147,M0
14.0,95.0,850.0,0.85,0.85,0.3147,M0
14.0,100.0,850.0,0.85,0.85,0.3147,M0
14.0,105.0,850.0,0.85,0.85,0.3147,M0
14.0,110.0,850.0,0.85,0.85,0.3147,M0
14.0,115.0,850.0,0.85,0.85,0.3147,M0
14.0,120.0,850.0,0.85,0.85,0.3147,M0
14.0,125.0,850.0,0.85,0.85,0.3147,M0
14.0,130.0,850.0,0.85,0.85,0.3147,M0
14.0,135.0,850.0,0.85,0.85,0.3147,M0
14.0,140.0,850.0,0.85,0.85,0.3147,M0
14.0,145.0,850.0,0.85,0.85,0.3147,M0
14.0,150.0,850.0,0.85,0.85,0.3147,M0
14.0,155.0,850.0,0.85,0.85,0.3147,M0
14.0,160.0,850.0,0.85,0.85,0.3147,M0
14.0,165.0,850.0,0.85,0.85,0.3147,M0
14.0,170.0,850.0,0.85,0.85,0.3147,M0
14.0,175.0,850.0,0.85,0.85,0.3147,M0
14.0,180.0,850.0,0.85,0.85,0.3147,M0
14.0,185.0,850.0,0.85,0.85,0.3147,M0
14.0,190.0,850.0,0.85,0.85,0.3147,M0
14.0,195.0,850.0,0.85,0.85,0.3147,M0
14.0,200.0,850.0,0.85,0.85,0.3147,M0
14.0,205.0,850.0,0.85,0.85,0.3147,M0
14.0,210.0,850.0,0.85,0.85,0.3147,M0
14.0,215.0,850.0,0.85,0.85,0.3147,M0
14.0,220.0,850.0,0.85,0.85,0.3147,M0
14.0,225.0,850.0,0.85,0.85,0.3147,M0
14.0,230.0,850.0,0.85,0.85,0.3147,M0
14.0,235.0,850.0,0.85,0.85,0.3147,M0
14.0,240.0,850.0,0.85,0.85,0.3147,M0
14.0,245.0,850.0,0.85,0.85,0.3147,M0
14.0,250.0,850.0,0.85,0.85,0.3147,M0
14.0,255.0,850.0,0.85,0.85,0.3147,M0
14.0,260.0,850.0,0.85,0.85,0.3147,M0
14.0,265.0,850.0,0.85,0.85,0.3147,M0
14.0,270.0,850.0,0.85,0.85,0.3147,M0
14.0,275.0,850.0,0.85,0.85,0.3147,M0
14.0,280.0,850.0,0.85,0.85,0.3147,M0
14.0,285.0,850.0,0.85,0.85,0.3147,M0
14.0,290.0,850.0,0.85,0.85,0.3147,M0
14.0,295.0,850.0,0.85,0.85,0.3147,M0
14.0,300.0,850.0,0.85,0.85,0.3147,M0
15.0,-350.0,850.0,0.85,0.85,0.6921,M1
15.0,-345.0,850.0,0.85,0.85,0.6921,M1
15.0,-340.0,850.0,0.85,0.85,0.6921,M1
15.0,-335.0,850.0,0.85,0.85,0.6921,M1
15.0,-330.0,850.0,0.85,0.85,0.6921,M1
15.0,-325.0,850.0,0.85,0.85,0.6921,M1
15.0,-320.0,850.0,0.85,0.85,0.6921,M1
15.0,-315.0,850.0,0.85,0.85,0.6921,M1
15.0,-310.0,850.0,0.85,0.85,0.6921,M1
15.0,-305.0,850.0,0.85,0.85,0.6921,M1
15.0,-300.0,850.0,0.85,0.85,0.6921,M1
15.0,-295.0,850.0,0.85,0.85,0.6921,M1
15.0,-290.0,850.0,0.85,0.85,0.6921,M1
15.0,-285.0,850.0,0.85,0.85,0.6921,M1
15.0,-280.0,850.0,0.85,0.85,0.6921,M1
15.0,-275.0,850.0,0.85,0.85,0.6921,M1
15.0,-270.0,850.0,0.85,0.85,0.6921,M1
15.0,-265.0,850.0,0.85,0.85,0.6921,M1
15.0,-260.0,850.0,0.85,0.85,0.6921,M1
15.0,-255.0,850.0,0.85,0.85,0.6921,M1
15.0,-250.0,850.0,0.85,0.85,0.6921,M1
15.0,-245.0,850.0,0.85,0.85,0.6921,M1
15.0,-240.0,850.0,0.85,0.85,0.6921,M1
15.0,-235.0,850.0,0.85,0.85,0.6921,M1
15.0,-230.0,850.0,0.85,0.85,0.6921,M1
15.0,-225.0,850.0,0.85,0.85,0.6921,M1
15.0,-220.0,850.0,0.85,0.85,0.6921,M1
15.0,-215.0,850.0,0.85,0.85,0.6917,M1
15.0,-210.0,850.0,0.85,0.85,0.6903,M1
15.0,-205.0,850.0,0.85,0.85,0.688,M1
15.0,-200.0,850.0,0.85,0.85,0.6846,M1
15.0,-195.0,850.0,0.85,0.85,0.6803,M1
15.0,-190.0,850.0,0.85,0.85,0.6748,M1
15.0,-185.0,850.0,0.85,0.85,0.668,M1
15.0,-180.0,850.0,0.85,0.85,0.6598,M1
15.0,-175.0,850.0,0.85,0.85,0.6501,M1
15.0,-170.0,850.0,0.85,0.85,0.6385,M1
15.0,-165.0,850.0,0.85,0.85,0.6247,M1
15.0,-160.0,850.0,0.85,0.85,0.6085,M1
15.0,-155.0,850.0,0.85,0.85,0.5892,M1
15.0,-150.0,850.0,0.85,0.85,0.5666,M1
15.0,-145.0,850.0,0.85,0.85,0.54,M1
15.0,-140.0,850.0,0.85,0.85,0.5087,M1
15.0,-135.0,850.0,0.85,0.85,0.4717,M0
15.0,-130.0,850.0,0.85,0.85,0.4281,M0
15.0,-125.0,850.0,0.85,0.85,0.3764,M0
15.0,-120.0,850.0,0.85,0.85,0.3147,M0
15.0,-115.0,850.0,0.85,0.85,0.3147,M0
15.0,-110.0,850.0,0.85,0.85,0.3147,M0
15.0,-105.0,850.0,0.85,0.85,0.3147,M0
15.0,-100.0,850.0,0.85,0.85,0.3147,M0
15.0,-95.0,850.0,0.85,0.85,0.3147,M0
15.0,-90.0,850.0,0.85,0.85,0.3147,M0
15.0,-85.0,850.0,0.85,0.85,0.3147,M0
15.0,-80.0,850.0,0.85,0.85,0.3147,M0
15.0,-75.0,850.0,0.85,0.85,0.3147,M0
15.0,-70.0,850.0,0.85,0.85,0.3147,M0
15.0,-65.0,850.0,0.85,0.85,0.3147,M0
15.0,-60.0,850.0,0.85,0.85,0.3147,M0
15.0,-55.0,850.0,0.85,0.85,0.3147,M0
15.0,-50.0,850.0,0.85,0.85,0.3147,M0
15.0,-45.0,850.0,0.85,0.85,0.3147,M0
15.0,-40.0,850.0,0.85,0.85,0.3147,M0
15.0,-35.0,850.0,0.85,0.85,0.3147,M0
15.0,-30.0,850.0,0.85,0.85,0.3147,M0
15.0,-25.0,850.0,0.85,0.85,0.3147,M0
15.0,-20.0,850.0,0.85,0.85,0.3147,M0
15.0,-15.0,850.0,0.85,0.85,0.3147,M0
15.0,-10.0,850.0,0.85,0.85,0.3147,M0
15.0,-5.0,850.0,0.85,0.85,0.3147,M0
15.0,0.0,850.0,0.85,0.85,0.3147,M0
15.0,5.0,850.0,0.85,0.85,0.3147,M0
15.0,10.0,850.0,0.85,0.85,0.3147,M0
15.0,15.0,850.0,0.85,0.85,0.3147,M0
15.0,20.0,850.0,0.85,0.85,0.3147,M0
15.0,25.0,850.0,0.85,0.85,0.3147,M0
15.0,30.0,850.0,0.85,0.85,0.3147,M0
15.0,35.0,850.0,0.85,0.85,0.3147,M0
15.0,40.0,850.0,0.85,0.85,0.3147,M0
15.0,45.0,850.0,0.85,0.85,0.3147,M0
15.0,50.0,850.0,0.85,0.85,0.3147,M0
15.0,55.0,850.0,0.85,0.85,0.3147,M0
15.0,60.0,850.0,0.85,0.85,0.3147,M0
15.0,65.0,850.0,0.85,0.85,0.3147,M0
15.0,70.0,850.0,0.85,0.85,0.3147,M0
15.0,75.0,850.0,0.85,0.85,0.3147,M0
15.0,80.0,850.0,0.85,0.85,0.3147,M0
15.0,85.0,850.0,0.85,0.85,0.3147,M0
15.0,90.0,850.0,0.85,0.85,0.3147,M0
15.0,95.0,850.0,0.85,0.85,0.3147,M0
15.0,100.0,850.0,0.85,0.85,0.3147,M0
15.0,105.0,850.0,0.85,0.85,0.3147,M0
15.0,110.0,850.0,0.85,0.85,0.3147,M0
15.0,115.0,850.0,0.85,0.85,0.3147,M0
15.0,120.0,850.0,0.85,0.85,0.3147,M0
15.0,125.0,850.0,0.85,0.85,0.3147,M0
15.0,130.0,850.0,0.85,0.85,0.3147,M0
15.0,135.0,850.0,0.85,0.85,0.3147,M0
15.0,140.0,850.0,0.85,0.85,0.3147,M0
15.0,145.0,850.0,0.85,0.85,0.3147,M0
15.0,150.0,850.0,0.85,0.85,0.3147,M0
15.0,155.0,850.0,0.85,0.85,0.3147,M0
15.0,160.0,850.0,0.85,0.85,0.3147,M0
15.0,165.0,850.0,0.85,0.85,0.3147,M0
15.0,170.0,850.0,0.85,0.85,0.3147,M0
15.0,175.0,850.0,0.85,0.85,0.3147,M0
15.0,180.0,850.0,0.85,0.85,0.3147,M0
15.0,185.0,850.0,0.85,0.85,0.3147,M0
15.0,190.0,850.0,0.85,0.85,0.3147,M0
15.0,195.0,850.0,0.85,0.85,0.3147,M0
15.0,200.0,850.0,0.85,0.85,0.3147,M0
15.0,205.0,850.0,0.85,0.85,0.3147,M0
15.0,210.0,850.0,0.85,0.85,0.3147,M0
15.0,215.0,850.0,0.85,0.85,0.3147,M0
15.0,220.0,850.0,0.85,0.85,0.3147,M0
15.0,225.0,850.0,0.85,0.85,0.3147,M0
15.0,230.0,850.0,0.85,0.85,0.3147,M0
15.0,235.0,850.0,0.85,0.85,0.3147,M0
15.0,240.0,850.0,0.85,0.85,0.3147,M0
15.0,245.0,850.0,0.85,0.85,0.3147,M0
15.0,250.0,850.0,0.85,0.85,0.3147,M0
15.0,255.0,850.0,0.85,0.85,0.3147,M0
15.0,260.0,850.0,0.85,0.85,0.3147,M0
15.0,265.0,850.0,0.85,0.85,0.3147,M0
15.0,270.0,850.0,0.85,0.85,0.3147,M0
15.0,275.0,850.0,0.85,0.85,0.3147,M0
15.0,280.0,850.0,0.85,0.85,0.3147,M0
15.0,285.0,850.0,0.85,0.85,0.3147,M0
15.0,290.0,850.0,0.85,0.85,0.3147,M0
15.0,295.0,850.0,0.85,0.85,0.3147,M0
15.0,300.0,850.0,0.85,0.85,0.3147,M0
16.0,-350.0,850.0,0.85,0.85,0.709,M1
16.0,-345.0,850.0,0.85,0.85,0.709,M1
16.0,-340.0,850.0,0.85,0.85,0.709,M1
16.0,-335.0,850.0,0.85,0.85,0.709,M1
16.0,-330.0,850.0,0.85,0.85,0.709,M1
16.0,-325.0,850.0,0.85,0.85,0.709,M1
16.0,-320.0,850.0,0.85,0.85,0.709,M1
16.0,-315.0,850.0,0.85,0.85,0.709,M1
16.0,-310.0,850.0,0.85,0.85,0.709,M1
16.0,-305.0,850.0,0.85,0.85,0.709,M1
16.0,-300.0,850.0,0.85,0.85,0.709,M1
16.0,-295.0,850.0,0.85,0.85,0.709,M1
16.0,-290.0,850.0,0.85,0.85,0.709,M1
16.0,-285.0,850.0,0.85,0.85,0.709,M1
16.0,-280.0,850.0,0.85,0.85,0.709,M1
16.0,-275.0,850.0,0.85,0.85,0.709,M1
16.0,-270.0,850.0,0.85,0.85,0.709,M1
16.0,-265.0,850.0,0.85,0.85,0.709,M1
16.0,-260.0,850.0,0.85,0.85,0.709,M1
16.0,-255.0,850.0,0.85,0.85,0.709,M1
16.0,-250.0,850.0,0.85,0.85,0.709,M1
16.0,-245.0,850.0,0.85,0.85,0.709,M1
16.0,-240.0,850.0,0.85,0.85,0.709,M1
16.0,-235.0,850.0,0.85,0.85,0.709,M1
16.0,-230.0,850.0,0.85,0.85,0.709,M1
16.0,-225.0,850.0,0.85,0.85,0.709,M1
16.0,-220.0,850.0,0.85,0.85,0.709,M1
16.0,-215.0,850.0,0.85,0.85,0.7086,M1
16.0,-210.0,850.0,0.85,0.85,0.7072,M1
16.0,-205.0,850.0,0.85,0.85,0.7049,M1
16.0,-200.0,850.0,0.85,0.85,0.7017,M1
16.0,-195.0,850.0,0.85,0.85,0.6974,M1
16.0,-190.0,850.0,0.85,0.85,0.692,M1
16.0,-185.0,850.0,0.85,0.85,0.6854,M1
16.0,-180.0,850.0,0.85,0.85,0.6773,M1
16.0,-175.0,850.0,0.85,0.85,0.6677,M1
16.0,-170.0,850.0,0.85,0.85,0.6563,M1
16.0,-165.0,850.0,0.85,0.85,0.6427,M1
16.0,-160.0,850.0,0.85,0.85,0.6265,M1
16.0,-155.0,850.0,0.85,0.85,0.6072,M1
16.0,-150.0,850.0,0.85,0.85,0.5844,M1
16.0,-145.0,850.0,0.85,0.85,0.5574,M1
16.0,-140.0,850.0,0.85,0.85,0.5254,M1
16.0,-135.0,850.0,0.85,0.85,0.4875,M0
16.0,-130.0,850.0,0.85,0.85,0.4423,M0
16.0,-125.0,850.0,0.85,0.85,0.4074,M0
16.0,-120.0,850.0,0.85,0.85,0.4074,M0
16.0,-115.0,850.0,0.85,0.85,0.4074,M0
16.0,-110.0,850.0,0.85,0.85,0.4074,M0
16.0,-105.0,850.0,0.85,0.85,0.4074,M0
16.0,-100.0,850.0,0.85,0.85,0.4074,M0
16.0,-95.0,850.0,0.85,0.85,0.4074,M0
16.0,-90.0,850.0,0.85,0.85,0.4074,M0
16.0,-85.0,850.0,0.85,0.85,0.4074,M0
16.0,-80.0,850.0,0.85,0.85,0.4074,M0
16.0,-75.0,850.0,0.85,0.85,0.4074,M0
16.0,-70.0,850.0,0.85,0.85,0.4074,M0
16.0,-65.0,850.0,0.85,0.85,0.4074,M0
16.0,-60.0,850.0,0.85,0.85,0.4074,M0
16.0,-55.0,850.0,0.85,0.85,0.4074,M0
16.0,-50.0,850.0,0.85,0.85,0.4074,M0
16.0,-45.0,850.0,0.85,0.85,0.4074,M0
16.0,-40.0,850.0,0.85,0.85,0.4074,M0
16.0,-35.0,850.0,0.85,0.85,0.4074,M0
16.0,-30.0,850.0,0.85,0.85,0.4074,M0
16.0,-25.0,850.0,0.85,0.85,0.4074,M0
16.0,-20.0,850.0,0.85,0.85,0.4074,M0
16.0,-15.0,850.0,0.85,0.85,0.4074,M0
16.0,-10.0,850.0,0.85,0.85,0.4074,M0
16.0,-5.0,850.0,0.85,0.85,0.4074,M0
16.0,0.0,850.0,0.85,0.85,0.4074,M0
16.0,5.0,850.0,0.85,0.85,0.4074,M0
16.0,10.0,850.0,0.85,0.85,0.4074,M0
16.0,15.0,850.0,0.85,0.85,0.4074,M0
16.0,20.0,850.0,0.85,0.85,0.4074,M0
16.0,25.0,850.0,0.85,0.85,0.4074,M0
16.0,30.0,850.0,0.85,0.85,0.4074,M0
16.0,35.0,850.0,0.85,0.85,0.4074,M0
16.0,40.0,850.0,0.85,0.85,0.4074,M0
16.0,45.0,850.0,0.85,0.85,0.4074,M0
16.0,50.0,850.0,0.85,0.85,0.4074,M0
16.0,55.0,850.0,0.85,0.85,0.4074,M0
16.0,60.0,850.0,0.85,0.85,0.4074,M0
16.0,65.0,850.0,0.85,0.85,0.4074,M0
16.0,70.0,850.0,0.85,0.85,0.4074,M0
16.0,75.0,850.0,0.85,0.85,0.4027,M0
16.0,80.0,850.0,0.85,0.85,0.3234,M0
16.0,85.0,850.0,0.85,0.85,0.3234,M0
16.0,90.0,850.0,0.85,0.85,0.3234,M0
16.0,95.0,850.0,0.85,0.85,0.3234,M0
16.0,100.0,850.0,0.85,0.85,0.3234,M0
16.0,105.0,850.0,0.85,0.85,0.3234,M0
16.0,110.0,850.0,0.85,0.85,0.3234,M0
16.0,115.0,850.0,0.85,0.85,0.3234,M0
16.0,120.0,850.0,0.85,0.85,0.3234,M0
16.0,125.0,850.0,0.85,0.85,0.3234,M0
16.0,130.0,850.0,0.85,0.85,0.3234,M0
16.0,135.0,850.0,0.85,0.85,0.3234,M0
16.0,140.0,850.0,0.85,0.85,0.3234,M0
16.0,145.0,850.0,0.85,0.85,0.3234,M0
16.0,150.0,850.0,0.85,0.85,0.3234,M0
16.0,155.0,850.0,0.85,0.85,0.3234,M0
16.0,160.0,850.0,0.85,0.85,0.3234,M0
16.0,165.0,850.0,0.85,0.85,0.3234,M0
16.0,170.0,850.0,0.85,0.85,0.3234,M0
16.0,175.0,850.0,0.85,0.85,0.3234,M0
16.0,180.0,850.0,0.85,0.85,0.3234,M0
16.0,185.0,850.0,0.85,0.85,0.3234,M0
16.0,190.0,850.0,0.85,0.85,0.3234,M0
16.0,195.0,850.0,0.85,0.85,0.3234,M0
16.0,200.0,850.0,0.85,0.85,0.3234,M0
16.0,205.0,850.0,0.85,0.85,0.3234,M0
16.0,210.0,850.0,0.85,0.85,0.3234,M0
16.0,215.0,850.0,0.85,0.85,0.3234,M0
16.0,220.0,850.0,0.85,0.85,0.3234,M0
16.0,225.0,850.0,0.85,0.85,0.3234,M0
16.0,230.0,850.0,0.85,0.85,0.3234,M0
16.0,235.0,850.0,0.85,0.85,0.3234,M0
16.0,240.0,850.0,0.85,0.85,0.3234,M0
16.0,245.0,850.0,0.85,0.85,0.3234,M0
16.0,250.0,850.0,0.85,0.85,0.3234,M0
16.0,255.0,850.0,0.85,0.85,0.3234,M0
16.0,260.0,850.0,0.85,0.85,0.3234,M0
16.0,265.0,850.0,0.85,0.85,0.3234,M0
16.0,270.0,850.0,0.85,0.85,0.3234,M0
16.0,275.0,850.0,0.85,0.85,0.3234,M0
16.0,280.0,850.0,0.85,0.85,0.3234,M0
16.0,285.0,850.0,0.85,0.85,0.3234,M0
16.0,290.0,850.0,0.85,0.85,0.3234,M0
16.0,295.0,850.0,0.85,0.85,0.3234,M0
16.0,300.0,850.0,0.85,0.85,0.3234,M0
17.0,-350.0,850.0,0.85,0.85,0.7286,M1
17.0,-345.0,850.0,0.85,0.85,0.7286,M1
17.0,-340.0,850.0,0.85,0.85,0.7286,M1
17.0,-335.0,850.0,0.85,0.85,0.7286,M1
17.0,-330.0,850.0,0.85,0.85,0.7286,M1
17.0,-325.0,850.0,0.85,0.85,0.7286,M1
17.0,-320.0,850.0,0.85,0.85,0.7286,M1
17.0,-315.0,850.0,0.85,0.85,0.7286,M1
17.0,-310.0,850.0,0.85,0.85,0.7286,M1
17.0,-305.0,850.0,0.85,0.85,0.7286,M1
17.0,-300.0,850.0,0.85,0.85,0.7286,M1
17.0,-295.0,850.0,0.85,0.85,0.7286,M1
17.0,-290.0,850.0,0.85,0.85,0.7286,M1
17.0,-285.0,850.0,0.85,0.85,0.7286,M1
17.0,-280.0,850.0,0.85,0.85,0.7286,M1
17.0,-275.0,850.0,0.85,0.85,0.7286,M1
17.0,-270.0,850.0,0.85,0.85,0.7286,M1
17.0,-265.0,850.0,0.85,0.85,0.7286,M1
17.0,-260.0,850.0,0.85,0.85,0.7286,M1
17.0,-255.0,850.0,0.85,0.85,0.7286,M1
17.0,-250.0,850.0,0.85,0.85,0.7286,M1
17.0,-245.0,850.0,0.85,0.85,0.7286,M1
17.0,-240.0,850.0,0.85,0.85,0.7286,M1
17.0,-235.0,850.0,0.85,0.85,0.7286,M1
17.0,-230.0,850.0,0.85,0.85,0.7286,M1
17.0,-225.0,850.0,0.85,0.85,0.7286,M1
17.0,-220.0,850.0,0.85,0.85,0.7286,M1
17.0,-215.0,850.0,0.85,0.85,0.7281,M1
17.0,-210.0,850.0,0.85,0.85,0.7268,M1
17.0,-205.0,850.0,0.85,0.85,0.7246,M1
17.0,-200.0,850.0,0.85,0.85,0.7214,M1
17.0,-195.0,850.0,0.85,0.85,0.7173,M1
17.0,-190.0,850.0,0.85,0.85,0.712,M1
17.0,-185.0,850.0,0.85,0.85,0.7055,M1
17.0,-180.0,850.0,0.85,0.85,0.6977,M1
17.0,-175.0,850.0,0.85,0.85,0.6883,M1
17.0,-170.0,850.0,0.85,0.85,0.6771,M1
17.0,-165.0,850.0,0.85,0.85,0.6637,M1
17.0,-160.0,850.0,0.85,0.85,0.6476,M1
17.0,-155.0,850.0,0.85,0.85,0.6283,M1
17.0,-150.0,850.0,0.85,0.85,0.6053,M1
17.0,-145.0,850.0,0.85,0.85,0.5778,M1
17.0,-140.0,850.0,0.85,0.85,0.5451,M1
17.0,-135.0,850.0,0.85,0.85,0.5058,M1
17.0,-130.0,850.0,0.85,0.85,0.4911,M0
17.0,-125.0,850.0,0.85,0.85,0.4911,M0
17.0,-120.0,850.0,0.85,0.85,0.4911,M0
17.0,-115.0,850.0,0.85,0.85,0.4911,M0
17.0,-110.0,850.0,0.85,0.85,0.4911,M0
17.0,-105.0,850.0,0.85,0.85,0.4911,M0
17.0,-100.0,850.0,0.85,0.85,0.4911,M0
17.0,-95.0,850.0,0.85,0.85,0.4911,M0
17.0,-90.0,850.0,0.85,0.85,0.4911,M0
17.0,-85.0,850.0,0.85,0.85,0.4911,M0
17.0,-80.0,850.0,0.85,0.85,0.4911,M0
17.0,-75.0,850.0,0.85,0.85,0.4911,M0
17.0,-70.0,850.0,0.85,0.85,0.4911,M0
17.0,-65.0,850.0,0.85,0.85,0.4911,M0
17.0,-60.0,850.0,0.85,0.85,0.4911,M0
17.0,-55.0,850.0,0.85,0.85,0.4911,M0
17.0,-50.0,850.0,0.85,0.85,0.4911,M0
17.0,-45.0,850.0,0.85,0.85,0.4911,M0
17.0,-40.0,850.0,0.85,0.85,0.4911,M0
17.0,-35.0,850.0,0.85,0.85,0.4911,M0
17.0,-30.0,850.0,0.85,0.85,0.4911,M0
17.0,-25.0,850.0,0.85,0.85,0.4911,M0
17.0,-20.0,850.0,0.85,0.85,0.4911,M0
17.0,-15.0,850.0,0.85,0.85,0.4911,M0
17.0,-10.0,850.0,0.85,0.85,0.4911,M0
17.0,-5.0,850.0,0.85,0.85,0.4911,M0
17.0,0.0,850.0,0.85,0.85,0.4911,M0
17.0,5.0,850.0,0.85,0.85,0.4911,M0
17.0,10.0,850.0,0.85,0.85,0.4911,M0
17.0,15.0,850.0,0.85,0.85,0.4911,M0
17.0,20.0,850.0,0.85,0.85,0.4911,M0
17.0,25.0,850.0,0.85,0.85,0.4911,M0
17.0,30.0,850.0,0.85,0.85,0.4911,M0
17.0,35.0,850.0,0.85,0.85,0.4911,M0
17.0,40.0,850.0,0.85,0.85,0.4911,M0
17.0,45.0,850.0,0.85,0.85,0.4911,M0
17.0,50.0,850.0,0.85,0.85,0.4911,M0
17.0,55.0,850.0,0.85,0.85,0.4911,M0
17.0,60.0,850.0,0.85,0.85,0.4911,M0
17.0,65.0,850.0,0.85,0.85,0.4911,M0
17.0,70.0,850.0,0.85,0.85,0.4834,M0
17.0,75.0,850.0,0.85,0.85,0.4171,M0
17.0,80.0,850.0,0.85,0.85,0.3327,M0
17.0,85.0,850.0,0.85,0.85,0.3327,M0
17.0,90.0,850.0,0.85,0.85,0.3327,M0
17.0,95.0,850.0,0.85,0.85,0.3327,M0
17.0,100.0,850.0,0.85,0.85,0.3327,M0
17.0,105.0,850.0,0.85,0.85,0.3327,M0
17.0,110.0,850.0,0.85,0.85,0.3327,M0
17.0,115.0,850.0,0.85,0.85,0.3327,M0
17.0,120.0,850.0,0.85,0.85,0.3327,M0
17.0,125.0,850.0,0.85,0.85,0.3327,M0
17.0,130.0,850.0,0.85,0.85,0.3327,M0
17.0,135.0,850.0,0.85,0.85,0.3327,M0
17.0,140.0,850.0,0.85,0.85,0.3327,M0
17.0,145.0,850.0,0.85,0.85,0.3327,M0
17.0,150.0,850.0,0.85,0.85,0.3327,M0
17.0,155.0,850.0,0.85,0.85,0.3327,M0
17.0,160.0,850.0,0.85,0.85,0.3327,M0
17.0,165.0,850.0,0.85,0.85,0.3327,M0
17.0,170.0,850.0,0.85,0.85,0.3327,M0
17.0,175.0,850.0,0.85,0.85,0.3327,M0
17.0,180.0,850.0,0.85,0.85,0.3327,M0
17.0,185.0,850.0,0.85,0.85,0.3327,M0
17.0,190.0,850.0,0.85,0.85,0.3327,M0
17.0,195.0,850.0,0.85,0.85,0.3327,M0
17.0,200.0,850.0,0.85,0.85,0.3327,M0
17.0,205.0,850.0,0.85,0.85,0.3327,M0
17.0,210.0,850.0,0.85,0.85,0.3327,M0
17.0,215.0,850.0,0.85,0.85,0.3327,M0
17.0,220.0,850.0,0.85,0.85,0.3327,M0
17.0,225.0,850.0,0.85,0.85,0.3327,M0
17.0,230.0,850.0,0.85,0.85,0.3327,M0
17.0,235.0,850.0,0.85,0.85,0.3327,M0
17.0,240.0,850.0,0.85,0.85,0.3327,M0
17.0,245.0,850.0,0.85,0.85,0.3327,M0
17.0,250.0,850.0,0.85,0.85,0.3327,M0
17.0,255.0,850.0,0.85,0.85,0.3327,M0
17.0,260.0,850.0,0.85,0.85,0.3327,M0
17.0,265.0,850.0,0.85,0.85,0.3327,M0
17.0,270.0,850.0,0.85,0.85,0.3327,M0
17.0,275.0,850.0,0.85,0.85,0.3327,M0
17.0,280.0,850.0,0.85,0.85,0.3327,M0
17.0,285.0,850.0,0.85,0.85,0.3327,M0
17.0,290.0,850.0,0.85,0.85,0.3327,M0
17.0,295.0,850.0,0.85,0.85,0.3327,M0
17.0,300.0,850.0,0.85,0.85,0.3327,M0
18.0,-350.0,850.0,0.85,0.85,0.7511,M1
18.0,-345.0,850.0,0.85,0.85,0.7511,M1
18.0,-340.0,850.0,0.85,0.85,0.7511,M1
18.0,-335.0,850.0,0.85,0.85,0.7511,M1
18.0,-330.0,850.0,0.85,0.85,0.7511,M1
18.0,-325.0,850.0,0.85,0.85,0.7511,M1
18.0,-320.0,850.0,0.85,0.85,0.7511,M1
18.0,-315.0,850.0,0.85,0.85,0.7511,M1
18.0,-310.0,850.0,0.85,0.85,0.7511,M1
18.0,-305.0,850.0,0.85,0.85,0.7511,M1
18.0,-300.0,850.0,0.85,0.85,0.7511,M1
18.0,-295.0,850.0,0.85,0.85,0.7511,M1
18.0,-290.0,850.0,0.85,0.85,0.7511,M1
18.0,-285.0,850.0,0.85,0.85,0.7511,M1
18.0,-280.0,850.0,0.85,0.85,0.7511,M1
18.0,-275.0,850.0,0.85,0.85,0.7511,M1
18.0,-270.0,850.0,0.85,0.85,0.7511,M1
18.0,-265.0,850.0,0.85,0.85,0.7511,M1
18.0,-260.0,850.0,0.85,0.85,0.7511,M1
18.0,-255.0,850.0,0.85,0.85,0.7511,M1
18.0,-250.0,850.0,0.85,0.85,0.7511,M1
18.0,-245.0,850.0,0.85,0.85,0.7511,M1
18.0,-240.0,850.0,0.85,0.85,0.7511,M1
18.0,-235.0,850.0,0.85,0.85,0.7511,M1
18.0,-230.0,850.0,0.85,0.85,0.7511,M1
18.0,-225.0,850.0,0.85,0.85,0.7511,M1
18.0,-220.0,850.0,0.85,0.85,0.7511,M1
18.0,-215.0,850.0,0.85,0.85,0.7507,M1
18.0,-210.0,850.0,0.85,0.85,0.7494,M1
18.0,-205.0,850.0,0.85,0.85,0.7473,M1
18.0,-200.0,850.0,0.85,0.85,0.7443,M1
18.0,-195.0,850.0,0.85,0.85,0.7403,M1
18.0,-190.0,850.0,0.85,0.85,0.7352,M1
18.0,-185.0,850.0,0.85,0.85,0.729,M1
18.0,-180.0,850.0,0.85,0.85,0.7214,M1
18.0,-175.0,850.0,0.85,0.85,0.7122,M1
18.0,-170.0,850.0,0.85,0.85,0.7013,M1
18.0,-165.0,850.0,0.85,0.85,0.6882,M1
18.0,-160.0,850.0,0.85,0.85,0.6724,M1
18.0,-155.0,850.0,0.85,0.85,0.6531,M1
18.0,-150.0,850.0,0.85,0.85,0.6299,M1
18.0,-145.0,850.0,0.85,0.85,0.6019,M1
18.0,-140.0,850.0,0.85,0.85,0.5682,M1
18.0,-135.0,850.0,0.85,0.85,0.5682,M1
18.0,-130.0,850.0,0.85,0.85,0.5682,M1
18.0,-125.0,850.0,0.85,0.85,0.5682,M1
18.0,-120.0,850.0,0.85,0.85,0.5682,M1
18.0,-115.0,850.0,0.85,0.85,0.5682,M1
18.0,-110.0,850.0,0.85,0.85,0.5682,M1
18.0,-105.0,850.0,0.85,0.85,0.5682,M1
18.0,-100.0,850.0,0.85,0.85,0.5682,M1
18.0,-95.0,850.0,0.85,0.85,0.5682,M1
18.0,-90.0,850.0,0.85,0.85,0.5682,M1
18.0,-85.0,850.0,0.85,0.85,0.5682,M1
18.0,-80.0,850.0,0.85,0.85,0.5682,M1
18.0,-75.0,850.0,0.85,0.85,0.5682,M1
18.0,-70.0,850.0,0.85,0.85,0.5682,M1
18.0,-65.0,850.0,0.85,0.85,0.5682,M1
18.0,-60.0,850.0,0.85,0.85,0.5682,M1
18.0,-55.0,850.0,0.85,0.85,0.5682,M1
18.0,-50.0,850.0,0.85,0.85,0.5682,M1
18.0,-45.0,850.0,0.85,0.85,0.5682,M1
18.0,-40.0,850.0,0.85,0.85,0.5682,M1
18.0,-35.0,850.0,0.85,0.85,0.5682,M1
18.0,-30.0,850.0,0.85,0.85,0.5682,M1
18.0,-25.0,850.0,0.85,0.85,0.5682,M1
18.0,-20.0,850.0,0.85,0.85,0.5682,M1
18.0,-15.0,850.0,0.85,0.85,0.5682,M1
18.0,-10.0,850.0,0.85,0.85,0.5682,M1
18.0,-5.0,850.0,0.85,0.85,0.5682,M1
18.0,0.0,850.0,0.85,0.85,0.5682,M1
18.0,5.0,850.0,0.85,0.85,0.5682,M1
18.0,10.0,850.0,0.85,0.85,0.5682,M1
18.0,15.0,850.0,0.85,0.85,0.5682,M1
18.0,20.0,850.0,0.85,0.85,0.5682,M1
18.0,25.0,850.0,0.85,0.85,0.5682,M1
18.0,30.0,850.0,0.85,0.85,0.5682,M1
18.0,35.0,850.0,0.85,0.85,0.5682,M1
18.0,40.0,850.0,0.85,0.85,0.5682,M1
18.0,45.0,850.0,0.85,0.85,0.5682,M1
18.0,50.0,850.0,0.85,0.85,0.5682,M1
18.0,55.0,850.0,0.85,0.85,0.5682,M1
18.0,60.0,850.0,0.85,0.85,0.5682,M1
18.0,65.0,850.0,0.85,0.85,0.5587,M1
18.0,70.0,850.0,0.85,0.85,0.5039,M1
18.0,75.0,850.0,0.85,0.85,0.4336,M0
18.0,80.0,850.0,0.85,0.85,0.3425,M0
18.0,85.0,850.0,0.85,0.85,0.3425,M0
18.0,90.0,850.0,0.85,0.85,0.3425,M0
18.0,95.0,850.0,0.85,0.85,0.3425,M0
18.0,100.0,850.0,0.85,0.85,0.3425,M0
18.0,105.0,850.0,0.85,0.85,0.3425,M0
18.0,110.0,850.0,0.85,0.85,0.3425,M0
18.0,115.0,850.0,0.85,0.85,0.3425,M0
18.0,120.0,850.0,0.85,0.85,0.3425,M0
18.0,125.0,850.0,0.85,0.85,0.3425,M0
18.0,130.0,850.0,0.85,0.85,0.3425,M0
18.0,135.0,850.0,0.85,0.85,0.3425,M0
18.0,140.0,850.0,0.85,0.85,0.3425,M0
18.0,145.0,850.0,0.85,0.85,0.3425,M0
18.0,150.0,850.0,0.85,0.85,0.3425,M0
18.0,155.0,850.0,0.85,0.85,0.3425,M0
18.0,160.0,850.0,0.85,0.85,0.3425,M0
18.0,165.0,850.0,0.85,0.85,0.3425,M0
18.0,170.0,850.0,0.85,0.85,0.3425,M0
18.0,175.0,850.0,0.85,0.85,0.3425,M0
18.0,180.0,850.0,0.85,0.85,0.3425,M0
18.0,185.0,850.0,0.85,0.85,0.3425,M0
18.0,190.0,850.0,0.85,0.85,0.3425,M0
18.0,195.0,850.0,0.85,0.85,0.3425,M0
18.0,200.0,850.0,0.85,0.85,0.3425,M0
18.0,205.0,850.0,0.85,0.85,0.3425,M0
18.0,210.0,850.0,0.85,0.85,0.3425,M0
18.0,215.0,850.0,0.85,0.85,0.3425,M0
18.0,220.0,850.0,0.85,0.85,0.3425,M0
18.0,225.0,850.0,0.85,0.85,0.3425,M0
18.0,230.0,850.0,0.85,0.85,0.3425,M0
18.0,235.0,850.0,0.85,0.85,0.3425,M0
18.0,240.0,850.0,0.85,0.85,0.3425,M0
18.0,245.0,850.0,0.85,0.85,0.3425,M0
18.0,250.0,850.0,0.85,0.85,0.3425,M0
18.0,255.0,850.0,0.85,0.85,0.3425,M0
18.0,260.0,850.0,0.85,0.85,0.3425,M0
18.0,265.0,850.0,0.85,0.85,0.3425,M0
18.0,270.0,850.0,0.85,0.85,0.3425,M0
18.0,275.0,850.0,0.85,0.85,0.3425,M0
18.0,280.0,850.0,0.85,0.85,0.3425,M0
18.0,285.0,850.0,0.85,0.85,0.3425,M0
18.0,290.0,850.0,0.85,0.85,0.3425,M0
18.0,295.0,850.0,0.85,0.85,0.3425,M0
18.0,300.0,850.0,0.85,0.85,0.3425,M0
19.0,-350.0,850.0,0.85,0.85,0.7772,M1
19.0,-345.0,850.0,0.85,0.85,0.7772,M1
19.0,-340.0,850.0,0.85,0.85,0.7772,M1
19.0,-335.0,850.0,0.85,0.85,0.7772,M1
19.0,-330.0,850.0,0.85,0.85,0.7772,M1
19.0,-325.0,850.0,0.85,0.85,0.7772,M1
19.0,-320.0,850.0,0.85,0.85,0.7772,M1
19.0,-315.0,850.0,0.85,0.85,0.7772,M1
19.0,-310.0,850.0,0.85,0.85,0.7772,M1
19.0,-305.0,850.0,0.85,0.85,0.7772,M1
19.0,-300.0,850.0,0.85,0.85,0.7772,M1
19.0,-295.0,850.0,0.85,0.85,0.7772,M1
19.0,-290.0,850.0,0.85,0.85,0.7772,M1
19.0,-285.0,850.0,0.85,0.85,0.7772,M1
19.0,-280.0,850.0,0.85,0.85,0.7772,M1
19.0,-275.0,850.0,0.85,0.85,0.7772,M1
19.0,-270.0,850.0,0.85,0.85,0.7772,M1
19.0,-265.0,850.0,0.85,0.85,0.7772,M1
19.0,-260.0,850.0,0.85,0.85,0.7772,M1
19.0,-255.0,850.0,0.85,0.85,0.7772,M1
19.0,-250.0,850.0,0.85,0.85,0.7772,M1
19.0,-245.0,850.0,0.85,0.85,0.7772,M1
19.0,-240.0,850.0,0.85,0.85,0.7772,M1
19.0,-235.0,850.0,0.85,0.85,0.7772,M1
19.0,-230.0,850.0,0.85,0.85,0.7772,M1
19.0,-225.0,850.0,0.85,0.85,0.7772,M1
19.0,-220.0,850.0,0.85,0.85,0.7772,M1
19.0,-215.0,850.0,0.85,0.85,0.7768,M1
19.0,-210.0,850.0,0.85,0.85,0.7756,M1
19.0,-205.0,850.0,0.85,0.85,0.7736,M1
19.0,-200.0,850.0,0.85,0.85,0.7708,M1
19.0,-195.0,850.0,0.85,0.85,0.767,M1
19.0,-190.0,850.0,0.85,0.85,0.7622,M1
19.0,-185.0,850.0,0.85,0.85,0.7562,M1
19.0,-180.0,850.0,0.85,0.85,0.749,M1
19.0,-175.0,850.0,0.85,0.85,0.7403,M1
19.0,-170.0,850.0,0.85,0.85,0.7298,M1
19.0,-165.0,850.0,0.85,0.85,0.7171,M1
19.0,-160.0,850.0,0.85,0.85,0.7016,M1
19.0,-155.0,850.0,0.85,0.85,0.6825,M1
19.0,-150.0,850.0,0.85,0.85,0.6592,M1
19.0,-145.0,850.0,0.85,0.85,0.6409,M1
19.0,-140.0,850.0,0.85,0.85,0.6409,M1
19.0,-135.0,850.0,0.85,0.85,0.6409,M1
19.0,-130.0,850.0,0.85,0.85,0.6409,M1
19.0,-125.0,850.0,0.85,0.85,0.6409,M1
19.0,-120.0,850.0,0.85,0.85,0.6409,M1
19.0,-115.0,850.0,0.85,0.85,0.6409,M1
19.0,-110.0,850.0,0.85,0.85,0.6409,M1
19.0,-105.0,850.0,0.85,0.85,0.6409,M1
19.0,-100.0,850.0,0.85,0.85,0.6409,M1
19.0,-95.0,850.0,0.85,0.85,0.6409,M1
19.0,-90.0,850.0,0.85,0.85,0.6409,M1
19.0,-85.0,850.0,0.85,0.85,0.6409,M1
19.0,-80.0,850.0,0.85,0.85,0.6409,M1
19.0,-75.0,850.0,0.85,0.85,0.6409,M1
19.0,-70.0,850.0,0.85,0.85,0.6409,M1
19.0,-65.0,850.0,0.85,0.85,0.6409,M1
19.0,-60.0,850.0,0.85,0.85,0.6409,M1
19.0,-55.0,850.0,0.85,0.85,0.6409,M1
19.0,-50.0,850.0,0.85,0.85,0.6409,M1
19.0,-45.0,850.0,0.85,0.85,0.6409,M1
19.0,-40.0,850.0,0.85,0.85,0.6409,M1
19.0,-35.0,850.0,0.85,0.85,0.6409,M1
19.0,-30.0,850.0,0.85,0.85,0.6409,M1
19.0,-25.0,850.0,0.85,0.85,0.6409,M1
19.0,-20.0,850.0,0.85,0.85,0.6409,M1
19.0,-15.0,850.0,0.85,0.85,0.6409,M1
19.0,-10.0,850.0,0.85,0.85,0.6409,M1
19.0,-5.0,850.0,0.85,0.85,0.6409,M1
19.0,0.0,850.0,0.85,0.85,0.6409,M1
19.0,5.0,850.0,0.85,0.85,0.6409,M1
19.0,10.0,850.0,0.85,0.85,0.6409,M1
19.0,15.0,850.0,0.85,0.85,0.6409,M1
19.0,20.0,850.0,0.85,0.85,0.6409,M1
19.0,25.0,850.0,0.85,0.85,0.6409,M1
19.0,30.0,850.0,0.85,0.85,0.6409,M1
19.0,35.0,850.0,0.85,0.85,0.6409,M1
19.0,40.0,850.0,0.85,0.85,0.6409,M1
19.0,45.0,850.0,0.85,0.85,0.6409,M1
19.0,50.0,850.0,0.85,0.85,0.6409,M1
19.0,55.0,850.0,0.85,0.85,0.6409,M1
19.0,60.0,850.0,0.85,0.85,0.6307,M1
19.0,65.0,850.0,0.85,0.85,0.5861,M1
19.0,70.0,850.0,0.85,0.85,0.5283,M1
19.0,75.0,850.0,0.85,0.85,0.4529,M0
19.0,80.0,850.0,0.85,0.85,0.3528,M0
19.0,85.0,850.0,0.85,0.85,0.3528,M0
19.0,90.0,850.0,0.85,0.85,0.3528,M0
19.0,95.0,850.0,0.85,0.85,0.3528,M0
19.0,100.0,850.0,0.85,0.85,0.3528,M0
19.0,105.0,850.0,0.85,0.85,0.3528,M0
19.0,110.0,850.0,0.85,0.85,0.3528,M0
19.0,115.0,850.0,0.85,0.85,0.3528,M0
19.0,120.0,850.0,0.85,0.85,0.3528,M0
19.0,125.0,850.0,0.85,0.85,0.3528,M0
19.0,130.0,850.0,0.85,0.85,0.3528,M0
19.0,135.0,850.0,0.85,0.85,0.3528,M0
19.0,140.0,850.0,0.85,0.85,0.3528,M0
19.0,145.0,850.0,0.85,0.85,0.3528,M0
19.0,150.0,850.0,0.85,0.85,0.3528,M0
19.0,155.0,850.0,0.85,0.85,0.3528,M0
19.0,160.0,850.0,0.85,0.85,0.3528,M0
19.0,165.0,850.0,0.85,0.85,0.3528,M0
19.0,170.0,850.0,0.85,0.85,0.3528,M0
19.0,175.0,850.0,0.85,0.85,0.3528,M0
19.0,180.0,850.0,0.85,0.85,0.3528,M0
19.0,185.0,850.0,0.85,0.85,0.3528,M0
19.0,190.0,850.0,0.85,0.85,0.3528,M0
19.0,195.0,850.0,0.85,0.85,0.3528,M0
19.0,200.0,850.0,0.85,0.85,0.3528,M0
19.0,205.0,850.0,0.85,0.85,0.3528,M0
19.0,210.0,850.0,0.85,0.85,0.3528,M0
19.0,215.0,850.0,0.85,0.85,0.3528,M0
19.0,220.0,850.0,0.85,0.85,0.3528,M0
19.0,225.0,850.0,0.85,0.85,0.3528,M0
19.0,230.0,850.0,0.85,0.85,0.3528,M0
19.0,235.0,850.0,0.85,0.85,0.3528,M0
19.0,240.0,850.0,0.85,0.85,0.3528,M0
19.0,245.0,850.0,0.85,0.85,0.3528,M0
19.0,250.0,850.0,0.85,0.85,0.3528,M0
19.0,255.0,850.0,0.85,0.85,0.3528,M0
19.0,260.0,850.0,0.85,0.85,0.3528,M0
19.0,265.0,850.0,0.85,0.85,0.3528,M0
19.0,270.0,850.0,0.85,0.85,0.3528,M0
19.0,275.0,850.0,0.85,0.85,0.3528,M0
19.0,280.0,850.0,0.85,0.85,0.3528,M0
19.0,285.0,850.0,0.85,0.85,0.3528,M0
19.0,290.0,850.0,0.85,0.85,0.3528,M0
19.0,295.0,850.0,0.85,0.85,0.3528,M0
19.0,300.0,850.0,0.85,0.85,0.3528,M0
20.0,-350.0,850.0,0.85,0.85,0.8076,M1
20.0,-345.0,850.0,0.85,0.85,0.8076,M1
20.0,-340.0,850.0,0.85,0.85,0.8076,M1
20.0,-335.0,850.0,0.85,0.85,0.8076,M1
20.0,-330.0,850.0,0.85,0.85,0.8076,M1
20.0,-325.0,850.0,0.85,0.85,0.8076,M1
20.0,-320.0,850.0,0.85,0.85,0.8076,M1
20.0,-315.0,850.0,0.85,0.85,0.8076,M1
20.0,-310.0,850.0,0.85,0.85,0.8076,M1
20.0,-305.0,850.0,0.85,0.85,0.8076,M1
20.0,-300.0,850.0,0.85,0.85,0.8076,M1
20.0,-295.0,850.0,0.85,0.85,0.8076,M1
20.0,-290.0,850.0,0.85,0.85,0.8076,M1
20.0,-285.0,850.0,0.85,0.85,0.8076,M1
20.0,-280.0,850.0,0.85,0.85,0.8076,M1
20.0,-275.0,850.0,0.85,0.85,0.8076,M1
20.0,-270.0,850.0,0.85,0.85,0.8076,M1
20.0,-265.0,850.0,0.85,0.85,0.8076,M1
20.0,-260.0,850.0,0.85,0.85,0.8076,M1
20.0,-255.0,850.0,0.85,0.85,0.8076,M1
20.0,-250.0,850.0,0.85,0.85,0.8076,M1
20.0,-245.0,850.0,0.85,0.85,0.8076,M1
20.0,-240.0,850.0,0.85,0.85,0.8076,M1
20.0,-235.0,850.0,0.85,0.85,0.8076,M1
20.0,-230.0,850.0,0.85,0.85,0.8076,M1
20.0,-225.0,850.0,0.85,0.85,0.8076,M1
20.0,-220.0,850.0,0.85,0.85,0.8076,M1
20.0,-215.0,850.0,0.85,0.85,0.8072,M1
20.0,-210.0,850.0,0.85,0.85,0.8061,M1
20.0,-205.0,850.0,0.85,0.85,0.8043,M1
20.0,-200.0,850.0,0.85,0.85,0.8017,M1
20.0,-195.0,850.0,0.85,0.85,0.7982,M1
20.0,-190.0,850.0,0.85,0.85,0.7938,M1
20.0,-185.0,850.0,0.85,0.85,0.7882,M1
20.0,-180.0,850.0,0.85,0.85,0.7815,M1
20.0,-175.0,850.0,0.85,0.85,0.7734,M1
20.0,-170.0,850.0,0.85,0.85,0.7635,M1
20.0,-165.0,850.0,0.85,0.85,0.7515,M1
20.0,-160.0,850.0,0.85,0.85,0.7367,M1
20.0,-155.0,850.0,0.85,0.85,0.718,M1
20.0,-150.0,850.0,0.85,0.85,0.7108,M1
20.0,-145.0,850.0,0.85,0.85,0.7108,M1
20.0,-140.0,850.0,0.85,0.85,0.7108,M1
20.0,-135.0,850.0,0.85,0.85,0.7108,M1
20.0,-130.0,850.0,0.85,0.85,0.7108,M1
20.0,-125.0,850.0,0.85,0.85,0.7108,M1
20.0,-120.0,850.0,0.85,0.85,0.7108,M1
20.0,-115.0,850.0,0.85,0.85,0.7108,M1
20.0,-110.0,850.0,0.85,0.85,0.7108,M1
20.0,-105.0,850.0,0.85,0.85,0.7108,M1
20.0,-100.0,850.0,0.85,0.85,0.7108,M1
20.0,-95.0,850.0,0.85,0.85,0.7108,M1
20.0,-90.0,850.0,0.85,0.85,0.7108,M1
20.0,-85.0,850.0,0.85,0.85,0.7108,M1
20.0,-80.0,850.0,0.85,0.85,0.7108,M1
20.0,-75.0,850.0,0.85,0.85,0.7108,M1
20.0,-70.0,850.0,0.85,0.85,0.7108,M1
20.0,-65.0,850.0,0.85,0.85,0.7108,M1
20.0,-60.0,850.0,0.85,0.85,0.7108,M1
20.0,-55.0,850.0,0.85,0.85,0.7108,M1
20.0,-50.0,850.0,0.85,0.85,0.7108,M1
20.0,-45.0,850.0,0.85,0.85,0.7108,M1
20.0,-40.0,850.0,0.85,0.85,0.7108,M1
20.0,-35.0,850.0,0.85,0.85,0.7108,M1
20.0,-30.0,850.0,0.85,0.85,0.7108,M1
20.0,-25.0,850.0,0.85,0.85,0.7108,M1
20.0,-20.0,850.0,0.85,0.85,0.7108,M1
20.0,-15.0,850.0,0.85,0.85,0.7108,M1
20.0,-10.0,850.0,0.85,0.85,0.7108,M1
20.0,-5.0,850.0,0.85,0.85,0.7108,M1
20.0,0.0,850.0,0.85,0.85,0.7108,M1
20.0,5.0,850.0,0.85,0.85,0.7108,M1
20.0,10.0,850.0,0.85,0.85,0.7108,M1
20.0,15.0,850.0,0.85,0.85,0.7108,M1
20.0,20.0,850.0,0.85,0.85,0.7108,M1
20.0,25.0,850.0,0.85,0.85,0.7108,M1
20.0,30.0,850.0,0.85,0.85,0.7108,M1
20.0,35.0,850.0,0.85,0.85,0.7108,M1
20.0,40.0,850.0,0.85,0.85,0.7108,M1
20.0,45.0,850.0,0.85,0.85,0.7108,M1
20.0,50.0,850.0,0.85,0.85,0.7108,M1
20.0,55.0,850.0,0.85,0.85,0.701,M1
20.0,60.0,850.0,0.85,0.85,0.6658,M1
20.0,65.0,850.0,0.85,0.85,0.6196,M1
20.0,70.0,850.0,0.85,0.85,0.5584,M1
20.0,75.0,850.0,0.85,0.85,0.4762,M0
20.0,80.0,850.0,0.85,0.85,0.3636,M0
20.0,85.0,850.0,0.85,0.85,0.3636,M0
20.0,90.0,850.0,0.85,0.85,0.3636,M0
20.0,95.0,850.0,0.85,0.85,0.3636,M0
20.0,100.0,850.0,0.85,0.85,0.3636,M0
20.0,105.0,850.0,0.85,0.85,0.3636,M0
20.0,110.0,850.0,0.85,0.85,0.3636,M0
20.0,115.0,850.0,0.85,0.85,0.3636,M0
20.0,120.0,850.0,0.85,0.85,0.3636,M0
20.0,125.0,850.0,0.85,0.85,0.3636,M0
20.0,130.0,850.0,0.85,0.85,0.3636,M0
20.0,135.0,850.0,0.85,0.85,0.3636,M0
20.0,140.0,850.0,0.85,0.85,0.3636,M0
20.0,145.0,850.0,0.85,0.85,0.3636,M0
20.0,150.0,850.0,0.85,0.85,0.3636,M0
20.0,155.0,850.0,0.85,0.85,0.3636,M0
20.0,160.0,850.0,0.85,0.85,0.3636,M0
20.0,165.0,850.0,0.85,0.85,0.3636,M0
20.0,170.0,850.0,0.85,0.85,0.3636,M0
20.0,175.0,850.0,0.85,0.85,0.3636,M0
20.0,180.0,850.0,0.85,0.85,0.3636,M0
20.0,185.0,850.0,0.85,0.85,0.3636,M0
20.0,190.0,850.0,0.85,0.85,0.3636,M0
20.0,195.0,850.0,0.85,0.85,0.3636,M0
20.0,200.0,850.0,0.85,0.85,0.3636,M0
20.0,205.0,850.0,0.85,0.85,0.3636,M0
20.0,210.0,850.0,0.85,0.85,0.3636,M0
20.0,215.0,850.0,0.85,0.85,0.3636,M0
20.0,220.0,850.0,0.85,0.85,0.3636,M0
20.0,225.0,850.0,0.85,0.85,0.3636,M0
20.0,230.0,850.0,0.85,0.85,0.3636,M0
20.0,235.0,850.0,0.85,0.85,0.3636,M0
20.0,240.0,850.0,0.85,0.85,0.3636,M0
20.0,245.0,850.0,0.85,0.85,0.3636,M0
20.0,250.0,850.0,0.85,0.85,0.3636,M0
20.0,255.0,850.0,0.85,0.85,0.3636,M0
20.0,260.0,850.0,0.85,0.85,0.3636,M0
20.0,265.0,850.0,0.85,0.85,0.3636,M0
20.0,270.0,850.0,0.85,0.85,0.3636,M0
20.0,275.0,850.0,0.85,0.85,0.3636,M0
20.0,280.0,850.0,0.85,0.85,0.3636,M0
20.0,285.0,850.0,0.85,0.85,0.3636,M0
20.0,290.0,850.0,0.85,0.85,0.3636,M0
20.0,295.0,850.0,0.85,0.85,0.3636,M0
20.0,300.0,850.0,0.85,0.85,0.3636,M0
21.0,-350.0,850.0,0.85,0.85,0.8428,M1
21.0,-345.0,850.0,0.85,0.85,0.8428,M1
21.0,-340.0,850.0,0.85,0.85,0.8428,M1
21.0,-335.0,850.0,0.85,0.85,0.8428,M1
21.0,-330.0,850.0,0.85,0.85,0.8428,M1
21.0,-325.0,850.0,0.85,0.85,0.8428,M1
21.0,-320.0,850.0,0.85,0.85,0.8428,M1
21.0,-315.0,850.0,0.85,0.85,0.8428,M1
21.0,-310.0,850.0,0.85,0.85,0.8428,M1
21.0,-305.0,850.0,0.85,0.85,0.8428,M1
21.0,-300.0,850.0,0.85,0.85,0.8428,M1
21.0,-295.0,850.0,0.85,0.85,0.8428,M1
21.0,-290.0,850.0,0.85,0.85,0.8428,M1
21.0,-285.0,850.0,0.85,0.85,0.8428,M1
21.0,-280.0,850.0,0.85,0.85,0.8428,M1
21.0,-275.0,850.0,0.85,0.85,0.8428,M1
21.0,-270.0,850.0,0.85,0.85,0.8428,M1
21.0,-265.0,850.0,0.85,0.85,0.8428,M1
21.0,-260.0,850.0,0.85,0.85,0.8428,M1
21.0,-255.0,850.0,0.85,0.85,0.8428,M1
21.0,-250.0,850.0,0.85,0.85,0.8428,M1
21.0,-245.0,850.0,0.85,0.85,0.8428,M1
21.0,-240.0,850.0,0.85,0.85,0.8428,M1
21.0,-235.0,850.0,0.85,0.85,0.8428,M1
21.0,-230.0,850.0,0.85,0.85,0.8428,M1
21.0,-225.0,850.0,0.85,0.85,0.8428,M1
21.0,-220.0,850.0,0.85,0.85,0.8428,M1
21.0,-215.0,850.0,0.85,0.85,0.8425,M1
21.0,-210.0,850.0,0.85,0.85,0.8416,M1
21.0,-205.0,850.0,0.85,0.85,0.84,M1
21.0,-200.0,850.0,0.85,0.85,0.8377,M1
21.0,-195.0,850.0,0.85,0.85,0.8346,M1
21.0,-190.0,850.0,0.85,0.85,0.8307,M1
21.0,-185.0,850.0,0.85,0.85,0.8258,M1
21.0,-180.0,850.0,0.85,0.85,0.8199,M1
21.0,-175.0,850.0,0.85,0.85,0.8126,M1
21.0,-170.0,850.0,0.85,0.85,0.8037,M1
21.0,-165.0,850.0,0.85,0.85,0.7929,M1
21.0,-160.0,850.0,0.85,0.85,0.7796,M1
21.0,-155.0,850.0,0.85,0.85,0.7796,M1
21.0,-150.0,850.0,0.85,0.85,0.7796,M1
21.0,-145.0,850.0,0.85,0.85,0.7796,M1
21.0,-140.0,850.0,0.85,0.85,0.7796,M1
21.0,-135.0,850.0,0.85,0.85,0.7796,M1
21.0,-130.0,850.0,0.85,0.85,0.7796,M1
21.0,-125.0,850.0,0.85,0.85,0.7796,M1
21.0,-120.0,850.0,0.85,0.85,0.7796,M1
21.0,-115.0,850.0,0.85,0.85,0.7796,M1
21.0,-110.0,850.0,0.85,0.85,0.7796,M1
21.0,-105.0,850.0,0.85,0.85,0.7796,M1
21.0,-100.0,850.0,0.85,0.85,0.7796,M1
21.0,-95.0,850.0,0.85,0.85,0.7796,M1
21.0,-90.0,850.0,0.85,0.85,0.7796,M1
21.0,-85.0,850.0,0.85,0.85,0.7796,M1
21.0,-80.0,850.0,0.85,0.85,0.7796,M1
21.0,-75.0,850.0,0.85,0.85,0.7796,M1
21.0,-70.0,850.0,0.85,0.85,0.7796,M1
21.0,-65.0,850.0,0.85,0.85,0.7796,M1
21.0,-60.0,850.0,0.85,0.85,0.7796,M1
21.0,-55.0,850.0,0.85,0.85,0.7796,M1
21.0,-50.0,850.0,0.85,0.85,0.7796,M1
21.0,-45.0,850.0,0.85,0.85,0.7796,M1
21.0,-40.0,850.0,0.85,0.85,0.7796,M1
21.0,-35.0,850.0,0.85,0.85,0.7796,M1
21.0,-30.0,850.0,0.85,0.85,0.7796,M1
21.0,-25.0,850.0,0.85,0.85,0.7796,M1
21.0,-20.0,850.0,0.85,0.85,0.7796,M1
21.0,-15.0,850.0,0.85,0.85,0.7796,M1
21.0,-10.0,850.0,0.85,0.85,0.7796,M1
21.0,-5.0,850.0,0.85,0.85,0.7796,M1
21.0,0.0,850.0,0.85,0.85,0.7796,M1
21.0,5.0,850.0,0.85,0.85,0.7796,M1
21.0,10.0,850.0,0.85,0.85,0.7796,M1
21.0,15.0,850.0,0.85,0.85,0.7796,M1
21.0,20.0,850.0,0.85,0.85,0.7796,M1
21.0,25.0,850.0,0.85,0.85,0.7796,M1
21.0,30.0,850.0,0.85,0.85,0.7796,M1
21.0,35.0,850.0,0.85,0.85,0.7796,M1
21.0,40.0,850.0,0.85,0.85,0.7796,M1
21.0,45.0,850.0,0.85,0.85,0.7796,M1
21.0,50.0,850.0,0.85,0.85,0.7712,M1
21.0,55.0,850.0,0.85,0.85,0.7452,M1
21.0,60.0,850.0,0.85,0.85,0.7099,M1
21.0,65.0,850.0,0.85,0.85,0.6622,M1
21.0,70.0,850.0,0.85,0.85,0.5968,M1
21.0,75.0,850.0,0.85,0.85,0.5057,M1
21.0,80.0,850.0,0.85,0.85,0.3747,M0
21.0,85.0,850.0,0.85,0.85,0.3747,M0
21.0,90.0,850.0,0.85,0.85,0.3747,M0
21.0,95.0,850.0,0.85,0.85,0.3747,M0
21.0,100.0,850.0,0.85,0.85,0.3747,M0
21.0,105.0,850.0,0.85,0.85,0.3747,M0
21.0,110.0,850.0,0.85,0.85,0.3747,M0
21.0,115.0,850.0,0.85,0.85,0.3747,M0
21.0,120.0,850.0,0.85,0.85,0.3747,M0
21.0,125.0,850.0,0.85,0.85,0.3747,M0
21.0,130.0,850.0,0.85,0.85,0.3747,M0
21.0,135.0,850.0,0.85,0.85,0.3747,M0
21.0,140.0,850.0,0.85,0.85,0.3747,M0
21.0,145.0,850.0,0.85,0.85,0.3747,M0
21.0,150.0,850.0,0.85,0.85,0.3747,M0
21.0,155.0,850.0,0.85,0.85,0.3747,M0
21.0,160.0,850.0,0.85,0.85,0.3747,M0
21.0,165.0,850.0,0.85,0.85,0.3747,M0
21.0,170.0,850.0,0.85,0.85,0.3747,M0
21.0,175.0,850.0,0.85,0.85,0.3747,M0
21.0,180.0,850.0,0.85,0.85,0.3747,M0
21.0,185.0,850.0,0.85,0.85,0.3747,M0
21.0,190.0,850.0,0.85,0.85,0.3747,M0
21.0,195.0,850.0,0.85,0.85,0.3747,M0
21.0,200.0,850.0,0.85,0.85,0.3747,M0
21.0,205.0,850.0,0.85,0.85,0.3747,M0
21.0,210.0,850.0,0.85,0.85,0.3747,M0
21.0,215.0,850.0,0.85,0.85,0.3747,M0
21.0,220.0,850.0,0.85,0.85,0.3747,M0
21.0,225.0,850.0,0.85,0.85,0.3747,M0
21.0,230.0,850.0,0.85,0.85,0.3747,M0
21.0,235.0,850.0,0.85,0.85,0.3747,M0
21.0,240.0,850.0,0.85,0.85,0.3747,M0
21.0,245.0,850.0,0.85,0.85,0.3747,M0
21.0,250.0,850.0,0.85,0.85,0.3747,M0
21.0,255.0,850.0,0.85,0.85,0.3747,M0
21.0,260.0,850.0,0.85,0.85,0.3747,M0
21.0,265.0,850.0,0.85,0.85,0.3747,M0
21.0,270.0,850.0,0.85,0.85,0.3747,M0
21.0,275.0,850.0,0.85,0.85,0.3747,M0
21.0,280.0,850.0,0.85,0.85,0.3747,M0
21.0,285.0,850.0,0.85,0.85,0.3747,M0
21.0,290.0,850.0,0.85,0.85,0.3747,M0
21.0,295.0,850.0,0.85,0.85,0.3747,M0
21.0,300.0,850.0,0.85,0.85,0.3747,M0
22.0,-350.0,850.0,0.85,0.85,0.8189,M1
22.0,-345.0,850.0,0.85,0.85,0.8189,M1
22.0,-340.0,850.0,0.85,0.85,0.8189,M1
22.0,-335.0,850.0,0.85,0.85,0.8189,M1
22.0,-330.0,850.0,0.85,0.85,0.8189,M1
22.0,-325.0,850.0,0.85,0.85,0.8189,M1
22.0,-320.0,850.0,0.85,0.85,0.8189,M1
22.0,-315.0,850.0,0.85,0.85,0.8189,M1
22.0,-310.0,850.0,0.85,0.85,0.8189,M1
22.0,-305.0,850.0,0.85,0.85,0.8189,M1
22.0,-300.0,850.0,0.85,0.85,0.8189,M1
22.0,-295.0,850.0,0.85,0.85,0.8189,M1
22.0,-290.0,850.0,0.85,0.85,0.8189,M1
22.0,-285.0,850.0,0.85,0.85,0.8189,M1
22.0,-280.0,850.0,0.85,0.85,0.8189,M1
22.0,-275.0,850.0,0.85,0.85,0.8189,M1
22.0,-270.0,850.0,0.85,0.85,0.8189,M1
22.0,-265.0,850.0,0.85,0.85,0.8189,M1
22.0,-260.0,850.0,0.85,0.85,0.8189,M1
22.0,-255.0,850.0,0.85,0.85,0.8189,M1
22.0,-250.0,850.0,0.85,0.85,0.8189,M1
22.0,-245.0,850.0,0.85,0.85,0.8189,M1
22.0,-240.0,850.0,0.85,0.85,0.8189,M1
22.0,-235.0,850.0,0.85,0.85,0.8189,M1
22.0,-230.0,850.0,0.85,0.85,0.8189,M1
22.0,-225.0,850.0,0.85,0.85,0.8189,M1
22.0,-220.0,850.0,0.85,0.85,0.8189,M1
22.0,-215.0,850.0,0.85,0.85,0.8185,M1
22.0,-210.0,850.0,0.85,0.85,0.8175,M1
22.0,-205.0,850.0,0.85,0.85,0.8157,M1
22.0,-200.0,850.0,0.85,0.85,0.8132,M1
22.0,-195.0,850.0,0.85,0.85,0.8098,M1
22.0,-190.0,850.0,0.85,0.85,0.8055,M1
22.0,-185.0,850.0,0.85,0.85,0.8002,M1
22.0,-180.0,850.0,0.85,0.85,0.7937,M1
22.0,-175.0,850.0,0.85,0.85,0.7858,M1
22.0,-170.0,850.0,0.85,0.85,0.7762,M1
22.0,-165.0,850.0,0.85,0.85,0.7687,M1
22.0,-160.0,850.0,0.85,0.85,0.7687,M1
22.0,-155.0,850.0,0.85,0.85,0.7687,M1
22.0,-150.0,850.0,0.85,0.85,0.7687,M1
22.0,-145.0,850.0,0.85,0.85,0.7687,M1
22.0,-140.0,850.0,0.85,0.85,0.7687,M1
22.0,-135.0,850.0,0.85,0.85,0.7687,M1
22.0,-130.0,850.0,0.85,0.85,0.7687,M1
22.0,-125.0,850.0,0.85,0.85,0.7687,M1
22.0,-120.0,850.0,0.85,0.85,0.7687,M1
22.0,-115.0,850.0,0.85,0.85,0.7687,M1
22.0,-110.0,850.0,0.85,0.85,0.7687,M1
22.0,-105.0,850.0,0.85,0.85,0.7687,M1
22.0,-100.0,850.0,0.85,0.85,0.7687,M1
22.0,-95.0,850.0,0.85,0.85,0.7687,M1
22.0,-90.0,850.0,0.85,0.85,0.7687,M1
22.0,-85.0,850.0,0.85,0.85,0.7687,M1
22.0,-80.0,850.0,0.85,0.85,0.7687,M1
22.0,-75.0,850.0,0.85,0.85,0.7687,M1
22.0,-70.0,850.0,0.85,0.85,0.7687,M1
22.0,-65.0,850.0,0.85,0.85,0.7687,M1
22.0,-60.0,850.0,0.85,0.85,0.7687,M1
22.0,-55.0,850.0,0.85,0.85,0.7687,M1
22.0,-50.0,850.0,0.85,0.85,0.7687,M1
22.0,-45.0,850.0,0.85,0.85,0.7687,M1
22.0,-40.0,850.0,0.85,0.85,0.7687,M1
22.0,-35.0,850.0,0.85,0.85,0.7687,M1
22.0,-30.0,850.0,0.85,0.85,0.7687,M1
22.0,-25.0,850.0,0.85,0.85,0.7895,M1
22.0,-20.0,850.0,0.85,0.85,0.8271,M1
22.0,-15.0,850.0,0.85,0.85,0.8432,M1
22.0,-10.0,850.0,0.85,0.85,0.8432,M1
22.0,-5.0,850.0,0.85,0.85,0.8432,M1
22.0,0.0,850.0,0.85,0.85,0.8432,M1
22.0,5.0,850.0,0.85,0.85,0.8432,M1
22.0,10.0,850.0,0.85,0.85,0.8432,M1
22.0,15.0,850.0,0.85,0.85,0.8432,M1
22.0,20.0,850.0,0.85,0.85,0.8432,M1
22.0,25.0,850.0,0.85,0.85,0.8432,M1
22.0,30.0,850.0,0.85,0.85,0.8432,M1
22.0,35.0,850.0,0.85,0.85,0.8432,M1
22.0,40.0,850.0,0.85,0.85,0.8432,M1
22.0,45.0,850.0,0.85,0.85,0.8373,M1
22.0,50.0,850.0,0.85,0.85,0.8219,M1
22.0,55.0,850.0,0.85,0.85,0.8012,M1
22.0,60.0,850.0,0.85,0.85,0.7678,M1
22.0,65.0,850.0,0.85,0.85,0.7192,M1
22.0,70.0,850.0,0.85,0.85,0.6494,M1
22.0,75.0,850.0,0.85,0.85,0.5462,M1
22.0,80.0,850.0,0.85,0.85,0.3862,M0
22.0,85.0,850.0,0.85,0.85,0.3862,M0
22.0,90.0,850.0,0.85,0.85,0.3862,M0
22.0,95.0,850.0,0.85,0.85,0.3862,M0
22.0,100.0,850.0,0.85,0.85,0.3862,M0
22.0,105.0,850.0,0.85,0.85,0.3862,M0
22.0,110.0,850.0,0.85,0.85,0.3862,M0
22.0,115.0,850.0,0.85,0.85,0.3862,M0
22.0,120.0,850.0,0.85,0.85,0.3862,M0
22.0,125.0,850.0,0.85,0.85,0.3862,M0
22.0,130.0,850.0,0.85,0.85,0.3862,M0
22.0,135.0,850.0,0.85,0.85,0.3862,M0
22.0,140.0,850.0,0.85,0.85,0.3862,M0
22.0,145.0,850.0,0.85,0.85,0.3862,M0
22.0,150.0,850.0,0.85,0.85,0.3862,M0
22.0,155.0,850.0,0.85,0.85,0.3862,M0
22.0,160.0,850.0,0.85,0.85,0.3862,M0
22.0,165.0,850.0,0.85,0.85,0.3862,M0
22.0,170.0,850.0,0.85,0.85,0.3862,M0
22.0,175.0,850.0,0.85,0.85,0.3862,M0
22.0,180.0,850.0,0.85,0.85,0.3862,M0
22.0,185.0,850.0,0.85,0.85,0.3862,M0
22.0,190.0,850.0,0.85,0.85,0.3862,M0
22.0,195.0,850.0,0.85,0.85,0.3862,M0
22.0,200.0,850.0,0.85,0.85,0.3862,M0
22.0,205.0,850.0,0.85,0.85,0.3862,M0
22.0,210.0,850.0,0.85,0.85,0.3862,M0
22.0,215.0,850.0,0.85,0.85,0.3862,M0
22.0,220.0,850.0,0.85,0.85,0.3862,M0
22.0,225.0,850.0,0.85,0.85,0.3862,M0
22.0,230.0,850.0,0.85,0.85,0.3862,M0
22.0,235.0,850.0,0.85,0.85,0.3862,M0
22.0,240.0,850.0,0.85,0.85,0.3862,M0
22.0,245.0,850.0,0.85,0.85,0.3862,M0
22.0,250.0,850.0,0.85,0.85,0.3862,M0
22.0,255.0,850.0,0.85,0.85,0.3862,M0
22.0,260.0,850.0,0.85,0.85,0.3862,M0
22.0,265.0,850.0,0.85,0.85,0.3862,M0
22.0,270.0,850.0,0.85,0.85,0.3862,M0
22.0,275.0,850.0,0.85,0.85,0.3862,M0
22.0,280.0,850.0,0.85,0.85,0.3862,M0
22.0,285.0,850.0,0.85,0.85,0.3862,M0
22.0,290.0,850.0,0.85,0.85,0.3862,M0
22.0,295.0,850.0,0.85,0.85,0.3862,M0
22.0,300.0,850.0,0.85,0.85,0.3862,M0
23.0,-350.0,850.0,0.85,0.85,0.8076,M1
23.0,-345.0,850.0,0.85,0.85,0.7969,M1
23.0,-340.0,850.0,0.85,0.85,0.7969,M1
23.0,-335.0,850.0,0.85,0.85,0.7969,M1
23.0,-330.0,850.0,0.85,0.85,0.7969,M1
23.0,-325.0,850.0,0.85,0.85,0.7969,M1
23.0,-320.0,850.0,0.85,0.85,0.7969,M1
23.0,-315.0,850.0,0.85,0.85,0.7969,M1
23.0,-310.0,850.0,0.85,0.85,0.7969,M1
23.0,-305.0,850.0,0.85,0.85,0.7969,M1
23.0,-300.0,850.0,0.85,0.85,0.7969,M1
23.0,-295.0,850.0,0.85,0.85,0.7969,M1
23.0,-290.0,850.0,0.85,0.85,0.7969,M1
23.0,-285.0,850.0,0.85,0.85,0.7969,M1
23.0,-280.0,850.0,0.85,0.85,0.7969,M1
23.0,-275.0,850.0,0.85,0.85,0.7969,M1
23.0,-270.0,850.0,0.85,0.85,0.7969,M1
23.0,-265.0,850.0,0.85,0.85,0.7969,M1
23.0,-260.0,850.0,0.85,0.85,0.7969,M1
23.0,-255.0,850.0,0.85,0.85,0.7969,M1
23.0,-250.0,850.0,0.85,0.85,0.7969,M1
23.0,-245.0,850.0,0.85,0.85,0.7969,M1
23.0,-240.0,850.0,0.85,0.85,0.7969,M1
23.0,-235.0,850.0,0.85,0.85,0.7969,M1
23.0,-230.0,850.0,0.85,0.85,0.7969,M1
23.0,-225.0,850.0,0.85,0.85,0.7969,M1
23.0,-220.0,850.0,0.85,0.85,0.7969,M1
23.0,-215.0,850.0,0.85,0.85,0.7966,M1
23.0,-210.0,850.0,0.85,0.85,0.7954,M1
23.0,-205.0,850.0,0.85,0.85,0.7935,M1
23.0,-200.0,850.0,0.85,0.85,0.7908,M1
23.0,-195.0,850.0,0.85,0.85,0.7872,M1
23.0,-190.0,850.0,0.85,0.85,0.7827,M1
23.0,-185.0,850.0,0.85,0.85,0.777,M1
23.0,-180.0,850.0,0.85,0.85,0.7701,M1
23.0,-175.0,850.0,0.85,0.85,0.7617,M1
23.0,-170.0,850.0,0.85,0.85,0.7585,M1
23.0,-165.0,850.0,0.85,0.85,0.7585,M1
23.0,-160.0,850.0,0.85,0.85,0.7585,M1
23.0,-155.0,850.0,0.85,0.85,0.7585,M1
23.0,-150.0,850.0,0.85,0.85,0.7585,M1
23.0,-145.0,850.0,0.85,0.85,0.7585,M1
23.0,-140.0,850.0,0.85,0.85,0.7585,M1
23.0,-135.0,850.0,0.85,0.85,0.7585,M1
23.0,-130.0,850.0,0.85,0.85,0.7585,M1
23.0,-125.0,850.0,0.85,0.85,0.7585,M1
23.0,-120.0,850.0,0.85,0.85,0.7585,M1
23.0,-115.0,850.0,0.85,0.85,0.7585,M1
23.0,-110.0,850.0,0.85,0.85,0.7585,M1
23.0,-105.0,850.0,0.85,0.85,0.7585,M1
23.0,-100.0,850.0,0.85,0.85,0.7585,M1
23.0,-95.0,850.0,0.85,0.85,0.7585,M1
23.0,-90.0,850.0,0.85,0.85,0.7585,M1
23.0,-85.0,850.0,0.85,0.85,0.7585,M1
23.0,-80.0,850.0,0.85,0.85,0.7585,M1
23.0,-75.0,850.0,0.85,0.85,0.7585,M1
23.0,-70.0,850.0,0.85,0.85,0.7585,M1
23.0,-65.0,850.0,0.85,0.85,0.7585,M1
23.0,-60.0,850.0,0.85,0.85,0.7585,M1
23.0,-55.0,850.0,0.85,0.85,0.7585,M1
23.0,-50.0,850.0,0.85,0.85,0.7585,M1
23.0,-45.0,850.0,0.85,0.85,0.7585,M1
23.0,-40.0,850.0,0.85,0.85,0.7585,M1
23.0,-35.0,850.0,0.85,0.85,0.7585,M1
23.0,-30.0,850.0,0.85,0.85,0.7703,M1
23.0,-25.0,850.0,0.85,0.85,0.8029,M1
23.0,-20.0,850.0,0.85,0.85,0.8389,M1
23.0,-15.0,850.0,0.85,0.85,0.8776,M1
23.0,-10.0,850.0,0.85,0.85,0.9018,M1
23.0,-5.0,850.0,0.85,0.85,0.9018,M1
23.0,0.0,850.0,0.85,0.85,0.9018,M1
23.0,5.0,850.0,0.85,0.85,0.9018,M1
23.0,10.0,850.0,0.85,0.85,0.9018,M1
23.0,15.0,850.0,0.85,0.85,0.9018,M1
23.0,20.0,850.0,0.85,0.85,0.9018,M1
23.0,25.0,850.0,0.85,0.85,0.9018,M1
23.0,30.0,850.0,0.85,0.85,0.9018,M1
23.0,35.0,850.0,0.85,0.85,0.9018,M1
23.0,40.0,850.0,0.85,0.85,0.8981,M1
23.0,45.0,850.0,0.85,0.85,0.8895,M1
23.0,50.0,850.0,0.85,0.85,0.8781,M1
23.0,55.0,850.0,0.85,0.85,0.8623,M1
23.0,60.0,850.0,0.85,0.85,0.8396,M1
23.0,65.0,850.0,0.85,0.85,0.8019,M1
23.0,70.0,850.0,0.85,0.85,0.7288,M1
23.0,75.0,850.0,0.85,0.85,0.6097,M1
23.0,80.0,850.0,0.85,0.85,0.398,M0
23.0,85.0,850.0,0.85,0.85,0.398,M0
23.0,90.0,850.0,0.85,0.85,0.398,M0
23.0,95.0,850.0,0.85,0.85,0.398,M0
23.0,100.0,850.0,0.85,0.85,0.398,M0
23.0,105.0,850.0,0.85,0.85,0.398,M0
23.0,110.0,850.0,0.85,0.85,0.398,M0
23.0,115.0,850.0,0.85,0.85,0.398,M0
23.0,120.0,850.0,0.85,0.85,0.398,M0
23.0,125.0,850.0,0.85,0.85,0.398,M0
23.0,130.0,850.0,0.85,0.85,0.398,M0
23.0,135.0,850.0,0.85,0.85,0.398,M0
23.0,140.0,850.0,0.85,0.85,0.398,M0
23.0,145.0,850.0,0.85,0.85,0.398,M0
23.0,150.0,850.0,0.85,0.85,0.398,M0
23.0,155.0,850.0,0.85,0.85,0.398,M0
23.0,160.0,850.0,0.85,0.85,0.398,M0
23.0,165.0,850.0,0.85,0.85,0.398,M0
23.0,170.0,850.0,0.85,0.85,0.398,M0
23.0,175.0,850.0,0.85,0.85,0.398,M0
23.0,180.0,850.0,0.85,0.85,0.398,M0
23.0,185.0,850.0,0.85,0.85,0.398,M0
23.0,190.0,850.0,0.85,0.85,0.398,M0
23.0,195.0,850.0,0.85,0.85,0.398,M0
23.0,200.0,850.0,0.85,0.85,0.398,M0
23.0,205.0,850.0,0.85,0.85,0.398,M0
23.0,210.0,850.0,0.85,0.85,0.398,M0
23.0,215.0,850.0,0.85,0.85,0.398,M0
23.0,220.0,850.0,0.85,0.85,0.398,M0
23.0,225.0,850.0,0.85,0.85,0.398,M0
23.0,230.0,850.0,0.85,0.85,0.398,M0
23.0,235.0,850.0,0.85,0.85,0.398,M0
23.0,240.0,850.0,0.85,0.85,0.398,M0
23.0,245.0,850.0,0.85,0.85,0.398,M0
23.0,250.0,850.0,0.85,0.85,0.398,M0
23.0,255.0,850.0,0.85,0.85,0.398,M0
23.0,260.0,850.0,0.85,0.85,0.398,M0
23.0,265.0,850.0,0.85,0.85,0.398,M0
23.0,270.0,850.0,0.85,0.85,0.398,M0
23.0,275.0,850.0,0.85,0.85,0.398,M0
23.0,280.0,850.0,0.85,0.85,0.398,M0
23.0,285.0,850.0,0.85,0.85,0.398,M0
23.0,290.0,850.0,0.85,0.85,0.398,M0
23.0,295.0,850.0,0.85,0.85,0.398,M0
23.0,300.0,850.0,0.85,0.85,0.398,M0
24.0,-350.0,850.0,0.85,0.85,0.8076,M1
24.0,-345.0,850.0,0.85,0.85,0.7918,M1
24.0,-340.0,850.0,0.85,0.85,0.7772,M1
24.0,-335.0,850.0,0.85,0.85,0.7772,M1
24.0,-330.0,850.0,0.85,0.85,0.7772,M1
24.0,-325.0,850.0,0.85,0.85,0.7772,M1
24.0,-320.0,850.0,0.85,0.85,0.7772,M1
24.0,-315.0,850.0,0.85,0.85,0.7772,M1
24.0,-310.0,850.0,0.85,0.85,0.7772,M1
24.0,-305.0,850.0,0.85,0.85,0.7772,M1
24.0,-300.0,850.0,0.85,0.85,0.7772,M1
24.0,-295.0,850.0,0.85,0.85,0.7772,M1
24.0,-290.0,850.0,0.85,0.85,0.7772,M1
24.0,-285.0,850.0,0.85,0.85,0.7772,M1
24.0,-280.0,850.0,0.85,0.85,0.7772,M1
24.0,-275.0,850.0,0.85,0.85,0.7772,M1
24.0,-270.0,850.0,0.85,0.85,0.7772,M1
24.0,-265.0,850.0,0.85,0.85,0.7772,M1
24.0,-260.0,850.0,0.85,0.85,0.7772,M1
24.0,-255.0,850.0,0.85,0.85,0.7772,M1
24.0,-250.0,850.0,0.85,0.85,0.7772,M1
24.0,-245.0,850.0,0.85,0.85,0.7772,M1
24.0,-240.0,850.0,0.85,0.85,0.7772,M1
24.0,-235.0,850.0,0.85,0.85,0.7772,M1
24.0,-230.0,850.0,0.85,0.85,0.7772,M1
24.0,-225.0,850.0,0.85,0.85,0.7772,M1
24.0,-220.0,850.0,0.85,0.85,0.7772,M1
24.0,-215.0,850.0,0.85,0.85,0.7768,M1
24.0,-210.0,850.0,0.85,0.85,0.7756,M1
24.0,-205.0,850.0,0.85,0.85,0.7736,M1
24.0,-200.0,850.0,0.85,0.85,0.7708,M1
24.0,-195.0,850.0,0.85,0.85,0.767,M1
24.0,-190.0,850.0,0.85,0.85,0.7622,M1
24.0,-185.0,850.0,0.85,0.85,0.7562,M1
24.0,-180.0,850.0,0.85,0.85,0.749,M1
24.0,-175.0,850.0,0.85,0.85,0.749,M1
24.0,-170.0,850.0,0.85,0.85,0.749,M1
24.0,-165.0,850.0,0.85,0.85,0.749,M1
24.0,-160.0,850.0,0.85,0.85,0.749,M1
24.0,-155.0,850.0,0.85,0.85,0.749,M1
24.0,-150.0,850.0,0.85,0.85,0.749,M1
24.0,-145.0,850.0,0.85,0.85,0.749,M1
24.0,-140.0,850.0,0.85,0.85,0.749,M1
24.0,-135.0,850.0,0.85,0.85,0.749,M1
24.0,-130.0,850.0,0.85,0.85,0.749,M1
24.0,-125.0,850.0,0.85,0.85,0.749,M1
24.0,-120.0,850.0,0.85,0.85,0.749,M1
24.0,-115.0,850.0,0.85,0.85,0.749,M1
24.0,-110.0,850.0,0.85,0.85,0.749,M1
24.0,-105.0,850.0,0.85,0.85,0.749,M1
24.0,-100.0,850.0,0.85,0.85,0.749,M1
24.0,-95.0,850.0,0.85,0.85,0.749,M1
24.0,-90.0,850.0,0.85,0.85,0.749,M1
24.0,-85.0,850.0,0.85,0.85,0.749,M1
24.0,-80.0,850.0,0.85,0.85,0.749,M1
24.0,-75.0,850.0,0.85,0.85,0.749,M1
24.0,-70.0,850.0,0.85,0.85,0.749,M1
24.0,-65.0,850.0,0.85,0.85,0.749,M1
24.0,-60.0,850.0,0.85,0.85,0.749,M1
24.0,-55.0,850.0,0.85,0.85,0.749,M1
24.0,-50.0,850.0,0.85,0.85,0.749,M1
24.0,-45.0,850.0,0.85,0.85,0.749,M1
24.0,-40.0,850.0,0.85,0.85,0.749,M1
24.0,-35.0,850.0,0.85,0.85,0.7513,M1
24.0,-30.0,850.0,0.85,0.85,0.7815,M1
24.0,-25.0,850.0,0.85,0.85,0.8131,M1
24.0,-20.0,850.0,0.85,0.85,0.8478,M1
24.0,-15.0,850.0,0.85,0.85,0.8848,M1
24.0,-10.0,850.0,0.85,0.85,0.9233,M1
24.0,-5.0,850.0,0.85,0.85,0.9544,M1
24.0,0.0,850.0,0.85,0.85,0.9544,M1
24.0,5.0,850.0,0.85,0.85,0.9544,M1
24.0,10.0,850.0,0.85,0.85,0.9544,M1
24.0,15.0,850.0,0.85,0.85,0.9544,M1
24.0,20.0,850.0,0.85,0.85,0.9544,M1
24.0,25.0,850.0,0.85,0.85,0.9544,M1
24.0,30.0,850.0,0.85,0.85,0.9544,M1
24.0,35.0,850.0,0.85,0.85,0.9527,M1
24.0,40.0,850.0,0.85,0.85,0.9492,M1
24.0,45.0,850.0,0.85,0.85,0.9446,M1
24.0,50.0,850.0,0.85,0.85,0.9384,M1
24.0,55.0,850.0,0.85,0.85,0.9296,M1
24.0,60.0,850.0,0.85,0.85,0.9166,M1
24.0,65.0,850.0,0.85,0.85,0.8957,M1
24.0,70.0,850.0,0.85,0.85,0.8567,M1
24.0,75.0,850.0,0.85,0.85,0.7388,M1
24.0,80.0,850.0,0.85,0.85,0.4101,M0
24.0,85.0,850.0,0.85,0.85,0.4101,M0
24.0,90.0,850.0,0.85,0.85,0.4101,M0
24.0,95.0,850.0,0.85,0.85,0.4101,M0
24.0,100.0,850.0,0.85,0.85,0.4101,M0
24.0,105.0,850.0,0.85,0.85,0.4101,M0
24.0,110.0,850.0,0.85,0.85,0.4101,M0
24.0,115.0,850.0,0.85,0.85,0.4101,M0
24.0,120.0,850.0,0.85,0.85,0.4101,M0
24.0,125.0,850.0,0.85,0.85,0.4101,M0
24.0,130.0,850.0,0.85,0.85,0.4101,M0
24.0,135.0,850.0,0.85,0.85,0.4101,M0
24.0,140.0,850.0,0.85,0.85,0.4101,M0
24.0,145.0,850.0,0.85,0.85,0.4101,M0
24.0,150.0,850.0,0.85,0.85,0.4101,M0
24.0,155.0,850.0,0.85,0.85,0.4101,M0
24.0,160.0,850.0,0.85,0.85,0.4101,M0
24.0,165.0,850.0,0.85,0.85,0.4101,M0
24.0,170.0,850.0,0.85,0.85,0.4101,M0
24.0,175.0,850.0,0.85,0.85,0.4101,M0
24.0,180.0,850.0,0.85,0.85,0.4101,M0
24.0,185.0,850.0,0.85,0.85,0.4101,M0
24.0,190.0,850.0,0.85,0.85,0.4101,M0
24.0,195.0,850.0,0.85,0.85,0.4101,M0
24.0,200.0,850.0,0.85,0.85,0.4101,M0
24.0,205.0,850.0,0.85,0.85,0.4101,M0
24.0,210.0,850.0,0.85,0.85,0.4101,M0
24.0,215.0,850.0,0.85,0.85,0.4101,M0
24.0,220.0,850.0,0.85,0.85,0.4101,M0
24.0,225.0,850.0,0.85,0.85,0.4101,M0
24.0,230.0,850.0,0.85,0.85,0.4101,M0
24.0,235.0,850.0,0.85,0.85,0.4101,M0
24.0,240.0,850.0,0.85,0.85,0.4101,M0
24.0,245.0,850.0,0.85,0.85,0.4101,M0
24.0,250.0,850.0,0.85,0.85,0.4101,M0
24.0,255.0,850.0,0.85,0.85,0.4101,M0
24.0,260.0,850.0,0.85,0.85,0.4101,M0
24.0,265.0,850.0,0.85,0.85,0.4101,M0
24.0,270.0,850.0,0.85,0.85,0.4101,M0
24.0,275.0,850.0,0.85,0.85,0.4101,M0
24.0,280.0,850.0,0.85,0.85,0.4101,M0
24.0,285.0,850.0,0.85,0.85,0.4101,M0
24.0,290.0,850.0,0.85,0.85,0.4101,M0
24.0,295.0,850.0,0.85,0.85,0.4101,M0
24.0,300.0,850.0,0.85,0.85,0.4101,M0
25.0,-350.0,850.0,0.85,0.85,0.8076,M1
25.0,-345.0,850.0,0.85,0.85,0.7918,M1
25.0,-340.0,850.0,0.85,0.85,0.7772,M1
25.0,-335.0,850.0,0.85,0.85,0.7637,M1
25.0,-330.0,850.0,0.85,0.85,0.7594,M1
25.0,-325.0,850.0,0.85,0.85,0.7594,M1
25.0,-320.0,850.0,0.85,0.85,0.7594,M1
25.0,-315.0,850.0,0.85,0.85,0.7594,M1
25.0,-310.0,850.0,0.85,0.85,0.7594,M1
25.0,-305.0,850.0,0.85,0.85,0.7594,M1
25.0,-300.0,850.0,0.85,0.85,0.7594,M1
25.0,-295.0,850.0,0.85,0.85,0.7594,M1
25.0,-290.0,850.0,0.85,0.85,0.7594,M1
25.0,-285.0,850.0,0.85,0.85,0.7594,M1
25.0,-280.0,850.0,0.85,0.85,0.7594,M1
25.0,-275.0,850.0,0.85,0.85,0.7594,M1
25.0,-270.0,850.0,0.85,0.85,0.7594,M1
25.0,-265.0,850.0,0.85,0.85,0.7594,M1
25.0,-260.0,850.0,0.85,0.85,0.7594,M1
25.0,-255.0,850.0,0.85,0.85,0.7594,M1
25.0,-250.0,850.0,0.85,0.85,0.7594,M1
25.0,-245.0,850.0,0.85,0.85,0.7594,M1
25.0,-240.0,850.0,0.85,0.85,0.7594,M1
25.0,-235.0,850.0,0.85,0.85,0.7594,M1
25.0,-230.0,850.0,0.85,0.85,0.7594,M1
25.0,-225.0,850.0,0.85,0.85,0.7594,M1
25.0,-220.0,850.0,0.85,0.85,0.7594,M1
25.0,-215.0,850.0,0.85,0.85,0.759,M1
25.0,-210.0,850.0,0.85,0.85,0.7577,M1
25.0,-205.0,850.0,0.85,0.85,0.7556,M1
25.0,-200.0,850.0,0.85,0.85,0.7527,M1
25.0,-195.0,850.0,0.85,0.85,0.7487,M1
25.0,-190.0,850.0,0.85,0.85,0.7438,M1
25.0,-185.0,850.0,0.85,0.85,0.7398,M1
25.0,-180.0,850.0,0.85,0.85,0.7398,M1
25.0,-175.0,850.0,0.85,0.85,0.7398,M1
25.0,-170.0,850.0,0.85,0.85,0.7398,M1
25.0,-165.0,850.0,0.85,0.85,0.7398,M1
25.0,-160.0,850.0,0.85,0.85,0.7398,M1
25.0,-155.0,850.0,0.85,0.85,0.7398,M1
25.0,-150.0,850.0,0.85,0.85,0.7398,M1
25.0,-145.0,850.0,0.85,0.85,0.7398,M1
25.0,-140.0,850.0,0.85,0.85,0.7398,M1
25.0,-135.0,850.0,0.85,0.85,0.7398,M1
25.0,-130.0,850.0,0.85,0.85,0.7398,M1
25.0,-125.0,850.0,0.85,0.85,0.7398,M1
25.0,-120.0,850.0,0.85,0.85,0.7398,M1
25.0,-115.0,850.0,0.85,0.85,0.7398,M1
25.0,-110.0,850.0,0.85,0.85,0.7398,M1
25.0,-105.0,850.0,0.85,0.85,0.7398,M1
25.0,-100.0,850.0,0.85,0.85,0.7398,M1
25.0,-95.0,850.0,0.85,0.85,0.7398,M1
25.0,-90.0,850.0,0.85,0.85,0.7398,M1
25.0,-85.0,850.0,0.85,0.85,0.7398,M1
25.0,-80.0,850.0,0.85,0.85,0.7398,M1
25.0,-75.0,850.0,0.85,0.85,0.7398,M1
25.0,-70.0,850.0,0.85,0.85,0.7398,M1
25.0,-65.0,850.0,0.85,0.85,0.7398,M1
25.0,-60.0,850.0,0.85,0.85,0.7398,M1
25.0,-55.0,850.0,0.85,0.85,0.7398,M1
25.0,-50.0,850.0,0.85,0.85,0.7398,M1
25.0,-45.0,850.0,0.85,0.85,0.7398,M1
25.0,-40.0,850.0,0.85,0.85,0.7398,M1
25.0,-35.0,850.0,0.85,0.85,0.7513,M1
25.0,-30.0,850.0,0.85,0.85,0.7851,M1
25.0,-25.0,850.0,0.85,0.85,0.821,M1
25.0,-20.0,850.0,0.85,0.85,0.8546,M1
25.0,-15.0,850.0,0.85,0.85,0.8903,M1
25.0,-10.0,850.0,0.85,0.85,0.9271,M1
25.0,-5.0,850.0,0.85,0.85,0.9641,M1
25.0,0.0,850.0,0.85,0.85,1.0,M1
25.0,5.0,850.0,0.85,0.85,1.0,M1
25.0,10.0,850.0,0.85,0.85,1.0,M1
25.0,15.0,850.0,0.85,0.85,1.0,M1
25.0,20.0,850.0,0.85,0.85,1.0,M1
25.0,25.0,850.0,0.85,0.85,1.0,M1
25.0,30.0,850.0,0.85,0.85,1.0,M1
25.0,35.0,850.0,0.85,0.85,1.0,M1
25.0,40.0,850.0,0.85,0.85,1.0,M1
25.0,45.0,850.0,0.85,0.85,1.0,M1
25.0,50.0,850.0,0.85,0.85,1.0,M1
25.0,55.0,850.0,0.85,0.85,1.0,M1
25.0,60.0,850.0,0.85,0.85,1.0,M1
25.0,65.0,850.0,0.85,0.85,1.0,M1
25.0,70.0,850.0,0.85,0.85,1.0,M1
25.0,75.0,850.0,0.85,0.85,1.0,M1
25.0,80.0,850.0,0.85,0.85,0.0,M0
25.0,85.0,850.0,0.85,0.85,0.0,M0
25.0,90.0,850.0,0.85,0.85,0.0,M0
25.0,95.0,850.0,0.85,0.85,0.0,M0
25.0,100.0,850.0,0.85,0.85,0.0,M0
25.0,105.0,850.0,0.85,0.85,0.0,M0
25.0,110.0,850.0,0.85,0.85,0.0,M0
25.0,115.0,850.0,0.85,0.85,0.0,M0
25.0,120.0,850.0,0.85,0.85,0.0,M0
25.0,125.0,850.0,0.85,0.85,0.0,M0
25.0,130.0,850.0,0.85,0.85,0.0,M0
25.0,135.0,850.0,0.85,0.85,0.0,M0
25.0,140.0,850.0,0.85,0.85,0.0,M0
25.0,145.0,850.0,0.85,0.85,0.0,M0
25.0,150.0,850.0,0.85,0.85,0.0,M0
25.0,155.0,850.0,0.85,0.85,0.0,M0
25.0,160.0,850.0,0.85,0.85,0.0,M0
25.0,165.0,850.0,0.85,0.85,0.0,M0
25.0,170.0,850.0,0.85,0.85,0.0,M0
25.0,175.0,850.0,0.85,0.85,0.0,M0
25.0,180.0,850.0,0.85,0.85,0.0,M0
25.0,185.0,850.0,0.85,0.85,0.0,M0
25.0,190.0,850.0,0.85,0.85,0.0,M0
25.0,195.0,850.0,0.85,0.85,0.0,M0
25.0,200.0,850.0,0.85,0.85,0.0,M0
25.0,205.0,850.0,0.85,0.85,0.0,M0
25.0,210.0,850.0,0.85,0.85,0.0,M0
25.0,215.0,850.0,0.85,0.85,0.0,M0
25.0,220.0,850.0,0.85,0.85,0.0,M0
25.0,225.0,850.0,0.85,0.85,0.0,M0
25.0,230.0,850.0,0.85,0.85,0.0,M0
25.0,235.0,850.0,0.85,0.85,0.0,M0
25.0,240.0,850.0,0.85,0.85,0.0,M0
25.0,245.0,850.0,0.85,0.85,0.0,M0
25.0,250.0,850.0,0.85,0.85,0.0,M0
25.0,255.0,850.0,0.85,0.85,0.0,M0
25.0,260.0,850.0,0.85,0.85,0.0,M0
25.0,265.0,850.0,0.85,0.85,0.0,M0
25.0,270.0,850.0,0.85,0.85,0.0,M0
25.0,275.0,850.0,0.85,0.85,0.0,M0
25.0,280.0,850.0,0.85,0.85,0.0,M0
25.0,285.0,850.0,0.85,0.85,0.0,M0
25.0,290.0,850.0,0.85,0.85,0.0,M0
25.0,295.0,850.0,0.85,0.85,0.0,M0
25.0,300.0,850.0,0.85,0.85,0.0,M0
26.0,-350.0,850.0,0.85,0.85,0.8076,M1
26.0,-345.0,850.0,0.85,0.85,0.7918,M1
26.0,-340.0,850.0,0.85,0.85,0.7772,M1
26.0,-335.0,850.0,0.85,0.85,0.7637,M1
26.0,-330.0,850.0,0.85,0.85,0.7511,M1
26.0,-325.0,850.0,0.85,0.85,0.7432,M1
26.0,-320.0,850.0,0.85,0.85,0.7432,M1
26.0,-315.0,850.0,0.85,0.85,0.7432,M1
26.0,-310.0,850.0,0.85,0.85,0.7432,M1
26.0,-305.0,850.0,0.85,0.85,0.7432,M1
26.0,-300.0,850.0,0.85,0.85,0.7432,M1
26.0,-295.0,850.0,0.85,0.85,0.7432,M1
26.0,-290.0,850.0,0.85,0.85,0.7432,M1
26.0,-285.0,850.0,0.85,0.85,0.7432,M1
26.0,-280.0,850.0,0.85,0.85,0.7432,M1
26.0,-275.0,850.0,0.85,0.85,0.7432,M1
26.0,-270.0,850.0,0.85,0.85,0.7432,M1
26.0,-265.0,850.0,0.85,0.85,0.7432,M1
26.0,-260.0,850.0,0.85,0.85,0.7432,M1
26.0,-255.0,850.0,0.85,0.85,0.7432,M1
26.0,-250.0,850.0,0.85,0.85,0.7432,M1
26.0,-245.0,850.0,0.85,0.85,0.7432,M1
26.0,-240.0,850.0,0.85,0.85,0.7432,M1
26.0,-235.0,850.0,0.85,0.85,0.7432,M1
26.0,-230.0,850.0,0.85,0.85,0.7432,M1
26.0,-225.0,850.0,0.85,0.85,0.7432,M1
26.0,-220.0,850.0,0.85,0.85,0.7432,M1
26.0,-215.0,850.0,0.85,0.85,0.7428,M1
26.0,-210.0,850.0,0.85,0.85,0.7415,M1
26.0,-205.0,850.0,0.85,0.85,0.7394,M1
26.0,-200.0,850.0,0.85,0.85,0.7363,M1
26.0,-195.0,850.0,0.85,0.85,0.7322,M1
26.0,-190.0,850.0,0.85,0.85,0.7306,M1
26.0,-185.0,850.0,0.85,0.85,0.7306,M1
26.0,-180.0,850.0,0.85,0.85,0.7306,M1
26.0,-175.0,850.0,0.85,0.85,0.7306,M1
26.0,-170.0,850.0,0.85,0.85,0.7306,M1
26.0,-165.0,850.0,0.85,0.85,0.7306,M1
26.0,-160.0,850.0,0.85,0.85,0.7306,M1
26.0,-155.0,850.0,0.85,0.85,0.7306,M1
26.0,-150.0,850.0,0.85,0.85,0.7306,M1
26.0,-145.0,850.0,0.85,0.85,0.7306,M1
26.0,-140.0,850.0,0.85,0.85,0.7306,M1
26.0,-135.0,850.0,0.85,0.85,0.7306,M1
26.0,-130.0,850.0,0.85,0.85,0.7306,M1
26.0,-125.0,850.0,0.85,0.85,0.7306,M1
26.0,-120.0,850.0,0.85,0.85,0.7306,M1
26.0,-115.0,850.0,0.85,0.85,0.7306,M1
26.0,-110.0,850.0,0.85,0.85,0.7306,M1
26.0,-105.0,850.0,0.85,0.85,0.7306,M1
26.0,-100.0,850.0,0.85,0.85,0.7306,M1
26.0,-95.0,850.0,0.85,0.85,0.7306,M1
26.0,-90.0,850.0,0.85,0.85,0.7306,M1
26.0,-85.0,850.0,0.85,0.85,0.7306,M1
26.0,-80.0,850.0,0.85,0.85,0.7306,M1
26.0,-75.0,850.0,0.85,0.85,0.7306,M1
26.0,-70.0,850.0,0.85,0.85,0.7306,M1
26.0,-65.0,850.0,0.85,0.85,0.7306,M1
26.0,-60.0,850.0,0.85,0.85,0.7306,M1
26.0,-55.0,850.0,0.85,0.85,0.7306,M1
26.0,-50.0,850.0,0.85,0.85,0.7306,M1
26.0,-45.0,850.0,0.85,0.85,0.7306,M1
26.0,-40.0,850.0,0.85,0.85,0.7398,M1
26.0,-35.0,850.0,0.85,0.85,0.7513,M1
26.0,-30.0,850.0,0.85,0.85,0.7851,M1
26.0,-25.0,850.0,0.85,0.85,0.8231,M1
26.0,-20.0,850.0,0.85,0.85,0.8598,M1
26.0,-15.0,850.0,0.85,0.85,0.8944,M1
26.0,-10.0,850.0,0.85,0.85,0.93,M1
26.0,-5.0,850.0,0.85,0.85,0.9656,M1
26.0,0.0,850.0,0.85,0.85,1.0,M1
26.0,5.0,850.0,0.85,0.85,1.0,M1
26.0,10.0,850.0,0.85,0.85,1.0,M1
26.0,15.0,850.0,0.85,0.85,1.0,M1
26.0,20.0,850.0,0.85,0.85,1.0,M1
26.0,25.0,850.0,0.85,0.85,1.0,M1
26.0,30.0,850.0,0.85,0.85,1.0,M1
26.0,35.0,850.0,0.85,0.85,1.0,M1
26.0,40.0,850.0,0.85,0.85,1.0,M1
26.0,45.0,850.0,0.85,0.85,1.0,M1
26.0,50.0,850.0,0.85,0.85,1.0,M1
26.0,55.0,850.0,0.85,0.85,1.0,M1
26.0,60.0,850.0,0.85,0.85,1.0,M1
26.0,65.0,850.0,0.85,0.85,1.0,M1
26.0,70.0,850.0,0.85,0.85,1.0,M1
26.0,75.0,850.0,0.85,0.85,1.0,M1
26.0,80.0,850.0,0.85,0.85,0.0,M0
26.0,85.0,850.0,0.85,0.85,0.0,M0
26.0,90.0,850.0,0.85,0.85,0.0,M0
26.0,95.0,850.0,0.85,0.85,0.0,M0
26.0,100.0,850.0,0.85,0.85,0.0,M0
26.0,105.0,850.0,0.85,0.85,0.0,M0
26.0,110.0,850.0,0.85,0.85,0.0,M0
26.0,115.0,850.0,0.85,0.85,0.0,M0
26.0,120.0,850.0,0.85,0.85,0.0,M0
26.0,125.0,850.0,0.85,0.85,0.0,M0
26.0,130.0,850.0,0.85,0.85,0.0,M0
26.0,135.0,850.0,0.85,0.85,0.0,M0
26.0,140.0,850.0,0.85,0.85,0.0,M0
26.0,145.0,850.0,0.85,0.85,0.0,M0
26.0,150.0,850.0,0.85,0.85,0.0,M0
26.0,155.0,850.0,0.85,0.85,0.0,M0
26.0,160.0,850.0,0.85,0.85,0.0,M0
26.0,165.0,850.0,0.85,0.85,0.0,M0
26.0,170.0,850.0,0.85,0.85,0.0,M0
26.0,175.0,850.0,0.85,0.85,0.0,M0
26.0,180.0,850.0,0.85,0.85,0.0,M0
26.0,185.0,850.0,0.85,0.85,0.0,M0
26.0,190.0,850.0,0.85,0.85,0.0,M0
26.0,195.0,850.0,0.85,0.85,0.0,M0
26.0,200.0,850.0,0.85,0.85,0.0,M0
26.0,205.0,850.0,0.85,0.85,0.0,M0
26.0,210.0,850.0,0.85,0.85,0.0,M0
26.0,215.0,850.0,0.85,0.85,0.0,M0
26.0,220.0,850.0,0.85,0.85,0.0,M0
26.0,225.0,850.0,0.85,0.85,0.0,M0
26.0,230.0,850.0,0.85,0.85,0.0,M0
26.0,235.0,850.0,0.85,0.85,0.0,M0
26.0,240.0,850.0,0.85,0.85,0.0,M0
26.0,245.0,850.0,0.85,0.85,0.0,M0
26.0,250.0,850.0,0.85,0.85,0.0,M0
26.0,255.0,850.0,0.85,0.85,0.0,M0
26.0,260.0,850.0,0.85,0.85,0.0,M0
26.0,265.0,850.0,0.85,0.85,0.0,M0
26.0,270.0,850.0,0.85,0.85,0.0,M0
26.0,275.0,850.0,0.85,0.85,0.0,M0
26.0,280.0,850.0,0.85,0.85,0.0,M0
26.0,285.0,850.0,0.85,0.85,0.0,M0
26.0,290.0,850.0,0.85,0.85,0.0,M0
26.0,295.0,850.0,0.85,0.85,0.0,M0
26.0,300.0,850.0,0.85,0.85,0.0,M0
27.0,-350.0,850.0,0.85,0.85,0.8076,M1
27.0,-345.0,850.0,0.85,0.85,0.7918,M1
27.0,-340.0,850.0,0.85,0.85,0.7772,M1
27.0,-335.0,850.0,0.85,0.85,0.7637,M1
27.0,-330.0,850.0,0.85,0.85,0.7511,M1
27.0,-325.0,850.0,0.85,0.85,0.7394,M1
27.0,-320.0,850.0,0.85,0.85,0.7286,M1
27.0,-315.0,850.0,0.85,0.85,0.7286,M1
27.0,-310.0,850.0,0.85,0.85,0.7286,M1
27.0,-305.0,850.0,0.85,0.85,0.7286,M1
27.0,-300.0,850.0,0.85,0.85,0.7286,M1
27.0,-295.0,850.0,0.85,0.85,0.7286,M1
27.0,-290.0,850.0,0.85,0.85,0.7286,M1
27.0,-285.0,850.0,0.85,0.85,0.7286,M1
27.0,-280.0,850.0,0.85,0.85,0.7286,M1
27.0,-275.0,850.0,0.85,0.85,0.7286,M1
27.0,-270.0,850.0,0.85,0.85,0.7286,M1
27.0,-265.0,850.0,0.85,0.85,0.7286,M1
27.0,-260.0,850.0,0.85,0.85,0.7286,M1
27.0,-255.0,850.0,0.85,0.85,0.7286,M1
27.0,-250.0,850.0,0.85,0.85,0.7286,M1
27.0,-245.0,850.0,0.85,0.85,0.7286,M1
27.0,-240.0,850.0,0.85,0.85,0.7286,M1
27.0,-235.0,850.0,0.85,0.85,0.7286,M1
27.0,-230.0,850.0,0.85,0.85,0.7286,M1
27.0,-225.0,850.0,0.85,0.85,0.7286,M1
27.0,-220.0,850.0,0.85,0.85,0.7286,M1
27.0,-215.0,850.0,0.85,0.85,0.7281,M1
27.0,-210.0,850.0,0.85,0.85,0.7268,M1
27.0,-205.0,850.0,0.85,0.85,0.7246,M1
27.0,-200.0,850.0,0.85,0.85,0.7214,M1
27.0,-195.0,850.0,0.85,0.85,0.7214,M1
27.0,-190.0,850.0,0.85,0.85,0.7214,M1
27.0,-185.0,850.0,0.85,0.85,0.7214,M1
27.0,-180.0,850.0,0.85,0.85,0.7214,M1
27.0,-175.0,850.0,0.85,0.85,0.7214,M1
27.0,-170.0,850.0,0.85,0.85,0.7214,M1
27.0,-165.0,850.0,0.85,0.85,0.7214,M1
27.0,-160.0,850.0,0.85,0.85,0.7214,M1
27.0,-155.0,850.0,0.85,0.85,0.7214,M1
27.0,-150.0,850.0,0.85,0.85,0.7214,M1
27.0,-145.0,850.0,0.85,0.85,0.7214,M1
27.0,-140.0,850.0,0.85,0.85,0.7214,M1
27.0,-135.0,850.0,0.85,0.85,0.7214,M1
27.0,-130.0,850.0,0.85,0.85,0.7214,M1
27.0,-125.0,850.0,0.85,0.85,0.7214,M1
27.0,-120.0,850.0,0.85,0.85,0.7214,M1
27.0,-115.0,850.0,0.85,0.85,0.7214,M1
27.0,-110.0,850.0,0.85,0.85,0.7214,M1
27.0,-105.0,850.0,0.85,0.85,0.7214,M1
27.0,-100.0,850.0,0.85,0.85,0.7214,M1
27.0,-95.0,850.0,0.85,0.85,0.7214,M1
27.0,-90.0,850.0,0.85,0.85,0.7214,M1
27.0,-85.0,850.0,0.85,0.85,0.7214,M1
27.0,-80.0,850.0,0.85,0.85,0.7214,M1
27.0,-75.0,850.0,0.85,0.85,0.7214,M1
27.0,-70.0,850.0,0.85,0.85,0.7214,M1
27.0,-65.0,850.0,0.85,0.85,0.7214,M1
27.0,-60.0,850.0,0.85,0.85,0.7214,M1
27.0,-55.0,850.0,0.85,0.85,0.7214,M1
27.0,-50.0,850.0,0.85,0.85,0.7214,M1
27.0,-45.0,850.0,0.85,0.85,0.7284,M1
27.0,-40.0,850.0,0.85,0.85,0.7398,M1
27.0,-35.0,850.0,0.85,0.85,0.7513,M1
27.0,-30.0,850.0,0.85,0.85,0.7851,M1
27.0,-25.0,850.0,0.85,0.85,0.8231,M1
27.0,-20.0,850.0,0.85,0.85,0.8608,M1
27.0,-15.0,850.0,0.85,0.85,0.8974,M1
27.0,-10.0,850.0,0.85,0.85,0.9321,M1
27.0,-5.0,850.0,0.85,0.85,0.9667,M1
27.0,0.0,850.0,0.85,0.85,1.0,M1
27.0,5.0,850.0,0.85,0.85,1.0,M1
27.0,10.0,850.0,0.85,0.85,1.0,M1
27.0,15.0,850.0,0.85,0.85,1.0,M1
27.0,20.0,850.0,0.85,0.85,1.0,M1
27.0,25.0,850.0,0.85,0.85,1.0,M1
27.0,30.0,850.0,0.85,0.85,1.0,M1
27.0,35.0,850.0,0.85,0.85,1.0,M1
27.0,40.0,850.0,0.85,0.85,1.0,M1
27.0,45.0,850.0,0.85,0.85,1.0,M1
27.0,50.0,850.0,0.85,0.85,1.0,M1
27.0,55.0,850.0,0.85,0.85,1.0,M1
27.0,60.0,850.0,0.85,0.85,1.0,M1
27.0,65.0,850.0,0.85,0.85,1.0,M1
27.0,70.0,850.0,0.85,0.85,1.0,M1
27.0,75.0,850.0,0.85,0.85,1.0,M1
27.0,80.0,850.0,0.85,0.85,0.0,M0
27.0,85.0,850.0,0.85,0.85,0.0,M0
27.0,90.0,850.0,0.85,0.85,0.0,M0
27.0,95.0,850.0,0.85,0.85,0.0,M0
27.0,100.0,850.0,0.85,0.85,0.0,M0
27.0,105.0,850.0,0.85,0.85,0.0,M0
27.0,110.0,850.0,0.85,0.85,0.0,M0
27.0,115.0,850.0,0.85,0.85,0.0,M0
27.0,120.0,850.0,0.85,0.85,0.0,M0
27.0,125.0,850.0,0.85,0.85,0.0,M0
27.0,130.0,850.0,0.85,0.85,0.0,M0
27.0,135.0,850.0,0.85,0.85,0.0,M0
27.0,140.0,850.0,0.85,0.85,0.0,M0
27.0,145.0,850.0,0.85,0.85,0.0,M0
27.0,150.0,850.0,0.85,0.85,0.0,M0
27.0,155.0,850.0,0.85,0.85,0.0,M0
27.0,160.0,850.0,0.85,0.85,0.0,M0
27.0,165.0,850.0,0.85,0.85,0.0,M0
27.0,170.0,850.0,0.85,0.85,0.0,M0
27.0,175.0,850.0,0.85,0.85,0.0,M0
27.0,180.0,850.0,0.85,0.85,0.0,M0
27.0,185.0,850.0,0.85,0.85,0.0,M0
27.0,190.0,850.0,0.85,0.85,0.0,M0
27.0,195.0,850.0,0.85,0.85,0.0,M0
27.0,200.0,850.0,0.85,0.85,0.0,M0
27.0,205.0,850.0,0.85,0.85,0.0,M0
27.0,210.0,850.0,0.85,0.85,0.0,M0
27.0,215.0,850.0,0.85,0.85,0.0,M0
27.0,220.0,850.0,0.85,0.85,0.0,M0
27.0,225.0,850.0,0.85,0.85,0.0,M0
27.0,230.0,850.0,0.85,0.85,0.0,M0
27.0,235.0,850.0,0.85,0.85,0.0,M0
27.0,240.0,850.0,0.85,0.85,0.0,M0
27.0,245.0,850.0,0.85,0.85,0.0,M0
27.0,250.0,850.0,0.85,0.85,0.0,M0
27.0,255.0,850.0,0.85,0.85,0.0,M0
27.0,260.0,850.0,0.85,0.85,0.0,M0
27.0,265.0,850.0,0.85,0.85,0.0,M0
27.0,270.0,850.0,0.85,0.85,0.0,M0
27.0,275.0,850.0,0.85,0.85,0.0,M0
27.0,280.0,850.0,0.85,0.85,0.0,M0
27.0,285.0,850.0,0.85,0.85,0.0,M0
27.0,290.0,850.0,0.85,0.85,0.0,M0
27.0,295.0,850.0,0.85,0.85,0.0,M0
27.0,300.0,850.0,0.85,0.85,0.0,M0
28.0,-350.0,850.0,0.85,0.85,0.8076,M1
28.0,-345.0,850.0,0.85,0.85,0.7918,M1
28.0,-340.0,850.0,0.85,0.85,0.7772,M1
28.0,-335.0,850.0,0.85,0.85,0.7637,M1
28.0,-330.0,850.0,0.85,0.85,0.7511,M1
28.0,-325.0,850.0,0.85,0.85,0.7394,M1
28.0,-320.0,850.0,0.85,0.85,0.7286,M1
28.0,-315.0,850.0,0.85,0.85,0.7184,M1
28.0,-310.0,850.0,0.85,0.85,0.7152,M1
28.0,-305.0,850.0,0.85,0.85,0.7152,M1
28.0,-300.0,850.0,0.85,0.85,0.7152,M1
28.0,-295.0,850.0,0.85,0.85,0.7152,M1
28.0,-290.0,850.0,0.85,0.85,0.7152,M1
28.0,-285.0,850.0,0.85,0.85,0.7152,M1
28.0,-280.0,850.0,0.85,0.85,0.7152,M1
28.0,-275.0,850.0,0.85,0.85,0.7152,M1
28.0,-270.0,850.0,0.85,0.85,0.7152,M1
28.0,-265.0,850.0,0.85,0.85,0.7152,M1
28.0,-260.0,850.0,0.85,0.85,0.7152,M1
28.0,-255.0,850.0,0.85,0.85,0.7152,M1
28.0,-250.0,850.0,0.85,0.85,0.7152,M1
28.0,-245.0,850.0,0.85,0.85,0.7152,M1
28.0,-240.0,850.0,0.85,0.85,0.7152,M1
28.0,-235.0,850.0,0.85,0.85,0.7152,M1
28.0,-230.0,850.0,0.85,0.85,0.7152,M1
28.0,-225.0,850.0,0.85,0.85,0.7152,M1
28.0,-220.0,850.0,0.85,0.85,0.7152,M1
28.0,-215.0,850.0,0.85,0.85,0.7148,M1
28.0,-210.0,850.0,0.85,0.85,0.7134,M1
28.0,-205.0,850.0,0.85,0.85,0.712,M1
28.0,-200.0,850.0,0.85,0.85,0.712,M1
28.0,-195.0,850.0,0.85,0.85,0.712,M1
28.0,-190.0,850.0,0.85,0.85,0.712,M1
28.0,-185.0,850.0,0.85,0.85,0.712,M1
28.0,-180.0,850.0,0.85,0.85,0.712,M1
28.0,-175.0,850.0,0.85,0.85,0.712,M1
28.0,-170.0,850.0,0.85,0.85,0.712,M1
28.0,-165.0,850.0,0.85,0.85,0.712,M1
28.0,-160.0,850.0,0.85,0.85,0.712,M1
28.0,-155.0,850.0,0.85,0.85,0.712,M1
28.0,-150.0,850.0,0.85,0.85,0.712,M1
28.0,-145.0,850.0,0.85,0.85,0.712,M1
28.0,-140.0,850.0,0.85,0.85,0.712,M1
28.0,-135.0,850.0,0.85,0.85,0.712,M1
28.0,-130.0,850.0,0.85,0.85,0.712,M1
28.0,-125.0,850.0,0.85,0.85,0.712,M1
28.0,-120.0,850.0,0.85,0.85,0.712,M1
28.0,-115.0,850.0,0.85,0.85,0.712,M1
28.0,-110.0,850.0,0.85,0.85,0.712,M1
28.0,-105.0,850.0,0.85,0.85,0.712,M1
28.0,-100.0,850.0,0.85,0.85,0.712,M1
28.0,-95.0,850.0,0.85,0.85,0.712,M1
28.0,-90.0,850.0,0.85,0.85,0.712,M1
28.0,-85.0,850.0,0.85,0.85,0.712,M1
28.0,-80.0,850.0,0.85,0.85,0.712,M1
28.0,-75.0,850.0,0.85,0.85,0.712,M1
28.0,-70.0,850.0,0.85,0.85,0.712,M1
28.0,-65.0,850.0,0.85,0.85,0.712,M1
28.0,-60.0,850.0,0.85,0.85,0.712,M1
28.0,-55.0,850.0,0.85,0.85,0.712,M1
28.0,-50.0,850.0,0.85,0.85,0.7168,M1
28.0,-45.0,850.0,0.85,0.85,0.7284,M1
28.0,-40.0,850.0,0.85,0.85,0.7398,M1
28.0,-35.0,850.0,0.85,0.85,0.7513,M1
28.0,-30.0,850.0,0.85,0.85,0.7851,M1
28.0,-25.0,850.0,0.85,0.85,0.8231,M1
28.0,-20.0,850.0,0.85,0.85,0.8608,M1
28.0,-15.0,850.0,0.85,0.85,0.8978,M1
28.0,-10.0,850.0,0.85,0.85,0.9335,M1
28.0,-5.0,850.0,0.85,0.85,0.9674,M1
28.0,0.0,850.0,0.85,0.85,1.0,M1
28.0,5.0,850.0,0.85,0.85,1.0,M1
28.0,10.0,850.0,0.85,0.85,1.0,M1
28.0,15.0,850.0,0.85,0.85,1.0,M1
28.0,20.0,850.0,0.85,0.85,1.0,M1
28.0,25.0,850.0,0.85,0.85,1.0,M1
28.0,30.0,850.0,0.85,0.85,1.0,M1
28.0,35.0,850.0,0.85,0.85,1.0,M1
28.0,40.0,850.0,0.85,0.85,1.0,M1
28.0,45.0,850.0,0.85,0.85,1.0,M1
28.0,50.0,850.0,0.85,0.85,1.0,M1
28.0,55.0,850.0,0.85,0.85,1.0,M1
28.0,60.0,850.0,0.85,0.85,1.0,M1
28.0,65.0,850.0,0.85,0.85,1.0,M1
28.0,70.0,850.0,0.85,0.85,1.0,M1
28.0,75.0,850.0,0.85,0.85,1.0,M1
28.0,80.0,850.0,0.85,0.85,0.0,M0
28.0,85.0,850.0,0.85,0.85,0.0,M0
28.0,90.0,850.0,0.85,0.85,0.0,M0
28.0,95.0,850.0,0.85,0.85,0.0,M0
28.0,100.0,850.0,0.85,0.85,0.0,M0
28.0,105.0,850.0,0.85,0.85,0.0,M0
28.0,110.0,850.0,0.85,0.85,0.0,M0
28.0,115.0,850.0,0.85,0.85,0.0,M0
28.0,120.0,850.0,0.85,0.85,0.0,M0
28.0,125.0,850.0,0.85,0.85,0.0,M0
28.0,130.0,850.0,0.85,0.85,0.0,M0
28.0,135.0,850.0,0.85,0.85,0.0,M0
28.0,140.0,850.0,0.85,0.85,0.0,M0
28.0,145.0,850.0,0.85,0.85,0.0,M0
28.0,150.0,850.0,0.85,0.85,0.0,M0
28.0,155.0,850.0,0.85,0.85,0.0,M0
28.0,160.0,850.0,0.85,0.85,0.0,M0
28.0,165.0,850.0,0.85,0.85,0.0,M0
28.0,170.0,850.0,0.85,0.85,0.0,M0
28.0,175.0,850.0,0.85,0.85,0.0,M0
28.0,180.0,850.0,0.85,0.85,0.0,M0
28.0,185.0,850.0,0.85,0.85,0.0,M0
28.0,190.0,850.0,0.85,0.85,0.0,M0
28.0,195.0,850.0,0.85,0.85,0.0,M0
28.0,200.0,850.0,0.85,0.85,0.0,M0
28.0,205.0,850.0,0.85,0.85,0.0,M0
28.0,210.0,850.0,0.85,0.85,0.0,M0
28.0,215.0,850.0,0.85,0.85,0.0,M0
28.0,220.0,850.0,0.85,0.85,0.0,M0
28.0,225.0,850.0,0.85,0.85,0.0,M0
28.0,230.0,850.0,0.85,0.85,0.0,M0
28.0,235.0,850.0,0.85,0.85,0.0,M0
28.0,240.0,850.0,0.85,0.85,0.0,M0
28.0,245.0,850.0,0.85,0.85,0.0,M0
28.0,250.0,850.0,0.85,0.85,0.0,M0
28.0,255.0,850.0,0.85,0.85,0.0,M0
28.0,260.0,850.0,0.85,0.85,0.0,M0
28.0,265.0,850.0,0.85,0.85,0.0,M0
28.0,270.0,850.0,0.85,0.85,0.0,M0
28.0,275.0,850.0,0.85,0.85,0.0,M0
28.0,280.0,850.0,0.85,0.85,0.0,M0
28.0,285.0,850.0,0.85,0.85,0.0,M0
28.0,290.0,850.0,0.85,0.85,0.0,M0
28.0,295.0,850.0,0.85,0.85,0.0,M0
28.0,300.0,850.0,0.85,0.85,0.0,M0
29.0,-350.0,850.0,0.85,0.85,0.8076,M1
29.0,-345.0,850.0,0.85,0.85,0.7918,M1
29.0,-340.0,850.0,0.85,0.85,0.7772,M1
29.0,-335.0,850.0,0.85,0.85,0.7637,M1
29.0,-330.0,850.0,0.85,0.85,0.7511,M1
29.0,-325.0,850.0,0.85,0.85,0.7394,M1
29.0,-320.0,850.0,0.85,0.85,0.7286,M1
29.0,-315.0,850.0,0.85,0.85,0.7184,M1
29.0,-310.0,850.0,0.85,0.85,0.709,M1
29.0,-305.0,850.0,0.85,0.85,0.7031,M1
29.0,-300.0,850.0,0.85,0.85,0.7031,M1
29.0,-295.0,850.0,0.85,0.85,0.7031,M1
29.0,-290.0,850.0,0.85,0.85,0.7031,M1
29.0,-285.0,850.0,0.85,0.85,0.7031,M1
29.0,-280.0,850.0,0.85,0.85,0.7031,M1
29.0,-275.0,850.0,0.85,0.85,0.7031,M1
29.0,-270.0,850.0,0.85,0.85,0.7031,M1
29.0,-265.0,850.0,0.85,0.85,0.7031,M1
29.0,-260.0,850.0,0.85,0.85,0.7031,M1
29.0,-255.0,850.0,0.85,0.85,0.7031,M1
29.0,-250.0,850.0,0.85,0.85,0.7031,M1
29.0,-245.0,850.0,0.85,0.85,0.7031,M1
29.0,-240.0,850.0,0.85,0.85,0.7031,M1
29.0,-235.0,850.0,0.85,0.85,0.7031,M1
29.0,-230.0,850.0,0.85,0.85,0.7031,M1
29.0,-225.0,850.0,0.85,0.85,0.7031,M1
29.0,-220.0,850.0,0.85,0.85,0.7031,M1
29.0,-215.0,850.0,0.85,0.85,0.7027,M1
29.0,-210.0,850.0,0.85,0.85,0.7023,M1
29.0,-205.0,850.0,0.85,0.85,0.7023,M1
29.0,-200.0,850.0,0.85,0.85,0.7023,M1
29.0,-195.0,850.0,0.85,0.85,0.7023,M1
29.0,-190.0,850.0,0.85,0.85,0.7023,M1
29.0,-185.0,850.0,0.85,0.85,0.7023,M1
29.0,-180.0,850.0,0.85,0.85,0.7023,M1
29.0,-175.0,850.0,0.85,0.85,0.7023,M1
29.0,-170.0,850.0,0.85,0.85,0.7023,M1
29.0,-165.0,850.0,0.85,0.85,0.7023,M1
29.0,-160.0,850.0,0.85,0.85,0.7023,M1
29.0,-155.0,850.0,0.85,0.85,0.7023,M1
29.0,-150.0,850.0,0.85,0.85,0.7023,M1
29.0,-145.0,850.0,0.85,0.85,0.7023,M1
29.0,-140.0,850.0,0.85,0.85,0.7023,M1
29.0,-135.0,850.0,0.85,0.85,0.7023,M1
29.0,-130.0,850.0,0.85,0.85,0.7023,M1
29.0,-125.0,850.0,0.85,0.85,0.7023,M1
29.0,-120.0,850.0,0.85,0.85,0.7023,M1
29.0,-115.0,850.0,0.85,0.85,0.7023,M1
29.0,-110.0,850.0,0.85,0.85,0.7023,M1
29.0,-105.0,850.0,0.85,0.85,0.7023,M1
29.0,-100.0,850.0,0.85,0.85,0.7023,M1
29.0,-95.0,850.0,0.85,0.85,0.7023,M1
29.0,-90.0,850.0,0.85,0.85,0.7023,M1
29.0,-85.0,850.0,0.85,0.85,0.7023,M1
29.0,-80.0,850.0,0.85,0.85,0.7023,M1
29.0,-75.0,850.0,0.85,0.85,0.7023,M1
29.0,-70.0,850.0,0.85,0.85,0.7023,M1
29.0,-65.0,850.0,0.85,0.85,0.7023,M1
29.0,-60.0,850.0,0.85,0.85,0.7023,M1
29.0,-55.0,850.0,0.85,0.85,0.7048,M1
29.0,-50.0,850.0,0.85,0.85,0.7168,M1
29.0,-45.0,850.0,0.85,0.85,0.7284,M1
29.0,-40.0,850.0,0.85,0.85,0.7398,M1
29.0,-35.0,850.0,0.85,0.85,0.7513,M1
29.0,-30.0,850.0,0.85,0.85,0.7851,M1
29.0,-25.0,850.0,0.85,0.85,0.8231,M1
29.0,-20.0,850.0,0.85,0.85,0.8608,M1
29.0,-15.0,850.0,0.85,0.85,0.8978,M1
29.0,-10.0,850.0,0.85,0.85,0.9336,M1
29.0,-5.0,850.0,0.85,0.85,0.9678,M1
29.0,0.0,850.0,0.85,0.85,1.0,M1
29.0,5.0,850.0,0.85,0.85,1.0,M1
29.0,10.0,850.0,0.85,0.85,1.0,M1
29.0,15.0,850.0,0.85,0.85,1.0,M1
29.0,20.0,850.0,0.85,0.85,1.0,M1
29.0,25.0,850.0,0.85,0.85,1.0,M1
29.0,30.0,850.0,0.85,0.85,1.0,M1
29.0,35.0,850.0,0.85,0.85,1.0,M1
29.0,40.0,850.0,0.85,0.85,1.0,M1
29.0,45.0,850.0,0.85,0.85,1.0,M1
29.0,50.0,850.0,0.85,0.85,1.0,M1
29.0,55.0,850.0,0.85,0.85,1.0,M1
29.0,60.0,850.0,0.85,0.85,1.0,M1
29.0,65.0,850.0,0.85,0.85,1.0,M1
29.0,70.0,850.0,0.85,0.85,1.0,M1
29.0,75.0,850.0,0.85,0.85,1.0,M1
29.0,80.0,850.0,0.85,0.85,0.0,M0
29.0,85.0,850.0,0.85,0.85,0.0,M0
29.0,90.0,850.0,0.85,0.85,0.0,M0
29.0,95.0,850.0,0.85,0.85,0.0,M0
29.0,100.0,850.0,0.85,0.85,0.0,M0
29.0,105.0,850.0,0.85,0.85,0.0,M0
29.0,110.0,850.0,0.85,0.85,0.0,M0
29.0,115.0,850.0,0.85,0.85,0.0,M0
29.0,120.0,850.0,0.85,0.85,0.0,M0
29.0,125.0,850.0,0.85,0.85,0.0,M0
29.0,130.0,850.0,0.85,0.85,0.0,M0
29.0,135.0,850.0,0.85,0.85,0.0,M0
29.0,140.0,850.0,0.85,0.85,0.0,M0
29.0,145.0,850.0,0.85,0.85,0.0,M0
29.0,150.0,850.0,0.85,0.85,0.0,M0
29.0,155.0,850.0,0.85,0.85,0.0,M0
29.0,160.0,850.0,0.85,0.85,0.0,M0
29.0,165.0,850.0,0.85,0.85,0.0,M0
29.0,170.0,850.0,0.85,0.85,0.0,M0
29.0,175.0,850.0,0.85,0.85,0.0,M0
29.0,180.0,850.0,0.85,0.85,0.0,M0
29.0,185.0,850.0,0.85,0.85,0.0,M0
29.0,190.0,850.0,0.85,0.85,0.0,M0
29.0,195.0,850.0,0.85,0.85,0.0,M0
29.0,200.0,850.0,0.85,0.85,0.0,M0
29.0,205.0,850.0,0.85,0.85,0.0,M0
29.0,210.0,850.0,0.85,0.85,0.0,M0
29.0,215.0,850.0,0.85,0.85,0.0,M0
29.0,220.0,850.0,0.85,0.85,0.0,M0
29.0,225.0,850.0,0.85,0.85,0.0,M0
29.0,230.0,850.0,0.85,0.85,0.0,M0
29.0,235.0,850.0,0.85,0.85,0.0,M0
29.0,240.0,850.0,0.85,0.85,0.0,M0
29.0,245.0,850.0,0.85,0.85,0.0,M0
29.0,250.0,850.0,0.85,0.85,0.0,M0
29.0,255.0,850.0,0.85,0.85,0.0,M0
29.0,260.0,850.0,0.85,0.85,0.0,M0
29.0,265.0,850.0,0.85,0.85,0.0,M0
29.0,270.0,850.0,0.85,0.85,0.0,M0
29.0,275.0,850.0,0.85,0.85,0.0,M0
29.0,280.0,850.0,0.85,0.85,0.0,M0
29.0,285.0,850.0,0.85,0.85,0.0,M0
29.0,290.0,850.0,0.85,0.85,0.0,M0
29.0,295.0,850.0,0.85,0.85,0.0,M0
29.0,300.0,850.0,0.85,0.85,0.0,M0
30.0,-350.0,850.0,0.85,0.85,0.8076,M1
30.0,-345.0,850.0,0.85,0.85,0.7918,M1
30.0,-340.0,850.0,0.85,0.85,0.7772,M1
30.0,-335.0,850.0,0.85,0.85,0.7637,M1
30.0,-330.0,850.0,0.85,0.85,0.7511,M1
30.0,-325.0,850.0,0.85,0.85,0.7394,M1
30.0,-320.0,850.0,0.85,0.85,0.7286,M1
30.0,-315.0,850.0,0.85,0.85,0.7184,M1
30.0,-310.0,850.0,0.85,0.85,0.709,M1
30.0,-305.0,850.0,0.85,0.85,0.7003,M1
30.0,-300.0,850.0,0.85,0.85,0.6921,M1
30.0,-295.0,850.0,0.85,0.85,0.6921,M1
30.0,-290.0,850.0,0.85,0.85,0.6921,M1
30.0,-285.0,850.0,0.85,0.85,0.6921,M1
30.0,-280.0,850.0,0.85,0.85,0.6921,M1
30.0,-275.0,850.0,0.85,0.85,0.6921,M1
30.0,-270.0,850.0,0.85,0.85,0.6921,M1
30.0,-265.0,850.0,0.85,0.85,0.6921,M1
30.0,-260.0,850.0,0.85,0.85,0.6921,M1
30.0,-255.0,850.0,0.85,0.85,0.6921,M1
30.0,-250.0,850.0,0.85,0.85,0.6921,M1
30.0,-245.0,850.0,0.85,0.85,0.6921,M1
30.0,-240.0,850.0,0.85,0.85,0.6921,M1
30.0,-235.0,850.0,0.85,0.85,0.6921,M1
30.0,-230.0,850.0,0.85,0.85,0.6921,M1
30.0,-225.0,850.0,0.85,0.85,0.6921,M1
30.0,-220.0,850.0,0.85,0.85,0.6921,M1
30.0,-215.0,850.0,0.85,0.85,0.6921,M1
30.0,-210.0,850.0,0.85,0.85,0.6921,M1
30.0,-205.0,850.0,0.85,0.85,0.6921,M1
30.0,-200.0,850.0,0.85,0.85,0.6921,M1
30.0,-195.0,850.0,0.85,0.85,0.6921,M1
30.0,-190.0,850.0,0.85,0.85,0.6921,M1
30.0,-185.0,850.0,0.85,0.85,0.6921,M1
30.0,-180.0,850.0,0.85,0.85,0.6921,M1
30.0,-175.0,850.0,0.85,0.85,0.6921,M1
30.0,-170.0,850.0,0.85,0.85,0.6921,M1
30.0,-165.0,850.0,0.85,0.85,0.6921,M1
30.0,-160.0,850.0,0.85,0.85,0.6921,M1
30.0,-155.0,850.0,0.85,0.85,0.6921,M1
30.0,-150.0,850.0,0.85,0.85,0.6921,M1
30.0,-145.0,850.0,0.85,0.85,0.6921,M1
30.0,-140.0,850.0,0.85,0.85,0.6921,M1
30.0,-135.0,850.0,0.85,0.85,0.6921,M1
30.0,-130.0,850.0,0.85,0.85,0.6921,M1
30.0,-125.0,850.0,0.85,0.85,0.6921,M1
30.0,-120.0,850.0,0.85,0.85,0.6921,M1
30.0,-115.0,850.0,0.85,0.85,0.6921,M1
30.0,-110.0,850.0,0.85,0.85,0.6921,M1
30.0,-105.0,850.0,0.85,0.85,0.6921,M1
30.0,-100.0,850.0,0.85,0.85,0.6921,M1
30.0,-95.0,850.0,0.85,0.85,0.6921,M1
30.0,-90.0,850.0,0.85,0.85,0.6921,M1
30.0,-85.0,850.0,0.85,0.85,0.6921,M1
30.0,-80.0,850.0,0.85,0.85,0.6921,M1
30.0,-75.0,850.0,0.85,0.85,0.6921,M1
30.0,-70.0,850.0,0.85,0.85,0.6921,M1
30.0,-65.0,850.0,0.85,0.85,0.6921,M1
30.0,-60.0,850.0,0.85,0.85,0.6921,M1
30.0,-55.0,850.0,0.85,0.85,0.7048,M1
30.0,-50.0,850.0,0.85,0.85,0.7168,M1
30.0,-45.0,850.0,0.85,0.85,0.7284,M1
30.0,-40.0,850.0,0.85,0.85,0.7398,M1
30.0,-35.0,850.0,0.85,0.85,0.7513,M1
30.0,-30.0,850.0,0.85,0.85,0.7851,M1
30.0,-25.0,850.0,0.85,0.85,0.8231,M1
30.0,-20.0,850.0,0.85,0.85,0.8608,M1
30.0,-15.0,850.0,0.85,0.85,0.8978,M1
30.0,-10.0,850.0,0.85,0.85,0.9336,M1
30.0,-5.0,850.0,0.85,0.85,0.9678,M1
30.0,0.0,850.0,0.85,0.85,1.0,M1
30.0,5.0,850.0,0.85,0.85,1.0,M1
30.0,10.0,850.0,0.85,0.85,1.0,M1
30.0,15.0,850.0,0.85,0.85,1.0,M1
30.0,20.0,850.0,0.85,0.85,1.0,M1
30.0,25.0,850.0,0.85,0.85,1.0,M1
30.0,30.0,850.0,0.85,0.85,1.0,M1
30.0,35.0,850.0,0.85,0.85,1.0,M1
30.0,40.0,850.0,0.85,0.85,1.0,M1
30.0,45.0,850.0,0.85,0.85,1.0,M1
30.0,50.0,850.0,0.85,0.85,1.0,M1
30.0,55.0,850.0,0.85,0.85,1.0,M1
30.0,60.0,850.0,0.85,0.85,1.0,M1
30.0,65.0,850.0,0.85,0.85,1.0,M1
30.0,70.0,850.0,0.85,0.85,1.0,M1
30.0,75.0,850.0,0.85,0.85,1.0,M1
30.0,80.0,850.0,0.85,0.85,0.0,M0
30.0,85.0,850.0,0.85,0.85,0.0,M0
30.0,90.0,850.0,0.85,0.85,0.0,M0
30.0,95.0,850.0,0.85,0.85,0.0,M0
30.0,100.0,850.0,0.85,0.85,0.0,M0
30.0,105.0,850.0,0.85,0.85,0.0,M0
30.0,110.0,850.0,0.85,0.85,0.0,M0
30.0,115.0,850.0,0.85,0.85,0.0,M0
30.0,120.0,850.0,0.85,0.85,0.0,M0
30.0,125.0,850.0,0.85,0.85,0.0,M0
30.0,130.0,850.0,0.85,0.85,0.0,M0
30.0,135.0,850.0,0.85,0.85,0.0,M0
30.0,140.0,850.0,0.85,0.85,0.0,M0
30.0,145.0,850.0,0.85,0.85,0.0,M0
30.0,150.0,850.0,0.85,0.85,0.0,M0
30.0,155.0,850.0,0.85,0.85,0.0,M0
30.0,160.0,850.0,0.85,0.85,0.0,M0
30.0,165.0,850.0,0.85,0.85,0.0,M0
30.0,170.0,850.0,0.85,0.85,0.0,M0
30.0,175.0,850.0,0.85,0.85,0.0,M0
30.0,180.0,850.0,0.85,0.85,0.0,M0
30.0,185.0,850.0,0.85,0.85,0.0,M0
30.0,190.0,850.0,0.85,0.85,0.0,M0
30.0,195.0,850.0,0.85,0.85,0.0,M0
30.0,200.0,850.0,0.85,0.85,0.0,M0
30.0,205.0,850.0,0.85,0.85,0.0,M0
30.0,210.0,850.0,0.85,0.85,0.0,M0
30.0,215.0,850.0,0.85,0.85,0.0,M0
30.0,220.0,850.0,0.85,0.85,0.0,M0
30.0,225.0,850.0,0.85,0.85,0.0,M0
30.0,230.0,850.0,0.85,0.85,0.0,M0
30.0,235.0,850.0,0.85,0.85,0.0,M0
30.0,240.0,850.0,0.85,0.85,0.0,M0
30.0,245.0,850.0,0.85,0.85,0.0,M0
30.0,250.0,850.0,0.85,0.85,0.0,M0
30.0,255.0,850.0,0.85,0.85,0.0,M0
30.0,260.0,850.0,0.85,0.85,0.0,M0
30.0,265.0,850.0,0.85,0.85,0.0,M0
30.0,270.0,850.0,0.85,0.85,0.0,M0
30.0,275.0,850.0,0.85,0.85,0.0,M0
30.0,280.0,850.0,0.85,0.85,0.0,M0
30.0,285.0,850.0,0.85,0.85,0.0,M0
30.0,290.0,850.0,0.85,0.85,0.0,M0
30.0,295.0,850.0,0.85,0.85,0.0,M0
30.0,300.0,850.0,0.85,0.85,0.0,M0
31.0,-350.0,850.0,0.85,0.85,0.8076,M1
31.0,-345.0,850.0,0.85,0.85,0.7918,M1
31.0,-340.0,850.0,0.85,0.85,0.7772,M1
31.0,-335.0,850.0,0.85,0.85,0.7637,M1
31.0,-330.0,850.0,0.85,0.85,0.7511,M1
31.0,-325.0,850.0,0.85,0.85,0.7394,M1
31.0,-320.0,850.0,0.85,0.85,0.7286,M1
31.0,-315.0,850.0,0.85,0.85,0.7184,M1
31.0,-310.0,850.0,0.85,0.85,0.709,M1
31.0,-305.0,850.0,0.85,0.85,0.7031,M1
31.0,-300.0,850.0,0.85,0.85,0.7031,M1
31.0,-295.0,850.0,0.85,0.85,0.7031,M1
31.0,-290.0,850.0,0.85,0.85,0.7031,M1
31.0,-285.0,850.0,0.85,0.85,0.7031,M1
31.0,-280.0,850.0,0.85,0.85,0.7031,M1
31.0,-275.0,850.0,0.85,0.85,0.7031,M1
31.0,-270.0,850.0,0.85,0.85,0.7031,M1
31.0,-265.0,850.0,0.85,0.85,0.7031,M1
31.0,-260.0,850.0,0.85,0.85,0.7031,M1
31.0,-255.0,850.0,0.85,0.85,0.7031,M1
31.0,-250.0,850.0,0.85,0.85,0.7031,M1
31.0,-245.0,850.0,0.85,0.85,0.7031,M1
31.0,-240.0,850.0,0.85,0.85,0.7031,M1
31.0,-235.0,850.0,0.85,0.85,0.7031,M1
31.0,-230.0,850.0,0.85,0.85,0.7031,M1
31.0,-225.0,850.0,0.85,0.85,0.7031,M1
31.0,-220.0,850.0,0.85,0.85,0.7031,M1
31.0,-215.0,850.0,0.85,0.85,0.7027,M1
31.0,-210.0,850.0,0.85,0.85,0.7023,M1
31.0,-205.0,850.0,0.85,0.85,0.7023,M1
31.0,-200.0,850.0,0.85,0.85,0.7023,M1
31.0,-195.0,850.0,0.85,0.85,0.7023,M1
31.0,-190.0,850.0,0.85,0.85,0.7023,M1
31.0,-185.0,850.0,0.85,0.85,0.7023,M1
31.0,-180.0,850.0,0.85,0.85,0.7023,M1
31.0,-175.0,850.0,0.85,0.85,0.7023,M1
31.0,-170.0,850.0,0.85,0.85,0.7023,M1
31.0,-165.0,850.0,0.85,0.85,0.7023,M1
31.0,-160.0,850.0,0.85,0.85,0.7023,M1
31.0,-155.0,850.0,0.85,0.85,0.7023,M1
31.0,-150.0,850.0,0.85,0.85,0.7023,M1
31.0,-145.0,850.0,0.85,0.85,0.7023,M1
31.0,-140.0,850.0,0.85,0.85,0.7023,M1
31.0,-135.0,850.0,0.85,0.85,0.7023,M1
31.0,-130.0,850.0,0.85,0.85,0.7023,M1
31.0,-125.0,850.0,0.85,0.85,0.7023,M1
31.0,-120.0,850.0,0.85,0.85,0.7023,M1
31.0,-115.0,850.0,0.85,0.85,0.7023,M1
31.0,-110.0,850.0,0.85,0.85,0.7023,M1
31.0,-105.0,850.0,0.85,0.85,0.7023,M1
31.0,-100.0,850.0,0.85,0.85,0.7023,M1
31.0,-95.0,850.0,0.85,0.85,0.7023,M1
31.0,-90.0,850.0,0.85,0.85,0.7023,M1
31.0,-85.0,850.0,0.85,0.85,0.7023,M1
31.0,-80.0,850.0,0.85,0.85,0.7023,M1
31.0,-75.0,850.0,0.85,0.85,0.7023,M1
31.0,-70.0,850.0,0.85,0.85,0.7023,M1
31.0,-65.0,850.0,0.85,0.85,0.7023,M1
31.0,-60.0,850.0,0.85,0.85,0.7023,M1
31.0,-55.0,850.0,0.85,0.85,0.7048,M1
31.0,-50.0,850.0,0.85,0.85,0.7168,M1
31.0,-45.0,850.0,0.85,0.85,0.7284,M1
31.0,-40.0,850.0,0.85,0.85,0.7398,M1
31.0,-35.0,850.0,0.85,0.85,0.7513,M1
31.0,-30.0,850.0,0.85,0.85,0.7851,M1
31.0,-25.0,850.0,0.85,0.85,0.8231,M1
31.0,-20.0,850.0,0.85,0.85,0.8608,M1
31.0,-15.0,850.0,0.85,0.85,0.8978,M1
31.0,-10.0,850.0,0.85,0.85,0.9336,M1
31.0,-5.0,850.0,0.85,0.85,0.9678,M1
31.0,0.0,850.0,0.85,0.85,1.0,M1
31.0,5.0,850.0,0.85,0.85,1.0,M1
31.0,10.0,850.0,0.85,0.85,1.0,M1
31.0,15.0,850.0,0.85,0.85,1.0,M1
31.0,20.0,850.0,0.85,0.85,1.0,M1
31.0,25.0,850.0,0.85,0.85,1.0,M1
31.0,30.0,850.0,0.85,0.85,1.0,M1
31.0,35.0,850.0,0.85,0.85,1.0,M1
31.0,40.0,850.0,0.85,0.85,1.0,M1
31.0,45.0,850.0,0.85,0.85,1.0,M1
31.0,50.0,850.0,0.85,0.85,1.0,M1
31.0,55.0,850.0,0.85,0.85,1.0,M1
31.0,60.0,850.0,0.85,0.85,1.0,M1
31.0,65.0,850.0,0.85,0.85,1.0,M1
31.0,70.0,850.0,0.85,0.85,1.0,M1
31.0,75.0,850.0,0.85,0.85,1.0,M1
31.0,80.0,850.0,0.85,0.85,0.0,M0
31.0,85.0,850.0,0.85,0.85,0.0,M0
31.0,90.0,850.0,0.85,0.85,0.0,M0
31.0,95.0,850.0,0.85,0.85,0.0,M0
31.0,100.0,850.0,0.85,0.85,0.0,M0
31.0,105.0,850.0,0.85,0.85,0.0,M0
31.0,110.0,850.0,0.85,0.85,0.0,M0
31.0,115.0,850.0,0.85,0.85,0.0,M0
31.0,120.0,850.0,0.85,0.85,0.0,M0
31.0,125.0,850.0,0.85,0.85,0.0,M0
31.0,130.0,850.0,0.85,0.85,0.0,M0
31.0,135.0,850.0,0.85,0.85,0.0,M0
31.0,140.0,850.0,0.85,0.85,0.0,M0
31.0,145.0,850.0,0.85,0.85,0.0,M0
31.0,150.0,850.0,0.85,0.85,0.0,M0
31.0,155.0,850.0,0.85,0.85,0.0,M0
31.0,160.0,850.0,0.85,0.85,0.0,M0
31.0,165.0,850.0,0.85,0.85,0.0,M0
31.0,170.0,850.0,0.85,0.85,0.0,M0
31.0,175.0,850.0,0.85,0.85,0.0,M0
31.0,180.0,850.0,0.85,0.85,0.0,M0
31.0,185.0,850.0,0.85,0.85,0.0,M0
31.0,190.0,850.0,0.85,0.85,0.0,M0
31.0,195.0,850.0,0.85,0.85,0.0,M0
31.0,200.0,850.0,0.85,0.85,0.0,M0
31.0,205.0,850.0,0.85,0.85,0.0,M0
31.0,210.0,850.0,0.85,0.85,0.0,M0
31.0,215.0,850.0,0.85,0.85,0.0,M0
31.0,220.0,850.0,0.85,0.85,0.0,M0
31.0,225.0,850.0,0.85,0.85,0.0,M0
31.0,230.0,850.0,0.85,0.85,0.0,M0
31.0,235.0,850.0,0.85,0.85,0.0,M0
31.0,240.0,850.0,0.85,0.85,0.0,M0
31.0,245.0,850.0,0.85,0.85,0.0,M0
31.0,250.0,850.0,0.85,0.85,0.0,M0
31.0,255.0,850.0,0.85,0.85,0.0,M0
31.0,260.0,850.0,0.85,0.85,0.0,M0
31.0,265.0,850.0,0.85,0.85,0.0,M0
31.0,270.0,850.0,0.85,0.85,0.0,M0
31.0,275.0,850.0,0.85,0.85,0.0,M0
31.0,280.0,850.0,0.85,0.85,0.0,M0
31.0,285.0,850.0,0.85,0.85,0.0,M0
31.0,290.0,850.0,0.85,0.85,0.0,M0
31.0,295.0,850.0,0.85,0.85,0.0,M0
31.0,300.0,850.0,0.85,0.85,0.0,M0
32.0,-350.0,850.0,0.85,0.85,0.8076,M1
32.0,-345.0,850.0,0.85,0.85,0.7918,M1
32.0,-340.0,850.0,0.85,0.85,0.7772,M1
32.0,-335.0,850.0,0.85,0.85,0.7637,M1
32.0,-330.0,850.0,0.85,0.85,0.7511,M1
32.0,-325.0,850.0,0.85,0.85,0.7394,M1
32.0,-320.0,850.0,0.85,0.85,0.7286,M1
32.0,-315.0,850.0,0.85,0.85,0.7184,M1
32.0,-310.0,850.0,0.85,0.85,0.7152,M1
32.0,-305.0,850.0,0.85,0.85,0.7152,M1
32.0,-300.0,850.0,0.85,0.85,0.7152,M1
32.0,-295.0,850.0,0.85,0.85,0.7152,M1
32.0,-290.0,850.0,0.85,0.85,0.7152,M1
32.0,-285.0,850.0,0.85,0.85,0.7152,M1
32.0,-280.0,850.0,0.85,0.85,0.7152,M1
32.0,-275.0,850.0,0.85,0.85,0.7152,M1
32.0,-270.0,850.0,0.85,0.85,0.7152,M1
32.0,-265.0,850.0,0.85,0.85,0.7152,M1
32.0,-260.0,850.0,0.85,0.85,0.7152,M1
32.0,-255.0,850.0,0.85,0.85,0.7152,M1
32.0,-250.0,850.0,0.85,0.85,0.7152,M1
32.0,-245.0,850.0,0.85,0.85,0.7152,M1
32.0,-240.0,850.0,0.85,0.85,0.7152,M1
32.0,-235.0,850.0,0.85,0.85,0.7152,M1
32.0,-230.0,850.0,0.85,0.85,0.7152,M1
32.0,-225.0,850.0,0.85,0.85,0.7152,M1
32.0,-220.0,850.0,0.85,0.85,0.7152,M1
32.0,-215.0,850.0,0.85,0.85,0.7148,M1
32.0,-210.0,850.0,0.85,0.85,0.7134,M1
32.0,-205.0,850.0,0.85,0.85,0.712,M1
32.0,-200.0,850.0,0.85,0.85,0.712,M1
32.0,-195.0,850.0,0.85,0.85,0.712,M1
32.0,-190.0,850.0,0.85,0.85,0.712,M1
32.0,-185.0,850.0,0.85,0.85,0.712,M1
32.0,-180.0,850.0,0.85,0.85,0.712,M1
32.0,-175.0,850.0,0.85,0.85,0.712,M1
32.0,-170.0,850.0,0.85,0.85,0.712,M1
32.0,-165.0,850.0,0.85,0.85,0.712,M1
32.0,-160.0,850.0,0.85,0.85,0.712,M1
32.0,-155.0,850.0,0.85,0.85,0.712,M1
32.0,-150.0,850.0,0.85,0.85,0.712,M1
32.0,-145.0,850.0,0.85,0.85,0.712,M1
32.0,-140.0,850.0,0.85,0.85,0.712,M1
32.0,-135.0,850.0,0.85,0.85,0.712,M1
32.0,-130.0,850.0,0.85,0.85,0.712,M1
32.0,-125.0,850.0,0.85,0.85,0.712,M1
32.0,-120.0,850.0,0.85,0.85,0.712,M1
32.0,-115.0,850.0,0.85,0.85,0.712,M1
32.0,-110.0,850.0,0.85,0.85,0.712,M1
32.0,-105.0,850.0,0.85,0.85,0.712,M1
32.0,-100.0,850.0,0.85,0.85,0.712,M1
32.0,-95.0,850.0,0.85,0.85,0.712,M1
32.0,-90.0,850.0,0.85,0.85,0.712,M1
32.0,-85.0,850.0,0.85,0.85,0.712,M1
32.0,-80.0,850.0,0.85,0.85,0.712,M1
32.0,-75.0,850.0,0.85,0.85,0.712,M1
32.0,-70.0,850.0,0.85,0.85,0.712,M1
32.0,-65.0,850.0,0.85,0.85,0.712,M1
32.0,-60.0,850.0,0.85,0.85,0.712,M1
32.0,-55.0,850.0,0.85,0.85,0.712,M1
32.0,-50.0,850.0,0.85,0.85,0.7168,M1
32.0,-45.0,850.0,0.85,0.85,0.7284,M1
32.0,-40.0,850.0,0.85,0.85,0.7398,M1
32.0,-35.0,850.0,0.85,0.85,0.7513,M1
32.0,-30.0,850.0,0.85,0.85,0.7851,M1
32.0,-25.0,850.0,0.85,0.85,0.8231,M1
32.0,-20.0,850.0,0.85,0.85,0.8608,M1
32.0,-15.0,850.0,0.85,0.85,0.8978,M1
32.0,-10.0,850.0,0.85,0.85,0.9335,M1
32.0,-5.0,850.0,0.85,0.85,0.9674,M1
32.0,0.0,850.0,0.85,0.85,1.0,M1
32.0,5.0,850.0,0.85,0.85,1.0,M1
32.0,10.0,850.0,0.85,0.85,1.0,M1
32.0,15.0,850.0,0.85,0.85,1.0,M1
32.0,20.0,850.0,0.85,0.85,1.0,M1
32.0,25.0,850.0,0.85,0.85,1.0,M1
32.0,30.0,850.0,0.85,0.85,1.0,M1
32.0,35.0,850.0,0.85,0.85,1.0,M1
32.0,40.0,850.0,0.85,0.85,1.0,M1
32.0,45.0,850.0,0.85,0.85,1.0,M1
32.0,50.0,850.0,0.85,0.85,1.0,M1
32.0,55.0,850.0,0.85,0.85,1.0,M1
32.0,60.0,850.0,0.85,0.85,1.0,M1
32.0,65.0,850.0,0.85,0.85,1.0,M1
32.0,70.0,850.0,0.85,0.85,1.0,M1
32.0,75.0,850.0,0.85,0.85,1.0,M1
32.0,80.0,850.0,0.85,0.85,0.0,M0
32.0,85.0,850.0,0.85,0.85,0.0,M0
32.0,90.0,850.0,0.85,0.85,0.0,M0
32.0,95.0,850.0,0.85,0.85,0.0,M0
32.0,100.0,850.0,0.85,0.85,0.0,M0
32.0,105.0,850.0,0.85,0.85,0.0,M0
32.0,110.0,850.0,0.85,0.85,0.0,M0
32.0,115.0,850.0,0.85,0.85,0.0,M0
32.0,120.0,850.0,0.85,0.85,0.0,M0
32.0,125.0,850.0,0.85,0.85,0.0,M0
32.0,130.0,850.0,0.85,0.85,0.0,M0
32.0,135.0,850.0,0.85,0.85,0.0,M0
32.0,140.0,850.0,0.85,0.85,0.0,M0
32.0,145.0,850.0,0.85,0.85,0.0,M0
32.0,150.0,850.0,0.85,0.85,0.0,M0
32.0,155.0,850.0,0.85,0.85,0.0,M0
32.0,160.0,850.0,0.85,0.85,0.0,M0
32.0,165.0,850.0,0.85,0.85,0.0,M0
32.0,170.0,850.0,0.85,0.85,0.0,M0
32.0,175.0,850.0,0.85,0.85,0.0,M0
32.0,180.0,850.0,0.85,0.85,0.0,M0
32.0,185.0,850.0,0.85,0.85,0.0,M0
32.0,190.0,850.0,0.85,0.85,0.0,M0
32.0,195.0,850.0,0.85,0.85,0.0,M0
32.0,200.0,850.0,0.85,0.85,0.0,M0
32.0,205.0,850.0,0.85,0.85,0.0,M0
32.0,210.0,850.0,0.85,0.85,0.0,M0
32.0,215.0,850.0,0.85,0.85,0.0,M0
32.0,220.0,850.0,0.85,0.85,0.0,M0
32.0,225.0,850.0,0.85,0.85,0.0,M0
32.0,230.0,850.0,0.85,0.85,0.0,M0
32.0,235.0,850.0,0.85,0.85,0.0,M0
32.0,240.0,850.0,0.85,0.85,0.0,M0
32.0,245.0,850.0,0.85,0.85,0.0,M0
32.0,250.0,850.0,0.85,0.85,0.0,M0
32.0,255.0,850.0,0.85,0.85,0.0,M0
32.0,260.0,850.0,0.85,0.85,0.0,M0
32.0,265.0,850.0,0.85,0.85,0.0,M0
32.0,270.0,850.0,0.85,0.85,0.0,M0
32.0,275.0,850.0,0.85,0.85,0.0,M0
32.0,280.0,850.0,0.85,0.85,0.0,M0
32.0,285.0,850.0,0.85,0.85,0.0,M0
32.0,290.0,850.0,0.85,0.85,0.0,M0
32.0,295.0,850.0,0.85,0.85,0.0,M0
32.0,300.0,850.0,0.85,0.85,0.0,M0
33.0,-350.0,850.0,0.85,0.85,0.8076,M1
33.0,-345.0,850.0,0.85,0.85,0.7918,M1
33.0,-340.0,850.0,0.85,0.85,0.7772,M1
33.0,-335.0,850.0,0.85,0.85,0.7637,M1
33.0,-330.0,850.0,0.85,0.85,0.7511,M1
33.0,-325.0,850.0,0.85,0.85,0.7394,M1
33.0,-320.0,850.0,0.85,0.85,0.7286,M1
33.0,-315.0,850.0,0.85,0.85,0.7286,M1
33.0,-310.0,850.0,0.85,0.85,0.7286,M1
33.0,-305.0,850.0,0.85,0.85,0.7286,M1
33.0,-300.0,850.0,0.85,0.85,0.7286,M1
33.0,-295.0,850.0,0.85,0.85,0.7286,M1
33.0,-290.0,850.0,0.85,0.85,0.7286,M1
33.0,-285.0,850.0,0.85,0.85,0.7286,M1
33.0,-280.0,850.0,0.85,0.85,0.7286,M1
33.0,-275.0,850.0,0.85,0.85,0.7286,M1
33.0,-270.0,850.0,0.85,0.85,0.7286,M1
33.0,-265.0,850.0,0.85,0.85,0.7286,M1
33.0,-260.0,850.0,0.85,0.85,0.7286,M1
33.0,-255.0,850.0,0.85,0.85,0.7286,M1
33.0,-250.0,850.0,0.85,0.85,0.7286,M1
33.0,-245.0,850.0,0.85,0.85,0.7286,M1
33.0,-240.0,850.0,0.85,0.85,0.7286,M1
33.0,-235.0,850.0,0.85,0.85,0.7286,M1
33.0,-230.0,850.0,0.85,0.85,0.7286,M1
33.0,-225.0,850.0,0.85,0.85,0.7286,M1
33.0,-220.0,850.0,0.85,0.85,0.7286,M1
33.0,-215.0,850.0,0.85,0.85,0.7281,M1
33.0,-210.0,850.0,0.85,0.85,0.7268,M1
33.0,-205.0,850.0,0.85,0.85,0.7246,M1
33.0,-200.0,850.0,0.85,0.85,0.7214,M1
33.0,-195.0,850.0,0.85,0.85,0.7214,M1
33.0,-190.0,850.0,0.85,0.85,0.7214,M1
33.0,-185.0,850.0,0.85,0.85,0.7214,M1
33.0,-180.0,850.0,0.85,0.85,0.7214,M1
33.0,-175.0,850.0,0.85,0.85,0.7214,M1
33.0,-170.0,850.0,0.85,0.85,0.7214,M1
33.0,-165.0,850.0,0.85,0.85,0.7214,M1
33.0,-160.0,850.0,0.85,0.85,0.7214,M1
33.0,-155.0,850.0,0.85,0.85,0.7214,M1
33.0,-150.0,850.0,0.85,0.85,0.7214,M1
33.0,-145.0,850.0,0.85,0.85,0.7214,M1
33.0,-140.0,850.0,0.85,0.85,0.7214,M1
33.0,-135.0,850.0,0.85,0.85,0.7214,M1
33.0,-130.0,850.0,0.85,0.85,0.7214,M1
33.0,-125.0,850.0,0.85,0.85,0.7214,M1
33.0,-120.0,850.0,0.85,0.85,0.7214,M1
33.0,-115.0,850.0,0.85,0.85,0.7214,M1
33.0,-110.0,850.0,0.85,0.85,0.7214,M1
33.0,-105.0,850.0,0.85,0.85,0.7214,M1
33.0,-100.0,850.0,0.85,0.85,0.7214,M1
33.0,-95.0,850.0,0.85,0.85,0.7214,M1
33.0,-90.0,850.0,0.85,0.85,0.7214,M1
33.0,-85.0,850.0,0.85,0.85,0.7214,M1
33.0,-80.0,850.0,0.85,0.85,0.7214,M1
33.0,-75.0,850.0,0.85,0.85,0.7214,M1
33.0,-70.0,850.0,0.85,0.85,0.7214,M1
33.0,-65.0,850.0,0.85,0.85,0.7214,M1
33.0,-60.0,850.0,0.85,0.85,0.7214,M1
33.0,-55.0,850.0,0.85,0.85,0.7214,M1
33.0,-50.0,850.0,0.85,0.85,0.7214,M1
33.0,-45.0,850.0,0.85,0.85,0.7284,M1
33.0,-40.0,850.0,0.85,0.85,0.7398,M1
33.0,-35.0,850.0,0.85,0.85,0.7513,M1
33.0,-30.0,850.0,0.85,0.85,0.7851,M1
33.0,-25.0,850.0,0.85,0.85,0.8231,M1
33.0,-20.0,850.0,0.85,0.85,0.8608,M1
33.0,-15.0,850.0,0.85,0.85,0.8974,M1
33.0,-10.0,850.0,0.85,0.85,0.9321,M1
33.0,-5.0,850.0,0.85,0.85,0.9667,M1
33.0,0.0,850.0,0.85,0.85,1.0,M1
33.0,5.0,850.0,0.85,0.85,1.0,M1
33.0,10.0,850.0,0.85,0.85,1.0,M1
33.0,15.0,850.0,0.85,0.85,1.0,M1
33.0,20.0,850.0,0.85,0.85,1.0,M1
33.0,25.0,850.0,0.85,0.85,1.0,M1
33.0,30.0,850.0,0.85,0.85,1.0,M1
33.0,35.0,850.0,0.85,0.85,1.0,M1
33.0,40.0,850.0,0.85,0.85,1.0,M1
33.0,45.0,850.0,0.85,0.85,1.0,M1
33.0,50.0,850.0,0.85,0.85,1.0,M1
33.0,55.0,850.0,0.85,0.85,1.0,M1
33.0,60.0,850.0,0.85,0.85,1.0,M1
33.0,65.0,850.0,0.85,0.85,1.0,M1
33.0,70.0,850.0,0.85,0.85,1.0,M1
33.0,75.0,850.0,0.85,0.85,1.0,M1
33.0,80.0,850.0,0.85,0.85,0.0,M0
33.0,85.0,850.0,0.85,0.85,0.0,M0
33.0,90.0,850.0,0.85,0.85,0.0,M0
33.0,95.0,850.0,0.85,0.85,0.0,M0
33.0,100.0,850.0,0.85,0.85,0.0,M0
33.0,105.0,850.0,0.85,0.85,0.0,M0
33.0,110.0,850.0,0.85,0.85,0.0,M0
33.0,115.0,850.0,0.85,0.85,0.0,M0
33.0,120.0,850.0,0.85,0.85,0.0,M0
33.0,125.0,850.0,0.85,0.85,0.0,M0
33.0,130.0,850.0,0.85,0.85,0.0,M0
33.0,135.0,850.0,0.85,0.85,0.0,M0
33.0,140.0,850.0,0.85,0.85,0.0,M0
33.0,145.0,850.0,0.85,0.85,0.0,M0
33.0,150.0,850.0,0.85,0.85,0.0,M0
33.0,155.0,850.0,0.85,0.85,0.0,M0
33.0,160.0,850.0,0.85,0.85,0.0,M0
33.0,165.0,850.0,0.85,0.85,0.0,M0
33.0,170.0,850.0,0.85,0.85,0.0,M0
33.0,175.0,850.0,0.85,0.85,0.0,M0
33.0,180.0,850.0,0.85,0.85,0.0,M0
33.0,185.0,850.0,0.85,0.85,0.0,M0
33.0,190.0,850.0,0.85,0.85,0.0,M0
33.0,195.0,850.0,0.85,0.85,0.0,M0
33.0,200.0,850.0,0.85,0.85,0.0,M0
33.0,205.0,850.0,0.85,0.85,0.0,M0
33.0,210.0,850.0,0.85,0.85,0.0,M0
33.0,215.0,850.0,0.85,0.85,0.0,M0
33.0,220.0,850.0,0.85,0.85,0.0,M0
33.0,225.0,850.0,0.85,0.85,0.0,M0
33.0,230.0,850.0,0.85,0.85,0.0,M0
33.0,235.0,850.0,0.85,0.85,0.0,M0
33.0,240.0,850.0,0.85,0.85,0.0,M0
33.0,245.0,850.0,0.85,0.85,0.0,M0
33.0,250.0,850.0,0.85,0.85,0.0,M0
33.0,255.0,850.0,0.85,0.85,0.0,M0
33.0,260.0,850.0,0.85,0.85,0.0,M0
33.0,265.0,850.0,0.85,0.85,0.0,M0
33.0,270.0,850.0,0.85,0.85,0.0,M0
33.0,275.0,850.0,0.85,0.85,0.0,M0
33.0,280.0,850.0,0.85,0.85,0.0,M0
33.0,285.0,850.0,0.85,0.85,0.0,M0
33.0,290.0,850.0,0.85,0.85,0.0,M0
33.0,295.0,850.0,0.85,0.85,0.0,M0
33.0,300.0,850.0,0.85,0.85,0.0,M0
34.0,-350.0,850.0,0.85,0.85,0.8076,M1
34.0,-345.0,850.0,0.85,0.85,0.7918,M1
34.0,-340.0,850.0,0.85,0.85,0.7772,M1
34.0,-335.0,850.0,0.85,0.85,0.7637,M1
34.0,-330.0,850.0,0.85,0.85,0.7511,M1
34.0,-325.0,850.0,0.85,0.85,0.7432,M1
34.0,-320.0,850.0,0.85,0.85,0.7432,M1
34.0,-315.0,850.0,0.85,0.85,0.7432,M1
34.0,-310.0,850.0,0.85,0.85,0.7432,M1
34.0,-305.0,850.0,0.85,0.85,0.7432,M1
34.0,-300.0,850.0,0.85,0.85,0.7432,M1
34.0,-295.0,850.0,0.85,0.85,0.7432,M1
34.0,-290.0,850.0,0.85,0.85,0.7432,M1
34.0,-285.0,850.0,0.85,0.85,0.7432,M1
34.0,-280.0,850.0,0.85,0.85,0.7432,M1
34.0,-275.0,850.0,0.85,0.85,0.7432,M1
34.0,-270.0,850.0,0.85,0.85,0.7432,M1
34.0,-265.0,850.0,0.85,0.85,0.7432,M1
34.0,-260.0,850.0,0.85,0.85,0.7432,M1
34.0,-255.0,850.0,0.85,0.85,0.7432,M1
34.0,-250.0,850.0,0.85,0.85,0.7432,M1
34.0,-245.0,850.0,0.85,0.85,0.7432,M1
34.0,-240.0,850.0,0.85,0.85,0.7432,M1
34.0,-235.0,850.0,0.85,0.85,0.7432,M1
34.0,-230.0,850.0,0.85,0.85,0.7432,M1
34.0,-225.0,850.0,0.85,0.85,0.7432,M1
34.0,-220.0,850.0,0.85,0.85,0.7432,M1
34.0,-215.0,850.0,0.85,0.85,0.7428,M1
34.0,-210.0,850.0,0.85,0.85,0.7415,M1
34.0,-205.0,850.0,0.85,0.85,0.7394,M1
34.0,-200.0,850.0,0.85,0.85,0.7363,M1
34.0,-195.0,850.0,0.85,0.85,0.7322,M1
34.0,-190.0,850.0,0.85,0.85,0.7306,M1
34.0,-185.0,850.0,0.85,0.85,0.7306,M1
34.0,-180.0,850.0,0.85,0.85,0.7306,M1
34.0,-175.0,850.0,0.85,0.85,0.7306,M1
34.0,-170.0,850.0,0.85,0.85,0.7306,M1
34.0,-165.0,850.0,0.85,0.85,0.7306,M1
34.0,-160.0,850.0,0.85,0.85,0.7306,M1
34.0,-155.0,850.0,0.85,0.85,0.7306,M1
34.0,-150.0,850.0,0.85,0.85,0.7306,M1
34.0,-145.0,850.0,0.85,0.85,0.7306,M1
34.0,-140.0,850.0,0.85,0.85,0.7306,M1
34.0,-135.0,850.0,0.85,0.85,0.7306,M1
34.0,-130.0,850.0,0.85,0.85,0.7306,M1
34.0,-125.0,850.0,0.85,0.85,0.7306,M1
34.0,-120.0,850.0,0.85,0.85,0.7306,M1
34.0,-115.0,850.0,0.85,0.85,0.7306,M1
34.0,-110.0,850.0,0.85,0.85,0.7306,M1
34.0,-105.0,850.0,0.85,0.85,0.7306,M1
34.0,-100.0,850.0,0.85,0.85,0.7306,M1
34.0,-95.0,850.0,0.85,0.85,0.7306,M1
34.0,-90.0,850.0,0.85,0.85,0.7306,M1
34.0,-85.0,850.0,0.85,0.85,0.7306,M1
34.0,-80.0,850.0,0.85,0.85,0.7306,M1
34.0,-75.0,850.0,0.85,0.85,0.7306,M1
34.0,-70.0,850.0,0.85,0.85,0.7306,M1
34.0,-65.0,850.0,0.85,0.85,0.7306,M1
34.0,-60.0,850.0,0.85,0.85,0.7306,M1
34.0,-55.0,850.0,0.85,0.85,0.7306,M1
34.0,-50.0,850.0,0.85,0.85,0.7306,M1
34.0,-45.0,850.0,0.85,0.85,0.7306,M1
34.0,-40.0,850.0,0.85,0.85,0.7398,M1
34.0,-35.0,850.0,0.85,0.85,0.7513,M1
34.0,-30.0,850.0,0.85,0.85,0.7851,M1
34.0,-25.0,850.0,0.85,0.85,0.8231,M1
34.0,-20.0,850.0,0.85,0.85,0.8598,M1
34.0,-15.0,850.0,0.85,0.85,0.8944,M1
34.0,-10.0,850.0,0.85,0.85,0.93,M1
34.0,-5.0,850.0,0.85,0.85,0.9656,M1
34.0,0.0,850.0,0.85,0.85,1.0,M1
34.0,5.0,850.0,0.85,0.85,1.0,M1
34.0,10.0,850.0,0.85,0.85,1.0,M1
34.0,15.0,850.0,0.85,0.85,1.0,M1
34.0,20.0,850.0,0.85,0.85,1.0,M1
34.0,25.0,850.0,0.85,0.85,1.0,M1
34.0,30.0,850.0,0.85,0.85,1.0,M1
34.0,35.0,850.0,0.85,0.85,1.0,M1
34.0,40.0,850.0,0.85,0.85,1.0,M1
34.0,45.0,850.0,0.85,0.85,1.0,M1
34.0,50.0,850.0,0.85,0.85,1.0,M1
34.0,55.0,850.0,0.85,0.85,1.0,M1
34.0,60.0,850.0,0.85,0.85,1.0,M1
34.0,65.0,850.0,0.85,0.85,1.0,M1
34.0,70.0,850.0,0.85,0.85,1.0,M1
34.0,75.0,850.0,0.85,0.85,1.0,M1
34.0,80.0,850.0,0.85,0.85,0.0,M0
34.0,85.0,850.0,0.85,0.85,0.0,M0
34.0,90.0,850.0,0.85,0.85,0.0,M0
34.0,95.0,850.0,0.85,0.85,0.0,M0
34.0,100.0,850.0,0.85,0.85,0.0,M0
34.0,105.0,850.0,0.85,0.85,0.0,M0
34.0,110.0,850.0,0.85,0.85,0.0,M0
34.0,115.0,850.0,0.85,0.85,0.0,M0
34.0,120.0,850.0,0.85,0.85,0.0,M0
34.0,125.0,850.0,0.85,0.85,0.0,M0
34.0,130.0,850.0,0.85,0.85,0.0,M0
34.0,135.0,850.0,0.85,0.85,0.0,M0
34.0,140.0,850.0,0.85,0.85,0.0,M0
34.0,145.0,850.0,0.85,0.85,0.0,M0
34.0,150.0,850.0,0.85,0.85,0.0,M0
34.0,155.0,850.0,0.85,0.85,0.0,M0
34.0,160.0,850.0,0.85,0.85,0.0,M0
34.0,165.0,850.0,0.85,0.85,0.0,M0
34.0,170.0,850.0,0.85,0.85,0.0,M0
34.0,175.0,850.0,0.85,0.85,0.0,M0
34.0,180.0,850.0,0.85,0.85,0.0,M0
34.0,185.0,850.0,0.85,0.85,0.0,M0
34.0,190.0,850.0,0.85,0.85,0.0,M0
34.0,195.0,850.0,0.85,0.85,0.0,M0
34.0,200.0,850.0,0.85,0.85,0.0,M0
34.0,205.0,850.0,0.85,0.85,0.0,M0
34.0,210.0,850.0,0.85,0.85,0.0,M0
34.0,215.0,850.0,0.85,0.85,0.0,M0
34.0,220.0,850.0,0.85,0.85,0.0,M0
34.0,225.0,850.0,0.85,0.85,0.0,M0
34.0,230.0,850.0,0.85,0.85,0.0,M0
34.0,235.0,850.0,0.85,0.85,0.0,M0
34.0,240.0,850.0,0.85,0.85,0.0,M0
34.0,245.0,850.0,0.85,0.85,0.0,M0
34.0,250.0,850.0,0.85,0.85,0.0,M0
34.0,255.0,850.0,0.85,0.85,0.0,M0
34.0,260.0,850.0,0.85,0.85,0.0,M0
34.0,265.0,850.0,0.85,0.85,0.0,M0
34.0,270.0,850.0,0.85,0.85,0.0,M0
34.0,275.0,850.0,0.85,0.85,0.0,M0
34.0,280.0,850.0,0.85,0.85,0.0,M0
34.0,285.0,850.0,0.85,0.85,0.0,M0
34.0,290.0,850.0,0.85,0.85,0.0,M0
34.0,295.0,850.0,0.85,0.85,0.0,M0
34.0,300.0,850.0,0.85,0.85,0.0,M0
35.0,-350.0,850.0,0.85,0.85,0.8076,M1
35.0,-345.0,850.0,0.85,0.85,0.7918,M1
35.0,-340.0,850.0,0.85,0.85,0.7772,M1
35.0,-335.0,850.0,0.85,0.85,0.7637,M1
35.0,-330.0,850.0,0.85,0.85,0.7594,M1
35.0,-325.0,850.0,0.85,0.85,0.7594,M1
35.0,-320.0,850.0,0.85,0.85,0.7594,M1
35.0,-315.0,850.0,0.85,0.85,0.7594,M1
35.0,-310.0,850.0,0.85,0.85,0.7594,M1
35.0,-305.0,850.0,0.85,0.85,0.7594,M1
35.0,-300.0,850.0,0.85,0.85,0.7594,M1
35.0,-295.0,850.0,0.85,0.85,0.7594,M1
35.0,-290.0,850.0,0.85,0.85,0.7594,M1
35.0,-285.0,850.0,0.85,0.85,0.7594,M1
35.0,-280.0,850.0,0.85,0.85,0.7594,M1
35.0,-275.0,850.0,0.85,0.85,0.7594,M1
35.0,-270.0,850.0,0.85,0.85,0.7594,M1
35.0,-265.0,850.0,0.85,0.85,0.7594,M1
35.0,-260.0,850.0,0.85,0.85,0.7594,M1
35.0,-255.0,850.0,0.85,0.85,0.7594,M1
35.0,-250.0,850.0,0.85,0.85,0.7594,M1
35.0,-245.0,850.0,0.85,0.85,0.7594,M1
35.0,-240.0,850.0,0.85,0.85,0.7594,M1
35.0,-235.0,850.0,0.85,0.85,0.7594,M1
35.0,-230.0,850.0,0.85,0.85,0.7594,M1
35.0,-225.0,850.0,0.85,0.85,0.7594,M1
35.0,-220.0,850.0,0.85,0.85,0.7594,M1
35.0,-215.0,850.0,0.85,0.85,0.759,M1
35.0,-210.0,850.0,0.85,0.85,0.7577,M1
35.0,-205.0,850.0,0.85,0.85,0.7556,M1
35.0,-200.0,850.0,0.85,0.85,0.7527,M1
35.0,-195.0,850.0,0.85,0.85,0.7487,M1
35.0,-190.0,850.0,0.85,0.85,0.7438,M1
35.0,-185.0,850.0,0.85,0.85,0.7398,M1
35.0,-180.0,850.0,0.85,0.85,0.7398,M1
35.0,-175.0,850.0,0.85,0.85,0.7398,M1
35.0,-170.0,850.0,0.85,0.85,0.7398,M1
35.0,-165.0,850.0,0.85,0.85,0.7398,M1
35.0,-160.0,850.0,0.85,0.85,0.7398,M1
35.0,-155.0,850.0,0.85,0.85,0.7398,M1
35.0,-150.0,850.0,0.85,0.85,0.7398,M1
35.0,-145.0,850.0,0.85,0.85,0.7398,M1
35.0,-140.0,850.0,0.85,0.85,0.7398,M1
35.0,-135.0,850.0,0.85,0.85,0.7398,M1
35.0,-130.0,850.0,0.85,0.85,0.7398,M1
35.0,-125.0,850.0,0.85,0.85,0.7398,M1
35.0,-120.0,850.0,0.85,0.85,0.7398,M1
35.0,-115.0,850.0,0.85,0.85,0.7398,M1
35.0,-110.0,850.0,0.85,0.85,0.7398,M1
35.0,-105.0,850.0,0.85,0.85,0.7398,M1
35.0,-100.0,850.0,0.85,0.85,0.7398,M1
35.0,-95.0,850.0,0.85,0.85,0.7398,M1
35.0,-90.0,850.0,0.85,0.85,0.7398,M1
35.0,-85.0,850.0,0.85,0.85,0.7398,M1
35.0,-80.0,850.0,0.85,0.85,0.7398,M1
35.0,-75.0,850.0,0.85,0.85,0.7398,M1
35.0,-70.0,850.0,0.85,0.85,0.7398,M1
35.0,-65.0,850.0,0.85,0.85,0.7398,M1
35.0,-60.0,850.0,0.85,0.85,0.7398,M1
35.0,-55.0,850.0,0.85,0.85,0.7398,M1
35.0,-50.0,850.0,0.85,0.85,0.7398,M1
35.0,-45.0,850.0,0.85,0.85,0.7398,M1
35.0,-40.0,850.0,0.85,0.85,0.7398,M1
35.0,-35.0,850.0,0.85,0.85,0.7513,M1
35.0,-30.0,850.0,0.85,0.85,0.7851,M1
35.0,-25.0,850.0,0.85,0.85,0.821,M1
35.0,-20.0,850.0,0.85,0.85,0.8546,M1
35.0,-15.0,850.0,0.85,0.85,0.8903,M1
35.0,-10.0,850.0,0.85,0.85,0.9271,M1
35.0,-5.0,850.0,0.85,0.85,0.9641,M1
35.0,0.0,850.0,0.85,0.85,1.0,M1
35.0,5.0,850.0,0.85,0.85,1.0,M1
35.0,10.0,850.0,0.85,0.85,1.0,M1
35.0,15.0,850.0,0.85,0.85,1.0,M1
35.0,20.0,850.0,0.85,0.85,1.0,M1
35.0,25.0,850.0,0.85,0.85,1.0,M1
35.0,30.0,850.0,0.85,0.85,1.0,M1
35.0,35.0,850.0,0.85,0.85,1.0,M1
35.0,40.0,850.0,0.85,0.85,1.0,M1
35.0,45.0,850.0,0.85,0.85,1.0,M1
35.0,50.0,850.0,0.85,0.85,1.0,M1
35.0,55.0,850.0,0.85,0.85,1.0,M1
35.0,60.0,850.0,0.85,0.85,1.0,M1
35.0,65.0,850.0,0.85,0.85,1.0,M1
35.0,70.0,850.0,0.85,0.85,1.0,M1
35.0,75.0,850.0,0.85,0.85,1.0,M1
35.0,80.0,850.0,0.85,0.85,0.0,M0
35.0,85.0,850.0,0.85,0.85,0.0,M0
35.0,90.0,850.0,0.85,0.85,0.0,M0
35.0,95.0,850.0,0.85,0.85,0.0,M0
35.0,100.0,850.0,0.85,0.85,0.0,M0
35.0,105.0,850.0,0.85,0.85,0.0,M0
35.0,110.0,850.0,0.85,0.85,0.0,M0
35.0,115.0,850.0,0.85,0.85,0.0,M0
35.0,120.0,850.0,0.85,0.85,0.0,M0
35.0,125.0,850.0,0.85,0.85,0.0,M0
35.0,130.0,850.0,0.85,0.85,0.0,M0
35.0,135.0,850.0,0.85,0.85,0.0,M0
35.0,140.0,850.0,0.85,0.85,0.0,M0
35.0,145.0,850.0,0.85,0.85,0.0,M0
35.0,150.0,850.0,0.85,0.85,0.0,M0
35.0,155.0,850.0,0.85,0.85,0.0,M0
35.0,160.0,850.0,0.85,0.85,0.0,M0
35.0,165.0,850.0,0.85,0.85,0.0,M0
35.0,170.0,850.0,0.85,0.85,0.0,M0
35.0,175.0,850.0,0.85,0.85,0.0,M0
35.0,180.0,850.0,0.85,0.85,0.0,M0
35.0,185.0,850.0,0.85,0.85,0.0,M0
35.0,190.0,850.0,0.85,0.85,0.0,M0
35.0,195.0,850.0,0.85,0.85,0.0,M0
35.0,200.0,850.0,0.85,0.85,0.0,M0
35.0,205.0,850.0,0.85,0.85,0.0,M0
35.0,210.0,850.0,0.85,0.85,0.0,M0
35.0,215.0,850.0,0.85,0.85,0.0,M0
35.0,220.0,850.0,0.85,0.85,0.0,M0
35.0,225.0,850.0,0.85,0.85,0.0,M0
35.0,230.0,850.0,0.85,0.85,0.0,M0
35.0,235.0,850.0,0.85,0.85,0.0,M0
35.0,240.0,850.0,0.85,0.85,0.0,M0
35.0,245.0,850.0,0.85,0.85,0.0,M0
35.0,250.0,850.0,0.85,0.85,0.0,M0
35.0,255.0,850.0,0.85,0.85,0.0,M0
35.0,260.0,850.0,0.85,0.85,0.0,M0
35.0,265.0,850.0,0.85,0.85,0.0,M0
35.0,270.0,850.0,0.85,0.85,0.0,M0
35.0,275.0,850.0,0.85,0.85,0.0,M0
35.0,280.0,850.0,0.85,0.85,0.0,M0
35.0,285.0,850.0,0.85,0.85,0.0,M0
35.0,290.0,850.0,0.85,0.85,0.0,M0
35.0,295.0,850.0,0.85,0.85,0.0,M0
35.0,300.0,850.0,0.85,0.85,0.0,M0
36.0,-350.0,850.0,0.85,0.85,0.8076,M1
36.0,-345.0,850.0,0.85,0.85,0.7918,M1
36.0,-340.0,850.0,0.85,0.85,0.7772,M1
36.0,-335.0,850.0,0.85,0.85,0.7772,M1
36.0,-330.0,850.0,0.85,0.85,0.7772,M1
36.0,-325.0,850.0,0.85,0.85,0.7772,M1
36.0,-320.0,850.0,0.85,0.85,0.7772,M1
36.0,-315.0,850.0,0.85,0.85,0.7772,M1
36.0,-310.0,850.0,0.85,0.85,0.7772,M1
36.0,-305.0,850.0,0.85,0.85,0.7772,M1
36.0,-300.0,850.0,0.85,0.85,0.7772,M1
36.0,-295.0,850.0,0.85,0.85,0.7772,M1
36.0,-290.0,850.0,0.85,0.85,0.7772,M1
36.0,-285.0,850.0,0.85,0.85,0.7772,M1
36.0,-280.0,850.0,0.85,0.85,0.7772,M1
36.0,-275.0,850.0,0.85,0.85,0.7772,M1
36.0,-270.0,850.0,0.85,0.85,0.7772,M1
36.0,-265.0,850.0,0.85,0.85,0.7772,M1
36.0,-260.0,850.0,0.85,0.85,0.7772,M1
36.0,-255.0,850.0,0.85,0.85,0.7772,M1
36.0,-250.0,850.0,0.85,0.85,0.7772,M1
36.0,-245.0,850.0,0.85,0.85,0.7772,M1
36.0,-240.0,850.0,0.85,0.85,0.7772,M1
36.0,-235.0,850.0,0.85,0.85,0.7772,M1
36.0,-230.0,850.0,0.85,0.85,0.7772,M1
36.0,-225.0,850.0,0.85,0.85,0.7772,M1
36.0,-220.0,850.0,0.85,0.85,0.7772,M1
36.0,-215.0,850.0,0.85,0.85,0.7768,M1
36.0,-210.0,850.0,0.85,0.85,0.7756,M1
36.0,-205.0,850.0,0.85,0.85,0.7736,M1
36.0,-200.0,850.0,0.85,0.85,0.7708,M1
36.0,-195.0,850.0,0.85,0.85,0.767,M1
36.0,-190.0,850.0,0.85,0.85,0.7622,M1
36.0,-185.0,850.0,0.85,0.85,0.7562,M1
36.0,-180.0,850.0,0.85,0.85,0.749,M1
36.0,-175.0,850.0,0.85,0.85,0.749,M1
36.0,-170.0,850.0,0.85,0.85,0.749,M1
36.0,-165.0,850.0,0.85,0.85,0.749,M1
36.0,-160.0,850.0,0.85,0.85,0.749,M1
36.0,-155.0,850.0,0.85,0.85,0.749,M1
36.0,-150.0,850.0,0.85,0.85,0.749,M1
36.0,-145.0,850.0,0.85,0.85,0.749,M1
36.0,-140.0,850.0,0.85,0.85,0.749,M1
36.0,-135.0,850.0,0.85,0.85,0.749,M1
36.0,-130.0,850.0,0.85,0.85,0.749,M1
36.0,-125.0,850.0,0.85,0.85,0.749,M1
36.0,-120.0,850.0,0.85,0.85,0.749,M1
36.0,-115.0,850.0,0.85,0.85,0.749,M1
36.0,-110.0,850.0,0.85,0.85,0.749,M1
36.0,-105.0,850.0,0.85,0.85,0.749,M1
36.0,-100.0,850.0,0.85,0.85,0.749,M1
36.0,-95.0,850.0,0.85,0.85,0.749,M1
36.0,-90.0,850.0,0.85,0.85,0.749,M1
36.0,-85.0,850.0,0.85,0.85,0.749,M1
36.0,-80.0,850.0,0.85,0.85,0.749,M1
36.0,-75.0,850.0,0.85,0.85,0.8256,M1
36.0,-70.0,850.0,0.85,0.85,0.8256,M1
36.0,-65.0,850.0,0.85,0.85,0.8256,M1
36.0,-60.0,850.0,0.85,0.85,0.8256,M1
36.0,-55.0,850.0,0.85,0.85,0.8256,M1
36.0,-50.0,850.0,0.85,0.85,0.8256,M1
36.0,-45.0,850.0,0.85,0.85,0.8256,M1
36.0,-40.0,850.0,0.85,0.85,0.8256,M1
36.0,-35.0,850.0,0.85,0.85,0.8294,M1
36.0,-30.0,850.0,0.85,0.85,0.8614,M1
36.0,-25.0,850.0,0.85,0.85,0.896,M1
36.0,-20.0,850.0,0.85,0.85,0.9335,M1
36.0,-15.0,850.0,0.85,0.85,0.9729,M1
36.0,-10.0,850.0,0.85,0.85,1.0134,M1
36.0,-5.0,850.0,0.85,0.85,1.0537,M1
36.0,0.0,850.0,0.85,0.85,1.0926,M1
36.0,5.0,850.0,0.85,0.85,1.3735,M1
36.0,10.0,850.0,0.85,0.85,1.3735,M1
36.0,15.0,850.0,0.85,0.85,1.3735,M1
36.0,20.0,850.0,0.85,0.85,1.3735,M1
36.0,25.0,850.0,0.85,0.85,1.3735,M1
36.0,30.0,850.0,0.85,0.85,1.3735,M1
36.0,35.0,850.0,0.85,0.85,1.3855,M1
36.0,40.0,850.0,0.85,0.85,1.41,M1
36.0,45.0,850.0,0.85,0.85,1.442,M1
36.0,50.0,850.0,0.85,0.85,1.4842,M1
36.0,55.0,850.0,0.85,0.85,1.5412,M2
36.0,60.0,850.0,0.85,0.85,1.6214,M2
36.0,65.0,850.0,0.85,0.85,1.7407,M2
36.0,70.0,850.0,0.85,0.85,1.9345,M2
36.0,75.0,850.0,0.85,0.85,2.2996,M2
36.0,80.0,850.0,0.85,0.85,4.0,M4
36.0,85.0,850.0,0.85,0.85,4.0,M4
36.0,90.0,850.0,0.85,0.85,4.0,M4
36.0,95.0,850.0,0.85,0.85,4.0,M4
36.0,100.0,850.0,0.85,0.85,4.0,M4
36.0,105.0,850.0,0.85,0.85,4.0,M4
36.0,110.0,850.0,0.85,0.85,4.0,M4
36.0,115.0,850.0,0.85,0.85,4.0,M4
36.0,120.0,850.0,0.85,0.85,4.0,M4
36.0,125.0,850.0,0.85,0.85,4.0,M4
36.0,130.0,850.0,0.85,0.85,4.0,M4
36.0,135.0,850.0,0.85,0.85,4.0,M4
36.0,140.0,850.0,0.85,0.85,4.0,M4
36.0,145.0,850.0,0.85,0.85,4.0,M4
36.0,150.0,850.0,0.85,0.85,4.0,M4
36.0,155.0,850.0,0.85,0.85,4.0,M4
36.0,160.0,850.0,0.85,0.85,4.0,M4
36.0,165.0,850.0,0.85,0.85,4.0,M4
36.0,170.0,850.0,0.85,0.85,4.0,M4
36.0,175.0,850.0,0.85,0.85,4.0,M4
36.0,180.0,850.0,0.85,0.85,4.0,M4
36.0,185.0,850.0,0.85,0.85,4.0,M4
36.0,190.0,850.0,0.85,0.85,4.0,M4
36.0,195.0,850.0,0.85,0.85,4.0,M4
36.0,200.0,850.0,0.85,0.85,4.0,M4
36.0,205.0,850.0,0.85,0.85,4.0,M4
36.0,210.0,850.0,0.85,0.85,4.0,M4
36.0,215.0,850.0,0.85,0.85,4.0,M4
36.0,220.0,850.0,0.85,0.85,4.0,M4
36.0,225.0,850.0,0.85,0.85,4.0,M4
36.0,230.0,850.0,0.85,0.85,4.0,M4
36.0,235.0,850.0,0.85,0.85,4.0,M4
36.0,240.0,850.0,0.85,0.85,4.0,M4
36.0,245.0,850.0,0.85,0.85,4.0,M4
36.0,250.0,850.0,0.85,0.85,4.0,M4
36.0,255.0,850.0,0.85,0.85,4.0,M4
36.0,260.0,850.0,0.85,0.85,4.0,M4
36.0,265.0,850.0,0.85,0.85,4.0,M4
36.0,270.0,850.0,0.85,0.85,4.0,M4
36.0,275.0,850.0,0.85,0.85,4.0,M4
36.0,280.0,850.0,0.85,0.85,4.0,M4
36.0,285.0,850.0,0.85,0.85,4.0,M4
36.0,290.0,850.0,0.85,0.85,4.0,M4
36.0,295.0,850.0,0.85,0.85,4.0,M4
36.0,300.0,850.0,0.85,0.85,4.0,M4
37.0,-350.0,850.0,0.85,0.85,0.8076,M1
37.0,-345.0,850.0,0.85,0.85,0.7969,M1
37.0,-340.0,850.0,0.85,0.85,0.7969,M1
37.0,-335.0,850.0,0.85,0.85,0.7969,M1
37.0,-330.0,850.0,0.85,0.85,0.7969,M1
37.0,-325.0,850.0,0.85,0.85,0.7969,M1
37.0,-320.0,850.0,0.85,0.85,0.7969,M1
37.0,-315.0,850.0,0.85,0.85,0.7969,M1
37.0,-310.0,850.0,0.85,0.85,0.7969,M1
37.0,-305.0,850.0,0.85,0.85,0.7969,M1
37.0,-300.0,850.0,0.85,0.85,0.7969,M1
37.0,-295.0,850.0,0.85,0.85,0.7969,M1
37.0,-290.0,850.0,0.85,0.85,0.7969,M1
37.0,-285.0,850.0,0.85,0.85,0.7969,M1
37.0,-280.0,850.0,0.85,0.85,0.7969,M1
37.0,-275.0,850.0,0.85,0.85,0.7969,M1
37.0,-270.0,850.0,0.85,0.85,0.7969,M1
37.0,-265.0,850.0,0.85,0.85,0.7969,M1
37.0,-260.0,850.0,0.85,0.85,0.7969,M1
37.0,-255.0,850.0,0.85,0.85,0.7969,M1
37.0,-250.0,850.0,0.85,0.85,0.7969,M1
37.0,-245.0,850.0,0.85,0.85,0.7969,M1
37.0,-240.0,850.0,0.85,0.85,0.7969,M1
37.0,-235.0,850.0,0.85,0.85,0.7969,M1
37.0,-230.0,850.0,0.85,0.85,0.7969,M1
37.0,-225.0,850.0,0.85,0.85,0.7969,M1
37.0,-220.0,850.0,0.85,0.85,0.7969,M1
37.0,-215.0,850.0,0.85,0.85,0.7966,M1
37.0,-210.0,850.0,0.85,0.85,0.7954,M1
37.0,-205.0,850.0,0.85,0.85,0.7935,M1
37.0,-200.0,850.0,0.85,0.85,0.7908,M1
37.0,-195.0,850.0,0.85,0.85,0.7872,M1
37.0,-190.0,850.0,0.85,0.85,0.7827,M1
37.0,-185.0,850.0,0.85,0.85,0.777,M1
37.0,-180.0,850.0,0.85,0.85,0.7701,M1
37.0,-175.0,850.0,0.85,0.85,0.7617,M1
37.0,-170.0,850.0,0.85,0.85,0.7585,M1
37.0,-165.0,850.0,0.85,0.85,0.7585,M1
37.0,-160.0,850.0,0.85,0.85,0.7585,M1
37.0,-155.0,850.0,0.85,0.85,0.7585,M1
37.0,-150.0,850.0,0.85,0.85,0.7585,M1
37.0,-145.0,850.0,0.85,0.85,0.7585,M1
37.0,-140.0,850.0,0.85,0.85,0.7585,M1
37.0,-135.0,850.0,0.85,0.85,0.7585,M1
37.0,-130.0,850.0,0.85,0.85,0.7585,M1
37.0,-125.0,850.0,0.85,0.85,0.7585,M1
37.0,-120.0,850.0,0.85,0.85,0.7585,M1
37.0,-115.0,850.0,0.85,0.85,0.7585,M1
37.0,-110.0,850.0,0.85,0.85,0.7585,M1
37.0,-105.0,850.0,0.85,0.85,0.7585,M1
37.0,-100.0,850.0,0.85,0.85,0.7585,M1
37.0,-95.0,850.0,0.85,0.85,0.7585,M1
37.0,-90.0,850.0,0.85,0.85,0.7585,M1
37.0,-85.0,850.0,0.85,0.85,0.7585,M1
37.0,-80.0,850.0,0.85,0.85,0.7585,M1
37.0,-75.0,850.0,0.85,0.85,0.8606,M1
37.0,-70.0,850.0,0.85,0.85,0.9137,M1
37.0,-65.0,850.0,0.85,0.85,0.9137,M1
37.0,-60.0,850.0,0.85,0.85,0.9137,M1
37.0,-55.0,850.0,0.85,0.85,0.9137,M1
37.0,-50.0,850.0,0.85,0.85,0.9137,M1
37.0,-45.0,850.0,0.85,0.85,0.9137,M1
37.0,-40.0,850.0,0.85,0.85,0.9137,M1
37.0,-35.0,850.0,0.85,0.85,0.9137,M1
37.0,-30.0,850.0,0.85,0.85,0.9276,M1
37.0,-25.0,850.0,0.85,0.85,0.9659,M1
37.0,-20.0,850.0,0.85,0.85,1.0071,M1
37.0,-15.0,850.0,0.85,0.85,1.0502,M1
37.0,-10.0,850.0,0.85,0.85,1.0942,M1
37.0,-5.0,850.0,0.85,0.85,1.138,M1
37.0,0.0,850.0,0.85,0.85,1.1799,M1
37.0,5.0,850.0,0.85,0.85,1.5951,M2
37.0,10.0,850.0,0.85,0.85,1.6605,M2
37.0,15.0,850.0,0.85,0.85,1.6605,M2
37.0,20.0,850.0,0.85,0.85,1.6605,M2
37.0,25.0,850.0,0.85,0.85,1.6605,M2
37.0,30.0,850.0,0.85,0.85,1.6605,M2
37.0,35.0,850.0,0.85,0.85,1.6605,M2
37.0,40.0,850.0,0.85,0.85,1.6801,M2
37.0,45.0,850.0,0.85,0.85,1.7245,M2
37.0,50.0,850.0,0.85,0.85,1.7816,M2
37.0,55.0,850.0,0.85,0.85,1.8561,M2
37.0,60.0,850.0,0.85,0.85,1.956,M2
37.0,65.0,850.0,0.85,0.85,2.0948,M2
37.0,70.0,850.0,0.85,0.85,2.2984,M2
37.0,75.0,850.0,0.85,0.85,2.6865,M3
37.0,80.0,850.0,0.85,0.85,4.0,M4
37.0,85.0,850.0,0.85,0.85,4.0,M4
37.0,90.0,850.0,0.85,0.85,4.0,M4
37.0,95.0,850.0,0.85,0.85,4.0,M4
37.0,100.0,850.0,0.85,0.85,4.0,M4
37.0,105.0,850.0,0.85,0.85,4.0,M4
37.0,110.0,850.0,0.85,0.85,4.0,M4
37.0,115.0,850.0,0.85,0.85,4.0,M4
37.0,120.0,850.0,0.85,0.85,4.0,M4
37.0,125.0,850.0,0.85,0.85,4.0,M4
37.0,130.0,850.0,0.85,0.85,4.0,M4
37.0,135.0,850.0,0.85,0.85,4.0,M4
37.0,140.0,850.0,0.85,0.85,4.0,M4
37.0,145.0,850.0,0.85,0.85,4.0,M4
37.0,150.0,850.0,0.85,0.85,4.0,M4
37.0,155.0,850.0,0.85,0.85,4.0,M4
37.0,160.0,850.0,0.85,0.85,4.0,M4
37.0,165.0,850.0,0.85,0.85,4.0,M4
37.0,170.0,850.0,0.85,0.85,4.0,M4
37.0,175.0,850.0,0.85,0.85,4.0,M4
37.0,180.0,850.0,0.85,0.85,4.0,M4
37.0,185.0,850.0,0.85,0.85,4.0,M4
37.0,190.0,850.0,0.85,0.85,4.0,M4
37.0,195.0,850.0,0.85,0.85,4.0,M4
37.0,200.0,850.0,0.85,0.85,4.0,M4
37.0,205.0,850.0,0.85,0.85,4.0,M4
37.0,210.0,850.0,0.85,0.85,4.0,M4
37.0,215.0,850.0,0.85,0.85,4.0,M4
37.0,220.0,850.0,0.85,0.85,4.0,M4
37.0,225.0,850.0,0.85,0.85,4.0,M4
37.0,230.0,850.0,0.85,0.85,4.0,M4
37.0,235.0,850.0,0.85,0.85,4.0,M4
37.0,240.0,850.0,0.85,0.85,4.0,M4
37.0,245.0,850.0,0.85,0.85,4.0,M4
37.0,250.0,850.0,0.85,0.85,4.0,M4
37.0,255.0,850.0,0.85,0.85,4.0,M4
37.0,260.0,850.0,0.85,0.85,4.0,M4
37.0,265.0,850.0,0.85,0.85,4.0,M4
37.0,270.0,850.0,0.85,0.85,4.0,M4
37.0,275.0,850.0,0.85,0.85,4.0,M4
37.0,280.0,850.0,0.85,0.85,4.0,M4
37.0,285.0,850.0,0.85,0.85,4.0,M4
37.0,290.0,850.0,0.85,0.85,4.0,M4
37.0,295.0,850.0,0.85,0.85,4.0,M4
37.0,300.0,850.0,0.85,0.85,4.0,M4
38.0,-350.0,850.0,0.85,0.85,0.8189,M1
38.0,-345.0,850.0,0.85,0.85,0.8189,M1
38.0,-340.0,850.0,0.85,0.85,0.8189,M1
38.0,-335.0,850.0,0.85,0.85,0.8189,M1
38.0,-330.0,850.0,0.85,0.85,0.8189,M1
38.0,-325.0,850.0,0.85,0.85,0.8189,M1
38.0,-320.0,850.0,0.85,0.85,0.8189,M1
38.0,-315.0,850.0,0.85,0.85,0.8189,M1
38.0,-310.0,850.0,0.85,0.85,0.8189,M1
38.0,-305.0,850.0,0.85,0.85,0.8189,M1
38.0,-300.0,850.0,0.85,0.85,0.8189,M1
38.0,-295.0,850.0,0.85,0.85,0.8189,M1
38.0,-290.0,850.0,0.85,0.85,0.8189,M1
38.0,-285.0,850.0,0.85,0.85,0.8189,M1
38.0,-280.0,850.0,0.85,0.85,0.8189,M1
38.0,-275.0,850.0,0.85,0.85,0.8189,M1
38.0,-270.0,850.0,0.85,0.85,0.8189,M1
38.0,-265.0,850.0,0.85,0.85,0.8189,M1
38.0,-260.0,850.0,0.85,0.85,0.8189,M1
38.0,-255.0,850.0,0.85,0.85,0.8189,M1
38.0,-250.0,850.0,0.85,0.85,0.8189,M1
38.0,-245.0,850.0,0.85,0.85,0.8189,M1
38.0,-240.0,850.0,0.85,0.85,0.8189,M1
38.0,-235.0,850.0,0.85,0.85,0.8189,M1
38.0,-230.0,850.0,0.85,0.85,0.8189,M1
38.0,-225.0,850.0,0.85,0.85,0.8189,M1
38.0,-220.0,850.0,0.85,0.85,0.8189,M1
38.0,-215.0,850.0,0.85,0.85,0.8185,M1
38.0,-210.0,850.0,0.85,0.85,0.8175,M1
38.0,-205.0,850.0,0.85,0.85,0.8157,M1
38.0,-200.0,850.0,0.85,0.85,0.8132,M1
38.0,-195.0,850.0,0.85,0.85,0.8098,M1
38.0,-190.0,850.0,0.85,0.85,0.8055,M1
38.0,-185.0,850.0,0.85,0.85,0.8002,M1
38.0,-180.0,850.0,0.85,0.85,0.7937,M1
38.0,-175.0,850.0,0.85,0.85,0.7858,M1
38.0,-170.0,850.0,0.85,0.85,0.7762,M1
38.0,-165.0,850.0,0.85,0.85,0.7687,M1
38.0,-160.0,850.0,0.85,0.85,0.7687,M1
38.0,-155.0,850.0,0.85,0.85,0.7687,M1
38.0,-150.0,850.0,0.85,0.85,0.7687,M1
38.0,-145.0,850.0,0.85,0.85,0.7687,M1
38.0,-140.0,850.0,0.85,0.85,0.7687,M1
38.0,-135.0,850.0,0.85,0.85,0.7687,M1
38.0,-130.0,850.0,0.85,0.85,0.7687,M1
38.0,-125.0,850.0,0.85,0.85,0.7687,M1
38.0,-120.0,850.0,0.85,0.85,0.7687,M1
38.0,-115.0,850.0,0.85,0.85,0.7687,M1
38.0,-110.0,850.0,0.85,0.85,0.7687,M1
38.0,-105.0,850.0,0.85,0.85,0.7687,M1
38.0,-100.0,850.0,0.85,0.85,0.7687,M1
38.0,-95.0,850.0,0.85,0.85,0.7687,M1
38.0,-90.0,850.0,0.85,0.85,0.7687,M1
38.0,-85.0,850.0,0.85,0.85,0.7687,M1
38.0,-80.0,850.0,0.85,0.85,0.7687,M1
38.0,-75.0,850.0,0.85,0.85,0.8814,M1
38.0,-70.0,850.0,0.85,0.85,0.9741,M1
38.0,-65.0,850.0,0.85,0.85,1.0066,M1
38.0,-60.0,850.0,0.85,0.85,1.0066,M1
38.0,-55.0,850.0,0.85,0.85,1.0066,M1
38.0,-50.0,850.0,0.85,0.85,1.0066,M1
38.0,-45.0,850.0,0.85,0.85,1.0066,M1
38.0,-40.0,850.0,0.85,0.85,1.0066,M1
38.0,-35.0,850.0,0.85,0.85,1.0066,M1
38.0,-30.0,850.0,0.85,0.85,1.0066,M1
38.0,-25.0,850.0,0.85,0.85,1.0324,M1
38.0,-20.0,850.0,0.85,0.85,1.0774,M1
38.0,-15.0,850.0,0.85,0.85,1.1242,M1
38.0,-10.0,850.0,0.85,0.85,1.172,M1
38.0,-5.0,850.0,0.85,0.85,1.2192,M1
38.0,0.0,850.0,0.85,0.85,1.2644,M1
38.0,5.0,850.0,0.85,0.85,1.6654,M2
38.0,10.0,850.0,0.85,0.85,1.8931,M2
38.0,15.0,850.0,0.85,0.85,1.8931,M2
38.0,20.0,850.0,0.85,0.85,1.8931,M2
38.0,25.0,850.0,0.85,0.85,1.8931,M2
38.0,30.0,850.0,0.85,0.85,1.8931,M2
38.0,35.0,850.0,0.85,0.85,1.8931,M2
38.0,40.0,850.0,0.85,0.85,1.8931,M2
38.0,45.0,850.0,0.85,0.85,1.9174,M2
38.0,50.0,850.0,0.85,0.85,1.9792,M2
38.0,55.0,850.0,0.85,0.85,2.0581,M2
38.0,60.0,850.0,0.85,0.85,2.1604,M2
38.0,65.0,850.0,0.85,0.85,2.2966,M2
38.0,70.0,850.0,0.85,0.85,2.5047,M3
38.0,75.0,850.0,0.85,0.85,2.922,M3
38.0,80.0,850.0,0.85,0.85,4.0,M4
38.0,85.0,850.0,0.85,0.85,4.0,M4
38.0,90.0,850.0,0.85,0.85,4.0,M4
38.0,95.0,850.0,0.85,0.85,4.0,M4
38.0,100.0,850.0,0.85,0.85,4.0,M4
38.0,105.0,850.0,0.85,0.85,4.0,M4
38.0,110.0,850.0,0.85,0.85,4.0,M4
38.0,115.0,850.0,0.85,0.85,4.0,M4
38.0,120.0,850.0,0.85,0.85,4.0,M4
38.0,125.0,850.0,0.85,0.85,4.0,M4
38.0,130.0,850.0,0.85,0.85,4.0,M4
38.0,135.0,850.0,0.85,0.85,4.0,M4
38.0,140.0,850.0,0.85,0.85,4.0,M4
38.0,145.0,850.0,0.85,0.85,4.0,M4
38.0,150.0,850.0,0.85,0.85,4.0,M4
38.0,155.0,850.0,0.85,0.85,4.0,M4
38.0,160.0,850.0,0.85,0.85,4.0,M4
38.0,165.0,850.0,0.85,0.85,4.0,M4
38.0,170.0,850.0,0.85,0.85,4.0,M4
38.0,175.0,850.0,0.85,0.85,4.0,M4
38.0,180.0,850.0,0.85,0.85,4.0,M4
38.0,185.0,850.0,0.85,0.85,4.0,M4
38.0,190.0,850.0,0.85,0.85,4.0,M4
38.0,195.0,850.0,0.85,0.85,4.0,M4
38.0,200.0,850.0,0.85,0.85,4.0,M4
38.0,205.0,850.0,0.85,0.85,4.0,M4
38.0,210.0,850.0,0.85,0.85,4.0,M4
38.0,215.0,850.0,0.85,0.85,4.0,M4
38.0,220.0,850.0,0.85,0.85,4.0,M4
38.0,225.0,850.0,0.85,0.85,4.0,M4
38.0,230.0,850.0,0.85,0.85,4.0,M4
38.0,235.0,850.0,0.85,0.85,4.0,M4
38.0,240.0,850.0,0.85,0.85,4.0,M4
38.0,245.0,850.0,0.85,0.85,4.0,M4
38.0,250.0,850.0,0.85,0.85,4.0,M4
38.0,255.0,850.0,0.85,0.85,4.0,M4
38.0,260.0,850.0,0.85,0.85,4.0,M4
38.0,265.0,850.0,0.85,0.85,4.0,M4
38.0,270.0,850.0,0.85,0.85,4.0,M4
38.0,275.0,850.0,0.85,0.85,4.0,M4
38.0,280.0,850.0,0.85,0.85,4.0,M4
38.0,285.0,850.0,0.85,0.85,4.0,M4
38.0,290.0,850.0,0.85,0.85,4.0,M4
38.0,295.0,850.0,0.85,0.85,4.0,M4
38.0,300.0,850.0,0.85,0.85,4.0,M4
39.0,-350.0,850.0,0.85,0.85,0.8428,M1
39.0,-345.0,850.0,0.85,0.85,0.8428,M1
39.0,-340.0,850.0,0.85,0.85,0.8428,M1
39.0,-335.0,850.0,0.85,0.85,0.8428,M1
39.0,-330.0,850.0,0.85,0.85,0.8428,M1
39.0,-325.0,850.0,0.85,0.85,0.8428,M1
39.0,-320.0,850.0,0.85,0.85,0.8428,M1
39.0,-315.0,850.0,0.85,0.85,0.8428,M1
39.0,-310.0,850.0,0.85,0.85,0.8428,M1
39.0,-305.0,850.0,0.85,0.85,0.8428,M1
39.0,-300.0,850.0,0.85,0.85,0.8428,M1
39.0,-295.0,850.0,0.85,0.85,0.8428,M1
39.0,-290.0,850.0,0.85,0.85,0.8428,M1
39.0,-285.0,850.0,0.85,0.85,0.8428,M1
39.0,-280.0,850.0,0.85,0.85,0.8428,M1
39.0,-275.0,850.0,0.85,0.85,0.8428,M1
39.0,-270.0,850.0,0.85,0.85,0.8428,M1
39.0,-265.0,850.0,0.85,0.85,0.8428,M1
39.0,-260.0,850.0,0.85,0.85,0.8428,M1
39.0,-255.0,850.0,0.85,0.85,0.8428,M1
39.0,-250.0,850.0,0.85,0.85,0.8428,M1
39.0,-245.0,850.0,0.85,0.85,0.8428,M1
39.0,-240.0,850.0,0.85,0.85,0.8428,M1
39.0,-235.0,850.0,0.85,0.85,0.8428,M1
39.0,-230.0,850.0,0.85,0.85,0.8428,M1
39.0,-225.0,850.0,0.85,0.85,0.8428,M1
39.0,-220.0,850.0,0.85,0.85,0.8428,M1
39.0,-215.0,850.0,0.85,0.85,0.8425,M1
39.0,-210.0,850.0,0.85,0.85,0.8416,M1
39.0,-205.0,850.0,0.85,0.85,0.84,M1
39.0,-200.0,850.0,0.85,0.85,0.8377,M1
39.0,-195.0,850.0,0.85,0.85,0.8346,M1
39.0,-190.0,850.0,0.85,0.85,0.8307,M1
39.0,-185.0,850.0,0.85,0.85,0.8258,M1
39.0,-180.0,850.0,0.85,0.85,0.8199,M1
39.0,-175.0,850.0,0.85,0.85,0.8126,M1
39.0,-170.0,850.0,0.85,0.85,0.8037,M1
39.0,-165.0,850.0,0.85,0.85,0.7929,M1
39.0,-160.0,850.0,0.85,0.85,0.7796,M1
39.0,-155.0,850.0,0.85,0.85,0.7796,M1
39.0,-150.0,850.0,0.85,0.85,0.7796,M1
39.0,-145.0,850.0,0.85,0.85,0.7796,M1
39.0,-140.0,850.0,0.85,0.85,0.7796,M1
39.0,-135.0,850.0,0.85,0.85,0.7796,M1
39.0,-130.0,850.0,0.85,0.85,0.7796,M1
39.0,-125.0,850.0,0.85,0.85,0.7796,M1
39.0,-120.0,850.0,0.85,0.85,0.7796,M1
39.0,-115.0,850.0,0.85,0.85,0.7796,M1
39.0,-110.0,850.0,0.85,0.85,0.7796,M1
39.0,-105.0,850.0,0.85,0.85,0.7796,M1
39.0,-100.0,850.0,0.85,0.85,0.7796,M1
39.0,-95.0,850.0,0.85,0.85,0.7796,M1
39.0,-90.0,850.0,0.85,0.85,0.7796,M1
39.0,-85.0,850.0,0.85,0.85,0.7796,M1
39.0,-80.0,850.0,0.85,0.85,0.7796,M1
39.0,-75.0,850.0,0.85,0.85,0.9065,M1
39.0,-70.0,850.0,0.85,0.85,1.0087,M1
39.0,-65.0,850.0,0.85,0.85,1.0918,M1
39.0,-60.0,850.0,0.85,0.85,1.1066,M1
39.0,-55.0,850.0,0.85,0.85,1.1066,M1
39.0,-50.0,850.0,0.85,0.85,1.1066,M1
39.0,-45.0,850.0,0.85,0.85,1.1066,M1
39.0,-40.0,850.0,0.85,0.85,1.1066,M1
39.0,-35.0,850.0,0.85,0.85,1.1066,M1
39.0,-30.0,850.0,0.85,0.85,1.1066,M1
39.0,-25.0,850.0,0.85,0.85,1.1066,M1
39.0,-20.0,850.0,0.85,0.85,1.146,M1
39.0,-15.0,850.0,0.85,0.85,1.1969,M1
39.0,-10.0,850.0,0.85,0.85,1.2487,M1
39.0,-5.0,850.0,0.85,0.85,1.2999,M1
39.0,0.0,850.0,0.85,0.85,1.3488,M1
39.0,5.0,850.0,0.85,0.85,1.7388,M2
39.0,10.0,850.0,0.85,0.85,2.0066,M2
39.0,15.0,850.0,0.85,0.85,2.0911,M2
39.0,20.0,850.0,0.85,0.85,2.0911,M2
39.0,25.0,850.0,0.85,0.85,2.0911,M2
39.0,30.0,850.0,0.85,0.85,2.0911,M2
39.0,35.0,850.0,0.85,0.85,2.0911,M2
39.0,40.0,850.0,0.85,0.85,2.0911,M2
39.0,45.0,850.0,0.85,0.85,2.0911,M2
39.0,50.0,850.0,0.85,0.85,2.1178,M2
39.0,55.0,850.0,0.85,0.85,2.1959,M2
39.0,60.0,850.0,0.85,0.85,2.2951,M2
39.0,65.0,850.0,0.85,0.85,2.4301,M2
39.0,70.0,850.0,0.85,0.85,2.6644,M3
39.0,75.0,850.0,0.85,0.85,3.078,M3
39.0,80.0,850.0,0.85,0.85,4.0,M4
39.0,85.0,850.0,0.85,0.85,4.0,M4
39.0,90.0,850.0,0.85,0.85,4.0,M4
39.0,95.0,850.0,0.85,0.85,4.0,M4
39.0,100.0,850.0,0.85,0.85,4.0,M4
39.0,105.0,850.0,0.85,0.85,4.0,M4
39.0,110.0,850.0,0.85,0.85,4.0,M4
39.0,115.0,850.0,0.85,0.85,4.0,M4
39.0,120.0,850.0,0.85,0.85,4.0,M4
39.0,125.0,850.0,0.85,0.85,4.0,M4
39.0,130.0,850.0,0.85,0.85,4.0,M4
39.0,135.0,850.0,0.85,0.85,4.0,M4
39.0,140.0,850.0,0.85,0.85,4.0,M4
39.0,145.0,850.0,0.85,0.85,4.0,M4
39.0,150.0,850.0,0.85,0.85,4.0,M4
39.0,155.0,850.0,0.85,0.85,4.0,M4
39.0,160.0,850.0,0.85,0.85,4.0,M4
39.0,165.0,850.0,0.85,0.85,4.0,M4
39.0,170.0,850.0,0.85,0.85,4.0,M4
39.0,175.0,850.0,0.85,0.85,4.0,M4
39.0,180.0,850.0,0.85,0.85,4.0,M4
39.0,185.0,850.0,0.85,0.85,4.0,M4
39.0,190.0,850.0,0.85,0.85,4.0,M4
39.0,195.0,850.0,0.85,0.85,4.0,M4
39.0,200.0,850.0,0.85,0.85,4.0,M4
39.0,205.0,850.0,0.85,0.85,4.0,M4
39.0,210.0,850.0,0.85,0.85,4.0,M4
39.0,215.0,850.0,0.85,0.85,4.0,M4
39.0,220.0,850.0,0.85,0.85,4.0,M4
39.0,225.0,850.0,0.85,0.85,4.0,M4
39.0,230.0,850.0,0.85,0.85,4.0,M4
39.0,235.0,850.0,0.85,0.85,4.0,M4
39.0,240.0,850.0,0.85,0.85,4.0,M4
39.0,245.0,850.0,0.85,0.85,4.0,M4
39.0,250.0,850.0,0.85,0.85,4.0,M4
39.0,255.0,850.0,0.85,0.85,4.0,M4
39.0,260.0,850.0,0.85,0.85,4.0,M4
39.0,265.0,850.0,0.85,0.85,4.0,M4
39.0,270.0,850.0,0.85,0.85,4.0,M4
39.0,275.0,850.0,0.85,0.85,4.0,M4
39.0,280.0,850.0,0.85,0.85,4.0,M4
39.0,285.0,850.0,0.85,0.85,4.0,M4
39.0,290.0,850.0,0.85,0.85,4.0,M4
39.0,295.0,850.0,0.85,0.85,4.0,M4
39.0,300.0,850.0,0.85,0.85,4.0,M4
40.0,-350.0,850.0,0.85,0.85,0.8681,M1
40.0,-345.0,850.0,0.85,0.85,0.8681,M1
40.0,-340.0,850.0,0.85,0.85,0.8681,M1
40.0,-335.0,850.0,0.85,0.85,0.8681,M1
40.0,-330.0,850.0,0.85,0.85,0.8681,M1
40.0,-325.0,850.0,0.85,0.85,0.8681,M1
40.0,-320.0,850.0,0.85,0.85,0.8681,M1
40.0,-315.0,850.0,0.85,0.85,0.8681,M1
40.0,-310.0,850.0,0.85,0.85,0.8681,M1
40.0,-305.0,850.0,0.85,0.85,0.8681,M1
40.0,-300.0,850.0,0.85,0.85,0.8681,M1
40.0,-295.0,850.0,0.85,0.85,0.8681,M1
40.0,-290.0,850.0,0.85,0.85,0.8681,M1
40.0,-285.0,850.0,0.85,0.85,0.8681,M1
40.0,-280.0,850.0,0.85,0.85,0.8681,M1
40.0,-275.0,850.0,0.85,0.85,0.8681,M1
40.0,-270.0,850.0,0.85,0.85,0.8681,M1
40.0,-265.0,850.0,0.85,0.85,0.8681,M1
40.0,-260.0,850.0,0.85,0.85,0.8681,M1
40.0,-255.0,850.0,0.85,0.85,0.8681,M1
40.0,-250.0,850.0,0.85,0.85,0.8681,M1
40.0,-245.0,850.0,0.85,0.85,0.8681,M1
40.0,-240.0,850.0,0.85,0.85,0.8681,M1
40.0,-235.0,850.0,0.85,0.85,0.8681,M1
40.0,-230.0,850.0,0.85,0.85,0.8681,M1
40.0,-225.0,850.0,0.85,0.85,0.8681,M1
40.0,-220.0,850.0,0.85,0.85,0.8681,M1
40.0,-215.0,850.0,0.85,0.85,0.8678,M1
40.0,-210.0,850.0,0.85,0.85,0.867,M1
40.0,-205.0,850.0,0.85,0.85,0.8656,M1
40.0,-200.0,850.0,0.85,0.85,0.8635,M1
40.0,-195.0,850.0,0.85,0.85,0.8608,M1
40.0,-190.0,850.0,0.85,0.85,0.8574,M1
40.0,-185.0,850.0,0.85,0.85,0.8531,M1
40.0,-180.0,850.0,0.85,0.85,0.8478,M1
40.0,-175.0,850.0,0.85,0.85,0.8413,M1
40.0,-170.0,850.0,0.85,0.85,0.8334,M1
40.0,-165.0,850.0,0.85,0.85,0.8237,M1
40.0,-160.0,850.0,0.85,0.85,0.8116,M1
40.0,-155.0,850.0,0.85,0.85,0.7965,M1
40.0,-150.0,850.0,0.85,0.85,0.7906,M1
40.0,-145.0,850.0,0.85,0.85,0.7906,M1
40.0,-140.0,850.0,0.85,0.85,0.7906,M1
40.0,-135.0,850.0,0.85,0.85,0.7906,M1
40.0,-130.0,850.0,0.85,0.85,0.7906,M1
40.0,-125.0,850.0,0.85,0.85,0.7906,M1
40.0,-120.0,850.0,0.85,0.85,0.7906,M1
40.0,-115.0,850.0,0.85,0.85,0.7906,M1
40.0,-110.0,850.0,0.85,0.85,0.7906,M1
40.0,-105.0,850.0,0.85,0.85,0.7906,M1
40.0,-100.0,850.0,0.85,0.85,0.7906,M1
40.0,-95.0,850.0,0.85,0.85,0.7906,M1
40.0,-90.0,850.0,0.85,0.85,0.7906,M1
40.0,-85.0,850.0,0.85,0.85,0.7906,M1
40.0,-80.0,850.0,0.85,0.85,0.7906,M1
40.0,-75.0,850.0,0.85,0.85,0.9371,M1
40.0,-70.0,850.0,0.85,0.85,1.0514,M1
40.0,-65.0,850.0,0.85,0.85,1.142,M1
40.0,-60.0,850.0,0.85,0.85,1.2146,M1
40.0,-55.0,850.0,0.85,0.85,1.2146,M1
40.0,-50.0,850.0,0.85,0.85,1.2146,M1
40.0,-45.0,850.0,0.85,0.85,1.2146,M1
40.0,-40.0,850.0,0.85,0.85,1.2146,M1
40.0,-35.0,850.0,0.85,0.85,1.2146,M1
40.0,-30.0,850.0,0.85,0.85,1.2146,M1
40.0,-25.0,850.0,0.85,0.85,1.2146,M1
40.0,-20.0,850.0,0.85,0.85,1.2146,M1
40.0,-15.0,850.0,0.85,0.85,1.2701,M1
40.0,-10.0,850.0,0.85,0.85,1.3265,M1
40.0,-5.0,850.0,0.85,0.85,1.3821,M1
40.0,0.0,850.0,0.85,0.85,1.4353,M1
40.0,5.0,850.0,0.85,0.85,1.8173,M2
40.0,10.0,850.0,0.85,0.85,2.0785,M2
40.0,15.0,850.0,0.85,0.85,2.2663,M2
40.0,20.0,850.0,0.85,0.85,2.2663,M2
40.0,25.0,850.0,0.85,0.85,2.2663,M2
40.0,30.0,850.0,0.85,0.85,2.2663,M2
40.0,35.0,850.0,0.85,0.85,2.2663,M2
40.0,40.0,850.0,0.85,0.85,2.2663,M2
40.0,45.0,850.0,0.85,0.85,2.2663,M2
40.0,50.0,850.0,0.85,0.85,2.2663,M2
40.0,55.0,850.0,0.85,0.85,2.2933,M2
40.0,60.0,850.0,0.85,0.85,2.3877,M2
40.0,65.0,850.0,0.85,0.85,2.5464,M3
40.0,70.0,850.0,0.85,0.85,2.7861,M3
40.0,75.0,850.0,0.85,0.85,3.1883,M3
40.0,80.0,850.0,0.85,0.85,4.0,M4
40.0,85.0,850.0,0.85,0.85,4.0,M4
40.0,90.0,850.0,0.85,0.85,4.0,M4
40.0,95.0,850.0,0.85,0.85,4.0,M4
40.0,100.0,850.0,0.85,0.85,4.0,M4
40.0,105.0,850.0,0.85,0.85,4.0,M4
40.0,110.0,850.0,0.85,0.85,4.0,M4
40.0,115.0,850.0,0.85,0.85,4.0,M4
40.0,120.0,850.0,0.85,0.85,4.0,M4
40.0,125.0,850.0,0.85,0.85,4.0,M4
40.0,130.0,850.0,0.85,0.85,4.0,M4
40.0,135.0,850.0,0.85,0.85,4.0,M4
40.0,140.0,850.0,0.85,0.85,4.0,M4
40.0,145.0,850.0,0.85,0.85,4.0,M4
40.0,150.0,850.0,0.85,0.85,4.0,M4
40.0,155.0,850.0,0.85,0.85,4.0,M4
40.0,160.0,850.0,0.85,0.85,4.0,M4
40.0,165.0,850.0,0.85,0.85,4.0,M4
40.0,170.0,850.0,0.85,0.85,4.0,M4
40.0,175.0,850.0,0.85,0.85,4.0,M4
40.0,180.0,850.0,0.85,0.85,4.0,M4
40.0,185.0,850.0,0.85,0.85,4.0,M4
40.0,190.0,850.0,0.85,0.85,4.0,M4
40.0,195.0,850.0,0.85,0.85,4.0,M4
40.0,200.0,850.0,0.85,0.85,4.0,M4
40.0,205.0,850.0,0.85,0.85,4.0,M4
40.0,210.0,850.0,0.85,0.85,4.0,M4
40.0,215.0,850.0,0.85,0.85,4.0,M4
40.0,220.0,850.0,0.85,0.85,4.0,M4
40.0,225.0,850.0,0.85,0.85,4.0,M4
40.0,230.0,850.0,0.85,0.85,4.0,M4
40.0,235.0,850.0,0.85,0.85,4.0,M4
40.0,240.0,850.0,0.85,0.85,4.0,M4
40.0,245.0,850.0,0.85,0.85,4.0,M4
40.0,250.0,850.0,0.85,0.85,4.0,M4
40.0,255.0,850.0,0.85,0.85,4.0,M4
40.0,260.0,850.0,0.85,0.85,4.0,M4
40.0,265.0,850.0,0.85,0.85,4.0,M4
40.0,270.0,850.0,0.85,0.85,4.0,M4
40.0,275.0,850.0,0.85,0.85,4.0,M4
40.0,280.0,850.0,0.85,0.85,4.0,M4
40.0,285.0,850.0,0.85,0.85,4.0,M4
40.0,290.0,850.0,0.85,0.85,4.0,M4
40.0,295.0,850.0,0.85,0.85,4.0,M4
40.0,300.0,850.0,0.85,0.85,4.0,M4
41.0,-350.0,850.0,0.85,0.85,0.8943,M1
41.0,-345.0,850.0,0.85,0.85,0.8943,M1
41.0,-340.0,850.0,0.85,0.85,0.8943,M1
41.0,-335.0,850.0,0.85,0.85,0.8943,M1
41.0,-330.0,850.0,0.85,0.85,0.8943,M1
41.0,-325.0,850.0,0.85,0.85,0.8943,M1
41.0,-320.0,850.0,0.85,0.85,0.8943,M1
41.0,-315.0,850.0,0.85,0.85,0.8943,M1
41.0,-310.0,850.0,0.85,0.85,0.8943,M1
41.0,-305.0,850.0,0.85,0.85,0.8943,M1
41.0,-300.0,850.0,0.85,0.85,0.8943,M1
41.0,-295.0,850.0,0.85,0.85,0.8943,M1
41.0,-290.0,850.0,0.85,0.85,0.8943,M1
41.0,-285.0,850.0,0.85,0.85,0.8943,M1
41.0,-280.0,850.0,0.85,0.85,0.8943,M1
41.0,-275.0,850.0,0.85,0.85,0.8943,M1
41.0,-270.0,850.0,0.85,0.85,0.8943,M1
41.0,-265.0,850.0,0.85,0.85,0.8943,M1
41.0,-260.0,850.0,0.85,0.85,0.8943,M1
41.0,-255.0,850.0,0.85,0.85,0.8943,M1
41.0,-250.0,850.0,0.85,0.85,0.8943,M1
41.0,-245.0,850.0,0.85,0.85,0.8943,M1
41.0,-240.0,850.0,0.85,0.85,0.8943,M1
41.0,-235.0,850.0,0.85,0.85,0.8943,M1
41.0,-230.0,850.0,0.85,0.85,0.8943,M1
41.0,-225.0,850.0,0.85,0.85,0.8943,M1
41.0,-220.0,850.0,0.85,0.85,0.8943,M1
41.0,-215.0,850.0,0.85,0.85,0.8941,M1
41.0,-210.0,850.0,0.85,0.85,0.8934,M1
41.0,-205.0,850.0,0.85,0.85,0.8922,M1
41.0,-200.0,850.0,0.85,0.85,0.8905,M1
41.0,-195.0,850.0,0.85,0.85,0.8882,M1
41.0,-190.0,850.0,0.85,0.85,0.8853,M1
41.0,-185.0,850.0,0.85,0.85,0.8817,M1
41.0,-180.0,850.0,0.85,0.85,0.8772,M1
41.0,-175.0,850.0,0.85,0.85,0.8717,M1
41.0,-170.0,850.0,0.85,0.85,0.865,M1
41.0,-165.0,850.0,0.85,0.85,0.8566,M1
41.0,-160.0,850.0,0.85,0.85,0.8462,M1
41.0,-155.0,850.0,0.85,0.85,0.8331,M1
41.0,-150.0,850.0,0.85,0.85,0.816,M1
41.0,-145.0,850.0,0.85,0.85,0.8017,M1
41.0,-140.0,850.0,0.85,0.85,0.8017,M1
41.0,-135.0,850.0,0.85,0.85,0.8017,M1
41.0,-130.0,850.0,0.85,0.85,0.8017,M1
41.0,-125.0,850.0,0.85,0.85,0.8017,M1
41.0,-120.0,850.0,0.85,0.85,0.8017,M1
41.0,-115.0,850.0,0.85,0.85,0.8017,M1
41.0,-110.0,850.0,0.85,0.85,0.8017,M1
41.0,-105.0,850.0,0.85,0.85,0.8017,M1
41.0,-100.0,850.0,0.85,0.85,0.8017,M1
41.0,-95.0,850.0,0.85,0.85,0.8017,M1
41.0,-90.0,850.0,0.85,0.85,0.8017,M1
41.0,-85.0,850.0,0.85,0.85,0.8017,M1
41.0,-80.0,850.0,0.85,0.85,0.8017,M1
41.0,-75.0,850.0,0.85,0.85,0.9764,M1
41.0,-70.0,850.0,0.85,0.85,1.1069,M1
41.0,-65.0,850.0,0.85,0.85,1.2065,M1
41.0,-60.0,850.0,0.85,0.85,1.2838,M1
41.0,-55.0,850.0,0.85,0.85,1.3334,M1
41.0,-50.0,850.0,0.85,0.85,1.3334,M1
41.0,-45.0,850.0,0.85,0.85,1.3334,M1
41.0,-40.0,850.0,0.85,0.85,1.3334,M1
41.0,-35.0,850.0,0.85,0.85,1.3334,M1
41.0,-30.0,850.0,0.85,0.85,1.3334,M1
41.0,-25.0,850.0,0.85,0.85,1.3334,M1
41.0,-20.0,850.0,0.85,0.85,1.3334,M1
41.0,-15.0,850.0,0.85,0.85,1.3457,M1
41.0,-10.0,850.0,0.85,0.85,1.4075,M1
41.0,-5.0,850.0,0.85,0.85,1.4685,M1
41.0,0.0,850.0,0.85,0.85,1.5268,M2
41.0,5.0,850.0,0.85,0.85,1.9027,M2
41.0,10.0,850.0,0.85,0.85,2.1583,M2
41.0,15.0,850.0,0.85,0.85,2.3413,M2
41.0,20.0,850.0,0.85,0.85,2.4272,M2
41.0,25.0,850.0,0.85,0.85,2.4272,M2
41.0,30.0,850.0,0.85,0.85,2.4272,M2
41.0,35.0,850.0,0.85,0.85,2.4272,M2
41.0,40.0,850.0,0.85,0.85,2.4272,M2
41.0,45.0,850.0,0.85,0.85,2.4272,M2
41.0,50.0,850.0,0.85,0.85,2.4272,M2
41.0,55.0,850.0,0.85,0.85,2.4272,M2
41.0,60.0,850.0,0.85,0.85,2.4773,M2
41.0,65.0,850.0,0.85,0.85,2.6408,M3
41.0,70.0,850.0,0.85,0.85,2.8815,M3
41.0,75.0,850.0,0.85,0.85,3.27,M3
41.0,80.0,850.0,0.85,0.85,4.0,M4
41.0,85.0,850.0,0.85,0.85,4.0,M4
41.0,90.0,850.0,0.85,0.85,4.0,M4
41.0,95.0,850.0,0.85,0.85,4.0,M4
41.0,100.0,850.0,0.85,0.85,4.0,M4
41.0,105.0,850.0,0.85,0.85,4.0,M4
41.0,110.0,850.0,0.85,0.85,4.0,M4
41.0,115.0,850.0,0.85,0.85,4.0,M4
41.0,120.0,850.0,0.85,0.85,4.0,M4
41.0,125.0,850.0,0.85,0.85,4.0,M4
41.0,130.0,850.0,0.85,0.85,4.0,M4
41.0,135.0,850.0,0.85,0.85,4.0,M4
41.0,140.0,850.0,0.85,0.85,4.0,M4
41.0,145.0,850.0,0.85,0.85,4.0,M4
41.0,150.0,850.0,0.85,0.85,4.0,M4
41.0,155.0,850.0,0.85,0.85,4.0,M4
41.0,160.0,850.0,0.85,0.85,4.0,M4
41.0,165.0,850.0,0.85,0.85,4.0,M4
41.0,170.0,850.0,0.85,0.85,4.0,M4
41.0,175.0,850.0,0.85,0.85,4.0,M4
41.0,180.0,850.0,0.85,0.85,4.0,M4
41.0,185.0,850.0,0.85,0.85,4.0,M4
41.0,190.0,850.0,0.85,0.85,4.0,M4
41.0,195.0,850.0,0.85,0.85,4.0,M4
41.0,200.0,850.0,0.85,0.85,4.0,M4
41.0,205.0,850.0,0.85,0.85,4.0,M4
41.0,210.0,850.0,0.85,0.85,4.0,M4
41.0,215.0,850.0,0.85,0.85,4.0,M4
41.0,220.0,850.0,0.85,0.85,4.0,M4
41.0,225.0,850.0,0.85,0.85,4.0,M4
41.0,230.0,850.0,0.85,0.85,4.0,M4
41.0,235.0,850.0,0.85,0.85,4.0,M4
41.0,240.0,850.0,0.85,0.85,4.0,M4
41.0,245.0,850.0,0.85,0.85,4.0,M4
41.0,250.0,850.0,0.85,0.85,4.0,M4
41.0,255.0,850.0,0.85,0.85,4.0,M4
41.0,260.0,850.0,0.85,0.85,4.0,M4
41.0,265.0,850.0,0.85,0.85,4.0,M4
41.0,270.0,850.0,0.85,0.85,4.0,M4
41.0,275.0,850.0,0.85,0.85,4.0,M4
41.0,280.0,850.0,0.85,0.85,4.0,M4
41.0,285.0,850.0,0.85,0.85,4.0,M4
41.0,290.0,850.0,0.85,0.85,4.0,M4
41.0,295.0,850.0,0.85,0.85,4.0,M4
41.0,300.0,850.0,0.85,0.85,4.0,M4
42.0,-350.0,850.0,0.85,0.85,0.9211,M1
42.0,-345.0,850.0,0.85,0.85,0.9211,M1
42.0,-340.0,850.0,0.85,0.85,0.9211,M1
42.0,-335.0,850.0,0.85,0.85,0.9211,M1
42.0,-330.0,850.0,0.85,0.85,0.9211,M1
42.0,-325.0,850.0,0.85,0.85,0.9211,M1
42.0,-320.0,850.0,0.85,0.85,0.9211,M1
42.0,-315.0,850.0,0.85,0.85,0.9211,M1
42.0,-310.0,850.0,0.85,0.85,0.9211,M1
42.0,-305.0,850.0,0.85,0.85,0.9211,M1
42.0,-300.0,850.0,0.85,0.85,0.9211,M1
42.0,-295.0,850.0,0.85,0.85,0.9211,M1
42.0,-290.0,850.0,0.85,0.85,0.9211,M1
42.0,-285.0,850.0,0.85,0.85,0.9211,M1
42.0,-280.0,850.0,0.85,0.85,0.9211,M1
42.0,-275.0,850.0,0.85,0.85,0.9211,M1
42.0,-270.0,850.0,0.85,0.85,0.9211,M1
42.0,-265.0,850.0,0.85,0.85,0.9211,M1
42.0,-260.0,850.0,0.85,0.85,0.9211,M1
42.0,-255.0,850.0,0.85,0.85,0.9211,M1
42.0,-250.0,850.0,0.85,0.85,0.9211,M1
42.0,-245.0,850.0,0.85,0.85,0.9211,M1
42.0,-240.0,850.0,0.85,0.85,0.9211,M1
42.0,-235.0,850.0,0.85,0.85,0.9211,M1
42.0,-230.0,850.0,0.85,0.85,0.9211,M1
42.0,-225.0,850.0,0.85,0.85,0.9211,M1
42.0,-220.0,850.0,0.85,0.85,0.9211,M1
42.0,-215.0,850.0,0.85,0.85,0.9209,M1
42.0,-210.0,850.0,0.85,0.85,0.9204,M1
42.0,-205.0,850.0,0.85,0.85,0.9195,M1
42.0,-200.0,850.0,0.85,0.85,0.9181,M1
42.0,-195.0,850.0,0.85,0.85,0.9164,M1
42.0,-190.0,850.0,0.85,0.85,0.9141,M1
42.0,-185.0,850.0,0.85,0.85,0.9113,M1
42.0,-180.0,850.0,0.85,0.85,0.9078,M1
42.0,-175.0,850.0,0.85,0.85,0.9034,M1
42.0,-170.0,850.0,0.85,0.85,0.8981,M1
42.0,-165.0,850.0,0.85,0.85,0.8914,M1
42.0,-160.0,850.0,0.85,0.85,0.8831,M1
42.0,-155.0,850.0,0.85,0.85,0.8724,M1
42.0,-150.0,850.0,0.85,0.85,0.8584,M1
42.0,-145.0,850.0,0.85,0.85,0.8396,M1
42.0,-140.0,850.0,0.85,0.85,0.813,M1
42.0,-135.0,850.0,0.85,0.85,0.813,M1
42.0,-130.0,850.0,0.85,0.85,0.813,M1
42.0,-125.0,850.0,0.85,0.85,0.813,M1
42.0,-120.0,850.0,0.85,0.85,0.813,M1
42.0,-115.0,850.0,0.85,0.85,0.813,M1
42.0,-110.0,850.0,0.85,0.85,0.813,M1
42.0,-105.0,850.0,0.85,0.85,0.813,M1
42.0,-100.0,850.0,0.85,0.85,0.813,M1
42.0,-95.0,850.0,0.85,0.85,0.813,M1
42.0,-90.0,850.0,0.85,0.85,0.813,M1
42.0,-85.0,850.0,0.85,0.85,0.813,M1
42.0,-80.0,850.0,0.85,0.85,0.813,M1
42.0,-75.0,850.0,0.85,0.85,1.032,M1
42.0,-70.0,850.0,0.85,0.85,1.1844,M1
42.0,-65.0,850.0,0.85,0.85,1.2945,M1
42.0,-60.0,850.0,0.85,0.85,1.3769,M1
42.0,-55.0,850.0,0.85,0.85,1.4378,M1
42.0,-50.0,850.0,0.85,0.85,1.4668,M1
42.0,-45.0,850.0,0.85,0.85,1.4668,M1
42.0,-40.0,850.0,0.85,0.85,1.4668,M1
42.0,-35.0,850.0,0.85,0.85,1.4668,M1
42.0,-30.0,850.0,0.85,0.85,1.4668,M1
42.0,-25.0,850.0,0.85,0.85,1.4668,M1
42.0,-20.0,850.0,0.85,0.85,1.4668,M1
42.0,-15.0,850.0,0.85,0.85,1.4668,M1
42.0,-10.0,850.0,0.85,0.85,1.4941,M1
42.0,-5.0,850.0,0.85,0.85,1.5615,M2
42.0,0.0,850.0,0.85,0.85,1.626,M2
42.0,5.0,850.0,0.85,0.85,1.9966,M2
42.0,10.0,850.0,0.85,0.85,2.2466,M2
42.0,15.0,850.0,0.85,0.85,2.4244,M2
42.0,20.0,850.0,0.85,0.85,2.5556,M3
42.0,25.0,850.0,0.85,0.85,2.5776,M3
42.0,30.0,850.0,0.85,0.85,2.5776,M3
42.0,35.0,850.0,0.85,0.85,2.5776,M3
42.0,40.0,850.0,0.85,0.85,2.5776,M3
42.0,45.0,850.0,0.85,0.85,2.5776,M3
42.0,50.0,850.0,0.85,0.85,2.5776,M3
42.0,55.0,850.0,0.85,0.85,2.5984,M3
42.0,60.0,850.0,0.85,0.85,2.6397,M3
42.0,65.0,850.0,0.85,0.85,2.7181,M3
42.0,70.0,850.0,0.85,0.85,2.9577,M3
42.0,75.0,850.0,0.85,0.85,3.3325,M3
42.0,80.0,850.0,0.85,0.85,4.0,M4
42.0,85.0,850.0,0.85,0.85,4.0,M4
42.0,90.0,850.0,0.85,0.85,4.0,M4
42.0,95.0,850.0,0.85,0.85,4.0,M4
42.0,100.0,850.0,0.85,0.85,4.0,M4
42.0,105.0,850.0,0.85,0.85,4.0,M4
42.0,110.0,850.0,0.85,0.85,4.0,M4
42.0,115.0,850.0,0.85,0.85,4.0,M4
42.0,120.0,850.0,0.85,0.85,4.0,M4
42.0,125.0,850.0,0.85,0.85,4.0,M4
42.0,130.0,850.0,0.85,0.85,4.0,M4
42.0,135.0,850.0,0.85,0.85,4.0,M4
42.0,140.0,850.0,0.85,0.85,4.0,M4
42.0,145.0,850.0,0.85,0.85,4.0,M4
42.0,150.0,850.0,0.85,0.85,4.0,M4
42.0,155.0,850.0,0.85,0.85,4.0,M4
42.0,160.0,850.0,0.85,0.85,4.0,M4
42.0,165.0,850.0,0.85,0.85,4.0,M4
42.0,170.0,850.0,0.85,0.85,4.0,M4
42.0,175.0,850.0,0.85,0.85,4.0,M4
42.0,180.0,850.0,0.85,0.85,4.0,M4
42.0,185.0,850.0,0.85,0.85,4.0,M4
42.0,190.0,850.0,0.85,0.85,4.0,M4
42.0,195.0,850.0,0.85,0.85,4.0,M4
42.0,200.0,850.0,0.85,0.85,4.0,M4
42.0,205.0,850.0,0.85,0.85,4.0,M4
42.0,210.0,850.0,0.85,0.85,4.0,M4
42.0,215.0,850.0,0.85,0.85,4.0,M4
42.0,220.0,850.0,0.85,0.85,4.0,M4
42.0,225.0,850.0,0.85,0.85,4.0,M4
42.0,230.0,850.0,0.85,0.85,4.0,M4
42.0,235.0,850.0,0.85,0.85,4.0,M4
42.0,240.0,850.0,0.85,0.85,4.0,M4
42.0,245.0,850.0,0.85,0.85,4.0,M4
42.0,250.0,850.0,0.85,0.85,4.0,M4
42.0,255.0,850.0,0.85,0.85,4.0,M4
42.0,260.0,850.0,0.85,0.85,4.0,M4
42.0,265.0,850.0,0.85,0.85,4.0,M4
42.0,270.0,850.0,0.85,0.85,4.0,M4
42.0,275.0,850.0,0.85,0.85,4.0,M4
42.0,280.0,850.0,0.85,0.85,4.0,M4
42.0,285.0,850.0,0.85,0.85,4.0,M4
42.0,290.0,850.0,0.85,0.85,4.0,M4
42.0,295.0,850.0,0.85,0.85,4.0,M4
42.0,300.0,850.0,0.85,0.85,4.0,M4
43.0,-350.0,850.0,0.85,0.85,0.948,M1
43.0,-345.0,850.0,0.85,0.85,0.948,M1
43.0,-340.0,850.0,0.85,0.85,0.948,M1
43.0,-335.0,850.0,0.85,0.85,0.948,M1
43.0,-330.0,850.0,0.85,0.85,0.948,M1
43.0,-325.0,850.0,0.85,0.85,0.948,M1
43.0,-320.0,850.0,0.85,0.85,0.948,M1
43.0,-315.0,850.0,0.85,0.85,0.948,M1
43.0,-310.0,850.0,0.85,0.85,0.948,M1
43.0,-305.0,850.0,0.85,0.85,0.948,M1
43.0,-300.0,850.0,0.85,0.85,0.948,M1
43.0,-295.0,850.0,0.85,0.85,0.948,M1
43.0,-290.0,850.0,0.85,0.85,0.948,M1
43.0,-285.0,850.0,0.85,0.85,0.948,M1
43.0,-280.0,850.0,0.85,0.85,0.948,M1
43.0,-275.0,850.0,0.85,0.85,0.948,M1
43.0,-270.0,850.0,0.85,0.85,0.948,M1
43.0,-265.0,850.0,0.85,0.85,0.948,M1
43.0,-260.0,850.0,0.85,0.85,0.948,M1
43.0,-255.0,850.0,0.85,0.85,0.948,M1
43.0,-250.0,850.0,0.85,0.85,0.948,M1
43.0,-245.0,850.0,0.85,0.85,0.948,M1
43.0,-240.0,850.0,0.85,0.85,0.948,M1
43.0,-235.0,850.0,0.85,0.85,0.948,M1
43.0,-230.0,850.0,0.85,0.85,0.948,M1
43.0,-225.0,850.0,0.85,0.85,0.948,M1
43.0,-220.0,850.0,0.85,0.85,0.948,M1
43.0,-215.0,850.0,0.85,0.85,0.9479,M1
43.0,-210.0,850.0,0.85,0.85,0.9475,M1
43.0,-205.0,850.0,0.85,0.85,0.9469,M1
43.0,-200.0,850.0,0.85,0.85,0.946,M1
43.0,-195.0,850.0,0.85,0.85,0.9448,M1
43.0,-190.0,850.0,0.85,0.85,0.9432,M1
43.0,-185.0,850.0,0.85,0.85,0.9413,M1
43.0,-180.0,850.0,0.85,0.85,0.9388,M1
43.0,-175.0,850.0,0.85,0.85,0.9358,M1
43.0,-170.0,850.0,0.85,0.85,0.9321,M1
43.0,-165.0,850.0,0.85,0.85,0.9274,M1
43.0,-160.0,850.0,0.85,0.85,0.9215,M1
43.0,-155.0,850.0,0.85,0.85,0.9139,M1
43.0,-150.0,850.0,0.85,0.85,0.9038,M1
43.0,-145.0,850.0,0.85,0.85,0.89,M1
43.0,-140.0,850.0,0.85,0.85,0.8701,M1
43.0,-135.0,850.0,0.85,0.85,0.8389,M1
43.0,-130.0,850.0,0.85,0.85,0.8243,M1
43.0,-125.0,850.0,0.85,0.85,0.8243,M1
43.0,-120.0,850.0,0.85,0.85,0.8243,M1
43.0,-115.0,850.0,0.85,0.85,0.8243,M1
43.0,-110.0,850.0,0.85,0.85,0.8243,M1
43.0,-105.0,850.0,0.85,0.85,0.8243,M1
43.0,-100.0,850.0,0.85,0.85,0.8243,M1
43.0,-95.0,850.0,0.85,0.85,0.8243,M1
43.0,-90.0,850.0,0.85,0.85,0.8243,M1
43.0,-85.0,850.0,0.85,0.85,0.8243,M1
43.0,-80.0,850.0,0.85,0.85,0.8243,M1
43.0,-75.0,850.0,0.85,0.85,1.1226,M1
43.0,-70.0,850.0,0.85,0.85,1.3053,M1
43.0,-65.0,850.0,0.85,0.85,1.4272,M1
43.0,-60.0,850.0,0.85,0.85,1.5076,M2
43.0,-55.0,850.0,0.85,0.85,1.564,M2
43.0,-50.0,850.0,0.85,0.85,1.6053,M2
43.0,-45.0,850.0,0.85,0.85,1.6188,M2
43.0,-40.0,850.0,0.85,0.85,1.6188,M2
43.0,-35.0,850.0,0.85,0.85,1.6188,M2
43.0,-30.0,850.0,0.85,0.85,1.6188,M2
43.0,-25.0,850.0,0.85,0.85,1.6188,M2
43.0,-20.0,850.0,0.85,0.85,1.6188,M2
43.0,-15.0,850.0,0.85,0.85,1.6188,M2
43.0,-10.0,850.0,0.85,0.85,1.6188,M2
43.0,-5.0,850.0,0.85,0.85,1.6636,M2
43.0,0.0,850.0,0.85,0.85,1.7355,M2
43.0,5.0,850.0,0.85,0.85,2.1007,M2
43.0,10.0,850.0,0.85,0.85,2.3445,M2
43.0,15.0,850.0,0.85,0.85,2.5168,M3
43.0,20.0,850.0,0.85,0.85,2.6431,M3
43.0,25.0,850.0,0.85,0.85,2.7211,M3
43.0,30.0,850.0,0.85,0.85,2.7211,M3
43.0,35.0,850.0,0.85,0.85,2.7211,M3
43.0,40.0,850.0,0.85,0.85,2.7211,M3
43.0,45.0,850.0,0.85,0.85,2.7211,M3
43.0,50.0,850.0,0.85,0.85,2.7364,M3
43.0,55.0,850.0,0.85,0.85,2.7809,M3
43.0,60.0,850.0,0.85,0.85,2.8363,M3
43.0,65.0,850.0,0.85,0.85,2.906,M3
43.0,70.0,850.0,0.85,0.85,3.0196,M3
43.0,75.0,850.0,0.85,0.85,3.3816,M3
43.0,80.0,850.0,0.85,0.85,4.0,M4
43.0,85.0,850.0,0.85,0.85,4.0,M4
43.0,90.0,850.0,0.85,0.85,4.0,M4
43.0,95.0,850.0,0.85,0.85,4.0,M4
43.0,100.0,850.0,0.85,0.85,4.0,M4
43.0,105.0,850.0,0.85,0.85,4.0,M4
43.0,110.0,850.0,0.85,0.85,4.0,M4
43.0,115.0,850.0,0.85,0.85,4.0,M4
43.0,120.0,850.0,0.85,0.85,4.0,M4
43.0,125.0,850.0,0.85,0.85,4.0,M4
43.0,130.0,850.0,0.85,0.85,4.0,M4
43.0,135.0,850.0,0.85,0.85,4.0,M4
43.0,140.0,850.0,0.85,0.85,4.0,M4
43.0,145.0,850.0,0.85,0.85,4.0,M4
43.0,150.0,850.0,0.85,0.85,4.0,M4
43.0,155.0,850.0,0.85,0.85,4.0,M4
43.0,160.0,850.0,0.85,0.85,4.0,M4
43.0,165.0,850.0,0.85,0.85,4.0,M4
43.0,170.0,850.0,0.85,0.85,4.0,M4
43.0,175.0,850.0,0.85,0.85,4.0,M4
43.0,180.0,850.0,0.85,0.85,4.0,M4
43.0,185.0,850.0,0.85,0.85,4.0,M4
43.0,190.0,850.0,0.85,0.85,4.0,M4
43.0,195.0,850.0,0.85,0.85,4.0,M4
43.0,200.0,850.0,0.85,0.85,4.0,M4
43.0,205.0,850.0,0.85,0.85,4.0,M4
43.0,210.0,850.0,0.85,0.85,4.0,M4
43.0,215.0,850.0,0.85,0.85,4.0,M4
43.0,220.0,850.0,0.85,0.85,4.0,M4
43.0,225.0,850.0,0.85,0.85,4.0,M4
43.0,230.0,850.0,0.85,0.85,4.0,M4
43.0,235.0,850.0,0.85,0.85,4.0,M4
43.0,240.0,850.0,0.85,0.85,4.0,M4
43.0,245.0,850.0,0.85,0.85,4.0,M4
43.0,250.0,850.0,0.85,0.85,4.0,M4
43.0,255.0,850.0,0.85,0.85,4.0,M4
43.0,260.0,850.0,0.85,0.85,4.0,M4
43.0,265.0,850.0,0.85,0.85,4.0,M4
43.0,270.0,850.0,0.85,0.85,4.0,M4
43.0,275.0,850.0,0.85,0.85,4.0,M4
43.0,280.0,850.0,0.85,0.85,4.0,M4
43.0,285.0,850.0,0.85,0.85,4.0,M4
43.0,290.0,850.0,0.85,0.85,4.0,M4
43.0,295.0,850.0,0.85,0.85,4.0,M4
43.0,300.0,850.0,0.85,0.85,4.0,M4
44.0,-350.0,850.0,0.85,0.85,0.9745,M1
44.0,-345.0,850.0,0.85,0.85,0.9745,M1
44.0,-340.0,850.0,0.85,0.85,0.9745,M1
44.0,-335.0,850.0,0.85,0.85,0.9745,M1
44.0,-330.0,850.0,0.85,0.85,0.9745,M1
44.0,-325.0,850.0,0.85,0.85,0.9745,M1
44.0,-320.0,850.0,0.85,0.85,0.9745,M1
44.0,-315.0,850.0,0.85,0.85,0.9745,M1
44.0,-310.0,850.0,0.85,0.85,0.9745,M1
44.0,-305.0,850.0,0.85,0.85,0.9745,M1
44.0,-300.0,850.0,0.85,0.85,0.9745,M1
44.0,-295.0,850.0,0.85,0.85,0.9745,M1
44.0,-290.0,850.0,0.85,0.85,0.9745,M1
44.0,-285.0,850.0,0.85,0.85,0.9745,M1
44.0,-280.0,850.0,0.85,0.85,0.9745,M1
44.0,-275.0,850.0,0.85,0.85,0.9745,M1
44.0,-270.0,850.0,0.85,0.85,0.9745,M1
44.0,-265.0,850.0,0.85,0.85,0.9745,M1
44.0,-260.0,850.0,0.85,0.85,0.9745,M1
44.0,-255.0,850.0,0.85,0.85,0.9745,M1
44.0,-250.0,850.0,0.85,0.85,0.9745,M1
44.0,-245.0,850.0,0.85,0.85,0.9745,M1
44.0,-240.0,850.0,0.85,0.85,0.9745,M1
44.0,-235.0,850.0,0.85,0.85,0.9745,M1
44.0,-230.0,850.0,0.85,0.85,0.9745,M1
44.0,-225.0,850.0,0.85,0.85,0.9745,M1
44.0,-220.0,850.0,0.85,0.85,0.9745,M1
44.0,-215.0,850.0,0.85,0.85,0.9744,M1
44.0,-210.0,850.0,0.85,0.85,0.9742,M1
44.0,-205.0,850.0,0.85,0.85,0.9739,M1
44.0,-200.0,850.0,0.85,0.85,0.9735,M1
44.0,-195.0,850.0,0.85,0.85,0.9729,M1
44.0,-190.0,850.0,0.85,0.85,0.9721,M1
44.0,-185.0,850.0,0.85,0.85,0.9711,M1
44.0,-180.0,850.0,0.85,0.85,0.9698,M1
44.0,-175.0,850.0,0.85,0.85,0.9683,M1
44.0,-170.0,850.0,0.85,0.85,0.9663,M1
44.0,-165.0,850.0,0.85,0.85,0.9639,M1
44.0,-160.0,850.0,0.85,0.85,0.9608,M1
44.0,-155.0,850.0,0.85,0.85,0.9568,M1
44.0,-150.0,850.0,0.85,0.85,0.9514,M1
44.0,-145.0,850.0,0.85,0.85,0.9439,M1
44.0,-140.0,850.0,0.85,0.85,0.9328,M1
44.0,-135.0,850.0,0.85,0.85,0.9148,M1
44.0,-130.0,850.0,0.85,0.85,0.8812,M1
44.0,-125.0,850.0,0.85,0.85,0.8358,M1
44.0,-120.0,850.0,0.85,0.85,0.8358,M1
44.0,-115.0,850.0,0.85,0.85,0.8358,M1
44.0,-110.0,850.0,0.85,0.85,0.8358,M1
44.0,-105.0,850.0,0.85,0.85,0.8358,M1
44.0,-100.0,850.0,0.85,0.85,0.8358,M1
44.0,-95.0,850.0,0.85,0.85,0.8358,M1
44.0,-90.0,850.0,0.85,0.85,0.8358,M1
44.0,-85.0,850.0,0.85,0.85,0.8358,M1
44.0,-80.0,850.0,0.85,0.85,0.8358,M1
44.0,-75.0,850.0,0.85,0.85,1.3162,M1
44.0,-70.0,850.0,0.85,0.85,1.5299,M2
44.0,-65.0,850.0,0.85,0.85,1.6363,M2
44.0,-60.0,850.0,0.85,0.85,1.6992,M2
44.0,-55.0,850.0,0.85,0.85,1.7406,M2
44.0,-50.0,850.0,0.85,0.85,1.7695,M2
44.0,-45.0,850.0,0.85,0.85,1.7906,M2
44.0,-40.0,850.0,0.85,0.85,1.7941,M2
44.0,-35.0,850.0,0.85,0.85,1.7941,M2
44.0,-30.0,850.0,0.85,0.85,1.7941,M2
44.0,-25.0,850.0,0.85,0.85,1.7941,M2
44.0,-20.0,850.0,0.85,0.85,1.7941,M2
44.0,-15.0,850.0,0.85,0.85,1.7941,M2
44.0,-10.0,850.0,0.85,0.85,1.7941,M2
44.0,-5.0,850.0,0.85,0.85,1.7941,M2
44.0,0.0,850.0,0.85,0.85,1.8587,M2
44.0,5.0,850.0,0.85,0.85,2.2177,M2
44.0,10.0,850.0,0.85,0.85,2.4544,M2
44.0,15.0,850.0,0.85,0.85,2.6201,M3
44.0,20.0,850.0,0.85,0.85,2.741,M3
44.0,25.0,850.0,0.85,0.85,2.8313,M3
44.0,30.0,850.0,0.85,0.85,2.8609,M3
44.0,35.0,850.0,0.85,0.85,2.8609,M3
44.0,40.0,850.0,0.85,0.85,2.8609,M3
44.0,45.0,850.0,0.85,0.85,2.869,M3
44.0,50.0,850.0,0.85,0.85,2.915,M3
44.0,55.0,850.0,0.85,0.85,2.9719,M3
44.0,60.0,850.0,0.85,0.85,3.0429,M3
44.0,65.0,850.0,0.85,0.85,3.1328,M3
44.0,70.0,850.0,0.85,0.85,3.2491,M3
44.0,75.0,850.0,0.85,0.85,3.4208,M3
44.0,80.0,850.0,0.85,0.85,4.0,M4
44.0,85.0,850.0,0.85,0.85,4.0,M4
44.0,90.0,850.0,0.85,0.85,4.0,M4
44.0,95.0,850.0,0.85,0.85,4.0,M4
44.0,100.0,850.0,0.85,0.85,4.0,M4
44.0,105.0,850.0,0.85,0.85,4.0,M4
44.0,110.0,850.0,0.85,0.85,4.0,M4
44.0,115.0,850.0,0.85,0.85,4.0,M4
44.0,120.0,850.0,0.85,0.85,4.0,M4
44.0,125.0,850.0,0.85,0.85,4.0,M4
44.0,130.0,850.0,0.85,0.85,4.0,M4
44.0,135.0,850.0,0.85,0.85,4.0,M4
44.0,140.0,850.0,0.85,0.85,4.0,M4
44.0,145.0,850.0,0.85,0.85,4.0,M4
44.0,150.0,850.0,0.85,0.85,4.0,M4
44.0,155.0,850.0,0.85,0.85,4.0,M4
44.0,160.0,850.0,0.85,0.85,4.0,M4
44.0,165.0,850.0,0.85,0.85,4.0,M4
44.0,170.0,850.0,0.85,0.85,4.0,M4
44.0,175.0,850.0,0.85,0.85,4.0,M4
44.0,180.0,850.0,0.85,0.85,4.0,M4
44.0,185.0,850.0,0.85,0.85,4.0,M4
44.0,190.0,850.0,0.85,0.85,4.0,M4
44.0,195.0,850.0,0.85,0.85,4.0,M4
44.0,200.0,850.0,0.85,0.85,4.0,M4
44.0,205.0,850.0,0.85,0.85,4.0,M4
44.0,210.0,850.0,0.85,0.85,4.0,M4
44.0,215.0,850.0,0.85,0.85,4.0,M4
44.0,220.0,850.0,0.85,0.85,4.0,M4
44.0,225.0,850.0,0.85,0.85,4.0,M4
44.0,230.0,850.0,0.85,0.85,4.0,M4
44.0,235.0,850.0,0.85,0.85,4.0,M4
44.0,240.0,850.0,0.85,0.85,4.0,M4
44.0,245.0,850.0,0.85,0.85,4.0,M4
44.0,250.0,850.0,0.85,0.85,4.0,M4
44.0,255.0,850.0,0.85,0.85,4.0,M4
44.0,260.0,850.0,0.85,0.85,4.0,M4
44.0,265.0,850.0,0.85,0.85,4.0,M4
44.0,270.0,850.0,0.85,0.85,4.0,M4
44.0,275.0,850.0,0.85,0.85,4.0,M4
44.0,280.0,850.0,0.85,0.85,4.0,M4
44.0,285.0,850.0,0.85,0.85,4.0,M4
44.0,290.0,850.0,0.85,0.85,4.0,M4
44.0,295.0,850.0,0.85,0.85,4.0,M4
44.0,300.0,850.0,0.85,0.85,4.0,M4
45.0,-350.0,850.0,0.85,0.85,1.0,M1
45.0,-345.0,850.0,0.85,0.85,1.0,M1
45.0,-340.0,850.0,0.85,0.85,1.0,M1
45.0,-335.0,850.0,0.85,0.85,1.0,M1
45.0,-330.0,850.0,0.85,0.85,1.0,M1
45.0,-325.0,850.0,0.85,0.85,1.0,M1
45.0,-320.0,850.0,0.85,0.85,1.0,M1
45.0,-315.0,850.0,0.85,0.85,1.0,M1
45.0,-310.0,850.0,0.85,0.85,1.0,M1
45.0,-305.0,850.0,0.85,0.85,1.0,M1
45.0,-300.0,850.0,0.85,0.85,1.0,M1
45.0,-295.0,850.0,0.85,0.85,1.0,M1
45.0,-290.0,850.0,0.85,0.85,1.0,M1
45.0,-285.0,850.0,0.85,0.85,1.0,M1
45.0,-280.0,850.0,0.85,0.85,1.0,M1
45.0,-275.0,850.0,0.85,0.85,1.0,M1
45.0,-270.0,850.0,0.85,0.85,1.0,M1
45.0,-265.0,850.0,0.85,0.85,1.0,M1
45.0,-260.0,850.0,0.85,0.85,1.0,M1
45.0,-255.0,850.0,0.85,0.85,1.0,M1
45.0,-250.0,850.0,0.85,0.85,1.0,M1
45.0,-245.0,850.0,0.85,0.85,1.0,M1
45.0,-240.0,850.0,0.85,0.85,1.0,M1
45.0,-235.0,850.0,0.85,0.85,1.0,M1
45.0,-230.0,850.0,0.85,0.85,1.0,M1
45.0,-225.0,850.0,0.85,0.85,1.0,M1
45.0,-220.0,850.0,0.85,0.85,1.0,M1
45.0,-215.0,850.0,0.85,0.85,1.0,M1
45.0,-210.0,850.0,0.85,0.85,1.0,M1
45.0,-205.0,850.0,0.85,0.85,1.0,M1
45.0,-200.0,850.0,0.85,0.85,1.0,M1
45.0,-195.0,850.0,0.85,0.85,1.0,M1
45.0,-190.0,850.0,0.85,0.85,1.0,M1
45.0,-185.0,850.0,0.85,0.85,1.0,M1
45.0,-180.0,850.0,0.85,0.85,1.0,M1
45.0,-175.0,850.0,0.85,0.85,1.0,M1
45.0,-170.0,850.0,0.85,0.85,1.0,M1
45.0,-165.0,850.0,0.85,0.85,1.0,M1
45.0,-160.0,850.0,0.85,0.85,1.0,M1
45.0,-155.0,850.0,0.85,0.85,1.0,M1
45.0,-150.0,850.0,0.85,0.85,1.0,M1
45.0,-145.0,850.0,0.85,0.85,1.0,M1
45.0,-140.0,850.0,0.85,0.85,1.0,M1
45.0,-135.0,850.0,0.85,0.85,1.0,M1
45.0,-130.0,850.0,0.85,0.85,1.0,M1
45.0,-125.0,850.0,0.85,0.85,1.0,M1
45.0,-120.0,850.0,0.85,0.85,0.0,M0
45.0,-115.0,850.0,0.85,0.85,0.0,M0
45.0,-110.0,850.0,0.85,0.85,0.0,M0
45.0,-105.0,850.0,0.85,0.85,0.0,M0
45.0,-100.0,850.0,0.85,0.85,0.0,M0
45.0,-95.0,850.0,0.85,0.85,0.0,M0
45.0,-90.0,850.0,0.85,0.85,0.0,M0
45.0,-85.0,850.0,0.85,0.85,0.0,M0
45.0,-80.0,850.0,0.85,0.85,0.0,M0
45.0,-75.0,850.0,0.85,0.85,2.0,M2
45.0,-70.0,850.0,0.85,0.85,2.0,M2
45.0,-65.0,850.0,0.85,0.85,2.0,M2
45.0,-60.0,850.0,0.85,0.85,2.0,M2
45.0,-55.0,850.0,0.85,0.85,2.0,M2
45.0,-50.0,850.0,0.85,0.85,2.0,M2
45.0,-45.0,850.0,0.85,0.85,2.0,M2
45.0,-40.0,850.0,0.85,0.85,2.0,M2
45.0,-35.0,850.0,0.85,0.85,2.0,M2
45.0,-30.0,850.0,0.85,0.85,2.0,M2
45.0,-25.0,850.0,0.85,0.85,2.0,M2
45.0,-20.0,850.0,0.85,0.85,2.0,M2
45.0,-15.0,850.0,0.85,0.85,2.0,M2
45.0,-10.0,850.0,0.85,0.85,2.0,M2
45.0,-5.0,850.0,0.85,0.85,2.0,M2
45.0,0.0,850.0,0.85,0.85,2.0,M2
45.0,5.0,850.0,0.85,0.85,2.3511,M2
45.0,10.0,850.0,0.85,0.85,2.5789,M3
45.0,15.0,850.0,0.85,0.85,2.7368,M3
45.0,20.0,850.0,0.85,0.85,2.851,M3
45.0,25.0,850.0,0.85,0.85,2.9359,M3
45.0,30.0,850.0,0.85,0.85,3.0,M3
45.0,35.0,850.0,0.85,0.85,3.0,M3
45.0,40.0,850.0,0.85,0.85,3.0,M3
45.0,45.0,850.0,0.85,0.85,3.0464,M3
45.0,50.0,850.0,0.85,0.85,3.1035,M3
45.0,55.0,850.0,0.85,0.85,3.1743,M3
45.0,60.0,850.0,0.85,0.85,3.2632,M3
45.0,65.0,850.0,0.85,0.85,3.3764,M3
45.0,70.0,850.0,0.85,0.85,3.5239,M4
45.0,75.0,850.0,0.85,0.85,3.7221,M4
45.0,80.0,850.0,0.85,0.85,4.0,M4
45.0,85.0,850.0,0.85,0.85,4.0,M4
45.0,90.0,850.0,0.85,0.85,4.0,M4
45.0,95.0,850.0,0.85,0.85,4.0,M4
45.0,100.0,850.0,0.85,0.85,4.0,M4
45.0,105.0,850.0,0.85,0.85,4.0,M4
45.0,110.0,850.0,0.85,0.85,4.0,M4
45.0,115.0,850.0,0.85,0.85,4.0,M4
45.0,120.0,850.0,0.85,0.85,4.0,M4
45.0,125.0,850.0,0.85,0.85,4.0,M4
45.0,130.0,850.0,0.85,0.85,4.0,M4
45.0,135.0,850.0,0.85,0.85,4.0,M4
45.0,140.0,850.0,0.85,0.85,4.0,M4
45.0,145.0,850.0,0.85,0.85,4.0,M4
45.0,150.0,850.0,0.85,0.85,4.0,M4
45.0,155.0,850.0,0.85,0.85,4.0,M4
45.0,160.0,850.0,0.85,0.85,4.0,M4
45.0,165.0,850.0,0.85,0.85,4.0,M4
45.0,170.0,850.0,0.85,0.85,4.0,M4
45.0,175.0,850.0,0.85,0.85,4.0,M4
45.0,180.0,850.0,0.85,0.85,4.0,M4
45.0,185.0,850.0,0.85,0.85,4.0,M4
45.0,190.0,850.0,0.85,0.85,4.0,M4
45.0,195.0,850.0,0.85,0.85,4.0,M4
45.0,200.0,850.0,0.85,0.85,4.0,M4
45.0,205.0,850.0,0.85,0.85,4.0,M4
45.0,210.0,850.0,0.85,0.85,4.0,M4
45.0,215.0,850.0,0.85,0.85,4.0,M4
45.0,220.0,850.0,0.85,0.85,4.0,M4
45.0,225.0,850.0,0.85,0.85,4.0,M4
45.0,230.0,850.0,0.85,0.85,4.0,M4
45.0,235.0,850.0,0.85,0.85,4.0,M4
45.0,240.0,850.0,0.85,0.85,4.0,M4
45.0,245.0,850.0,0.85,0.85,4.0,M4
45.0,250.0,850.0,0.85,0.85,4.0,M4
45.0,255.0,850.0,0.85,0.85,4.0,M4
45.0,260.0,850.0,0.85,0.85,4.0,M4
45.0,265.0,850.0,0.85,0.85,4.0,M4
45.0,270.0,850.0,0.85,0.85,4.0,M4
45.0,275.0,850.0,0.85,0.85,4.0,M4
45.0,280.0,850.0,0.85,0.85,4.0,M4
45.0,285.0,850.0,0.85,0.85,4.0,M4
45.0,290.0,850.0,0.85,0.85,4.0,M4
45.0,295.0,850.0,0.85,0.85,4.0,M4
45.0,300.0,850.0,0.85,0.85,4.0,M4
46.0,-350.0,850.0,0.85,0.85,1.0,M1
46.0,-345.0,850.0,0.85,0.85,1.0,M1
46.0,-340.0,850.0,0.85,0.85,1.0,M1
46.0,-335.0,850.0,0.85,0.85,1.0,M1
46.0,-330.0,850.0,0.85,0.85,1.0,M1
46.0,-325.0,850.0,0.85,0.85,1.0,M1
46.0,-320.0,850.0,0.85,0.85,1.0,M1
46.0,-315.0,850.0,0.85,0.85,1.0,M1
46.0,-310.0,850.0,0.85,0.85,1.0,M1
46.0,-305.0,850.0,0.85,0.85,1.0,M1
46.0,-300.0,850.0,0.85,0.85,1.0,M1
46.0,-295.0,850.0,0.85,0.85,1.0,M1
46.0,-290.0,850.0,0.85,0.85,1.0,M1
46.0,-285.0,850.0,0.85,0.85,1.0,M1
46.0,-280.0,850.0,0.85,0.85,1.0,M1
46.0,-275.0,850.0,0.85,0.85,1.0,M1
46.0,-270.0,850.0,0.85,0.85,1.0,M1
46.0,-265.0,850.0,0.85,0.85,1.0,M1
46.0,-260.0,850.0,0.85,0.85,1.0,M1
46.0,-255.0,850.0,0.85,0.85,1.0,M1
46.0,-250.0,850.0,0.85,0.85,1.0,M1
46.0,-245.0,850.0,0.85,0.85,1.0,M1
46.0,-240.0,850.0,0.85,0.85,1.0,M1
46.0,-235.0,850.0,0.85,0.85,1.0,M1
46.0,-230.0,850.0,0.85,0.85,1.0,M1
46.0,-225.0,850.0,0.85,0.85,1.0,M1
46.0,-220.0,850.0,0.85,0.85,1.0,M1
46.0,-215.0,850.0,0.85,0.85,1.0,M1
46.0,-210.0,850.0,0.85,0.85,1.0,M1
46.0,-205.0,850.0,0.85,0.85,1.0,M1
46.0,-200.0,850.0,0.85,0.85,1.0,M1
46.0,-195.0,850.0,0.85,0.85,1.0,M1
46.0,-190.0,850.0,0.85,0.85,1.0,M1
46.0,-185.0,850.0,0.85,0.85,1.0,M1
46.0,-180.0,850.0,0.85,0.85,1.0,M1
46.0,-175.0,850.0,0.85,0.85,1.0,M1
46.0,-170.0,850.0,0.85,0.85,1.0,M1
46.0,-165.0,850.0,0.85,0.85,1.0,M1
46.0,-160.0,850.0,0.85,0.85,1.0,M1
46.0,-155.0,850.0,0.85,0.85,1.0,M1
46.0,-150.0,850.0,0.85,0.85,1.0,M1
46.0,-145.0,850.0,0.85,0.85,1.0,M1
46.0,-140.0,850.0,0.85,0.85,1.0,M1
46.0,-135.0,850.0,0.85,0.85,1.0,M1
46.0,-130.0,850.0,0.85,0.85,1.0,M1
46.0,-125.0,850.0,0.85,0.85,1.0,M1
46.0,-120.0,850.0,0.85,0.85,0.0,M0
46.0,-115.0,850.0,0.85,0.85,0.0,M0
46.0,-110.0,850.0,0.85,0.85,0.0,M0
46.0,-105.0,850.0,0.85,0.85,0.0,M0
46.0,-100.0,850.0,0.85,0.85,0.0,M0
46.0,-95.0,850.0,0.85,0.85,0.0,M0
46.0,-90.0,850.0,0.85,0.85,0.0,M0
46.0,-85.0,850.0,0.85,0.85,0.0,M0
46.0,-80.0,850.0,0.85,0.85,0.0,M0
46.0,-75.0,850.0,0.85,0.85,2.0,M2
46.0,-70.0,850.0,0.85,0.85,2.0,M2
46.0,-65.0,850.0,0.85,0.85,2.0,M2
46.0,-60.0,850.0,0.85,0.85,2.0,M2
46.0,-55.0,850.0,0.85,0.85,2.0,M2
46.0,-50.0,850.0,0.85,0.85,2.0,M2
46.0,-45.0,850.0,0.85,0.85,2.0,M2
46.0,-40.0,850.0,0.85,0.85,2.0,M2
46.0,-35.0,850.0,0.85,0.85,2.0,M2
46.0,-30.0,850.0,0.85,0.85,2.0,M2
46.0,-25.0,850.0,0.85,0.85,2.0,M2
46.0,-20.0,850.0,0.85,0.85,2.0,M2
46.0,-15.0,850.0,0.85,0.85,2.0,M2
46.0,-10.0,850.0,0.85,0.85,2.0,M2
46.0,-5.0,850.0,0.85,0.85,2.0,M2
46.0,0.0,850.0,0.85,0.85,2.0,M2
46.0,5.0,850.0,0.85,0.85,2.3337,M2
46.0,10.0,850.0,0.85,0.85,2.554,M3
46.0,15.0,850.0,0.85,0.85,2.7085,M3
46.0,20.0,850.0,0.85,0.85,2.8212,M3
46.0,25.0,850.0,0.85,0.85,2.9055,M3
46.0,30.0,850.0,0.85,0.85,2.9693,M3
46.0,35.0,850.0,0.85,0.85,3.0,M3
46.0,40.0,850.0,0.85,0.85,3.0307,M3
46.0,45.0,850.0,0.85,0.85,3.0769,M3
46.0,50.0,850.0,0.85,0.85,3.1337,M3
46.0,55.0,850.0,0.85,0.85,3.2039,M3
46.0,60.0,850.0,0.85,0.85,3.2915,M3
46.0,65.0,850.0,0.85,0.85,3.4024,M3
46.0,70.0,850.0,0.85,0.85,3.5458,M4
46.0,75.0,850.0,0.85,0.85,3.7364,M4
46.0,80.0,850.0,0.85,0.85,4.0,M4
46.0,85.0,850.0,0.85,0.85,4.0,M4
46.0,90.0,850.0,0.85,0.85,4.0,M4
46.0,95.0,850.0,0.85,0.85,4.0,M4
46.0,100.0,850.0,0.85,0.85,4.0,M4
46.0,105.0,850.0,0.85,0.85,4.0,M4
46.0,110.0,850.0,0.85,0.85,4.0,M4
46.0,115.0,850.0,0.85,0.85,4.0,M4
46.0,120.0,850.0,0.85,0.85,4.0,M4
46.0,125.0,850.0,0.85,0.85,4.0,M4
46.0,130.0,850.0,0.85,0.85,4.0,M4
46.0,135.0,850.0,0.85,0.85,4.0,M4
46.0,140.0,850.0,0.85,0.85,4.0,M4
46.0,145.0,850.0,0.85,0.85,4.0,M4
46.0,150.0,850.0,0.85,0.85,4.0,M4
46.0,155.0,850.0,0.85,0.85,4.0,M4
46.0,160.0,850.0,0.85,0.85,4.0,M4
46.0,165.0,850.0,0.85,0.85,4.0,M4
46.0,170.0,850.0,0.85,0.85,4.0,M4
46.0,175.0,850.0,0.85,0.85,4.0,M4
46.0,180.0,850.0,0.85,0.85,4.0,M4
46.0,185.0,850.0,0.85,0.85,4.0,M4
46.0,190.0,850.0,0.85,0.85,4.0,M4
46.0,195.0,850.0,0.85,0.85,4.0,M4
46.0,200.0,850.0,0.85,0.85,4.0,M4
46.0,205.0,850.0,0.85,0.85,4.0,M4
46.0,210.0,850.0,0.85,0.85,4.0,M4
46.0,215.0,850.0,0.85,0.85,4.0,M4
46.0,220.0,850.0,0.85,0.85,4.0,M4
46.0,225.0,850.0,0.85,0.85,4.0,M4
46.0,230.0,850.0,0.85,0.85,4.0,M4
46.0,235.0,850.0,0.85,0.85,4.0,M4
46.0,240.0,850.0,0.85,0.85,4.0,M4
46.0,245.0,850.0,0.85,0.85,4.0,M4
46.0,250.0,850.0,0.85,0.85,4.0,M4
46.0,255.0,850.0,0.85,0.85,4.0,M4
46.0,260.0,850.0,0.85,0.85,4.0,M4
46.0,265.0,850.0,0.85,0.85,4.0,M4
46.0,270.0,850.0,0.85,0.85,4.0,M4
46.0,275.0,850.0,0.85,0.85,4.0,M4
46.0,280.0,850.0,0.85,0.85,4.0,M4
46.0,285.0,850.0,0.85,0.85,4.0,M4
46.0,290.0,850.0,0.85,0.85,4.0,M4
46.0,295.0,850.0,0.85,0.85,4.0,M4
46.0,300.0,850.0,0.85,0.85,4.0,M4
47.0,-350.0,850.0,0.85,0.85,1.0,M1
47.0,-345.0,850.0,0.85,0.85,1.0,M1
47.0,-340.0,850.0,0.85,0.85,1.0,M1
47.0,-335.0,850.0,0.85,0.85,1.0,M1
47.0,-330.0,850.0,0.85,0.85,1.0,M1
47.0,-325.0,850.0,0.85,0.85,1.0,M1
47.0,-320.0,850.0,0.85,0.85,1.0,M1
47.0,-315.0,850.0,0.85,0.85,1.0,M1
47.0,-310.0,850.0,0.85,0.85,1.0,M1
47.0,-305.0,850.0,0.85,0.85,1.0,M1
47.0,-300.0,850.0,0.85,0.85,1.0,M1
47.0,-295.0,850.0,0.85,0.85,1.0,M1
47.0,-290.0,850.0,0.85,0.85,1.0,M1
47.0,-285.0,850.0,0.85,0.85,1.0,M1
47.0,-280.0,850.0,0.85,0.85,1.0,M1
47.0,-275.0,850.0,0.85,0.85,1.0,M1
47.0,-270.0,850.0,0.85,0.85,1.0,M1
47.0,-265.0,850.0,0.85,0.85,1.0,M1
47.0,-260.0,850.0,0.85,0.85,1.0,M1
47.0,-255.0,850.0,0.85,0.85,1.0,M1
47.0,-250.0,850.0,0.85,0.85,1.0,M1
47.0,-245.0,850.0,0.85,0.85,1.0,M1
47.0,-240.0,850.0,0.85,0.85,1.0,M1
47.0,-235.0,850.0,0.85,0.85,1.0,M1
47.0,-230.0,850.0,0.85,0.85,1.0,M1
47.0,-225.0,850.0,0.85,0.85,1.0,M1
47.0,-220.0,850.0,0.85,0.85,1.0,M1
47.0,-215.0,850.0,0.85,0.85,1.0,M1
47.0,-210.0,850.0,0.85,0.85,1.0,M1
47.0,-205.0,850.0,0.85,0.85,1.0,M1
47.0,-200.0,850.0,0.85,0.85,1.0,M1
47.0,-195.0,850.0,0.85,0.85,1.0,M1
47.0,-190.0,850.0,0.85,0.85,1.0,M1
47.0,-185.0,850.0,0.85,0.85,1.0,M1
47.0,-180.0,850.0,0.85,0.85,1.0,M1
47.0,-175.0,850.0,0.85,0.85,1.0,M1
47.0,-170.0,850.0,0.85,0.85,1.0,M1
47.0,-165.0,850.0,0.85,0.85,1.0,M1
47.0,-160.0,850.0,0.85,0.85,1.0,M1
47.0,-155.0,850.0,0.85,0.85,1.0,M1
47.0,-150.0,850.0,0.85,0.85,1.0,M1
47.0,-145.0,850.0,0.85,0.85,1.0,M1
47.0,-140.0,850.0,0.85,0.85,1.0,M1
47.0,-135.0,850.0,0.85,0.85,1.0,M1
47.0,-130.0,850.0,0.85,0.85,1.0,M1
47.0,-125.0,850.0,0.85,0.85,1.0,M1
47.0,-120.0,850.0,0.85,0.85,0.0,M0
47.0,-115.0,850.0,0.85,0.85,0.0,M0
47.0,-110.0,850.0,0.85,0.85,0.0,M0
47.0,-105.0,850.0,0.85,0.85,0.0,M0
47.0,-100.0,850.0,0.85,0.85,0.0,M0
47.0,-95.0,850.0,0.85,0.85,0.0,M0
47.0,-90.0,850.0,0.85,0.85,0.0,M0
47.0,-85.0,850.0,0.85,0.85,0.0,M0
47.0,-80.0,850.0,0.85,0.85,0.0,M0
47.0,-75.0,850.0,0.85,0.85,2.0,M2
47.0,-70.0,850.0,0.85,0.85,2.0,M2
47.0,-65.0,850.0,0.85,0.85,2.0,M2
47.0,-60.0,850.0,0.85,0.85,2.0,M2
47.0,-55.0,850.0,0.85,0.85,2.0,M2
47.0,-50.0,850.0,0.85,0.85,2.0,M2
47.0,-45.0,850.0,0.85,0.85,2.0,M2
47.0,-40.0,850.0,0.85,0.85,2.0,M2
47.0,-35.0,850.0,0.85,0.85,2.0,M2
47.0,-30.0,850.0,0.85,0.85,2.0,M2
47.0,-25.0,850.0,0.85,0.85,2.0,M2
47.0,-20.0,850.0,0.85,0.85,2.0,M2
47.0,-15.0,850.0,0.85,0.85,2.0,M2
47.0,-10.0,850.0,0.85,0.85,2.0,M2
47.0,-5.0,850.0,0.85,0.85,2.0,M2
47.0,0.0,850.0,0.85,0.85,2.0,M2
47.0,5.0,850.0,0.85,0.85,2.3195,M2
47.0,10.0,850.0,0.85,0.85,2.5334,M3
47.0,15.0,850.0,0.85,0.85,2.6849,M3
47.0,20.0,850.0,0.85,0.85,2.7961,M3
47.0,25.0,850.0,0.85,0.85,2.8798,M3
47.0,30.0,850.0,0.85,0.85,2.9434,M3
47.0,35.0,850.0,0.85,0.85,3.0109,M3
47.0,40.0,850.0,0.85,0.85,3.0566,M3
47.0,45.0,850.0,0.85,0.85,3.1027,M3
47.0,50.0,850.0,0.85,0.85,3.1592,M3
47.0,55.0,850.0,0.85,0.85,3.2287,M3
47.0,60.0,850.0,0.85,0.85,3.3151,M3
47.0,65.0,850.0,0.85,0.85,3.4239,M3
47.0,70.0,850.0,0.85,0.85,3.5638,M4
47.0,75.0,850.0,0.85,0.85,3.7481,M4
47.0,80.0,850.0,0.85,0.85,4.0,M4
47.0,85.0,850.0,0.85,0.85,4.0,M4
47.0,90.0,850.0,0.85,0.85,4.0,M4
47.0,95.0,850.0,0.85,0.85,4.0,M4
47.0,100.0,850.0,0.85,0.85,4.0,M4
47.0,105.0,850.0,0.85,0.85,4.0,M4
47.0,110.0,850.0,0.85,0.85,4.0,M4
47.0,115.0,850.0,0.85,0.85,4.0,M4
47.0,120.0,850.0,0.85,0.85,4.0,M4
47.0,125.0,850.0,0.85,0.85,4.0,M4
47.0,130.0,850.0,0.85,0.85,4.0,M4
47.0,135.0,850.0,0.85,0.85,4.0,M4
47.0,140.0,850.0,0.85,0.85,4.0,M4
47.0,145.0,850.0,0.85,0.85,4.0,M4
47.0,150.0,850.0,0.85,0.85,4.0,M4
47.0,155.0,850.0,0.85,0.85,4.0,M4
47.0,160.0,850.0,0.85,0.85,4.0,M4
47.0,165.0,850.0,0.85,0.85,4.0,M4
47.0,170.0,850.0,0.85,0.85,4.0,M4
47.0,175.0,850.0,0.85,0.85,4.0,M4
47.0,180.0,850.0,0.85,0.85,4.0,M4
47.0,185.0,850.0,0.85,0.85,4.0,M4
47.0,190.0,850.0,0.85,0.85,4.0,M4
47.0,195.0,850.0,0.85,0.85,4.0,M4
47.0,200.0,850.0,0.85,0.85,4.0,M4
47.0,205.0,850.0,0.85,0.85,4.0,M4
47.0,210.0,850.0,0.85,0.85,4.0,M4
47.0,215.0,850.0,0.85,0.85,4.0,M4
47.0,220.0,850.0,0.85,0.85,4.0,M4
47.0,225.0,850.0,0.85,0.85,4.0,M4
47.0,230.0,850.0,0.85,0.85,4.0,M4
47.0,235.0,850.0,0.85,0.85,4.0,M4
47.0,240.0,850.0,0.85,0.85,4.0,M4
47.0,245.0,850.0,0.85,0.85,4.0,M4
47.0,250.0,850.0,0.85,0.85,4.0,M4
47.0,255.0,850.0,0.85,0.85,4.0,M4
47.0,260.0,850.0,0.85,0.85,4.0,M4
47.0,265.0,850.0,0.85,0.85,4.0,M4
47.0,270.0,850.0,0.85,0.85,4.0,M4
47.0,275.0,850.0,0.85,0.85,4.0,M4
47.0,280.0,850.0,0.85,0.85,4.0,M4
47.0,285.0,850.0,0.85,0.85,4.0,M4
47.0,290.0,850.0,0.85,0.85,4.0,M4
47.0,295.0,850.0,0.85,0.85,4.0,M4
47.0,300.0,850.0,0.85,0.85,4.0,M4
48.0,-350.0,850.0,0.85,0.85,1.0,M1
48.0,-345.0,850.0,0.85,0.85,1.0,M1
48.0,-340.0,850.0,0.85,0.85,1.0,M1
48.0,-335.0,850.0,0.85,0.85,1.0,M1
48.0,-330.0,850.0,0.85,0.85,1.0,M1
48.0,-325.0,850.0,0.85,0.85,1.0,M1
48.0,-320.0,850.0,0.85,0.85,1.0,M1
48.0,-315.0,850.0,0.85,0.85,1.0,M1
48.0,-310.0,850.0,0.85,0.85,1.0,M1
48.0,-305.0,850.0,0.85,0.85,1.0,M1
48.0,-300.0,850.0,0.85,0.85,1.0,M1
48.0,-295.0,850.0,0.85,0.85,1.0,M1
48.0,-290.0,850.0,0.85,0.85,1.0,M1
48.0,-285.0,850.0,0.85,0.85,1.0,M1
48.0,-280.0,850.0,0.85,0.85,1.0,M1
48.0,-275.0,850.0,0.85,0.85,1.0,M1
48.0,-270.0,850.0,0.85,0.85,1.0,M1
48.0,-265.0,850.0,0.85,0.85,1.0,M1
48.0,-260.0,850.0,0.85,0.85,1.0,M1
48.0,-255.0,850.0,0.85,0.85,1.0,M1
48.0,-250.0,850.0,0.85,0.85,1.0,M1
48.0,-245.0,850.0,0.85,0.85,1.0,M1
48.0,-240.0,850.0,0.85,0.85,1.0,M1
48.0,-235.0,850.0,0.85,0.85,1.0,M1
48.0,-230.0,850.0,0.85,0.85,1.0,M1
48.0,-225.0,850.0,0.85,0.85,1.0,M1
48.0,-220.0,850.0,0.85,0.85,1.0,M1
48.0,-215.0,850.0,0.85,0.85,1.0,M1
48.0,-210.0,850.0,0.85,0.85,1.0,M1
48.0,-205.0,850.0,0.85,0.85,1.0,M1
48.0,-200.0,850.0,0.85,0.85,1.0,M1
48.0,-195.0,850.0,0.85,0.85,1.0,M1
48.0,-190.0,850.0,0.85,0.85,1.0,M1
48.0,-185.0,850.0,0.85,0.85,1.0,M1
48.0,-180.0,850.0,0.85,0.85,1.0,M1
48.0,-175.0,850.0,0.85,0.85,1.0,M1
48.0,-170.0,850.0,0.85,0.85,1.0,M1
48.0,-165.0,850.0,0.85,0.85,1.0,M1
48.0,-160.0,850.0,0.85,0.85,1.0,M1
48.0,-155.0,850.0,0.85,0.85,1.0,M1
48.0,-150.0,850.0,0.85,0.85,1.0,M1
48.0,-145.0,850.0,0.85,0.85,1.0,M1
48.0,-140.0,850.0,0.85,0.85,1.0,M1
48.0,-135.0,850.0,0.85,0.85,1.0,M1
48.0,-130.0,850.0,0.85,0.85,1.0,M1
48.0,-125.0,850.0,0.85,0.85,1.0,M1
48.0,-120.0,850.0,0.85,0.85,0.0,M0
48.0,-115.0,850.0,0.85,0.85,0.0,M0
48.0,-110.0,850.0,0.85,0.85,0.0,M0
48.0,-105.0,850.0,0.85,0.85,0.0,M0
48.0,-100.0,850.0,0.85,0.85,0.0,M0
48.0,-95.0,850.0,0.85,0.85,0.0,M0
48.0,-90.0,850.0,0.85,0.85,0.0,M0
48.0,-85.0,850.0,0.85,0.85,0.0,M0
48.0,-80.0,850.0,0.85,0.85,0.0,M0
48.0,-75.0,850.0,0.85,0.85,2.0,M2
48.0,-70.0,850.0,0.85,0.85,2.0,M2
48.0,-65.0,850.0,0.85,0.85,2.0,M2
48.0,-60.0,850.0,0.85,0.85,2.0,M2
48.0,-55.0,850.0,0.85,0.85,2.0,M2
48.0,-50.0,850.0,0.85,0.85,2.0,M2
48.0,-45.0,850.0,0.85,0.85,2.0,M2
48.0,-40.0,850.0,0.85,0.85,2.0,M2
48.0,-35.0,850.0,0.85,0.85,2.0,M2
48.0,-30.0,850.0,0.85,0.85,2.0,M2
48.0,-25.0,850.0,0.85,0.85,2.0,M2
48.0,-20.0,850.0,0.85,0.85,2.0,M2
48.0,-15.0,850.0,0.85,0.85,2.0,M2
48.0,-10.0,850.0,0.85,0.85,2.0,M2
48.0,-5.0,850.0,0.85,0.85,2.0,M2
48.0,0.0,850.0,0.85,0.85,2.0,M2
48.0,5.0,850.0,0.85,0.85,2.3079,M2
48.0,10.0,850.0,0.85,0.85,2.5165,M3
48.0,15.0,850.0,0.85,0.85,2.6654,M3
48.0,20.0,850.0,0.85,0.85,2.7753,M3
48.0,25.0,850.0,0.85,0.85,2.8583,M3
48.0,30.0,850.0,0.85,0.85,2.9321,M3
48.0,35.0,850.0,0.85,0.85,3.0109,M3
48.0,40.0,850.0,0.85,0.85,3.0783,M3
48.0,45.0,850.0,0.85,0.85,3.1242,M3
48.0,50.0,850.0,0.85,0.85,3.1803,M3
48.0,55.0,850.0,0.85,0.85,3.2492,M3
48.0,60.0,850.0,0.85,0.85,3.3346,M3
48.0,65.0,850.0,0.85,0.85,3.4417,M3
48.0,70.0,850.0,0.85,0.85,3.5784,M4
48.0,75.0,850.0,0.85,0.85,3.7575,M4
48.0,80.0,850.0,0.85,0.85,4.0,M4
48.0,85.0,850.0,0.85,0.85,4.0,M4
48.0,90.0,850.0,0.85,0.85,4.0,M4
48.0,95.0,850.0,0.85,0.85,4.0,M4
48.0,100.0,850.0,0.85,0.85,4.0,M4
48.0,105.0,850.0,0.85,0.85,4.0,M4
48.0,110.0,850.0,0.85,0.85,4.0,M4
48.0,115.0,850.0,0.85,0.85,4.0,M4
48.0,120.0,850.0,0.85,0.85,4.0,M4
48.0,125.0,850.0,0.85,0.85,4.0,M4
48.0,130.0,850.0,0.85,0.85,4.0,M4
48.0,135.0,850.0,0.85,0.85,4.0,M4
48.0,140.0,850.0,0.85,0.85,4.0,M4
48.0,145.0,850.0,0.85,0.85,4.0,M4
48.0,150.0,850.0,0.85,0.85,4.0,M4
48.0,155.0,850.0,0.85,0.85,4.0,M4
48.0,160.0,850.0,0.85,0.85,4.0,M4
48.0,165.0,850.0,0.85,0.85,4.0,M4
48.0,170.0,850.0,0.85,0.85,4.0,M4
48.0,175.0,850.0,0.85,0.85,4.0,M4
48.0,180.0,850.0,0.85,0.85,4.0,M4
48.0,185.0,850.0,0.85,0.85,4.0,M4
48.0,190.0,850.0,0.85,0.85,4.0,M4
48.0,195.0,850.0,0.85,0.85,4.0,M4
48.0,200.0,850.0,0.85,0.85,4.0,M4
48.0,205.0,850.0,0.85,0.85,4.0,M4
48.0,210.0,850.0,0.85,0.85,4.0,M4
48.0,215.0,850.0,0.85,0.85,4.0,M4
48.0,220.0,850.0,0.85,0.85,4.0,M4
48.0,225.0,850.0,0.85,0.85,4.0,M4
48.0,230.0,850.0,0.85,0.85,4.0,M4
48.0,235.0,850.0,0.85,0.85,4.0,M4
48.0,240.0,850.0,0.85,0.85,4.0,M4
48.0,245.0,850.0,0.85,0.85,4.0,M4
48.0,250.0,850.0,0.85,0.85,4.0,M4
48.0,255.0,850.0,0.85,0.85,4.0,M4
48.0,260.0,850.0,0.85,0.85,4.0,M4
48.0,265.0,850.0,0.85,0.85,4.0,M4
48.0,270.0,850.0,0.85,0.85,4.0,M4
48.0,275.0,850.0,0.85,0.85,4.0,M4
48.0,280.0,850.0,0.85,0.85,4.0,M4
48.0,285.0,850.0,0.85,0.85,4.0,M4
48.0,290.0,850.0,0.85,0.85,4.0,M4
48.0,295.0,850.0,0.85,0.85,4.0,M4
48.0,300.0,850.0,0.85,0.85,4.0,M4
49.0,-350.0,850.0,0.85,0.85,1.0,M1
49.0,-345.0,850.0,0.85,0.85,1.0,M1
49.0,-340.0,850.0,0.85,0.85,1.0,M1
49.0,-335.0,850.0,0.85,0.85,1.0,M1
49.0,-330.0,850.0,0.85,0.85,1.0,M1
49.0,-325.0,850.0,0.85,0.85,1.0,M1
49.0,-320.0,850.0,0.85,0.85,1.0,M1
49.0,-315.0,850.0,0.85,0.85,1.0,M1
49.0,-310.0,850.0,0.85,0.85,1.0,M1
49.0,-305.0,850.0,0.85,0.85,1.0,M1
49.0,-300.0,850.0,0.85,0.85,1.0,M1
49.0,-295.0,850.0,0.85,0.85,1.0,M1
49.0,-290.0,850.0,0.85,0.85,1.0,M1
49.0,-285.0,850.0,0.85,0.85,1.0,M1
49.0,-280.0,850.0,0.85,0.85,1.0,M1
49.0,-275.0,850.0,0.85,0.85,1.0,M1
49.0,-270.0,850.0,0.85,0.85,1.0,M1
49.0,-265.0,850.0,0.85,0.85,1.0,M1
49.0,-260.0,850.0,0.85,0.85,1.0,M1
49.0,-255.0,850.0,0.85,0.85,1.0,M1
49.0,-250.0,850.0,0.85,0.85,1.0,M1
49.0,-245.0,850.0,0.85,0.85,1.0,M1
49.0,-240.0,850.0,0.85,0.85,1.0,M1
49.0,-235.0,850.0,0.85,0.85,1.0,M1
49.0,-230.0,850.0,0.85,0.85,1.0,M1
49.0,-225.0,850.0,0.85,0.85,1.0,M1
49.0,-220.0,850.0,0.85,0.85,1.0,M1
49.0,-215.0,850.0,0.85,0.85,1.0,M1
49.0,-210.0,850.0,0.85,0.85,1.0,M1
49.0,-205.0,850.0,0.85,0.85,1.0,M1
49.0,-200.0,850.0,0.85,0.85,1.0,M1
49.0,-195.0,850.0,0.85,0.85,1.0,M1
49.0,-190.0,850.0,0.85,0.85,1.0,M1
49.0,-185.0,850.0,0.85,0.85,1.0,M1
49.0,-180.0,850.0,0.85,0.85,1.0,M1
49.0,-175.0,850.0,0.85,0.85,1.0,M1
49.0,-170.0,850.0,0.85,0.85,1.0,M1
49.0,-165.0,850.0,0.85,0.85,1.0,M1
49.0,-160.0,850.0,0.85,0.85,1.0,M1
49.0,-155.0,850.0,0.85,0.85,1.0,M1
49.0,-150.0,850.0,0.85,0.85,1.0,M1
49.0,-145.0,850.0,0.85,0.85,1.0,M1
49.0,-140.0,850.0,0.85,0.85,1.0,M1
49.0,-135.0,850.0,0.85,0.85,1.0,M1
49.0,-130.0,850.0,0.85,0.85,1.0,M1
49.0,-125.0,850.0,0.85,0.85,1.0,M1
49.0,-120.0,850.0,0.85,0.85,0.0,M0
49.0,-115.0,850.0,0.85,0.85,0.0,M0
49.0,-110.0,850.0,0.85,0.85,0.0,M0
49.0,-105.0,850.0,0.85,0.85,0.0,M0
49.0,-100.0,850.0,0.85,0.85,0.0,M0
49.0,-95.0,850.0,0.85,0.85,0.0,M0
49.0,-90.0,850.0,0.85,0.85,0.0,M0
49.0,-85.0,850.0,0.85,0.85,0.0,M0
49.0,-80.0,850.0,0.85,0.85,0.0,M0
49.0,-75.0,850.0,0.85,0.85,2.0,M2
49.0,-70.0,850.0,0.85,0.85,2.0,M2
49.0,-65.0,850.0,0.85,0.85,2.0,M2
49.0,-60.0,850.0,0.85,0.85,2.0,M2
49.0,-55.0,850.0,0.85,0.85,2.0,M2
49.0,-50.0,850.0,0.85,0.85,2.0,M2
49.0,-45.0,850.0,0.85,0.85,2.0,M2
49.0,-40.0,850.0,0.85,0.85,2.0,M2
49.0,-35.0,850.0,0.85,0.85,2.0,M2
49.0,-30.0,850.0,0.85,0.85,2.0,M2
49.0,-25.0,850.0,0.85,0.85,2.0,M2
49.0,-20.0,850.0,0.85,0.85,2.0,M2
49.0,-15.0,850.0,0.85,0.85,2.0,M2
49.0,-10.0,850.0,0.85,0.85,2.0,M2
49.0,-5.0,850.0,0.85,0.85,2.0,M2
49.0,0.0,850.0,0.85,0.85,2.0,M2
49.0,5.0,850.0,0.85,0.85,2.2986,M2
49.0,10.0,850.0,0.85,0.85,2.5027,M3
49.0,15.0,850.0,0.85,0.85,2.6493,M3
49.0,20.0,850.0,0.85,0.85,2.7581,M3
49.0,25.0,850.0,0.85,0.85,2.8447,M3
49.0,30.0,850.0,0.85,0.85,2.9321,M3
49.0,35.0,850.0,0.85,0.85,3.0109,M3
49.0,40.0,850.0,0.85,0.85,3.0847,M3
49.0,45.0,850.0,0.85,0.85,3.1421,M3
49.0,50.0,850.0,0.85,0.85,3.1979,M3
49.0,55.0,850.0,0.85,0.85,3.2662,M3
49.0,60.0,850.0,0.85,0.85,3.3507,M3
49.0,65.0,850.0,0.85,0.85,3.4562,M3
49.0,70.0,850.0,0.85,0.85,3.5904,M4
49.0,75.0,850.0,0.85,0.85,3.7652,M4
49.0,80.0,850.0,0.85,0.85,4.0,M4
49.0,85.0,850.0,0.85,0.85,4.0,M4
49.0,90.0,850.0,0.85,0.85,4.0,M4
49.0,95.0,850.0,0.85,0.85,4.0,M4
49.0,100.0,850.0,0.85,0.85,4.0,M4
49.0,105.0,850.0,0.85,0.85,4.0,M4
49.0,110.0,850.0,0.85,0.85,4.0,M4
49.0,115.0,850.0,0.85,0.85,4.0,M4
49.0,120.0,850.0,0.85,0.85,4.0,M4
49.0,125.0,850.0,0.85,0.85,4.0,M4
49.0,130.0,850.0,0.85,0.85,4.0,M4
49.0,135.0,850.0,0.85,0.85,4.0,M4
49.0,140.0,850.0,0.85,0.85,4.0,M4
49.0,145.0,850.0,0.85,0.85,4.0,M4
49.0,150.0,850.0,0.85,0.85,4.0,M4
49.0,155.0,850.0,0.85,0.85,4.0,M4
49.0,160.0,850.0,0.85,0.85,4.0,M4
49.0,165.0,850.0,0.85,0.85,4.0,M4
49.0,170.0,850.0,0.85,0.85,4.0,M4
49.0,175.0,850.0,0.85,0.85,4.0,M4
49.0,180.0,850.0,0.85,0.85,4.0,M4
49.0,185.0,850.0,0.85,0.85,4.0,M4
49.0,190.0,850.0,0.85,0.85,4.0,M4
49.0,195.0,850.0,0.85,0.85,4.0,M4
49.0,200.0,850.0,0.85,0.85,4.0,M4
49.0,205.0,850.0,0.85,0.85,4.0,M4
49.0,210.0,850.0,0.85,0.85,4.0,M4
49.0,215.0,850.0,0.85,0.85,4.0,M4
49.0,220.0,850.0,0.85,0.85,4.0,M4
49.0,225.0,850.0,0.85,0.85,4.0,M4
49.0,230.0,850.0,0.85,0.85,4.0,M4
49.0,235.0,850.0,0.85,0.85,4.0,M4
49.0,240.0,850.0,0.85,0.85,4.0,M4
49.0,245.0,850.0,0.85,0.85,4.0,M4
49.0,250.0,850.0,0.85,0.85,4.0,M4
49.0,255.0,850.0,0.85,0.85,4.0,M4
49.0,260.0,850.0,0.85,0.85,4.0,M4
49.0,265.0,850.0,0.85,0.85,4.0,M4
49.0,270.0,850.0,0.85,0.85,4.0,M4
49.0,275.0,850.0,0.85,0.85,4.0,M4
49.0,280.0,850.0,0.85,0.85,4.0,M4
49.0,285.0,850.0,0.85,0.85,4.0,M4
49.0,290.0,850.0,0.85,0.85,4.0,M4
49.0,295.0,850.0,0.85,0.85,4.0,M4
49.0,300.0,850.0,0.85,0.85,4.0,M4
50.0,-350.0,850.0,0.85,0.85,1.0,M1
50.0,-345.0,850.0,0.85,0.85,1.0,M1
50.0,-340.0,850.0,0.85,0.85,1.0,M1
50.0,-335.0,850.0,0.85,0.85,1.0,M1
50.0,-330.0,850.0,0.85,0.85,1.0,M1
50.0,-325.0,850.0,0.85,0.85,1.0,M1
50.0,-320.0,850.0,0.85,0.85,1.0,M1
50.0,-315.0,850.0,0.85,0.85,1.0,M1
50.0,-310.0,850.0,0.85,0.85,1.0,M1
50.0,-305.0,850.0,0.85,0.85,1.0,M1
50.0,-300.0,850.0,0.85,0.85,1.0,M1
50.0,-295.0,850.0,0.85,0.85,1.0,M1
50.0,-290.0,850.0,0.85,0.85,1.0,M1
50.0,-285.0,850.0,0.85,0.85,1.0,M1
50.0,-280.0,850.0,0.85,0.85,1.0,M1
50.0,-275.0,850.0,0.85,0.85,1.0,M1
50.0,-270.0,850.0,0.85,0.85,1.0,M1
50.0,-265.0,850.0,0.85,0.85,1.0,M1
50.0,-260.0,850.0,0.85,0.85,1.0,M1
50.0,-255.0,850.0,0.85,0.85,1.0,M1
50.0,-250.0,850.0,0.85,0.85,1.0,M1
50.0,-245.0,850.0,0.85,0.85,1.0,M1
50.0,-240.0,850.0,0.85,0.85,1.0,M1
50.0,-235.0,850.0,0.85,0.85,1.0,M1
50.0,-230.0,850.0,0.85,0.85,1.0,M1
50.0,-225.0,850.0,0.85,0.85,1.0,M1
50.0,-220.0,850.0,0.85,0.85,1.0,M1
50.0,-215.0,850.0,0.85,0.85,1.0,M1
50.0,-210.0,850.0,0.85,0.85,1.0,M1
50.0,-205.0,850.0,0.85,0.85,1.0,M1
50.0,-200.0,850.0,0.85,0.85,1.0,M1
50.0,-195.0,850.0,0.85,0.85,1.0,M1
50.0,-190.0,850.0,0.85,0.85,1.0,M1
50.0,-185.0,850.0,0.85,0.85,1.0,M1
50.0,-180.0,850.0,0.85,0.85,1.0,M1
50.0,-175.0,850.0,0.85,0.85,1.0,M1
50.0,-170.0,850.0,0.85,0.85,1.0,M1
50.0,-165.0,850.0,0.85,0.85,1.0,M1
50.0,-160.0,850.0,0.85,0.85,1.0,M1
50.0,-155.0,850.0,0.85,0.85,1.0,M1
50.0,-150.0,850.0,0.85,0.85,1.0,M1
50.0,-145.0,850.0,0.85,0.85,1.0,M1
50.0,-140.0,850.0,0.85,0.85,1.0,M1
50.0,-135.0,850.0,0.85,0.85,1.0,M1
50.0,-130.0,850.0,0.85,0.85,1.0,M1
50.0,-125.0,850.0,0.85,0.85,1.0,M1
50.0,-120.0,850.0,0.85,0.85,0.0,M0
50.0,-115.0,850.0,0.85,0.85,0.0,M0
50.0,-110.0,850.0,0.85,0.85,0.0,M0
50.0,-105.0,850.0,0.85,0.85,0.0,M0
50.0,-100.0,850.0,0.85,0.85,0.0,M0
50.0,-95.0,850.0,0.85,0.85,0.0,M0
50.0,-90.0,850.0,0.85,0.85,0.0,M0
50.0,-85.0,850.0,0.85,0.85,0.0,M0
50.0,-80.0,850.0,0.85,0.85,0.0,M0
50.0,-75.0,850.0,0.85,0.85,2.0,M2
50.0,-70.0,850.0,0.85,0.85,2.0,M2
50.0,-65.0,850.0,0.85,0.85,2.0,M2
50.0,-60.0,850.0,0.85,0.85,2.0,M2
50.0,-55.0,850.0,0.85,0.85,2.0,M2
50.0,-50.0,850.0,0.85,0.85,2.0,M2
50.0,-45.0,850.0,0.85,0.85,2.0,M2
50.0,-40.0,850.0,0.85,0.85,2.0,M2
50.0,-35.0,850.0,0.85,0.85,2.0,M2
50.0,-30.0,850.0,0.85,0.85,2.0,M2
50.0,-25.0,850.0,0.85,0.85,2.0,M2
50.0,-20.0,850.0,0.85,0.85,2.0,M2
50.0,-15.0,850.0,0.85,0.85,2.0,M2
50.0,-10.0,850.0,0.85,0.85,2.0,M2
50.0,-5.0,850.0,0.85,0.85,2.0,M2
50.0,0.0,850.0,0.85,0.85,2.0,M2
50.0,5.0,850.0,0.85,0.85,2.2911,M2
50.0,10.0,850.0,0.85,0.85,2.4916,M2
50.0,15.0,850.0,0.85,0.85,2.6363,M3
50.0,20.0,850.0,0.85,0.85,2.7442,M3
50.0,25.0,850.0,0.85,0.85,2.8447,M3
50.0,30.0,850.0,0.85,0.85,2.9321,M3
50.0,35.0,850.0,0.85,0.85,3.0109,M3
50.0,40.0,850.0,0.85,0.85,3.0847,M3
50.0,45.0,850.0,0.85,0.85,3.1566,M3
50.0,50.0,850.0,0.85,0.85,3.2121,M3
50.0,55.0,850.0,0.85,0.85,3.28,M3
50.0,60.0,850.0,0.85,0.85,3.3637,M3
50.0,65.0,850.0,0.85,0.85,3.4679,M3
50.0,70.0,850.0,0.85,0.85,3.6,M4
50.0,75.0,850.0,0.85,0.85,3.7713,M4
50.0,80.0,850.0,0.85,0.85,4.0,M4
50.0,85.0,850.0,0.85,0.85,4.0,M4
50.0,90.0,850.0,0.85,0.85,4.0,M4
50.0,95.0,850.0,0.85,0.85,4.0,M4
50.0,100.0,850.0,0.85,0.85,4.0,M4
50.0,105.0,850.0,0.85,0.85,4.0,M4
50.0,110.0,850.0,0.85,0.85,4.0,M4
50.0,115.0,850.0,0.85,0.85,4.0,M4
50.0,120.0,850.0,0.85,0.85,4.0,M4
50.0,125.0,850.0,0.85,0.85,4.0,M4
50.0,130.0,850.0,0.85,0.85,4.0,M4
50.0,135.0,850.0,0.85,0.85,4.0,M4
50.0,140.0,850.0,0.85,0.85,4.0,M4
50.0,145.0,850.0,0.85,0.85,4.0,M4
50.0,150.0,850.0,0.85,0.85,4.0,M4
50.0,155.0,850.0,0.85,0.85,4.0,M4
50.0,160.0,850.0,0.85,0.85,4.0,M4
50.0,165.0,850.0,0.85,0.85,4.0,M4
50.0,170.0,850.0,0.85,0.85,4.0,M4
50.0,175.0,850.0,0.85,0.85,4.0,M4
50.0,180.0,850.0,0.85,0.85,4.0,M4
50.0,185.0,850.0,0.85,0.85,4.0,M4
50.0,190.0,850.0,0.85,0.85,4.0,M4
50.0,195.0,850.0,0.85,0.85,4.0,M4
50.0,200.0,850.0,0.85,0.85,4.0,M4
50.0,205.0,850.0,0.85,0.85,4.0,M4
50.0,210.0,850.0,0.85,0.85,4.0,M4
50.0,215.0,850.0,0.85,0.85,4.0,M4
50.0,220.0,850.0,0.85,0.85,4.0,M4
50.0,225.0,850.0,0.85,0.85,4.0,M4
50.0,230.0,850.0,0.85,0.85,4.0,M4
50.0,235.0,850.0,0.85,0.85,4.0,M4
50.0,240.0,850.0,0.85,0.85,4.0,M4
50.0,245.0,850.0,0.85,0.85,4.0,M4
50.0,250.0,850.0,0.85,0.85,4.0,M4
50.0,255.0,850.0,0.85,0.85,4.0,M4
50.0,260.0,850.0,0.85,0.85,4.0,M4
50.0,265.0,850.0,0.85,0.85,4.0,M4
50.0,270.0,850.0,0.85,0.85,4.0,M4
50.0,275.0,850.0,0.85,0.85,4.0,M4
50.0,280.0,850.0,0.85,0.85,4.0,M4
50.0,285.0,850.0,0.85,0.85,4.0,M4
50.0,290.0,850.0,0.85,0.85,4.0,M4
50.0,295.0,850.0,0.85,0.85,4.0,M4
50.0,300.0,850.0,0.85,0.85,4.0,M4
51.0,-350.0,850.0,0.85,0.85,1.0,M1
51.0,-345.0,850.0,0.85,0.85,1.0,M1
51.0,-340.0,850.0,0.85,0.85,1.0,M1
51.0,-335.0,850.0,0.85,0.85,1.0,M1
51.0,-330.0,850.0,0.85,0.85,1.0,M1
51.0,-325.0,850.0,0.85,0.85,1.0,M1
51.0,-320.0,850.0,0.85,0.85,1.0,M1
51.0,-315.0,850.0,0.85,0.85,1.0,M1
51.0,-310.0,850.0,0.85,0.85,1.0,M1
51.0,-305.0,850.0,0.85,0.85,1.0,M1
51.0,-300.0,850.0,0.85,0.85,1.0,M1
51.0,-295.0,850.0,0.85,0.85,1.0,M1
51.0,-290.0,850.0,0.85,0.85,1.0,M1
51.0,-285.0,850.0,0.85,0.85,1.0,M1
51.0,-280.0,850.0,0.85,0.85,1.0,M1
51.0,-275.0,850.0,0.85,0.85,1.0,M1
51.0,-270.0,850.0,0.85,0.85,1.0,M1
51.0,-265.0,850.0,0.85,0.85,1.0,M1
51.0,-260.0,850.0,0.85,0.85,1.0,M1
51.0,-255.0,850.0,0.85,0.85,1.0,M1
51.0,-250.0,850.0,0.85,0.85,1.0,M1
51.0,-245.0,850.0,0.85,0.85,1.0,M1
51.0,-240.0,850.0,0.85,0.85,1.0,M1
51.0,-235.0,850.0,0.85,0.85,1.0,M1
51.0,-230.0,850.0,0.85,0.85,1.0,M1
51.0,-225.0,850.0,0.85,0.85,1.0,M1
51.0,-220.0,850.0,0.85,0.85,1.0,M1
51.0,-215.0,850.0,0.85,0.85,1.0,M1
51.0,-210.0,850.0,0.85,0.85,1.0,M1
51.0,-205.0,850.0,0.85,0.85,1.0,M1
51.0,-200.0,850.0,0.85,0.85,1.0,M1
51.0,-195.0,850.0,0.85,0.85,1.0,M1
51.0,-190.0,850.0,0.85,0.85,1.0,M1
51.0,-185.0,850.0,0.85,0.85,1.0,M1
51.0,-180.0,850.0,0.85,0.85,1.0,M1
51.0,-175.0,850.0,0.85,0.85,1.0,M1
51.0,-170.0,850.0,0.85,0.85,1.0,M1
51.0,-165.0,850.0,0.85,0.85,1.0,M1
51.0,-160.0,850.0,0.85,0.85,1.0,M1
51.0,-155.0,850.0,0.85,0.85,1.0,M1
51.0,-150.0,850.0,0.85,0.85,1.0,M1
51.0,-145.0,850.0,0.85,0.85,1.0,M1
51.0,-140.0,850.0,0.85,0.85,1.0,M1
51.0,-135.0,850.0,0.85,0.85,1.0,M1
51.0,-130.0,850.0,0.85,0.85,1.0,M1
51.0,-125.0,850.0,0.85,0.85,1.0,M1
51.0,-120.0,850.0,0.85,0.85,0.0,M0
51.0,-115.0,850.0,0.85,0.85,0.0,M0
51.0,-110.0,850.0,0.85,0.85,0.0,M0
51.0,-105.0,850.0,0.85,0.85,0.0,M0
51.0,-100.0,850.0,0.85,0.85,0.0,M0
51.0,-95.0,850.0,0.85,0.85,0.0,M0
51.0,-90.0,850.0,0.85,0.85,0.0,M0
51.0,-85.0,850.0,0.85,0.85,0.0,M0
51.0,-80.0,850.0,0.85,0.85,0.0,M0
51.0,-75.0,850.0,0.85,0.85,2.0,M2
51.0,-70.0,850.0,0.85,0.85,2.0,M2
51.0,-65.0,850.0,0.85,0.85,2.0,M2
51.0,-60.0,850.0,0.85,0.85,2.0,M2
51.0,-55.0,850.0,0.85,0.85,2.0,M2
51.0,-50.0,850.0,0.85,0.85,2.0,M2
51.0,-45.0,850.0,0.85,0.85,2.0,M2
51.0,-40.0,850.0,0.85,0.85,2.0,M2
51.0,-35.0,850.0,0.85,0.85,2.0,M2
51.0,-30.0,850.0,0.85,0.85,2.0,M2
51.0,-25.0,850.0,0.85,0.85,2.0,M2
51.0,-20.0,850.0,0.85,0.85,2.0,M2
51.0,-15.0,850.0,0.85,0.85,2.0,M2
51.0,-10.0,850.0,0.85,0.85,2.0,M2
51.0,-5.0,850.0,0.85,0.85,2.0,M2
51.0,0.0,850.0,0.85,0.85,2.0,M2
51.0,5.0,850.0,0.85,0.85,2.2852,M2
51.0,10.0,850.0,0.85,0.85,2.4828,M2
51.0,15.0,850.0,0.85,0.85,2.6261,M3
51.0,20.0,850.0,0.85,0.85,2.7442,M3
51.0,25.0,850.0,0.85,0.85,2.8447,M3
51.0,30.0,850.0,0.85,0.85,2.9321,M3
51.0,35.0,850.0,0.85,0.85,3.0109,M3
51.0,40.0,850.0,0.85,0.85,3.0847,M3
51.0,45.0,850.0,0.85,0.85,3.1566,M3
51.0,50.0,850.0,0.85,0.85,3.2234,M3
51.0,55.0,850.0,0.85,0.85,3.2909,M3
51.0,60.0,850.0,0.85,0.85,3.3739,M3
51.0,65.0,850.0,0.85,0.85,3.4771,M3
51.0,70.0,850.0,0.85,0.85,3.6076,M4
51.0,75.0,850.0,0.85,0.85,3.7761,M4
51.0,80.0,850.0,0.85,0.85,4.0,M4
51.0,85.0,850.0,0.85,0.85,4.0,M4
51.0,90.0,850.0,0.85,0.85,4.0,M4
51.0,95.0,850.0,0.85,0.85,4.0,M4
51.0,100.0,850.0,0.85,0.85,4.0,M4
51.0,105.0,850.0,0.85,0.85,4.0,M4
51.0,110.0,850.0,0.85,0.85,4.0,M4
51.0,115.0,850.0,0.85,0.85,4.0,M4
51.0,120.0,850.0,0.85,0.85,4.0,M4
51.0,125.0,850.0,0.85,0.85,4.0,M4
51.0,130.0,850.0,0.85,0.85,4.0,M4
51.0,135.0,850.0,0.85,0.85,4.0,M4
51.0,140.0,850.0,0.85,0.85,4.0,M4
51.0,145.0,850.0,0.85,0.85,4.0,M4
51.0,150.0,850.0,0.85,0.85,4.0,M4
51.0,155.0,850.0,0.85,0.85,4.0,M4
51.0,160.0,850.0,0.85,0.85,4.0,M4
51.0,165.0,850.0,0.85,0.85,4.0,M4
51.0,170.0,850.0,0.85,0.85,4.0,M4
51.0,175.0,850.0,0.85,0.85,4.0,M4
51.0,180.0,850.0,0.85,0.85,4.0,M4
51.0,185.0,850.0,0.85,0.85,4.0,M4
51.0,190.0,850.0,0.85,0.85,4.0,M4
51.0,195.0,850.0,0.85,0.85,4.0,M4
51.0,200.0,850.0,0.85,0.85,4.0,M4
51.0,205.0,850.0,0.85,0.85,4.0,M4
51.0,210.0,850.0,0.85,0.85,4.0,M4
51.0,215.0,850.0,0.85,0.85,4.0,M4
51.0,220.0,850.0,0.85,0.85,4.0,M4
51.0,225.0,850.0,0.85,0.85,4.0,M4
51.0,230.0,850.0,0.85,0.85,4.0,M4
51.0,235.0,850.0,0.85,0.85,4.0,M4
51.0,240.0,850.0,0.85,0.85,4.0,M4
51.0,245.0,850.0,0.85,0.85,4.0,M4
51.0,250.0,850.0,0.85,0.85,4.0,M4
51.0,255.0,850.0,0.85,0.85,4.0,M4
51.0,260.0,850.0,0.85,0.85,4.0,M4
51.0,265.0,850.0,0.85,0.85,4.0,M4
51.0,270.0,850.0,0.85,0.85,4.0,M4
51.0,275.0,850.0,0.85,0.85,4.0,M4
51.0,280.0,850.0,0.85,0.85,4.0,M4
51.0,285.0,850.0,0.85,0.85,4.0,M4
51.0,290.0,850.0,0.85,0.85,4.0,M4
51.0,295.0,850.0,0.85,0.85,4.0,M4
51.0,300.0,850.0,0.85,0.85,4.0,M4
52.0,-350.0,850.0,0.85,0.85,1.0,M1
52.0,-345.0,850.0,0.85,0.85,1.0,M1
52.0,-340.0,850.0,0.85,0.85,1.0,M1
52.0,-335.0,850.0,0.85,0.85,1.0,M1
52.0,-330.0,850.0,0.85,0.85,1.0,M1
52.0,-325.0,850.0,0.85,0.85,1.0,M1
52.0,-320.0,850.0,0.85,0.85,1.0,M1
52.0,-315.0,850.0,0.85,0.85,1.0,M1
52.0,-310.0,850.0,0.85,0.85,1.0,M1
52.0,-305.0,850.0,0.85,0.85,1.0,M1
52.0,-300.0,850.0,0.85,0.85,1.0,M1
52.0,-295.0,850.0,0.85,0.85,1.0,M1
52.0,-290.0,850.0,0.85,0.85,1.0,M1
52.0,-285.0,850.0,0.85,0.85,1.0,M1
52.0,-280.0,850.0,0.85,0.85,1.0,M1
52.0,-275.0,850.0,0.85,0.85,1.0,M1
52.0,-270.0,850.0,0.85,0.85,1.0,M1
52.0,-265.0,850.0,0.85,0.85,1.0,M1
52.0,-260.0,850.0,0.85,0.85,1.0,M1
52.0,-255.0,850.0,0.85,0.85,1.0,M1
52.0,-250.0,850.0,0.85,0.85,1.0,M1
52.0,-245.0,850.0,0.85,0.85,1.0,M1
52.0,-240.0,850.0,0.85,0.85,1.0,M1
52.0,-235.0,850.0,0.85,0.85,1.0,M1
52.0,-230.0,850.0,0.85,0.85,1.0,M1
52.0,-225.0,850.0,0.85,0.85,1.0,M1
52.0,-220.0,850.0,0.85,0.85,1.0,M1
52.0,-215.0,850.0,0.85,0.85,1.0,M1
52.0,-210.0,850.0,0.85,0.85,1.0,M1
52.0,-205.0,850.0,0.85,0.85,1.0,M1
52.0,-200.0,850.0,0.85,0.85,1.0,M1
52.0,-195.0,850.0,0.85,0.85,1.0,M1
52.0,-190.0,850.0,0.85,0.85,1.0,M1
52.0,-185.0,850.0,0.85,0.85,1.0,M1
52.0,-180.0,850.0,0.85,0.85,1.0,M1
52.0,-175.0,850.0,0.85,0.85,1.0,M1
52.0,-170.0,850.0,0.85,0.85,1.0,M1
52.0,-165.0,850.0,0.85,0.85,1.0,M1
52.0,-160.0,850.0,0.85,0.85,1.0,M1
52.0,-155.0,850.0,0.85,0.85,1.0,M1
52.0,-150.0,850.0,0.85,0.85,1.0,M1
52.0,-145.0,850.0,0.85,0.85,1.0,M1
52.0,-140.0,850.0,0.85,0.85,1.0,M1
52.0,-135.0,850.0,0.85,0.85,1.0,M1
52.0,-130.0,850.0,0.85,0.85,1.0,M1
52.0,-125.0,850.0,0.85,0.85,1.0,M1
52.0,-120.0,850.0,0.85,0.85,0.0,M0
52.0,-115.0,850.0,0.85,0.85,0.0,M0
52.0,-110.0,850.0,0.85,0.85,0.0,M0
52.0,-105.0,850.0,0.85,0.85,0.0,M0
52.0,-100.0,850.0,0.85,0.85,0.0,M0
52.0,-95.0,850.0,0.85,0.85,0.0,M0
52.0,-90.0,850.0,0.85,0.85,0.0,M0
52.0,-85.0,850.0,0.85,0.85,0.0,M0
52.0,-80.0,850.0,0.85,0.85,0.0,M0
52.0,-75.0,850.0,0.85,0.85,2.0,M2
52.0,-70.0,850.0,0.85,0.85,2.0,M2
52.0,-65.0,850.0,0.85,0.85,2.0,M2
52.0,-60.0,850.0,0.85,0.85,2.0,M2
52.0,-55.0,850.0,0.85,0.85,2.0,M2
52.0,-50.0,850.0,0.85,0.85,2.0,M2
52.0,-45.0,850.0,0.85,0.85,2.0,M2
52.0,-40.0,850.0,0.85,0.85,2.0,M2
52.0,-35.0,850.0,0.85,0.85,2.0,M2
52.0,-30.0,850.0,0.85,0.85,2.0,M2
52.0,-25.0,850.0,0.85,0.85,2.0,M2
52.0,-20.0,850.0,0.85,0.85,2.0,M2
52.0,-15.0,850.0,0.85,0.85,2.0,M2
52.0,-10.0,850.0,0.85,0.85,2.0,M2
52.0,-5.0,850.0,0.85,0.85,2.0,M2
52.0,0.0,850.0,0.85,0.85,2.0,M2
52.0,5.0,850.0,0.85,0.85,2.2809,M2
52.0,10.0,850.0,0.85,0.85,2.4763,M2
52.0,15.0,850.0,0.85,0.85,2.6239,M3
52.0,20.0,850.0,0.85,0.85,2.7442,M3
52.0,25.0,850.0,0.85,0.85,2.8447,M3
52.0,30.0,850.0,0.85,0.85,2.9321,M3
52.0,35.0,850.0,0.85,0.85,3.0109,M3
52.0,40.0,850.0,0.85,0.85,3.0847,M3
52.0,45.0,850.0,0.85,0.85,3.1566,M3
52.0,50.0,850.0,0.85,0.85,3.2294,M3
52.0,55.0,850.0,0.85,0.85,3.2991,M3
52.0,60.0,850.0,0.85,0.85,3.3817,M3
52.0,65.0,850.0,0.85,0.85,3.4841,M3
52.0,70.0,850.0,0.85,0.85,3.6132,M4
52.0,75.0,850.0,0.85,0.85,3.7796,M4
52.0,80.0,850.0,0.85,0.85,4.0,M4
52.0,85.0,850.0,0.85,0.85,4.0,M4
52.0,90.0,850.0,0.85,0.85,4.0,M4
52.0,95.0,850.0,0.85,0.85,4.0,M4
52.0,100.0,850.0,0.85,0.85,4.0,M4
52.0,105.0,850.0,0.85,0.85,4.0,M4
52.0,110.0,850.0,0.85,0.85,4.0,M4
52.0,115.0,850.0,0.85,0.85,4.0,M4
52.0,120.0,850.0,0.85,0.85,4.0,M4
52.0,125.0,850.0,0.85,0.85,4.0,M4
52.0,130.0,850.0,0.85,0.85,4.0,M4
52.0,135.0,850.0,0.85,0.85,4.0,M4
52.0,140.0,850.0,0.85,0.85,4.0,M4
52.0,145.0,850.0,0.85,0.85,4.0,M4
52.0,150.0,850.0,0.85,0.85,4.0,M4
52.0,155.0,850.0,0.85,0.85,4.0,M4
52.0,160.0,850.0,0.85,0.85,4.0,M4
52.0,165.0,850.0,0.85,0.85,4.0,M4
52.0,170.0,850.0,0.85,0.85,4.0,M4
52.0,175.0,850.0,0.85,0.85,4.0,M4
52.0,180.0,850.0,0.85,0.85,4.0,M4
52.0,185.0,850.0,0.85,0.85,4.0,M4
52.0,190.0,850.0,0.85,0.85,4.0,M4
52.0,195.0,850.0,0.85,0.85,4.0,M4
52.0,200.0,850.0,0.85,0.85,4.0,M4
52.0,205.0,850.0,0.85,0.85,4.0,M4
52.0,210.0,850.0,0.85,0.85,4.0,M4
52.0,215.0,850.0,0.85,0.85,4.0,M4
52.0,220.0,850.0,0.85,0.85,4.0,M4
52.0,225.0,850.0,0.85,0.85,4.0,M4
52.0,230.0,850.0,0.85,0.85,4.0,M4
52.0,235.0,850.0,0.85,0.85,4.0,M4
52.0,240.0,850.0,0.85,0.85,4.0,M4
52.0,245.0,850.0,0.85,0.85,4.0,M4
52.0,250.0,850.0,0.85,0.85,4.0,M4
52.0,255.0,850.0,0.85,0.85,4.0,M4
52.0,260.0,850.0,0.85,0.85,4.0,M4
52.0,265.0,850.0,0.85,0.85,4.0,M4
52.0,270.0,850.0,0.85,0.85,4.0,M4
52.0,275.0,850.0,0.85,0.85,4.0,M4
52.0,280.0,850.0,0.85,0.85,4.0,M4
52.0,285.0,850.0,0.85,0.85,4.0,M4
52.0,290.0,850.0,0.85,0.85,4.0,M4
52.0,295.0,850.0,0.85,0.85,4.0,M4
52.0,300.0,850.0,0.85,0.85,4.0,M4
53.0,-350.0,850.0,0.85,0.85,1.0,M1
53.0,-345.0,850.0,0.85,0.85,1.0,M1
53.0,-340.0,850.0,0.85,0.85,1.0,M1
53.0,-335.0,850.0,0.85,0.85,1.0,M1
53.0,-330.0,850.0,0.85,0.85,1.0,M1
53.0,-325.0,850.0,0.85,0.85,1.0,M1
53.0,-320.0,850.0,0.85,0.85,1.0,M1
53.0,-315.0,850.0,0.85,0.85,1.0,M1
53.0,-310.0,850.0,0.85,0.85,1.0,M1
53.0,-305.0,850.0,0.85,0.85,1.0,M1
53.0,-300.0,850.0,0.85,0.85,1.0,M1
53.0,-295.0,850.0,0.85,0.85,1.0,M1
53.0,-290.0,850.0,0.85,0.85,1.0,M1
53.0,-285.0,850.0,0.85,0.85,1.0,M1
53.0,-280.0,850.0,0.85,0.85,1.0,M1
53.0,-275.0,850.0,0.85,0.85,1.0,M1
53.0,-270.0,850.0,0.85,0.85,1.0,M1
53.0,-265.0,850.0,0.85,0.85,1.0,M1
53.0,-260.0,850.0,0.85,0.85,1.0,M1
53.0,-255.0,850.0,0.85,0.85,1.0,M1
53.0,-250.0,850.0,0.85,0.85,1.0,M1
53.0,-245.0,850.0,0.85,0.85,1.0,M1
53.0,-240.0,850.0,0.85,0.85,1.0,M1
53.0,-235.0,850.0,0.85,0.85,1.0,M1
53.0,-230.0,850.0,0.85,0.85,1.0,M1
53.0,-225.0,850.0,0.85,0.85,1.0,M1
53.0,-220.0,850.0,0.85,0.85,1.0,M1
53.0,-215.0,850.0,0.85,0.85,1.0,M1
53.0,-210.0,850.0,0.85,0.85,1.0,M1
53.0,-205.0,850.0,0.85,0.85,1.0,M1
53.0,-200.0,850.0,0.85,0.85,1.0,M1
53.0,-195.0,850.0,0.85,0.85,1.0,M1
53.0,-190.0,850.0,0.85,0.85,1.0,M1
53.0,-185.0,850.0,0.85,0.85,1.0,M1
53.0,-180.0,850.0,0.85,0.85,1.0,M1
53.0,-175.0,850.0,0.85,0.85,1.0,M1
53.0,-170.0,850.0,0.85,0.85,1.0,M1
53.0,-165.0,850.0,0.85,0.85,1.0,M1
53.0,-160.0,850.0,0.85,0.85,1.0,M1
53.0,-155.0,850.0,0.85,0.85,1.0,M1
53.0,-150.0,850.0,0.85,0.85,1.0,M1
53.0,-145.0,850.0,0.85,0.85,1.0,M1
53.0,-140.0,850.0,0.85,0.85,1.0,M1
53.0,-135.0,850.0,0.85,0.85,1.0,M1
53.0,-130.0,850.0,0.85,0.85,1.0,M1
53.0,-125.0,850.0,0.85,0.85,1.0,M1
53.0,-120.0,850.0,0.85,0.85,0.0,M0
53.0,-115.0,850.0,0.85,0.85,0.0,M0
53.0,-110.0,850.0,0.85,0.85,0.0,M0
53.0,-105.0,850.0,0.85,0.85,0.0,M0
53.0,-100.0,850.0,0.85,0.85,0.0,M0
53.0,-95.0,850.0,0.85,0.85,0.0,M0
53.0,-90.0,850.0,0.85,0.85,0.0,M0
53.0,-85.0,850.0,0.85,0.85,0.0,M0
53.0,-80.0,850.0,0.85,0.85,0.0,M0
53.0,-75.0,850.0,0.85,0.85,2.0,M2
53.0,-70.0,850.0,0.85,0.85,2.0,M2
53.0,-65.0,850.0,0.85,0.85,2.0,M2
53.0,-60.0,850.0,0.85,0.85,2.0,M2
53.0,-55.0,850.0,0.85,0.85,2.0,M2
53.0,-50.0,850.0,0.85,0.85,2.0,M2
53.0,-45.0,850.0,0.85,0.85,2.0,M2
53.0,-40.0,850.0,0.85,0.85,2.0,M2
53.0,-35.0,850.0,0.85,0.85,2.0,M2
53.0,-30.0,850.0,0.85,0.85,2.0,M2
53.0,-25.0,850.0,0.85,0.85,2.0,M2
53.0,-20.0,850.0,0.85,0.85,2.0,M2
53.0,-15.0,850.0,0.85,0.85,2.0,M2
53.0,-10.0,850.0,0.85,0.85,2.0,M2
53.0,-5.0,850.0,0.85,0.85,2.0,M2
53.0,0.0,850.0,0.85,0.85,2.0,M2
53.0,5.0,850.0,0.85,0.85,2.2778,M2
53.0,10.0,850.0,0.85,0.85,2.4737,M2
53.0,15.0,850.0,0.85,0.85,2.6239,M3
53.0,20.0,850.0,0.85,0.85,2.7442,M3
53.0,25.0,850.0,0.85,0.85,2.8447,M3
53.0,30.0,850.0,0.85,0.85,2.9321,M3
53.0,35.0,850.0,0.85,0.85,3.0109,M3
53.0,40.0,850.0,0.85,0.85,3.0847,M3
53.0,45.0,850.0,0.85,0.85,3.1566,M3
53.0,50.0,850.0,0.85,0.85,3.2294,M3
53.0,55.0,850.0,0.85,0.85,3.3049,M3
53.0,60.0,850.0,0.85,0.85,3.3871,M3
53.0,65.0,850.0,0.85,0.85,3.4889,M3
53.0,70.0,850.0,0.85,0.85,3.6172,M4
53.0,75.0,850.0,0.85,0.85,3.7821,M4
53.0,80.0,850.0,0.85,0.85,4.0,M4
53.0,85.0,850.0,0.85,0.85,4.0,M4
53.0,90.0,850.0,0.85,0.85,4.0,M4
53.0,95.0,850.0,0.85,0.85,4.0,M4
53.0,100.0,850.0,0.85,0.85,4.0,M4
53.0,105.0,850.0,0.85,0.85,4.0,M4
53.0,110.0,850.0,0.85,0.85,4.0,M4
53.0,115.0,850.0,0.85,0.85,4.0,M4
53.0,120.0,850.0,0.85,0.85,4.0,M4
53.0,125.0,850.0,0.85,0.85,4.0,M4
53.0,130.0,850.0,0.85,0.85,4.0,M4
53.0,135.0,850.0,0.85,0.85,4.0,M4
53.0,140.0,850.0,0.85,0.85,4.0,M4
53.0,145.0,850.0,0.85,0.85,4.0,M4
53.0,150.0,850.0,0.85,0.85,4.0,M4
53.0,155.0,850.0,0.85,0.85,4.0,M4
53.0,160.0,850.0,0.85,0.85,4.0,M4
53.0,165.0,850.0,0.85,0.85,4.0,M4
53.0,170.0,850.0,0.85,0.85,4.0,M4
53.0,175.0,850.0,0.85,0.85,4.0,M4
53.0,180.0,850.0,0.85,0.85,4.0,M4
53.0,185.0,850.0,0.85,0.85,4.0,M4
53.0,190.0,850.0,0.85,0.85,4.0,M4
53.0,195.0,850.0,0.85,0.85,4.0,M4
53.0,200.0,850.0,0.85,0.85,4.0,M4
53.0,205.0,850.0,0.85,0.85,4.0,M4
53.0,210.0,850.0,0.85,0.85,4.0,M4
53.0,215.0,850.0,0.85,0.85,4.0,M4
53.0,220.0,850.0,0.85,0.85,4.0,M4
53.0,225.0,850.0,0.85,0.85,4.0,M4
53.0,230.0,850.0,0.85,0.85,4.0,M4
53.0,235.0,850.0,0.85,0.85,4.0,M4
53.0,240.0,850.0,0.85,0.85,4.0,M4
53.0,245.0,850.0,0.85,0.85,4.0,M4
53.0,250.0,850.0,0.85,0.85,4.0,M4
53.0,255.0,850.0,0.85,0.85,4.0,M4
53.0,260.0,850.0,0.85,0.85,4.0,M4
53.0,265.0,850.0,0.85,0.85,4.0,M4
53.0,270.0,850.0,0.85,0.85,4.0,M4
53.0,275.0,850.0,0.85,0.85,4.0,M4
53.0,280.0,850.0,0.85,0.85,4.0,M4
53.0,285.0,850.0,0.85,0.85,4.0,M4
53.0,290.0,850.0,0.85,0.85,4.0,M4
53.0,295.0,850.0,0.85,0.85,4.0,M4
53.0,300.0,850.0,0.85,0.85,4.0,M4
54.0,-350.0,850.0,0.85,0.85,1.0,M1
54.0,-345.0,850.0,0.85,0.85,1.0,M1
54.0,-340.0,850.0,0.85,0.85,1.0,M1
54.0,-335.0,850.0,0.85,0.85,1.0,M1
54.0,-330.0,850.0,0.85,0.85,1.0,M1
54.0,-325.0,850.0,0.85,0.85,1.0,M1
54.0,-320.0,850.0,0.85,0.85,1.0,M1
54.0,-315.0,850.0,0.85,0.85,1.0,M1
54.0,-310.0,850.0,0.85,0.85,1.0,M1
54.0,-305.0,850.0,0.85,0.85,1.0,M1
54.0,-300.0,850.0,0.85,0.85,1.0,M1
54.0,-295.0,850.0,0.85,0.85,1.0,M1
54.0,-290.0,850.0,0.85,0.85,1.0,M1
54.0,-285.0,850.0,0.85,0.85,1.0,M1
54.0,-280.0,850.0,0.85,0.85,1.0,M1
54.0,-275.0,850.0,0.85,0.85,1.0,M1
54.0,-270.0,850.0,0.85,0.85,1.0,M1
54.0,-265.0,850.0,0.85,0.85,1.0,M1
54.0,-260.0,850.0,0.85,0.85,1.0,M1
54.0,-255.0,850.0,0.85,0.85,1.0,M1
54.0,-250.0,850.0,0.85,0.85,1.0,M1
54.0,-245.0,850.0,0.85,0.85,1.0,M1
54.0,-240.0,850.0,0.85,0.85,1.0,M1
54.0,-235.0,850.0,0.85,0.85,1.0,M1
54.0,-230.0,850.0,0.85,0.85,1.0,M1
54.0,-225.0,850.0,0.85,0.85,1.0,M1
54.0,-220.0,850.0,0.85,0.85,1.0,M1
54.0,-215.0,850.0,0.85,0.85,1.0,M1
54.0,-210.0,850.0,0.85,0.85,1.0,M1
54.0,-205.0,850.0,0.85,0.85,1.0,M1
54.0,-200.0,850.0,0.85,0.85,1.0,M1
54.0,-195.0,850.0,0.85,0.85,1.0,M1
54.0,-190.0,850.0,0.85,0.85,1.0,M1
54.0,-185.0,850.0,0.85,0.85,1.0,M1
54.0,-180.0,850.0,0.85,0.85,1.0,M1
54.0,-175.0,850.0,0.85,0.85,1.0,M1
54.0,-170.0,850.0,0.85,0.85,1.0,M1
54.0,-165.0,850.0,0.85,0.85,1.0,M1
54.0,-160.0,850.0,0.85,0.85,1.0,M1
54.0,-155.0,850.0,0.85,0.85,1.0,M1
54.0,-150.0,850.0,0.85,0.85,1.0,M1
54.0,-145.0,850.0,0.85,0.85,1.0,M1
54.0,-140.0,850.0,0.85,0.85,1.0,M1
54.0,-135.0,850.0,0.85,0.85,1.0,M1
54.0,-130.0,850.0,0.85,0.85,1.0,M1
54.0,-125.0,850.0,0.85,0.85,1.0,M1
54.0,-120.0,850.0,0.85,0.85,0.0,M0
54.0,-115.0,850.0,0.85,0.85,0.0,M0
54.0,-110.0,850.0,0.85,0.85,0.0,M0
54.0,-105.0,850.0,0.85,0.85,0.0,M0
54.0,-100.0,850.0,0.85,0.85,0.0,M0
54.0,-95.0,850.0,0.85,0.85,0.0,M0
54.0,-90.0,850.0,0.85,0.85,0.0,M0
54.0,-85.0,850.0,0.85,0.85,0.0,M0
54.0,-80.0,850.0,0.85,0.85,0.0,M0
54.0,-75.0,850.0,0.85,0.85,2.0,M2
54.0,-70.0,850.0,0.85,0.85,2.0,M2
54.0,-65.0,850.0,0.85,0.85,2.0,M2
54.0,-60.0,850.0,0.85,0.85,2.0,M2
54.0,-55.0,850.0,0.85,0.85,2.0,M2
54.0,-50.0,850.0,0.85,0.85,2.0,M2
54.0,-45.0,850.0,0.85,0.85,2.0,M2
54.0,-40.0,850.0,0.85,0.85,2.0,M2
54.0,-35.0,850.0,0.85,0.85,2.0,M2
54.0,-30.0,850.0,0.85,0.85,2.0,M2
54.0,-25.0,850.0,0.85,0.85,2.0,M2
54.0,-20.0,850.0,0.85,0.85,2.0,M2
54.0,-15.0,850.0,0.85,0.85,2.0,M2
54.0,-10.0,850.0,0.85,0.85,2.0,M2
54.0,-5.0,850.0,0.85,0.85,2.0,M2
54.0,0.0,850.0,0.85,0.85,2.0,M2
54.0,5.0,850.0,0.85,0.85,2.2763,M2
54.0,10.0,850.0,0.85,0.85,2.4737,M2
54.0,15.0,850.0,0.85,0.85,2.6239,M3
54.0,20.0,850.0,0.85,0.85,2.7442,M3
54.0,25.0,850.0,0.85,0.85,2.8447,M3
54.0,30.0,850.0,0.85,0.85,2.9321,M3
54.0,35.0,850.0,0.85,0.85,3.0109,M3
54.0,40.0,850.0,0.85,0.85,3.0847,M3
54.0,45.0,850.0,0.85,0.85,3.1566,M3
54.0,50.0,850.0,0.85,0.85,3.2294,M3
54.0,55.0,850.0,0.85,0.85,3.3063,M3
54.0,60.0,850.0,0.85,0.85,3.3903,M3
54.0,65.0,850.0,0.85,0.85,3.4918,M3
54.0,70.0,850.0,0.85,0.85,3.6195,M4
54.0,75.0,850.0,0.85,0.85,3.7836,M4
54.0,80.0,850.0,0.85,0.85,4.0,M4
54.0,85.0,850.0,0.85,0.85,4.0,M4
54.0,90.0,850.0,0.85,0.85,4.0,M4
54.0,95.0,850.0,0.85,0.85,4.0,M4
54.0,100.0,850.0,0.85,0.85,4.0,M4
54.0,105.0,850.0,0.85,0.85,4.0,M4
54.0,110.0,850.0,0.85,0.85,4.0,M4
54.0,115.0,850.0,0.85,0.85,4.0,M4
54.0,120.0,850.0,0.85,0.85,4.0,M4
54.0,125.0,850.0,0.85,0.85,4.0,M4
54.0,130.0,850.0,0.85,0.85,4.0,M4
54.0,135.0,850.0,0.85,0.85,4.0,M4
54.0,140.0,850.0,0.85,0.85,4.0,M4
54.0,145.0,850.0,0.85,0.85,4.0,M4
54.0,150.0,850.0,0.85,0.85,4.0,M4
54.0,155.0,850.0,0.85,0.85,4.0,M4
54.0,160.0,850.0,0.85,0.85,4.0,M4
54.0,165.0,850.0,0.85,0.85,4.0,M4
54.0,170.0,850.0,0.85,0.85,4.0,M4
54.0,175.0,850.0,0.85,0.85,4.0,M4
54.0,180.0,850.0,0.85,0.85,4.0,M4
54.0,185.0,850.0,0.85,0.85,4.0,M4
54.0,190.0,850.0,0.85,0.85,4.0,M4
54.0,195.0,850.0,0.85,0.85,4.0,M4
54.0,200.0,850.0,0.85,0.85,4.0,M4
54.0,205.0,850.0,0.85,0.85,4.0,M4
54.0,210.0,850.0,0.85,0.85,4.0,M4
54.0,215.0,850.0,0.85,0.85,4.0,M4
54.0,220.0,850.0,0.85,0.85,4.0,M4
54.0,225.0,850.0,0.85,0.85,4.0,M4
54.0,230.0,850.0,0.85,0.85,4.0,M4
54.0,235.0,850.0,0.85,0.85,4.0,M4
54.0,240.0,850.0,0.85,0.85,4.0,M4
54.0,245.0,850.0,0.85,0.85,4.0,M4
54.0,250.0,850.0,0.85,0.85,4.0,M4
54.0,255.0,850.0,0.85,0.85,4.0,M4
54.0,260.0,850.0,0.85,0.85,4.0,M4
54.0,265.0,850.0,0.85,0.85,4.0,M4
54.0,270.0,850.0,0.85,0.85,4.0,M4
54.0,275.0,850.0,0.85,0.85,4.0,M4
54.0,280.0,850.0,0.85,0.85,4.0,M4
54.0,285.0,850.0,0.85,0.85,4.0,M4
54.0,290.0,850.0,0.85,0.85,4.0,M4
54.0,295.0,850.0,0.85,0.85,4.0,M4
54.0,300.0,850.0,0.85,0.85,4.0,M4
55.0,-350.0,850.0,0.85,0.85,1.0,M1
55.0,-345.0,850.0,0.85,0.85,1.0,M1
55.0,-340.0,850.0,0.85,0.85,1.0,M1
55.0,-335.0,850.0,0.85,0.85,1.0,M1
55.0,-330.0,850.0,0.85,0.85,1.0,M1
55.0,-325.0,850.0,0.85,0.85,1.0,M1
55.0,-320.0,850.0,0.85,0.85,1.0,M1
55.0,-315.0,850.0,0.85,0.85,1.0,M1
55.0,-310.0,850.0,0.85,0.85,1.0,M1
55.0,-305.0,850.0,0.85,0.85,1.0,M1
55.0,-300.0,850.0,0.85,0.85,1.0,M1
55.0,-295.0,850.0,0.85,0.85,1.0,M1
55.0,-290.0,850.0,0.85,0.85,1.0,M1
55.0,-285.0,850.0,0.85,0.85,1.0,M1
55.0,-280.0,850.0,0.85,0.85,1.0,M1
55.0,-275.0,850.0,0.85,0.85,1.0,M1
55.0,-270.0,850.0,0.85,0.85,1.0,M1
55.0,-265.0,850.0,0.85,0.85,1.0,M1
55.0,-260.0,850.0,0.85,0.85,1.0,M1
55.0,-255.0,850.0,0.85,0.85,1.0,M1
55.0,-250.0,850.0,0.85,0.85,1.0,M1
55.0,-245.0,850.0,0.85,0.85,1.0,M1
55.0,-240.0,850.0,0.85,0.85,1.0,M1
55.0,-235.0,850.0,0.85,0.85,1.0,M1
55.0,-230.0,850.0,0.85,0.85,1.0,M1
55.0,-225.0,850.0,0.85,0.85,1.0,M1
55.0,-220.0,850.0,0.85,0.85,1.0,M1
55.0,-215.0,850.0,0.85,0.85,1.0,M1
55.0,-210.0,850.0,0.85,0.85,1.0,M1
55.0,-205.0,850.0,0.85,0.85,1.0,M1
55.0,-200.0,850.0,0.85,0.85,1.0,M1
55.0,-195.0,850.0,0.85,0.85,1.0,M1
55.0,-190.0,850.0,0.85,0.85,1.0,M1
55.0,-185.0,850.0,0.85,0.85,1.0,M1
55.0,-180.0,850.0,0.85,0.85,1.0,M1
55.0,-175.0,850.0,0.85,0.85,1.0,M1
55.0,-170.0,850.0,0.85,0.85,1.0,M1
55.0,-165.0,850.0,0.85,0.85,1.0,M1
55.0,-160.0,850.0,0.85,0.85,1.0,M1
55.0,-155.0,850.0,0.85,0.85,1.0,M1
55.0,-150.0,850.0,0.85,0.85,1.0,M1
55.0,-145.0,850.0,0.85,0.85,1.0,M1
55.0,-140.0,850.0,0.85,0.85,1.0,M1
55.0,-135.0,850.0,0.85,0.85,1.0,M1
55.0,-130.0,850.0,0.85,0.85,1.0,M1
55.0,-125.0,850.0,0.85,0.85,1.0,M1
55.0,-120.0,850.0,0.85,0.85,0.0,M0
55.0,-115.0,850.0,0.85,0.85,0.0,M0
55.0,-110.0,850.0,0.85,0.85,0.0,M0
55.0,-105.0,850.0,0.85,0.85,0.0,M0
55.0,-100.0,850.0,0.85,0.85,0.0,M0
55.0,-95.0,850.0,0.85,0.85,0.0,M0
55.0,-90.0,850.0,0.85,0.85,0.0,M0
55.0,-85.0,850.0,0.85,0.85,0.0,M0
55.0,-80.0,850.0,0.85,0.85,0.0,M0
55.0,-75.0,850.0,0.85,0.85,2.0,M2
55.0,-70.0,850.0,0.85,0.85,2.0,M2
55.0,-65.0,850.0,0.85,0.85,2.0,M2
55.0,-60.0,850.0,0.85,0.85,2.0,M2
55.0,-55.0,850.0,0.85,0.85,2.0,M2
55.0,-50.0,850.0,0.85,0.85,2.0,M2
55.0,-45.0,850.0,0.85,0.85,2.0,M2
55.0,-40.0,850.0,0.85,0.85,2.0,M2
55.0,-35.0,850.0,0.85,0.85,2.0,M2
55.0,-30.0,850.0,0.85,0.85,2.0,M2
55.0,-25.0,850.0,0.85,0.85,2.0,M2
55.0,-20.0,850.0,0.85,0.85,2.0,M2
55.0,-15.0,850.0,0.85,0.85,2.0,M2
55.0,-10.0,850.0,0.85,0.85,2.0,M2
55.0,-5.0,850.0,0.85,0.85,2.0,M2
55.0,0.0,850.0,0.85,0.85,2.0,M2
55.0,5.0,850.0,0.85,0.85,2.2763,M2
55.0,10.0,850.0,0.85,0.85,2.4737,M2
55.0,15.0,850.0,0.85,0.85,2.6239,M3
55.0,20.0,850.0,0.85,0.85,2.7442,M3
55.0,25.0,850.0,0.85,0.85,2.8447,M3
55.0,30.0,850.0,0.85,0.85,2.9321,M3
55.0,35.0,850.0,0.85,0.85,3.0109,M3
55.0,40.0,850.0,0.85,0.85,3.0847,M3
55.0,45.0,850.0,0.85,0.85,3.1566,M3
55.0,50.0,850.0,0.85,0.85,3.2294,M3
55.0,55.0,850.0,0.85,0.85,3.3063,M3
55.0,60.0,850.0,0.85,0.85,3.3914,M3
55.0,65.0,850.0,0.85,0.85,3.4927,M3
55.0,70.0,850.0,0.85,0.85,3.6203,M4
55.0,75.0,850.0,0.85,0.85,3.784,M4
55.0,80.0,850.0,0.85,0.85,4.0,M4
55.0,85.0,850.0,0.85,0.85,4.0,M4
55.0,90.0,850.0,0.85,0.85,4.0,M4
55.0,95.0,850.0,0.85,0.85,4.0,M4
55.0,100.0,850.0,0.85,0.85,4.0,M4
55.0,105.0,850.0,0.85,0.85,4.0,M4
55.0,110.0,850.0,0.85,0.85,4.0,M4
55.0,115.0,850.0,0.85,0.85,4.0,M4
55.0,120.0,850.0,0.85,0.85,4.0,M4
55.0,125.0,850.0,0.85,0.85,4.0,M4
55.0,130.0,850.0,0.85,0.85,4.0,M4
55.0,135.0,850.0,0.85,0.85,4.0,M4
55.0,140.0,850.0,0.85,0.85,4.0,M4
55.0,145.0,850.0,0.85,0.85,4.0,M4
55.0,150.0,850.0,0.85,0.85,4.0,M4
55.0,155.0,850.0,0.85,0.85,4.0,M4
55.0,160.0,850.0,0.85,0.85,4.0,M4
55.0,165.0,850.0,0.85,0.85,4.0,M4
55.0,170.0,850.0,0.85,0.85,4.0,M4
55.0,175.0,850.0,0.85,0.85,4.0,M4
55.0,180.0,850.0,0.85,0.85,4.0,M4
55.0,185.0,850.0,0.85,0.85,4.0,M4
55.0,190.0,850.0,0.85,0.85,4.0,M4
55.0,195.0,850.0,0.85,0.85,4.0,M4
55.0,200.0,850.0,0.85,0.85,4.0,M4
55.0,205.0,850.0,0.85,0.85,4.0,M4
55.0,210.0,850.0,0.85,0.85,4.0,M4
55.0,215.0,850.0,0.85,0.85,4.0,M4
55.0,220.0,850.0,0.85,0.85,4.0,M4
55.0,225.0,850.0,0.85,0.85,4.0,M4
55.0,230.0,850.0,0.85,0.85,4.0,M4
55.0,235.0,850.0,0.85,0.85,4.0,M4
55.0,240.0,850.0,0.85,0.85,4.0,M4
55.0,245.0,850.0,0.85,0.85,4.0,M4
55.0,250.0,850.0,0.85,0.85,4.0,M4
55.0,255.0,850.0,0.85,0.85,4.0,M4
55.0,260.0,850.0,0.85,0.85,4.0,M4
55.0,265.0,850.0,0.85,0.85,4.0,M4
55.0,270.0,850.0,0.85,0.85,4.0,M4
55.0,275.0,850.0,0.85,0.85,4.0,M4
55.0,280.0,850.0,0.85,0.85,4.0,M4
55.0,285.0,850.0,0.85,0.85,4.0,M4
55.0,290.0,850.0,0.85,0.85,4.0,M4
55.0,295.0,850.0,0.85,0.85,4.0,M4
55.0,300.0,850.0,0.85,0.85,4.0,M4
56.0,-350.0,850.0,0.85,0.85,1.0,M1
56.0,-345.0,850.0,0.85,0.85,1.0,M1
56.0,-340.0,850.0,0.85,0.85,1.0,M1
56.0,-335.0,850.0,0.85,0.85,1.0,M1
56.0,-330.0,850.0,0.85,0.85,1.0,M1
56.0,-325.0,850.0,0.85,0.85,1.0,M1
56.0,-320.0,850.0,0.85,0.85,1.0,M1
56.0,-315.0,850.0,0.85,0.85,1.0,M1
56.0,-310.0,850.0,0.85,0.85,1.0,M1
56.0,-305.0,850.0,0.85,0.85,1.0,M1
56.0,-300.0,850.0,0.85,0.85,1.0,M1
56.0,-295.0,850.0,0.85,0.85,1.0,M1
56.0,-290.0,850.0,0.85,0.85,1.0,M1
56.0,-285.0,850.0,0.85,0.85,1.0,M1
56.0,-280.0,850.0,0.85,0.85,1.0,M1
56.0,-275.0,850.0,0.85,0.85,1.0,M1
56.0,-270.0,850.0,0.85,0.85,1.0,M1
56.0,-265.0,850.0,0.85,0.85,1.0,M1
56.0,-260.0,850.0,0.85,0.85,1.0,M1
56.0,-255.0,850.0,0.85,0.85,1.0,M1
56.0,-250.0,850.0,0.85,0.85,1.0,M1
56.0,-245.0,850.0,0.85,0.85,1.0,M1
56.0,-240.0,850.0,0.85,0.85,1.0,M1
56.0,-235.0,850.0,0.85,0.85,1.0,M1
56.0,-230.0,850.0,0.85,0.85,1.0,M1
56.0,-225.0,850.0,0.85,0.85,1.0,M1
56.0,-220.0,850.0,0.85,0.85,1.0,M1
56.0,-215.0,850.0,0.85,0.85,1.0,M1
56.0,-210.0,850.0,0.85,0.85,1.0,M1
56.0,-205.0,850.0,0.85,0.85,1.0,M1
56.0,-200.0,850.0,0.85,0.85,1.0,M1
56.0,-195.0,850.0,0.85,0.85,1.0,M1
56.0,-190.0,850.0,0.85,0.85,1.0,M1
56.0,-185.0,850.0,0.85,0.85,1.0,M1
56.0,-180.0,850.0,0.85,0.85,1.0,M1
56.0,-175.0,850.0,0.85,0.85,1.0,M1
56.0,-170.0,850.0,0.85,0.85,1.0,M1
56.0,-165.0,850.0,0.85,0.85,1.0,M1
56.0,-160.0,850.0,0.85,0.85,1.0,M1
56.0,-155.0,850.0,0.85,0.85,1.0,M1
56.0,-150.0,850.0,0.85,0.85,1.0,M1
56.0,-145.0,850.0,0.85,0.85,1.0,M1
56.0,-140.0,850.0,0.85,0.85,1.0,M1
56.0,-135.0,850.0,0.85,0.85,1.0,M1
56.0,-130.0,850.0,0.85,0.85,1.0,M1
56.0,-125.0,850.0,0.85,0.85,1.0,M1
56.0,-120.0,850.0,0.85,0.85,0.0,M0
56.0,-115.0,850.0,0.85,0.85,0.0,M0
56.0,-110.0,850.0,0.85,0.85,0.0,M0
56.0,-105.0,850.0,0.85,0.85,0.0,M0
56.0,-100.0,850.0,0.85,0.85,0.0,M0
56.0,-95.0,850.0,0.85,0.85,0.0,M0
56.0,-90.0,850.0,0.85,0.85,0.0,M0
56.0,-85.0,850.0,0.85,0.85,0.0,M0
56.0,-80.0,850.0,0.85,0.85,0.0,M0
56.0,-75.0,850.0,0.85,0.85,2.0,M2
56.0,-70.0,850.0,0.85,0.85,2.0,M2
56.0,-65.0,850.0,0.85,0.85,2.0,M2
56.0,-60.0,850.0,0.85,0.85,2.0,M2
56.0,-55.0,850.0,0.85,0.85,2.0,M2
56.0,-50.0,850.0,0.85,0.85,2.0,M2
56.0,-45.0,850.0,0.85,0.85,2.0,M2
56.0,-40.0,850.0,0.85,0.85,2.0,M2
56.0,-35.0,850.0,0.85,0.85,2.0,M2
56.0,-30.0,850.0,0.85,0.85,2.0,M2
56.0,-25.0,850.0,0.85,0.85,2.0,M2
56.0,-20.0,850.0,0.85,0.85,2.0,M2
56.0,-15.0,850.0,0.85,0.85,2.0,M2
56.0,-10.0,850.0,0.85,0.85,2.0,M2
56.0,-5.0,850.0,0.85,0.85,2.0,M2
56.0,0.0,850.0,0.85,0.85,2.0,M2
56.0,5.0,850.0,0.85,0.85,2.2763,M2
56.0,10.0,850.0,0.85,0.85,2.4737,M2
56.0,15.0,850.0,0.85,0.85,2.6239,M3
56.0,20.0,850.0,0.85,0.85,2.7442,M3
56.0,25.0,850.0,0.85,0.85,2.8447,M3
56.0,30.0,850.0,0.85,0.85,2.9321,M3
56.0,35.0,850.0,0.85,0.85,3.0109,M3
56.0,40.0,850.0,0.85,0.85,3.0847,M3
56.0,45.0,850.0,0.85,0.85,3.1566,M3
56.0,50.0,850.0,0.85,0.85,3.2294,M3
56.0,55.0,850.0,0.85,0.85,3.3063,M3
56.0,60.0,850.0,0.85,0.85,3.3903,M3
56.0,65.0,850.0,0.85,0.85,3.4918,M3
56.0,70.0,850.0,0.85,0.85,3.6195,M4
56.0,75.0,850.0,0.85,0.85,3.7836,M4
56.0,80.0,850.0,0.85,0.85,4.0,M4
56.0,85.0,850.0,0.85,0.85,4.0,M4
56.0,90.0,850.0,0.85,0.85,4.0,M4
56.0,95.0,850.0,0.85,0.85,4.0,M4
56.0,100.0,850.0,0.85,0.85,4.0,M4
56.0,105.0,850.0,0.85,0.85,4.0,M4
56.0,110.0,850.0,0.85,0.85,4.0,M4
56.0,115.0,850.0,0.85,0.85,4.0,M4
56.0,120.0,850.0,0.85,0.85,4.0,M4
56.0,125.0,850.0,0.85,0.85,4.0,M4
56.0,130.0,850.0,0.85,0.85,4.0,M4
56.0,135.0,850.0,0.85,0.85,4.0,M4
56.0,140.0,850.0,0.85,0.85,4.0,M4
56.0,145.0,850.0,0.85,0.85,4.0,M4
56.0,150.0,850.0,0.85,0.85,4.0,M4
56.0,155.0,850.0,0.85,0.85,4.0,M4
56.0,160.0,850.0,0.85,0.85,4.0,M4
56.0,165.0,850.0,0.85,0.85,4.0,M4
56.0,170.0,850.0,0.85,0.85,4.0,M4
56.0,175.0,850.0,0.85,0.85,4.0,M4
56.0,180.0,850.0,0.85,0.85,4.0,M4
56.0,185.0,850.0,0.85,0.85,4.0,M4
56.0,190.0,850.0,0.85,0.85,4.0,M4
56.0,195.0,850.0,0.85,0.85,4.0,M4
56.0,200.0,850.0,0.85,0.85,4.0,M4
56.0,205.0,850.0,0.85,0.85,4.0,M4
56.0,210.0,850.0,0.85,0.85,4.0,M4
56.0,215.0,850.0,0.85,0.85,4.0,M4
56.0,220.0,850.0,0.85,0.85,4.0,M4
56.0,225.0,850.0,0.85,0.85,4.0,M4
56.0,230.0,850.0,0.85,0.85,4.0,M4
56.0,235.0,850.0,0.85,0.85,4.0,M4
56.0,240.0,850.0,0.85,0.85,4.0,M4
56.0,245.0,850.0,0.85,0.85,4.0,M4
56.0,250.0,850.0,0.85,0.85,4.0,M4
56.0,255.0,850.0,0.85,0.85,4.0,M4
56.0,260.0,850.0,0.85,0.85,4.0,M4
56.0,265.0,850.0,0.85,0.85,4.0,M4
56.0,270.0,850.0,0.85,0.85,4.0,M4
56.0,275.0,850.0,0.85,0.85,4.0,M4
56.0,280.0,850.0,0.85,0.85,4.0,M4
56.0,285.0,850.0,0.85,0.85,4.0,M4
56.0,290.0,850.0,0.85,0.85,4.0,M4
56.0,295.0,850.0,0.85,0.85,4.0,M4
56.0,300.0,850.0,0.85,0.85,4.0,M4
57.0,-350.0,850.0,0.85,0.85,1.0,M1
57.0,-345.0,850.0,0.85,0.85,1.0,M1
57.0,-340.0,850.0,0.85,0.85,1.0,M1
57.0,-335.0,850.0,0.85,0.85,1.0,M1
57.0,-330.0,850.0,0.85,0.85,1.0,M1
57.0,-325.0,850.0,0.85,0.85,1.0,M1
57.0,-320.0,850.0,0.85,0.85,1.0,M1
57.0,-315.0,850.0,0.85,0.85,1.0,M1
57.0,-310.0,850.0,0.85,0.85,1.0,M1
57.0,-305.0,850.0,0.85,0.85,1.0,M1
57.0,-300.0,850.0,0.85,0.85,1.0,M1
57.0,-295.0,850.0,0.85,0.85,1.0,M1
57.0,-290.0,850.0,0.85,0.85,1.0,M1
57.0,-285.0,850.0,0.85,0.85,1.0,M1
57.0,-280.0,850.0,0.85,0.85,1.0,M1
57.0,-275.0,850.0,0.85,0.85,1.0,M1
57.0,-270.0,850.0,0.85,0.85,1.0,M1
57.0,-265.0,850.0,0.85,0.85,1.0,M1
57.0,-260.0,850.0,0.85,0.85,1.0,M1
57.0,-255.0,850.0,0.85,0.85,1.0,M1
57.0,-250.0,850.0,0.85,0.85,1.0,M1
57.0,-245.0,850.0,0.85,0.85,1.0,M1
57.0,-240.0,850.0,0.85,0.85,1.0,M1
57.0,-235.0,850.0,0.85,0.85,1.0,M1
57.0,-230.0,850.0,0.85,0.85,1.0,M1
57.0,-225.0,850.0,0.85,0.85,1.0,M1
57.0,-220.0,850.0,0.85,0.85,1.0,M1
57.0,-215.0,850.0,0.85,0.85,1.0,M1
57.0,-210.0,850.0,0.85,0.85,1.0,M1
57.0,-205.0,850.0,0.85,0.85,1.0,M1
57.0,-200.0,850.0,0.85,0.85,1.0,M1
57.0,-195.0,850.0,0.85,0.85,1.0,M1
57.0,-190.0,850.0,0.85,0.85,1.0,M1
57.0,-185.0,850.0,0.85,0.85,1.0,M1
57.0,-180.0,850.0,0.85,0.85,1.0,M1
57.0,-175.0,850.0,0.85,0.85,1.0,M1
57.0,-170.0,850.0,0.85,0.85,1.0,M1
57.0,-165.0,850.0,0.85,0.85,1.0,M1
57.0,-160.0,850.0,0.85,0.85,1.0,M1
57.0,-155.0,850.0,0.85,0.85,1.0,M1
57.0,-150.0,850.0,0.85,0.85,1.0,M1
57.0,-145.0,850.0,0.85,0.85,1.0,M1
57.0,-140.0,850.0,0.85,0.85,1.0,M1
57.0,-135.0,850.0,0.85,0.85,1.0,M1
57.0,-130.0,850.0,0.85,0.85,1.0,M1
57.0,-125.0,850.0,0.85,0.85,1.0,M1
57.0,-120.0,850.0,0.85,0.85,0.0,M0
57.0,-115.0,850.0,0.85,0.85,0.0,M0
57.0,-110.0,850.0,0.85,0.85,0.0,M0
57.0,-105.0,850.0,0.85,0.85,0.0,M0
57.0,-100.0,850.0,0.85,0.85,0.0,M0
57.0,-95.0,850.0,0.85,0.85,0.0,M0
57.0,-90.0,850.0,0.85,0.85,0.0,M0
57.0,-85.0,850.0,0.85,0.85,0.0,M0
57.0,-80.0,850.0,0.85,0.85,0.0,M0
57.0,-75.0,850.0,0.85,0.85,2.0,M2
57.0,-70.0,850.0,0.85,0.85,2.0,M2
57.0,-65.0,850.0,0.85,0.85,2.0,M2
57.0,-60.0,850.0,0.85,0.85,2.0,M2
57.0,-55.0,850.0,0.85,0.85,2.0,M2
57.0,-50.0,850.0,0.85,0.85,2.0,M2
57.0,-45.0,850.0,0.85,0.85,2.0,M2
57.0,-40.0,850.0,0.85,0.85,2.0,M2
57.0,-35.0,850.0,0.85,0.85,2.0,M2
57.0,-30.0,850.0,0.85,0.85,2.0,M2
57.0,-25.0,850.0,0.85,0.85,2.0,M2
57.0,-20.0,850.0,0.85,0.85,2.0,M2
57.0,-15.0,850.0,0.85,0.85,2.0,M2
57.0,-10.0,850.0,0.85,0.85,2.0,M2
57.0,-5.0,850.0,0.85,0.85,2.0,M2
57.0,0.0,850.0,0.85,0.85,2.0,M2
57.0,5.0,850.0,0.85,0.85,2.2778,M2
57.0,10.0,850.0,0.85,0.85,2.4737,M2
57.0,15.0,850.0,0.85,0.85,2.6239,M3
57.0,20.0,850.0,0.85,0.85,2.7442,M3
57.0,25.0,850.0,0.85,0.85,2.8447,M3
57.0,30.0,850.0,0.85,0.85,2.9321,M3
57.0,35.0,850.0,0.85,0.85,3.0109,M3
57.0,40.0,850.0,0.85,0.85,3.0847,M3
57.0,45.0,850.0,0.85,0.85,3.1566,M3
57.0,50.0,850.0,0.85,0.85,3.2294,M3
57.0,55.0,850.0,0.85,0.85,3.3049,M3
57.0,60.0,850.0,0.85,0.85,3.3871,M3
57.0,65.0,850.0,0.85,0.85,3.4889,M3
57.0,70.0,850.0,0.85,0.85,3.6172,M4
57.0,75.0,850.0,0.85,0.85,3.7821,M4
57.0,80.0,850.0,0.85,0.85,4.0,M4
57.0,85.0,850.0,0.85,0.85,4.0,M4
57.0,90.0,850.0,0.85,0.85,4.0,M4
57.0,95.0,850.0,0.85,0.85,4.0,M4
57.0,100.0,850.0,0.85,0.85,4.0,M4
57.0,105.0,850.0,0.85,0.85,4.0,M4
57.0,110.0,850.0,0.85,0.85,4.0,M4
57.0,115.0,850.0,0.85,0.85,4.0,M4
57.0,120.0,850.0,0.85,0.85,4.0,M4
57.0,125.0,850.0,0.85,0.85,4.0,M4
57.0,130.0,850.0,0.85,0.85,4.0,M4
57.0,135.0,850.0,0.85,0.85,4.0,M4
57.0,140.0,850.0,0.85,0.85,4.0,M4
57.0,145.0,850.0,0.85,0.85,4.0,M4
57.0,150.0,850.0,0.85,0.85,4.0,M4
57.0,155.0,850.0,0.85,0.85,4.0,M4
57.0,160.0,850.0,0.85,0.85,4.0,M4
57.0,165.0,850.0,0.85,0.85,4.0,M4
57.0,170.0,850.0,0.85,0.85,4.0,M4
57.0,175.0,850.0,0.85,0.85,4.0,M4
57.0,180.0,850.0,0.85,0.85,4.0,M4
57.0,185.0,850.0,0.85,0.85,4.0,M4
57.0,190.0,850.0,0.85,0.85,4.0,M4
57.0,195.0,850.0,0.85,0.85,4.0,M4
57.0,200.0,850.0,0.85,0.85,4.0,M4
57.0,205.0,850.0,0.85,0.85,4.0,M4
57.0,210.0,850.0,0.85,0.85,4.0,M4
57.0,215.0,850.0,0.85,0.85,4.0,M4
57.0,220.0,850.0,0.85,0.85,4.0,M4
57.0,225.0,850.0,0.85,0.85,4.0,M4
57.0,230.0,850.0,0.85,0.85,4.0,M4
57.0,235.0,850.0,0.85,0.85,4.0,M4
57.0,240.0,850.0,0.85,0.85,4.0,M4
57.0,245.0,850.0,0.85,0.85,4.0,M4
57.0,250.0,850.0,0.85,0.85,4.0,M4
57.0,255.0,850.0,0.85,0.85,4.0,M4
57.0,260.0,850.0,0.85,0.85,4.0,M4
57.0,265.0,850.0,0.85,0.85,4.0,M4
57.0,270.0,850.0,0.85,0.85,4.0,M4
57.0,275.0,850.0,0.85,0.85,4.0,M4
57.0,280.0,850.0,0.85,0.85,4.0,M4
57.0,285.0,850.0,0.85,0.85,4.0,M4
57.0,290.0,850.0,0.85,0.85,4.0,M4
57.0,295.0,850.0,0.85,0.85,4.0,M4
57.0,300.0,850.0,0.85,0.85,4.0,M4
58.0,-350.0,850.0,0.85,0.85,1.0,M1
58.0,-345.0,850.0,0.85,0.85,1.0,M1
58.0,-340.0,850.0,0.85,0.85,1.0,M1
58.0,-335.0,850.0,0.85,0.85,1.0,M1
58.0,-330.0,850.0,0.85,0.85,1.0,M1
58.0,-325.0,850.0,0.85,0.85,1.0,M1
58.0,-320.0,850.0,0.85,0.85,1.0,M1
58.0,-315.0,850.0,0.85,0.85,1.0,M1
58.0,-310.0,850.0,0.85,0.85,1.0,M1
58.0,-305.0,850.0,0.85,0.85,1.0,M1
58.0,-300.0,850.0,0.85,0.85,1.0,M1
58.0,-295.0,850.0,0.85,0.85,1.0,M1
58.0,-290.0,850.0,0.85,0.85,1.0,M1
58.0,-285.0,850.0,0.85,0.85,1.0,M1
58.0,-280.0,850.0,0.85,0.85,1.0,M1
58.0,-275.0,850.0,0.85,0.85,1.0,M1
58.0,-270.0,850.0,0.85,0.85,1.0,M1
58.0,-265.0,850.0,0.85,0.85,1.0,M1
58.0,-260.0,850.0,0.85,0.85,1.0,M1
58.0,-255.0,850.0,0.85,0.85,1.0,M1
58.0,-250.0,850.0,0.85,0.85,1.0,M1
58.0,-245.0,850.0,0.85,0.85,1.0,M1
58.0,-240.0,850.0,0.85,0.85,1.0,M1
58.0,-235.0,850.0,0.85,0.85,1.0,M1
58.0,-230.0,850.0,0.85,0.85,1.0,M1
58.0,-225.0,850.0,0.85,0.85,1.0,M1
58.0,-220.0,850.0,0.85,0.85,1.0,M1
58.0,-215.0,850.0,0.85,0.85,1.0,M1
58.0,-210.0,850.0,0.85,0.85,1.0,M1
58.0,-205.0,850.0,0.85,0.85,1.0,M1
58.0,-200.0,850.0,0.85,0.85,1.0,M1
58.0,-195.0,850.0,0.85,0.85,1.0,M1
58.0,-190.0,850.0,0.85,0.85,1.0,M1
58.0,-185.0,850.0,0.85,0.85,1.0,M1
58.0,-180.0,850.0,0.85,0.85,1.0,M1
58.0,-175.0,850.0,0.85,0.85,1.0,M1
58.0,-170.0,850.0,0.85,0.85,1.0,M1
58.0,-165.0,850.0,0.85,0.85,1.0,M1
58.0,-160.0,850.0,0.85,0.85,1.0,M1
58.0,-155.0,850.0,0.85,0.85,1.0,M1
58.0,-150.0,850.0,0.85,0.85,1.0,M1
58.0,-145.0,850.0,0.85,0.85,1.0,M1
58.0,-140.0,850.0,0.85,0.85,1.0,M1
58.0,-135.0,850.0,0.85,0.85,1.0,M1
58.0,-130.0,850.0,0.85,0.85,1.0,M1
58.0,-125.0,850.0,0.85,0.85,1.0,M1
58.0,-120.0,850.0,0.85,0.85,0.0,M0
58.0,-115.0,850.0,0.85,0.85,0.0,M0
58.0,-110.0,850.0,0.85,0.85,0.0,M0
58.0,-105.0,850.0,0.85,0.85,0.0,M0
58.0,-100.0,850.0,0.85,0.85,0.0,M0
58.0,-95.0,850.0,0.85,0.85,0.0,M0
58.0,-90.0,850.0,0.85,0.85,0.0,M0
58.0,-85.0,850.0,0.85,0.85,0.0,M0
58.0,-80.0,850.0,0.85,0.85,0.0,M0
58.0,-75.0,850.0,0.85,0.85,2.0,M2
58.0,-70.0,850.0,0.85,0.85,2.0,M2
58.0,-65.0,850.0,0.85,0.85,2.0,M2
58.0,-60.0,850.0,0.85,0.85,2.0,M2
58.0,-55.0,850.0,0.85,0.85,2.0,M2
58.0,-50.0,850.0,0.85,0.85,2.0,M2
58.0,-45.0,850.0,0.85,0.85,2.0,M2
58.0,-40.0,850.0,0.85,0.85,2.0,M2
58.0,-35.0,850.0,0.85,0.85,2.0,M2
58.0,-30.0,850.0,0.85,0.85,2.0,M2
58.0,-25.0,850.0,0.85,0.85,2.0,M2
58.0,-20.0,850.0,0.85,0.85,2.0,M2
58.0,-15.0,850.0,0.85,0.85,2.0,M2
58.0,-10.0,850.0,0.85,0.85,2.0,M2
58.0,-5.0,850.0,0.85,0.85,2.0,M2
58.0,0.0,850.0,0.85,0.85,2.0,M2
58.0,5.0,850.0,0.85,0.85,2.2809,M2
58.0,10.0,850.0,0.85,0.85,2.4763,M2
58.0,15.0,850.0,0.85,0.85,2.6239,M3
58.0,20.0,850.0,0.85,0.85,2.7442,M3
58.0,25.0,850.0,0.85,0.85,2.8447,M3
58.0,30.0,850.0,0.85,0.85,2.9321,M3
58.0,35.0,850.0,0.85,0.85,3.0109,M3
58.0,40.0,850.0,0.85,0.85,3.0847,M3
58.0,45.0,850.0,0.85,0.85,3.1566,M3
58.0,50.0,850.0,0.85,0.85,3.2294,M3
58.0,55.0,850.0,0.85,0.85,3.2991,M3
58.0,60.0,850.0,0.85,0.85,3.3817,M3
58.0,65.0,850.0,0.85,0.85,3.4841,M3
58.0,70.0,850.0,0.85,0.85,3.6132,M4
58.0,75.0,850.0,0.85,0.85,3.7796,M4
58.0,80.0,850.0,0.85,0.85,4.0,M4
58.0,85.0,850.0,0.85,0.85,4.0,M4
58.0,90.0,850.0,0.85,0.85,4.0,M4
58.0,95.0,850.0,0.85,0.85,4.0,M4
58.0,100.0,850.0,0.85,0.85,4.0,M4
58.0,105.0,850.0,0.85,0.85,4.0,M4
58.0,110.0,850.0,0.85,0.85,4.0,M4
58.0,115.0,850.0,0.85,0.85,4.0,M4
58.0,120.0,850.0,0.85,0.85,4.0,M4
58.0,125.0,850.0,0.85,0.85,4.0,M4
58.0,130.0,850.0,0.85,0.85,4.0,M4
58.0,135.0,850.0,0.85,0.85,4.0,M4
58.0,140.0,850.0,0.85,0.85,4.0,M4
58.0,145.0,850.0,0.85,0.85,4.0,M4
58.0,150.0,850.0,0.85,0.85,4.0,M4
58.0,155.0,850.0,0.85,0.85,4.0,M4
58.0,160.0,850.0,0.85,0.85,4.0,M4
58.0,165.0,850.0,0.85,0.85,4.0,M4
58.0,170.0,850.0,0.85,0.85,4.0,M4
58.0,175.0,850.0,0.85,0.85,4.0,M4
58.0,180.0,850.0,0.85,0.85,4.0,M4
58.0,185.0,850.0,0.85,0.85,4.0,M4
58.0,190.0,850.0,0.85,0.85,4.0,M4
58.0,195.0,850.0,0.85,0.85,4.0,M4
58.0,200.0,850.0,0.85,0.85,4.0,M4
58.0,205.0,850.0,0.85,0.85,4.0,M4
58.0,210.0,850.0,0.85,0.85,4.0,M4
58.0,215.0,850.0,0.85,0.85,4.0,M4
58.0,220.0,850.0,0.85,0.85,4.0,M4
58.0,225.0,850.0,0.85,0.85,4.0,M4
58.0,230.0,850.0,0.85,0.85,4.0,M4
58.0,235.0,850.0,0.85,0.85,4.0,M4
58.0,240.0,850.0,0.85,0.85,4.0,M4
58.0,245.0,850.0,0.85,0.85,4.0,M4
58.0,250.0,850.0,0.85,0.85,4.0,M4
58.0,255.0,850.0,0.85,0.85,4.0,M4
58.0,260.0,850.0,0.85,0.85,4.0,M4
58.0,265.0,850.0,0.85,0.85,4.0,M4
58.0,270.0,850.0,0.85,0.85,4.0,M4
58.0,275.0,850.0,0.85,0.85,4.0,M4
58.0,280.0,850.0,0.85,0.85,4.0,M4
58.0,285.0,850.0,0.85,0.85,4.0,M4
58.0,290.0,850.0,0.85,0.85,4.0,M4
58.0,295.0,850.0,0.85,0.85,4.0,M4
58.0,300.0,850.0,0.85,0.85,4.0,M4
59.0,-350.0,850.0,0.85,0.85,1.0,M1
59.0,-345.0,850.0,0.85,0.85,1.0,M1
59.0,-340.0,850.0,0.85,0.85,1.0,M1
59.0,-335.0,850.0,0.85,0.85,1.0,M1
59.0,-330.0,850.0,0.85,0.85,1.0,M1
59.0,-325.0,850.0,0.85,0.85,1.0,M1
59.0,-320.0,850.0,0.85,0.85,1.0,M1
59.0,-315.0,850.0,0.85,0.85,1.0,M1
59.0,-310.0,850.0,0.85,0.85,1.0,M1
59.0,-305.0,850.0,0.85,0.85,1.0,M1
59.0,-300.0,850.0,0.85,0.85,1.0,M1
59.0,-295.0,850.0,0.85,0.85,1.0,M1
59.0,-290.0,850.0,0.85,0.85,1.0,M1
59.0,-285.0,850.0,0.85,0.85,1.0,M1
59.0,-280.0,850.0,0.85,0.85,1.0,M1
59.0,-275.0,850.0,0.85,0.85,1.0,M1
59.0,-270.0,850.0,0.85,0.85,1.0,M1
59.0,-265.0,850.0,0.85,0.85,1.0,M1
59.0,-260.0,850.0,0.85,0.85,1.0,M1
59.0,-255.0,850.0,0.85,0.85,1.0,M1
59.0,-250.0,850.0,0.85,0.85,1.0,M1
59.0,-245.0,850.0,0.85,0.85,1.0,M1
59.0,-240.0,850.0,0.85,0.85,1.0,M1
59.0,-235.0,850.0,0.85,0.85,1.0,M1
59.0,-230.0,850.0,0.85,0.85,1.0,M1
59.0,-225.0,850.0,0.85,0.85,1.0,M1
59.0,-220.0,850.0,0.85,0.85,1.0,M1
59.0,-215.0,850.0,0.85,0.85,1.0,M1
59.0,-210.0,850.0,0.85,0.85,1.0,M1
59.0,-205.0,850.0,0.85,0.85,1.0,M1
59.0,-200.0,850.0,0.85,0.85,1.0,M1
59.0,-195.0,850.0,0.85,0.85,1.0,M1
59.0,-190.0,850.0,0.85,0.85,1.0,M1
59.0,-185.0,850.0,0.85,0.85,1.0,M1
59.0,-180.0,850.0,0.85,0.85,1.0,M1
59.0,-175.0,850.0,0.85,0.85,1.0,M1
59.0,-170.0,850.0,0.85,0.85,1.0,M1
59.0,-165.0,850.0,0.85,0.85,1.0,M1
59.0,-160.0,850.0,0.85,0.85,1.0,M1
59.0,-155.0,850.0,0.85,0.85,1.0,M1
59.0,-150.0,850.0,0.85,0.85,1.0,M1
59.0,-145.0,850.0,0.85,0.85,1.0,M1
59.0,-140.0,850.0,0.85,0.85,1.0,M1
59.0,-135.0,850.0,0.85,0.85,1.0,M1
59.0,-130.0,850.0,0.85,0.85,1.0,M1
59.0,-125.0,850.0,0.85,0.85,1.0,M1
59.0,-120.0,850.0,0.85,0.85,0.0,M0
59.0,-115.0,850.0,0.85,0.85,0.0,M0
59.0,-110.0,850.0,0.85,0.85,0.0,M0
59.0,-105.0,850.0,0.85,0.85,0.0,M0
59.0,-100.0,850.0,0.85,0.85,0.0,M0
59.0,-95.0,850.0,0.85,0.85,0.0,M0
59.0,-90.0,850.0,0.85,0.85,0.0,M0
59.0,-85.0,850.0,0.85,0.85,0.0,M0
59.0,-80.0,850.0,0.85,0.85,0.0,M0
59.0,-75.0,850.0,0.85,0.85,2.0,M2
59.0,-70.0,850.0,0.85,0.85,2.0,M2
59.0,-65.0,850.0,0.85,0.85,2.0,M2
59.0,-60.0,850.0,0.85,0.85,2.0,M2
59.0,-55.0,850.0,0.85,0.85,2.0,M2
59.0,-50.0,850.0,0.85,0.85,2.0,M2
59.0,-45.0,850.0,0.85,0.85,2.0,M2
59.0,-40.0,850.0,0.85,0.85,2.0,M2
59.0,-35.0,850.0,0.85,0.85,2.0,M2
59.0,-30.0,850.0,0.85,0.85,2.0,M2
59.0,-25.0,850.0,0.85,0.85,2.0,M2
59.0,-20.0,850.0,0.85,0.85,2.0,M2
59.0,-15.0,850.0,0.85,0.85,2.0,M2
59.0,-10.0,850.0,0.85,0.85,2.0,M2
59.0,-5.0,850.0,0.85,0.85,2.0,M2
59.0,0.0,850.0,0.85,0.85,2.0,M2
59.0,5.0,850.0,0.85,0.85,2.2852,M2
59.0,10.0,850.0,0.85,0.85,2.4828,M2
59.0,15.0,850.0,0.85,0.85,2.6261,M3
59.0,20.0,850.0,0.85,0.85,2.7442,M3
59.0,25.0,850.0,0.85,0.85,2.8447,M3
59.0,30.0,850.0,0.85,0.85,2.9321,M3
59.0,35.0,850.0,0.85,0.85,3.0109,M3
59.0,40.0,850.0,0.85,0.85,3.0847,M3
59.0,45.0,850.0,0.85,0.85,3.1566,M3
59.0,50.0,850.0,0.85,0.85,3.2234,M3
59.0,55.0,850.0,0.85,0.85,3.2909,M3
59.0,60.0,850.0,0.85,0.85,3.3739,M3
59.0,65.0,850.0,0.85,0.85,3.4771,M3
59.0,70.0,850.0,0.85,0.85,3.6076,M4
59.0,75.0,850.0,0.85,0.85,3.7761,M4
59.0,80.0,850.0,0.85,0.85,4.0,M4
59.0,85.0,850.0,0.85,0.85,4.0,M4
59.0,90.0,850.0,0.85,0.85,4.0,M4
59.0,95.0,850.0,0.85,0.85,4.0,M4
59.0,100.0,850.0,0.85,0.85,4.0,M4
59.0,105.0,850.0,0.85,0.85,4.0,M4
59.0,110.0,850.0,0.85,0.85,4.0,M4
59.0,115.0,850.0,0.85,0.85,4.0,M4
59.0,120.0,850.0,0.85,0.85,4.0,M4
59.0,125.0,850.0,0.85,0.85,4.0,M4
59.0,130.0,850.0,0.85,0.85,4.0,M4
59.0,135.0,850.0,0.85,0.85,4.0,M4
59.0,140.0,850.0,0.85,0.85,4.0,M4
59.0,145.0,850.0,0.85,0.85,4.0,M4
59.0,150.0,850.0,0.85,0.85,4.0,M4
59.0,155.0,850.0,0.85,0.85,4.0,M4
59.0,160.0,850.0,0.85,0.85,4.0,M4
59.0,165.0,850.0,0.85,0.85,4.0,M4
59.0,170.0,850.0,0.85,0.85,4.0,M4
59.0,175.0,850.0,0.85,0.85,4.0,M4
59.0,180.0,850.0,0.85,0.85,4.0,M4
59.0,185.0,850.0,0.85,0.85,4.0,M4
59.0,190.0,850.0,0.85,0.85,4.0,M4
59.0,195.0,850.0,0.85,0.85,4.0,M4
59.0,200.0,850.0,0.85,0.85,4.0,M4
59.0,205.0,850.0,0.85,0.85,4.0,M4
59.0,210.0,850.0,0.85,0.85,4.0,M4
59.0,215.0,850.0,0.85,0.85,4.0,M4
59.0,220.0,850.0,0.85,0.85,4.0,M4
59.0,225.0,850.0,0.85,0.85,4.0,M4
59.0,230.0,850.0,0.85,0.85,4.0,M4
59.0,235.0,850.0,0.85,0.85,4.0,M4
59.0,240.0,850.0,0.85,0.85,4.0,M4
59.0,245.0,850.0,0.85,0.85,4.0,M4
59.0,250.0,850.0,0.85,0.85,4.0,M4
59.0,255.0,850.0,0.85,0.85,4.0,M4
59.0,260.0,850.0,0.85,0.85,4.0,M4
59.0,265.0,850.0,0.85,0.85,4.0,M4
59.0,270.0,850.0,0.85,0.85,4.0,M4
59.0,275.0,850.0,0.85,0.85,4.0,M4
59.0,280.0,850.0,0.85,0.85,4.0,M4
59.0,285.0,850.0,0.85,0.85,4.0,M4
59.0,290.0,850.0,0.85,0.85,4.0,M4
59.0,295.0,850.0,0.85,0.85,4.0,M4
59.0,300.0,850.0,0.85,0.85,4.0,M4
60.0,-350.0,850.0,0.85,0.85,1.0,M1
60.0,-345.0,850.0,0.85,0.85,1.0,M1
60.0,-340.0,850.0,0.85,0.85,1.0,M1
60.0,-335.0,850.0,0.85,0.85,1.0,M1
60.0,-330.0,850.0,0.85,0.85,1.0,M1
60.0,-325.0,850.0,0.85,0.85,1.0,M1
60.0,-320.0,850.0,0.85,0.85,1.0,M1
60.0,-315.0,850.0,0.85,0.85,1.0,M1
60.0,-310.0,850.0,0.85,0.85,1.0,M1
60.0,-305.0,850.0,0.85,0.85,1.0,M1
60.0,-300.0,850.0,0.85,0.85,1.0,M1
60.0,-295.0,850.0,0.85,0.85,1.0,M1
60.0,-290.0,850.0,0.85,0.85,1.0,M1
60.0,-285.0,850.0,0.85,0.85,1.0,M1
60.0,-280.0,850.0,0.85,0.85,1.0,M1
60.0,-275.0,850.0,0.85,0.85,1.0,M1
60.0,-270.0,850.0,0.85,0.85,1.0,M1
60.0,-265.0,850.0,0.85,0.85,1.0,M1
60.0,-260.0,850.0,0.85,0.85,1.0,M1
60.0,-255.0,850.0,0.85,0.85,1.0,M1
60.0,-250.0,850.0,0.85,0.85,1.0,M1
60.0,-245.0,850.0,0.85,0.85,1.0,M1
60.0,-240.0,850.0,0.85,0.85,1.0,M1
60.0,-235.0,850.0,0.85,0.85,1.0,M1
60.0,-230.0,850.0,0.85,0.85,1.0,M1
60.0,-225.0,850.0,0.85,0.85,1.0,M1
60.0,-220.0,850.0,0.85,0.85,1.0,M1
60.0,-215.0,850.0,0.85,0.85,1.0,M1
60.0,-210.0,850.0,0.85,0.85,1.0,M1
60.0,-205.0,850.0,0.85,0.85,1.0,M1
60.0,-200.0,850.0,0.85,0.85,1.0,M1
60.0,-195.0,850.0,0.85,0.85,1.0,M1
60.0,-190.0,850.0,0.85,0.85,1.0,M1
60.0,-185.0,850.0,0.85,0.85,1.0,M1
60.0,-180.0,850.0,0.85,0.85,1.0,M1
60.0,-175.0,850.0,0.85,0.85,1.0,M1
60.0,-170.0,850.0,0.85,0.85,1.0,M1
60.0,-165.0,850.0,0.85,0.85,1.0,M1
60.0,-160.0,850.0,0.85,0.85,1.0,M1
60.0,-155.0,850.0,0.85,0.85,1.0,M1
60.0,-150.0,850.0,0.85,0.85,1.0,M1
60.0,-145.0,850.0,0.85,0.85,1.0,M1
60.0,-140.0,850.0,0.85,0.85,1.0,M1
60.0,-135.0,850.0,0.85,0.85,1.0,M1
60.0,-130.0,850.0,0.85,0.85,1.0,M1
60.0,-125.0,850.0,0.85,0.85,1.0,M1
60.0,-120.0,850.0,0.85,0.85,0.0,M0
60.0,-115.0,850.0,0.85,0.85,0.0,M0
60.0,-110.0,850.0,0.85,0.85,0.0,M0
60.0,-105.0,850.0,0.85,0.85,0.0,M0
60.0,-100.0,850.0,0.85,0.85,0.0,M0
60.0,-95.0,850.0,0.85,0.85,0.0,M0
60.0,-90.0,850.0,0.85,0.85,0.0,M0
60.0,-85.0,850.0,0.85,0.85,0.0,M0
60.0,-80.0,850.0,0.85,0.85,0.0,M0
60.0,-75.0,850.0,0.85,0.85,2.0,M2
60.0,-70.0,850.0,0.85,0.85,2.0,M2
60.0,-65.0,850.0,0.85,0.85,2.0,M2
60.0,-60.0,850.0,0.85,0.85,2.0,M2
60.0,-55.0,850.0,0.85,0.85,2.0,M2
60.0,-50.0,850.0,0.85,0.85,2.0,M2
60.0,-45.0,850.0,0.85,0.85,2.0,M2
60.0,-40.0,850.0,0.85,0.85,2.0,M2
60.0,-35.0,850.0,0.85,0.85,2.0,M2
60.0,-30.0,850.0,0.85,0.85,2.0,M2
60.0,-25.0,850.0,0.85,0.85,2.0,M2
60.0,-20.0,850.0,0.85,0.85,2.0,M2
60.0,-15.0,850.0,0.85,0.85,2.0,M2
60.0,-10.0,850.0,0.85,0.85,2.0,M2
60.0,-5.0,850.0,0.85,0.85,2.0,M2
60.0,0.0,850.0,0.85,0.85,2.0,M2
60.0,5.0,850.0,0.85,0.85,2.2911,M2
60.0,10.0,850.0,0.85,0.85,2.4916,M2
60.0,15.0,850.0,0.85,0.85,2.6363,M3
60.0,20.0,850.0,0.85,0.85,2.7442,M3
60.0,25.0,850.0,0.85,0.85,2.8447,M3
60.0,30.0,850.0,0.85,0.85,2.9321,M3
60.0,35.0,850.0,0.85,0.85,3.0109,M3
60.0,40.0,850.0,0.85,0.85,3.0847,M3
60.0,45.0,850.0,0.85,0.85,3.1566,M3
60.0,50.0,850.0,0.85,0.85,3.2121,M3
60.0,55.0,850.0,0.85,0.85,3.28,M3
60.0,60.0,850.0,0.85,0.85,3.3637,M3
60.0,65.0,850.0,0.85,0.85,3.4679,M3
60.0,70.0,850.0,0.85,0.85,3.6,M4
60.0,75.0,850.0,0.85,0.85,3.7713,M4
60.0,80.0,850.0,0.85,0.85,4.0,M4
60.0,85.0,850.0,0.85,0.85,4.0,M4
60.0,90.0,850.0,0.85,0.85,4.0,M4
60.0,95.0,850.0,0.85,0.85,4.0,M4
60.0,100.0,850.0,0.85,0.85,4.0,M4
60.0,105.0,850.0,0.85,0.85,4.0,M4
60.0,110.0,850.0,0.85,0.85,4.0,M4
60.0,115.0,850.0,0.85,0.85,4.0,M4
60.0,120.0,850.0,0.85,0.85,4.0,M4
60.0,125.0,850.0,0.85,0.85,4.0,M4
60.0,130.0,850.0,0.85,0.85,4.0,M4
60.0,135.0,850.0,0.85,0.85,4.0,M4
60.0,140.0,850.0,0.85,0.85,4.0,M4
60.0,145.0,850.0,0.85,0.85,4.0,M4
60.0,150.0,850.0,0.85,0.85,4.0,M4
60.0,155.0,850.0,0.85,0.85,4.0,M4
60.0,160.0,850.0,0.85,0.85,4.0,M4
60.0,165.0,850.0,0.85,0.85,4.0,M4
60.0,170.0,850.0,0.85,0.85,4.0,M4
60.0,175.0,850.0,0.85,0.85,4.0,M4
60.0,180.0,850.0,0.85,0.85,4.0,M4
60.0,185.0,850.0,0.85,0.85,4.0,M4
60.0,190.0,850.0,0.85,0.85,4.0,M4
60.0,195.0,850.0,0.85,0.85,4.0,M4
60.0,200.0,850.0,0.85,0.85,4.0,M4
60.0,205.0,850.0,0.85,0.85,4.0,M4
60.0,210.0,850.0,0.85,0.85,4.0,M4
60.0,215.0,850.0,0.85,0.85,4.0,M4
60.0,220.0,850.0,0.85,0.85,4.0,M4
60.0,225.0,850.0,0.85,0.85,4.0,M4
60.0,230.0,850.0,0.85,0.85,4.0,M4
60.0,235.0,850.0,0.85,0.85,4.0,M4
60.0,240.0,850.0,0.85,0.85,4.0,M4
60.0,245.0,850.0,0.85,0.85,4.0,M4
60.0,250.0,850.0,0.85,0.85,4.0,M4
60.0,255.0,850.0,0.85,0.85,4.0,M4
60.0,260.0,850.0,0.85,0.85,4.0,M4
60.0,265.0,850.0,0.85,0.85,4.0,M4
60.0,270.0,850.0,0.85,0.85,4.0,M4
60.0,275.0,850.0,0.85,0.85,4.0,M4
60.0,280.0,850.0,0.85,0.85,4.0,M4
60.0,285.0,850.0,0.85,0.85,4.0,M4
60.0,290.0,850.0,0.85,0.85,4.0,M4
60.0,295.0,850.0,0.85,0.85,4.0,M4
60.0,300.0,850.0,0.85,0.85,4.0,M4
61.0,-350.0,850.0,0.85,0.85,1.0,M1
61.0,-345.0,850.0,0.85,0.85,1.0,M1
61.0,-340.0,850.0,0.85,0.85,1.0,M1
61.0,-335.0,850.0,0.85,0.85,1.0,M1
61.0,-330.0,850.0,0.85,0.85,1.0,M1
61.0,-325.0,850.0,0.85,0.85,1.0,M1
61.0,-320.0,850.0,0.85,0.85,1.0,M1
61.0,-315.0,850.0,0.85,0.85,1.0,M1
61.0,-310.0,850.0,0.85,0.85,1.0,M1
61.0,-305.0,850.0,0.85,0.85,1.0,M1
61.0,-300.0,850.0,0.85,0.85,1.0,M1
61.0,-295.0,850.0,0.85,0.85,1.0,M1
61.0,-290.0,850.0,0.85,0.85,1.0,M1
61.0,-285.0,850.0,0.85,0.85,1.0,M1
61.0,-280.0,850.0,0.85,0.85,1.0,M1
61.0,-275.0,850.0,0.85,0.85,1.0,M1
61.0,-270.0,850.0,0.85,0.85,1.0,M1
61.0,-265.0,850.0,0.85,0.85,1.0,M1
61.0,-260.0,850.0,0.85,0.85,1.0,M1
61.0,-255.0,850.0,0.85,0.85,1.0,M1
61.0,-250.0,850.0,0.85,0.85,1.0,M1
61.0,-245.0,850.0,0.85,0.85,1.0,M1
61.0,-240.0,850.0,0.85,0.85,1.0,M1
61.0,-235.0,850.0,0.85,0.85,1.0,M1
61.0,-230.0,850.0,0.85,0.85,1.0,M1
61.0,-225.0,850.0,0.85,0.85,1.0,M1
61.0,-220.0,850.0,0.85,0.85,1.0,M1
61.0,-215.0,850.0,0.85,0.85,1.0,M1
61.0,-210.0,850.0,0.85,0.85,1.0,M1
61.0,-205.0,850.0,0.85,0.85,1.0,M1
61.0,-200.0,850.0,0.85,0.85,1.0,M1
61.0,-195.0,850.0,0.85,0.85,1.0,M1
61.0,-190.0,850.0,0.85,0.85,1.0,M1
61.0,-185.0,850.0,0.85,0.85,1.0,M1
61.0,-180.0,850.0,0.85,0.85,1.0,M1
61.0,-175.0,850.0,0.85,0.85,1.0,M1
61.0,-170.0,850.0,0.85,0.85,1.0,M1
61.0,-165.0,850.0,0.85,0.85,1.0,M1
61.0,-160.0,850.0,0.85,0.85,1.0,M1
61.0,-155.0,850.0,0.85,0.85,1.0,M1
61.0,-150.0,850.0,0.85,0.85,1.0,M1
61.0,-145.0,850.0,0.85,0.85,1.0,M1
61.0,-140.0,850.0,0.85,0.85,1.0,M1
61.0,-135.0,850.0,0.85,0.85,1.0,M1
61.0,-130.0,850.0,0.85,0.85,1.0,M1
61.0,-125.0,850.0,0.85,0.85,1.0,M1
61.0,-120.0,850.0,0.85,0.85,0.0,M0
61.0,-115.0,850.0,0.85,0.85,0.0,M0
61.0,-110.0,850.0,0.85,0.85,0.0,M0
61.0,-105.0,850.0,0.85,0.85,0.0,M0
61.0,-100.0,850.0,0.85,0.85,0.0,M0
61.0,-95.0,850.0,0.85,0.85,0.0,M0
61.0,-90.0,850.0,0.85,0.85,0.0,M0
61.0,-85.0,850.0,0.85,0.85,0.0,M0
61.0,-80.0,850.0,0.85,0.85,0.0,M0
61.0,-75.0,850.0,0.85,0.85,2.0,M2
61.0,-70.0,850.0,0.85,0.85,2.0,M2
61.0,-65.0,850.0,0.85,0.85,2.0,M2
61.0,-60.0,850.0,0.85,0.85,2.0,M2
61.0,-55.0,850.0,0.85,0.85,2.0,M2
61.0,-50.0,850.0,0.85,0.85,2.0,M2
61.0,-45.0,850.0,0.85,0.85,2.0,M2
61.0,-40.0,850.0,0.85,0.85,2.0,M2
61.0,-35.0,850.0,0.85,0.85,2.0,M2
61.0,-30.0,850.0,0.85,0.85,2.0,M2
61.0,-25.0,850.0,0.85,0.85,2.0,M2
61.0,-20.0,850.0,0.85,0.85,2.0,M2
61.0,-15.0,850.0,0.85,0.85,2.0,M2
61.0,-10.0,850.0,0.85,0.85,2.0,M2
61.0,-5.0,850.0,0.85,0.85,2.0,M2
61.0,0.0,850.0,0.85,0.85,2.0,M2
61.0,5.0,850.0,0.85,0.85,2.2986,M2
61.0,10.0,850.0,0.85,0.85,2.5027,M3
61.0,15.0,850.0,0.85,0.85,2.6493,M3
61.0,20.0,850.0,0.85,0.85,2.7581,M3
61.0,25.0,850.0,0.85,0.85,2.8447,M3
61.0,30.0,850.0,0.85,0.85,2.9321,M3
61.0,35.0,850.0,0.85,0.85,3.0109,M3
61.0,40.0,850.0,0.85,0.85,3.0847,M3
61.0,45.0,850.0,0.85,0.85,3.1421,M3
61.0,50.0,850.0,0.85,0.85,3.1979,M3
61.0,55.0,850.0,0.85,0.85,3.2662,M3
61.0,60.0,850.0,0.85,0.85,3.3507,M3
61.0,65.0,850.0,0.85,0.85,3.4562,M3
61.0,70.0,850.0,0.85,0.85,3.5904,M4
61.0,75.0,850.0,0.85,0.85,3.7652,M4
61.0,80.0,850.0,0.85,0.85,4.0,M4
61.0,85.0,850.0,0.85,0.85,4.0,M4
61.0,90.0,850.0,0.85,0.85,4.0,M4
61.0,95.0,850.0,0.85,0.85,4.0,M4
61.0,100.0,850.0,0.85,0.85,4.0,M4
61.0,105.0,850.0,0.85,0.85,4.0,M4
61.0,110.0,850.0,0.85,0.85,4.0,M4
61.0,115.0,850.0,0.85,0.85,4.0,M4
61.0,120.0,850.0,0.85,0.85,4.0,M4
61.0,125.0,850.0,0.85,0.85,4.0,M4
61.0,130.0,850.0,0.85,0.85,4.0,M4
61.0,135.0,850.0,0.85,0.85,4.0,M4
61.0,140.0,850.0,0.85,0.85,4.0,M4
61.0,145.0,850.0,0.85,0.85,4.0,M4
61.0,150.0,850.0,0.85,0.85,4.0,M4
61.0,155.0,850.0,0.85,0.85,4.0,M4
61.0,160.0,850.0,0.85,0.85,4.0,M4
61.0,165.0,850.0,0.85,0.85,4.0,M4
61.0,170.0,850.0,0.85,0.85,4.0,M4
61.0,175.0,850.0,0.85,0.85,4.0,M4
61.0,180.0,850.0,0.85,0.85,4.0,M4
61.0,185.0,850.0,0.85,0.85,4.0,M4
61.0,190.0,850.0,0.85,0.85,4.0,M4
61.0,195.0,850.0,0.85,0.85,4.0,M4
61.0,200.0,850.0,0.85,0.85,4.0,M4
61.0,205.0,850.0,0.85,0.85,4.0,M4
61.0,210.0,850.0,0.85,0.85,4.0,M4
61.0,215.0,850.0,0.85,0.85,4.0,M4
61.0,220.0,850.0,0.85,0.85,4.0,M4
61.0,225.0,850.0,0.85,0.85,4.0,M4
61.0,230.0,850.0,0.85,0.85,4.0,M4
61.0,235.0,850.0,0.85,0.85,4.0,M4
61.0,240.0,850.0,0.85,0.85,4.0,M4
61.0,245.0,850.0,0.85,0.85,4.0,M4
61.0,250.0,850.0,0.85,0.85,4.0,M4
61.0,255.0,850.0,0.85,0.85,4.0,M4
61.0,260.0,850.0,0.85,0.85,4.0,M4
61.0,265.0,850.0,0.85,0.85,4.0,M4
61.0,270.0,850.0,0.85,0.85,4.0,M4
61.0,275.0,850.0,0.85,0.85,4.0,M4
61.0,280.0,850.0,0.85,0.85,4.0,M4
61.0,285.0,850.0,0.85,0.85,4.0,M4
61.0,290.0,850.0,0.85,0.85,4.0,M4
61.0,295.0,850.0,0.85,0.85,4.0,M4
61.0,300.0,850.0,0.85,0.85,4.0,M4
62.0,-350.0,850.0,0.85,0.85,1.0,M1
62.0,-345.0,850.0,0.85,0.85,1.0,M1
62.0,-340.0,850.0,0.85,0.85,1.0,M1
62.0,-335.0,850.0,0.85,0.85,1.0,M1
62.0,-330.0,850.0,0.85,0.85,1.0,M1
62.0,-325.0,850.0,0.85,0.85,1.0,M1
62.0,-320.0,850.0,0.85,0.85,1.0,M1
62.0,-315.0,850.0,0.85,0.85,1.0,M1
62.0,-310.0,850.0,0.85,0.85,1.0,M1
62.0,-305.0,850.0,0.85,0.85,1.0,M1
62.0,-300.0,850.0,0.85,0.85,1.0,M1
62.0,-295.0,850.0,0.85,0.85,1.0,M1
62.0,-290.0,850.0,0.85,0.85,1.0,M1
62.0,-285.0,850.0,0.85,0.85,1.0,M1
62.0,-280.0,850.0,0.85,0.85,1.0,M1
62.0,-275.0,850.0,0.85,0.85,1.0,M1
62.0,-270.0,850.0,0.85,0.85,1.0,M1
62.0,-265.0,850.0,0.85,0.85,1.0,M1
62.0,-260.0,850.0,0.85,0.85,1.0,M1
62.0,-255.0,850.0,0.85,0.85,1.0,M1
62.0,-250.0,850.0,0.85,0.85,1.0,M1
62.0,-245.0,850.0,0.85,0.85,1.0,M1
62.0,-240.0,850.0,0.85,0.85,1.0,M1
62.0,-235.0,850.0,0.85,0.85,1.0,M1
62.0,-230.0,850.0,0.85,0.85,1.0,M1
62.0,-225.0,850.0,0.85,0.85,1.0,M1
62.0,-220.0,850.0,0.85,0.85,1.0,M1
62.0,-215.0,850.0,0.85,0.85,1.0,M1
62.0,-210.0,850.0,0.85,0.85,1.0,M1
62.0,-205.0,850.0,0.85,0.85,1.0,M1
62.0,-200.0,850.0,0.85,0.85,1.0,M1
62.0,-195.0,850.0,0.85,0.85,1.0,M1
62.0,-190.0,850.0,0.85,0.85,1.0,M1
62.0,-185.0,850.0,0.85,0.85,1.0,M1
62.0,-180.0,850.0,0.85,0.85,1.0,M1
62.0,-175.0,850.0,0.85,0.85,1.0,M1
62.0,-170.0,850.0,0.85,0.85,1.0,M1
62.0,-165.0,850.0,0.85,0.85,1.0,M1
62.0,-160.0,850.0,0.85,0.85,1.0,M1
62.0,-155.0,850.0,0.85,0.85,1.0,M1
62.0,-150.0,850.0,0.85,0.85,1.0,M1
62.0,-145.0,850.0,0.85,0.85,1.0,M1
62.0,-140.0,850.0,0.85,0.85,1.0,M1
62.0,-135.0,850.0,0.85,0.85,1.0,M1
62.0,-130.0,850.0,0.85,0.85,1.0,M1
62.0,-125.0,850.0,0.85,0.85,1.0,M1
62.0,-120.0,850.0,0.85,0.85,0.0,M0
62.0,-115.0,850.0,0.85,0.85,0.0,M0
62.0,-110.0,850.0,0.85,0.85,0.0,M0
62.0,-105.0,850.0,0.85,0.85,0.0,M0
62.0,-100.0,850.0,0.85,0.85,0.0,M0
62.0,-95.0,850.0,0.85,0.85,0.0,M0
62.0,-90.0,850.0,0.85,0.85,0.0,M0
62.0,-85.0,850.0,0.85,0.85,0.0,M0
62.0,-80.0,850.0,0.85,0.85,0.0,M0
62.0,-75.0,850.0,0.85,0.85,2.0,M2
62.0,-70.0,850.0,0.85,0.85,2.0,M2
62.0,-65.0,850.0,0.85,0.85,2.0,M2
62.0,-60.0,850.0,0.85,0.85,2.0,M2
62.0,-55.0,850.0,0.85,0.85,2.0,M2
62.0,-50.0,850.0,0.85,0.85,2.0,M2
62.0,-45.0,850.0,0.85,0.85,2.0,M2
62.0,-40.0,850.0,0.85,0.85,2.0,M2
62.0,-35.0,850.0,0.85,0.85,2.0,M2
62.0,-30.0,850.0,0.85,0.85,2.0,M2
62.0,-25.0,850.0,0.85,0.85,2.0,M2
62.0,-20.0,850.0,0.85,0.85,2.0,M2
62.0,-15.0,850.0,0.85,0.85,2.0,M2
62.0,-10.0,850.0,0.85,0.85,2.0,M2
62.0,-5.0,850.0,0.85,0.85,2.0,M2
62.0,0.0,850.0,0.85,0.85,2.0,M2
62.0,5.0,850.0,0.85,0.85,2.3079,M2
62.0,10.0,850.0,0.85,0.85,2.5165,M3
62.0,15.0,850.0,0.85,0.85,2.6654,M3
62.0,20.0,850.0,0.85,0.85,2.7753,M3
62.0,25.0,850.0,0.85,0.85,2.8583,M3
62.0,30.0,850.0,0.85,0.85,2.9321,M3
62.0,35.0,850.0,0.85,0.85,3.0109,M3
62.0,40.0,850.0,0.85,0.85,3.0783,M3
62.0,45.0,850.0,0.85,0.85,3.1242,M3
62.0,50.0,850.0,0.85,0.85,3.1803,M3
62.0,55.0,850.0,0.85,0.85,3.2492,M3
62.0,60.0,850.0,0.85,0.85,3.3346,M3
62.0,65.0,850.0,0.85,0.85,3.4417,M3
62.0,70.0,850.0,0.85,0.85,3.5784,M4
62.0,75.0,850.0,0.85,0.85,3.7575,M4
62.0,80.0,850.0,0.85,0.85,4.0,M4
62.0,85.0,850.0,0.85,0.85,4.0,M4
62.0,90.0,850.0,0.85,0.85,4.0,M4
62.0,95.0,850.0,0.85,0.85,4.0,M4
62.0,100.0,850.0,0.85,0.85,4.0,M4
62.0,105.0,850.0,0.85,0.85,4.0,M4
62.0,110.0,850.0,0.85,0.85,4.0,M4
62.0,115.0,850.0,0.85,0.85,4.0,M4
62.0,120.0,850.0,0.85,0.85,4.0,M4
62.0,125.0,850.0,0.85,0.85,4.0,M4
62.0,130.0,850.0,0.85,0.85,4.0,M4
62.0,135.0,850.0,0.85,0.85,4.0,M4
62.0,140.0,850.0,0.85,0.85,4.0,M4
62.0,145.0,850.0,0.85,0.85,4.0,M4
62.0,150.0,850.0,0.85,0.85,4.0,M4
62.0,155.0,850.0,0.85,0.85,4.0,M4
62.0,160.0,850.0,0.85,0.85,4.0,M4
62.0,165.0,850.0,0.85,0.85,4.0,M4
62.0,170.0,850.0,0.85,0.85,4.0,M4
62.0,175.0,850.0,0.85,0.85,4.0,M4
62.0,180.0,850.0,0.85,0.85,4.0,M4
62.0,185.0,850.0,0.85,0.85,4.0,M4
62.0,190.0,850.0,0.85,0.85,4.0,M4
62.0,195.0,850.0,0.85,0.85,4.0,M4
62.0,200.0,850.0,0.85,0.85,4.0,M4
62.0,205.0,850.0,0.85,0.85,4.0,M4
62.0,210.0,850.0,0.85,0.85,4.0,M4
62.0,215.0,850.0,0.85,0.85,4.0,M4
62.0,220.0,850.0,0.85,0.85,4.0,M4
62.0,225.0,850.0,0.85,0.85,4.0,M4
62.0,230.0,850.0,0.85,0.85,4.0,M4
62.0,235.0,850.0,0.85,0.85,4.0,M4
62.0,240.0,850.0,0.85,0.85,4.0,M4
62.0,245.0,850.0,0.85,0.85,4.0,M4
62.0,250.0,850.0,0.85,0.85,4.0,M4
62.0,255.0,850.0,0.85,0.85,4.0,M4
62.0,260.0,850.0,0.85,0.85,4.0,M4
62.0,265.0,850.0,0.85,0.85,4.0,M4
62.0,270.0,850.0,0.85,0.85,4.0,M4
62.0,275.0,850.0,0.85,0.85,4.0,M4
62.0,280.0,850.0,0.85,0.85,4.0,M4
62.0,285.0,850.0,0.85,0.85,4.0,M4
62.0,290.0,850.0,0.85,0.85,4.0,M4
62.0,295.0,850.0,0.85,0.85,4.0,M4
62.0,300.0,850.0,0.85,0.85,4.0,M4
63.0,-350.0,850.0,0.85,0.85,1.0,M1
63.0,-345.0,850.0,0.85,0.85,1.0,M1
63.0,-340.0,850.0,0.85,0.85,1.0,M1
63.0,-335.0,850.0,0.85,0.85,1.0,M1
63.0,-330.0,850.0,0.85,0.85,1.0,M1
63.0,-325.0,850.0,0.85,0.85,1.0,M1
63.0,-320.0,850.0,0.85,0.85,1.0,M1
63.0,-315.0,850.0,0.85,0.85,1.0,M1
63.0,-310.0,850.0,0.85,0.85,1.0,M1
63.0,-305.0,850.0,0.85,0.85,1.0,M1
63.0,-300.0,850.0,0.85,0.85,1.0,M1
63.0,-295.0,850.0,0.85,0.85,1.0,M1
63.0,-290.0,850.0,0.85,0.85,1.0,M1
63.0,-285.0,850.0,0.85,0.85,1.0,M1
63.0,-280.0,850.0,0.85,0.85,1.0,M1
63.0,-275.0,850.0,0.85,0.85,1.0,M1
63.0,-270.0,850.0,0.85,0.85,1.0,M1
63.0,-265.0,850.0,0.85,0.85,1.0,M1
63.0,-260.0,850.0,0.85,0.85,1.0,M1
63.0,-255.0,850.0,0.85,0.85,1.0,M1
63.0,-250.0,850.0,0.85,0.85,1.0,M1
63.0,-245.0,850.0,0.85,0.85,1.0,M1
63.0,-240.0,850.0,0.85,0.85,1.0,M1
63.0,-235.0,850.0,0.85,0.85,1.0,M1
63.0,-230.0,850.0,0.85,0.85,1.0,M1
63.0,-225.0,850.0,0.85,0.85,1.0,M1
63.0,-220.0,850.0,0.85,0.85,1.0,M1
63.0,-215.0,850.0,0.85,0.85,1.0,M1
63.0,-210.0,850.0,0.85,0.85,1.0,M1
63.0,-205.0,850.0,0.85,0.85,1.0,M1
63.0,-200.0,850.0,0.85,0.85,1.0,M1
63.0,-195.0,850.0,0.85,0.85,1.0,M1
63.0,-190.0,850.0,0.85,0.85,1.0,M1
63.0,-185.0,850.0,0.85,0.85,1.0,M1
63.0,-180.0,850.0,0.85,0.85,1.0,M1
63.0,-175.0,850.0,0.85,0.85,1.0,M1
63.0,-170.0,850.0,0.85,0.85,1.0,M1
63.0,-165.0,850.0,0.85,0.85,1.0,M1
63.0,-160.0,850.0,0.85,0.85,1.0,M1
63.0,-155.0,850.0,0.85,0.85,1.0,M1
63.0,-150.0,850.0,0.85,0.85,1.0,M1
63.0,-145.0,850.0,0.85,0.85,1.0,M1
63.0,-140.0,850.0,0.85,0.85,1.0,M1
63.0,-135.0,850.0,0.85,0.85,1.0,M1
63.0,-130.0,850.0,0.85,0.85,1.0,M1
63.0,-125.0,850.0,0.85,0.85,1.0,M1
63.0,-120.0,850.0,0.85,0.85,0.0,M0
63.0,-115.0,850.0,0.85,0.85,0.0,M0
63.0,-110.0,850.0,0.85,0.85,0.0,M0
63.0,-105.0,850.0,0.85,0.85,0.0,M0
63.0,-100.0,850.0,0.85,0.85,0.0,M0
63.0,-95.0,850.0,0.85,0.85,0.0,M0
63.0,-90.0,850.0,0.85,0.85,0.0,M0
63.0,-85.0,850.0,0.85,0.85,0.0,M0
63.0,-80.0,850.0,0.85,0.85,0.0,M0
63.0,-75.0,850.0,0.85,0.85,2.0,M2
63.0,-70.0,850.0,0.85,0.85,2.0,M2
63.0,-65.0,850.0,0.85,0.85,2.0,M2
63.0,-60.0,850.0,0.85,0.85,2.0,M2
63.0,-55.0,850.0,0.85,0.85,2.0,M2
63.0,-50.0,850.0,0.85,0.85,2.0,M2
63.0,-45.0,850.0,0.85,0.85,2.0,M2
63.0,-40.0,850.0,0.85,0.85,2.0,M2
63.0,-35.0,850.0,0.85,0.85,2.0,M2
63.0,-30.0,850.0,0.85,0.85,2.0,M2
63.0,-25.0,850.0,0.85,0.85,2.0,M2
63.0,-20.0,850.0,0.85,0.85,2.0,M2
63.0,-15.0,850.0,0.85,0.85,2.0,M2
63.0,-10.0,850.0,0.85,0.85,2.0,M2
63.0,-5.0,850.0,0.85,0.85,2.0,M2
63.0,0.0,850.0,0.85,0.85,2.0,M2
63.0,5.0,850.0,0.85,0.85,2.3195,M2
63.0,10.0,850.0,0.85,0.85,2.5334,M3
63.0,15.0,850.0,0.85,0.85,2.6849,M3
63.0,20.0,850.0,0.85,0.85,2.7961,M3
63.0,25.0,850.0,0.85,0.85,2.8798,M3
63.0,30.0,850.0,0.85,0.85,2.9434,M3
63.0,35.0,850.0,0.85,0.85,3.0109,M3
63.0,40.0,850.0,0.85,0.85,3.0566,M3
63.0,45.0,850.0,0.85,0.85,3.1027,M3
63.0,50.0,850.0,0.85,0.85,3.1592,M3
63.0,55.0,850.0,0.85,0.85,3.2287,M3
63.0,60.0,850.0,0.85,0.85,3.3151,M3
63.0,65.0,850.0,0.85,0.85,3.4239,M3
63.0,70.0,850.0,0.85,0.85,3.5638,M4
63.0,75.0,850.0,0.85,0.85,3.7481,M4
63.0,80.0,850.0,0.85,0.85,4.0,M4
63.0,85.0,850.0,0.85,0.85,4.0,M4
63.0,90.0,850.0,0.85,0.85,4.0,M4
63.0,95.0,850.0,0.85,0.85,4.0,M4
63.0,100.0,850.0,0.85,0.85,4.0,M4
63.0,105.0,850.0,0.85,0.85,4.0,M4
63.0,110.0,850.0,0.85,0.85,4.0,M4
63.0,115.0,850.0,0.85,0.85,4.0,M4
63.0,120.0,850.0,0.85,0.85,4.0,M4
63.0,125.0,850.0,0.85,0.85,4.0,M4
63.0,130.0,850.0,0.85,0.85,4.0,M4
63.0,135.0,850.0,0.85,0.85,4.0,M4
63.0,140.0,850.0,0.85,0.85,4.0,M4
63.0,145.0,850.0,0.85,0.85,4.0,M4
63.0,150.0,850.0,0.85,0.85,4.0,M4
63.0,155.0,850.0,0.85,0.85,4.0,M4
63.0,160.0,850.0,0.85,0.85,4.0,M4
63.0,165.0,850.0,0.85,0.85,4.0,M4
63.0,170.0,850.0,0.85,0.85,4.0,M4
63.0,175.0,850.0,0.85,0.85,4.0,M4
63.0,180.0,850.0,0.85,0.85,4.0,M4
63.0,185.0,850.0,0.85,0.85,4.0,M4
63.0,190.0,850.0,0.85,0.85,4.0,M4
63.0,195.0,850.0,0.85,0.85,4.0,M4
63.0,200.0,850.0,0.85,0.85,4.0,M4
63.0,205.0,850.0,0.85,0.85,4.0,M4
63.0,210.0,850.0,0.85,0.85,4.0,M4
63.0,215.0,850.0,0.85,0.85,4.0,M4
63.0,220.0,850.0,0.85,0.85,4.0,M4
63.0,225.0,850.0,0.85,0.85,4.0,M4
63.0,230.0,850.0,0.85,0.85,4.0,M4
63.0,235.0,850.0,0.85,0.85,4.0,M4
63.0,240.0,850.0,0.85,0.85,4.0,M4
63.0,245.0,850.0,0.85,0.85,4.0,M4
63.0,250.0,850.0,0.85,0.85,4.0,M4
63.0,255.0,850.0,0.85,0.85,4.0,M4
63.0,260.0,850.0,0.85,0.85,4.0,M4
63.0,265.0,850.0,0.85,0.85,4.0,M4
63.0,270.0,850.0,0.85,0.85,4.0,M4
63.0,275.0,850.0,0.85,0.85,4.0,M4
63.0,280.0,850.0,0.85,0.85,4.0,M4
63.0,285.0,850.0,0.85,0.85,4.0,M4
63.0,290.0,850.0,0.85,0.85,4.0,M4
63.0,295.0,850.0,0.85,0.85,4.0,M4
63.0,300.0,850.0,0.85,0.85,4.0,M4
64.0,-350.0,850.0,0.85,0.85,1.0,M1
64.0,-345.0,850.0,0.85,0.85,1.0,M1
64.0,-340.0,850.0,0.85,0.85,1.0,M1
64.0,-335.0,850.0,0.85,0.85,1.0,M1
64.0,-330.0,850.0,0.85,0.85,1.0,M1
64.0,-325.0,850.0,0.85,0.85,1.0,M1
64.0,-320.0,850.0,0.85,0.85,1.0,M1
64.0,-315.0,850.0,0.85,0.85,1.0,M1
64.0,-310.0,850.0,0.85,0.85,1.0,M1
64.0,-305.0,850.0,0.85,0.85,1.0,M1
64.0,-300.0,850.0,0.85,0.85,1.0,M1
64.0,-295.0,850.0,0.85,0.85,1.0,M1
64.0,-290.0,850.0,0.85,0.85,1.0,M1
64.0,-285.0,850.0,0.85,0.85,1.0,M1
64.0,-280.0,850.0,0.85,0.85,1.0,M1
64.0,-275.0,850.0,0.85,0.85,1.0,M1
64.0,-270.0,850.0,0.85,0.85,1.0,M1
64.0,-265.0,850.0,0.85,0.85,1.0,M1
64.0,-260.0,850.0,0.85,0.85,1.0,M1
64.0,-255.0,850.0,0.85,0.85,1.0,M1
64.0,-250.0,850.0,0.85,0.85,1.0,M1
64.0,-245.0,850.0,0.85,0.85,1.0,M1
64.0,-240.0,850.0,0.85,0.85,1.0,M1
64.0,-235.0,850.0,0.85,0.85,1.0,M1
64.0,-230.0,850.0,0.85,0.85,1.0,M1
64.0,-225.0,850.0,0.85,0.85,1.0,M1
64.0,-220.0,850.0,0.85,0.85,1.0,M1
64.0,-215.0,850.0,0.85,0.85,1.0,M1
64.0,-210.0,850.0,0.85,0.85,1.0,M1
64.0,-205.0,850.0,0.85,0.85,1.0,M1
64.0,-200.0,850.0,0.85,0.85,1.0,M1
64.0,-195.0,850.0,0.85,0.85,1.0,M1
64.0,-190.0,850.0,0.85,0.85,1.0,M1
64.0,-185.0,850.0,0.85,0.85,1.0,M1
64.0,-180.0,850.0,0.85,0.85,1.0,M1
64.0,-175.0,850.0,0.85,0.85,1.0,M1
64.0,-170.0,850.0,0.85,0.85,1.0,M1
64.0,-165.0,850.0,0.85,0.85,1.0,M1
64.0,-160.0,850.0,0.85,0.85,1.0,M1
64.0,-155.0,850.0,0.85,0.85,1.0,M1
64.0,-150.0,850.0,0.85,0.85,1.0,M1
64.0,-145.0,850.0,0.85,0.85,1.0,M1
64.0,-140.0,850.0,0.85,0.85,1.0,M1
64.0,-135.0,850.0,0.85,0.85,1.0,M1
64.0,-130.0,850.0,0.85,0.85,1.0,M1
64.0,-125.0,850.0,0.85,0.85,1.0,M1
64.0,-120.0,850.0,0.85,0.85,0.0,M0
64.0,-115.0,850.0,0.85,0.85,0.0,M0
64.0,-110.0,850.0,0.85,0.85,0.0,M0
64.0,-105.0,850.0,0.85,0.85,0.0,M0
64.0,-100.0,850.0,0.85,0.85,0.0,M0
64.0,-95.0,850.0,0.85,0.85,0.0,M0
64.0,-90.0,850.0,0.85,0.85,0.0,M0
64.0,-85.0,850.0,0.85,0.85,0.0,M0
64.0,-80.0,850.0,0.85,0.85,0.0,M0
64.0,-75.0,850.0,0.85,0.85,2.0,M2
64.0,-70.0,850.0,0.85,0.85,2.0,M2
64.0,-65.0,850.0,0.85,0.85,2.0,M2
64.0,-60.0,850.0,0.85,0.85,2.0,M2
64.0,-55.0,850.0,0.85,0.85,2.0,M2
64.0,-50.0,850.0,0.85,0.85,2.0,M2
64.0,-45.0,850.0,0.85,0.85,2.0,M2
64.0,-40.0,850.0,0.85,0.85,2.0,M2
64.0,-35.0,850.0,0.85,0.85,2.0,M2
64.0,-30.0,850.0,0.85,0.85,2.0,M2
64.0,-25.0,850.0,0.85,0.85,2.0,M2
64.0,-20.0,850.0,0.85,0.85,2.0,M2
64.0,-15.0,850.0,0.85,0.85,2.0,M2
64.0,-10.0,850.0,0.85,0.85,2.0,M2
64.0,-5.0,850.0,0.85,0.85,2.0,M2
64.0,0.0,850.0,0.85,0.85,2.0,M2
64.0,5.0,850.0,0.85,0.85,2.3337,M2
64.0,10.0,850.0,0.85,0.85,2.554,M3
64.0,15.0,850.0,0.85,0.85,2.7085,M3
64.0,20.0,850.0,0.85,0.85,2.8212,M3
64.0,25.0,850.0,0.85,0.85,2.9055,M3
64.0,30.0,850.0,0.85,0.85,2.9693,M3
64.0,35.0,850.0,0.85,0.85,3.0,M3
64.0,40.0,850.0,0.85,0.85,3.0307,M3
64.0,45.0,850.0,0.85,0.85,3.0769,M3
64.0,50.0,850.0,0.85,0.85,3.1337,M3
64.0,55.0,850.0,0.85,0.85,3.2039,M3
64.0,60.0,850.0,0.85,0.85,3.2915,M3
64.0,65.0,850.0,0.85,0.85,3.4024,M3
64.0,70.0,850.0,0.85,0.85,3.5458,M4
64.0,75.0,850.0,0.85,0.85,3.7364,M4
64.0,80.0,850.0,0.85,0.85,4.0,M4
64.0,85.0,850.0,0.85,0.85,4.0,M4
64.0,90.0,850.0,0.85,0.85,4.0,M4
64.0,95.0,850.0,0.85,0.85,4.0,M4
64.0,100.0,850.0,0.85,0.85,4.0,M4
64.0,105.0,850.0,0.85,0.85,4.0,M4
64.0,110.0,850.0,0.85,0.85,4.0,M4
64.0,115.0,850.0,0.85,0.85,4.0,M4
64.0,120.0,850.0,0.85,0.85,4.0,M4
64.0,125.0,850.0,0.85,0.85,4.0,M4
64.0,130.0,850.0,0.85,0.85,4.0,M4
64.0,135.0,850.0,0.85,0.85,4.0,M4
64.0,140.0,850.0,0.85,0.85,4.0,M4
64.0,145.0,850.0,0.85,0.85,4.0,M4
64.0,150.0,850.0,0.85,0.85,4.0,M4
64.0,155.0,850.0,0.85,0.85,4.0,M4
64.0,160.0,850.0,0.85,0.85,4.0,M4
64.0,165.0,850.0,0.85,0.85,4.0,M4
64.0,170.0,850.0,0.85,0.85,4.0,M4
64.0,175.0,850.0,0.85,0.85,4.0,M4
64.0,180.0,850.0,0.85,0.85,4.0,M4
64.0,185.0,850.0,0.85,0.85,4.0,M4
64.0,190.0,850.0,0.85,0.85,4.0,M4
64.0,195.0,850.0,0.85,0.85,4.0,M4
64.0,200.0,850.0,0.85,0.85,4.0,M4
64.0,205.0,850.0,0.85,0.85,4.0,M4
64.0,210.0,850.0,0.85,0.85,4.0,M4
64.0,215.0,850.0,0.85,0.85,4.0,M4
64.0,220.0,850.0,0.85,0.85,4.0,M4
64.0,225.0,850.0,0.85,0.85,4.0,M4
64.0,230.0,850.0,0.85,0.85,4.0,M4
64.0,235.0,850.0,0.85,0.85,4.0,M4
64.0,240.0,850.0,0.85,0.85,4.0,M4
64.0,245.0,850.0,0.85,0.85,4.0,M4
64.0,250.0,850.0,0.85,0.85,4.0,M4
64.0,255.0,850.0,0.85,0.85,4.0,M4
64.0,260.0,850.0,0.85,0.85,4.0,M4
64.0,265.0,850.0,0.85,0.85,4.0,M4
64.0,270.0,850.0,0.85,0.85,4.0,M4
64.0,275.0,850.0,0.85,0.85,4.0,M4
64.0,280.0,850.0,0.85,0.85,4.0,M4
64.0,285.0,850.0,0.85,0.85,4.0,M4
64.0,290.0,850.0,0.85,0.85,4.0,M4
64.0,295.0,850.0,0.85,0.85,4.0,M4
64.0,300.0,850.0,0.85,0.85,4.0,M4
65.0,-350.0,850.0,0.85,0.85,1.0,M1
65.0,-345.0,850.0,0.85,0.85,1.0,M1
65.0,-340.0,850.0,0.85,0.85,1.0,M1
65.0,-335.0,850.0,0.85,0.85,1.0,M1
65.0,-330.0,850.0,0.85,0.85,1.0,M1
65.0,-325.0,850.0,0.85,0.85,1.0,M1
65.0,-320.0,850.0,0.85,0.85,1.0,M1
65.0,-315.0,850.0,0.85,0.85,1.0,M1
65.0,-310.0,850.0,0.85,0.85,1.0,M1
65.0,-305.0,850.0,0.85,0.85,1.0,M1
65.0,-300.0,850.0,0.85,0.85,1.0,M1
65.0,-295.0,850.0,0.85,0.85,1.0,M1
65.0,-290.0,850.0,0.85,0.85,1.0,M1
65.0,-285.0,850.0,0.85,0.85,1.0,M1
65.0,-280.0,850.0,0.85,0.85,1.0,M1
65.0,-275.0,850.0,0.85,0.85,1.0,M1
65.0,-270.0,850.0,0.85,0.85,1.0,M1
65.0,-265.0,850.0,0.85,0.85,1.0,M1
65.0,-260.0,850.0,0.85,0.85,1.0,M1
65.0,-255.0,850.0,0.85,0.85,1.0,M1
65.0,-250.0,850.0,0.85,0.85,1.0,M1
65.0,-245.0,850.0,0.85,0.85,1.0,M1
65.0,-240.0,850.0,0.85,0.85,1.0,M1
65.0,-235.0,850.0,0.85,0.85,1.0,M1
65.0,-230.0,850.0,0.85,0.85,1.0,M1
65.0,-225.0,850.0,0.85,0.85,1.0,M1
65.0,-220.0,850.0,0.85,0.85,1.0,M1
65.0,-215.0,850.0,0.85,0.85,1.0,M1
65.0,-210.0,850.0,0.85,0.85,1.0,M1
65.0,-205.0,850.0,0.85,0.85,1.0,M1
65.0,-200.0,850.0,0.85,0.85,1.0,M1
65.0,-195.0,850.0,0.85,0.85,1.0,M1
65.0,-190.0,850.0,0.85,0.85,1.0,M1
65.0,-185.0,850.0,0.85,0.85,1.0,M1
65.0,-180.0,850.0,0.85,0.85,1.0,M1
65.0,-175.0,850.0,0.85,0.85,1.0,M1
65.0,-170.0,850.0,0.85,0.85,1.0,M1
65.0,-165.0,850.0,0.85,0.85,1.0,M1
65.0,-160.0,850.0,0.85,0.85,1.0,M1
65.0,-155.0,850.0,0.85,0.85,1.0,M1
65.0,-150.0,850.0,0.85,0.85,1.0,M1
65.0,-145.0,850.0,0.85,0.85,1.0,M1
65.0,-140.0,850.0,0.85,0.85,1.0,M1
65.0,-135.0,850.0,0.85,0.85,1.0,M1
65.0,-130.0,850.0,0.85,0.85,1.0,M1
65.0,-125.0,850.0,0.85,0.85,1.0,M1
65.0,-120.0,850.0,0.85,0.85,0.0,M0
65.0,-115.0,850.0,0.85,0.85,0.0,M0
65.0,-110.0,850.0,0.85,0.85,0.0,M0
65.0,-105.0,850.0,0.85,0.85,0.0,M0
65.0,-100.0,850.0,0.85,0.85,0.0,M0
65.0,-95.0,850.0,0.85,0.85,0.0,M0
65.0,-90.0,850.0,0.85,0.85,0.0,M0
65.0,-85.0,850.0,0.85,0.85,0.0,M0
65.0,-80.0,850.0,0.85,0.85,0.0,M0
65.0,-75.0,850.0,0.85,0.85,2.0,M2
65.0,-70.0,850.0,0.85,0.85,2.0,M2
65.0,-65.0,850.0,0.85,0.85,2.0,M2
65.0,-60.0,850.0,0.85,0.85,2.0,M2
65.0,-55.0,850.0,0.85,0.85,2.0,M2
65.0,-50.0,850.0,0.85,0.85,2.0,M2
65.0,-45.0,850.0,0.85,0.85,2.0,M2
65.0,-40.0,850.0,0.85,0.85,2.0,M2
65.0,-35.0,850.0,0.85,0.85,2.0,M2
65.0,-30.0,850.0,0.85,0.85,2.0,M2
65.0,-25.0,850.0,0.85,0.85,2.0,M2
65.0,-20.0,850.0,0.85,0.85,2.0,M2
65.0,-15.0,850.0,0.85,0.85,2.0,M2
65.0,-10.0,850.0,0.85,0.85,2.0,M2
65.0,-5.0,850.0,0.85,0.85,2.0,M2
65.0,0.0,850.0,0.85,0.85,2.0,M2
65.0,5.0,850.0,0.85,0.85,2.3511,M2
65.0,10.0,850.0,0.85,0.85,2.5789,M3
65.0,15.0,850.0,0.85,0.85,2.7368,M3
65.0,20.0,850.0,0.85,0.85,2.851,M3
65.0,25.0,850.0,0.85,0.85,2.9359,M3
65.0,30.0,850.0,0.85,0.85,3.0,M3
65.0,35.0,850.0,0.85,0.85,3.0,M3
65.0,40.0,850.0,0.85,0.85,3.0,M3
65.0,45.0,850.0,0.85,0.85,3.0464,M3
65.0,50.0,850.0,0.85,0.85,3.1035,M3
65.0,55.0,850.0,0.85,0.85,3.1743,M3
65.0,60.0,850.0,0.85,0.85,3.2632,M3
65.0,65.0,850.0,0.85,0.85,3.3764,M3
65.0,70.0,850.0,0.85,0.85,3.5239,M4
65.0,75.0,850.0,0.85,0.85,3.7221,M4
65.0,80.0,850.0,0.85,0.85,4.0,M4
65.0,85.0,850.0,0.85,0.85,4.0,M4
65.0,90.0,850.0,0.85,0.85,4.0,M4
65.0,95.0,850.0,0.85,0.85,4.0,M4
65.0,100.0,850.0,0.85,0.85,4.0,M4
65.0,105.0,850.0,0.85,0.85,4.0,M4
65.0,110.0,850.0,0.85,0.85,4.0,M4
65.0,115.0,850.0,0.85,0.85,4.0,M4
65.0,120.0,850.0,0.85,0.85,4.0,M4
65.0,125.0,850.0,0.85,0.85,4.0,M4
65.0,130.0,850.0,0.85,0.85,4.0,M4
65.0,135.0,850.0,0.85,0.85,4.0,M4
65.0,140.0,850.0,0.85,0.85,4.0,M4
65.0,145.0,850.0,0.85,0.85,4.0,M4
65.0,150.0,850.0,0.85,0.85,4.0,M4
65.0,155.0,850.0,0.85,0.85,4.0,M4
65.0,160.0,850.0,0.85,0.85,4.0,M4
65.0,165.0,850.0,0.85,0.85,4.0,M4
65.0,170.0,850.0,0.85,0.85,4.0,M4
65.0,175.0,850.0,0.85,0.85,4.0,M4
65.0,180.0,850.0,0.85,0.85,4.0,M4
65.0,185.0,850.0,0.85,0.85,4.0,M4
65.0,190.0,850.0,0.85,0.85,4.0,M4
65.0,195.0,850.0,0.85,0.85,4.0,M4
65.0,200.0,850.0,0.85,0.85,4.0,M4
65.0,205.0,850.0,0.85,0.85,4.0,M4
65.0,210.0,850.0,0.85,0.85,4.0,M4
65.0,215.0,850.0,0.85,0.85,4.0,M4
65.0,220.0,850.0,0.85,0.85,4.0,M4
65.0,225.0,850.0,0.85,0.85,4.0,M4
65.0,230.0,850.0,0.85,0.85,4.0,M4
65.0,235.0,850.0,0.85,0.85,4.0,M4
65.0,240.0,850.0,0.85,0.85,4.0,M4
65.0,245.0,850.0,0.85,0.85,4.0,M4
65.0,250.0,850.0,0.85,0.85,4.0,M4
65.0,255.0,850.0,0.85,0.85,4.0,M4
65.0,260.0,850.0,0.85,0.85,4.0,M4
65.0,265.0,850.0,0.85,0.85,4.0,M4
65.0,270.0,850.0,0.85,0.85,4.0,M4
65.0,275.0,850.0,0.85,0.85,4.0,M4
65.0,280.0,850.0,0.85,0.85,4.0,M4
65.0,285.0,850.0,0.85,0.85,4.0,M4
65.0,290.0,850.0,0.85,0.85,4.0,M4
65.0,295.0,850.0,0.85,0.85,4.0,M4
65.0,300.0,850.0,0.85,0.85,4.0,M4
66.0,-350.0,850.0,0.85,0.85,1.0,M1
66.0,-345.0,850.0,0.85,0.85,1.0,M1
66.0,-340.0,850.0,0.85,0.85,1.0,M1
66.0,-335.0,850.0,0.85,0.85,1.0,M1
66.0,-330.0,850.0,0.85,0.85,1.0,M1
66.0,-325.0,850.0,0.85,0.85,1.0,M1
66.0,-320.0,850.0,0.85,0.85,1.0,M1
66.0,-315.0,850.0,0.85,0.85,1.0,M1
66.0,-310.0,850.0,0.85,0.85,1.0,M1
66.0,-305.0,850.0,0.85,0.85,1.0,M1
66.0,-300.0,850.0,0.85,0.85,1.0,M1
66.0,-295.0,850.0,0.85,0.85,1.0,M1
66.0,-290.0,850.0,0.85,0.85,1.0,M1
66.0,-285.0,850.0,0.85,0.85,1.0,M1
66.0,-280.0,850.0,0.85,0.85,1.0,M1
66.0,-275.0,850.0,0.85,0.85,1.0,M1
66.0,-270.0,850.0,0.85,0.85,1.0,M1
66.0,-265.0,850.0,0.85,0.85,1.0,M1
66.0,-260.0,850.0,0.85,0.85,1.0,M1
66.0,-255.0,850.0,0.85,0.85,1.0,M1
66.0,-250.0,850.0,0.85,0.85,1.0,M1
66.0,-245.0,850.0,0.85,0.85,1.0,M1
66.0,-240.0,850.0,0.85,0.85,1.0,M1
66.0,-235.0,850.0,0.85,0.85,1.0,M1
66.0,-230.0,850.0,0.85,0.85,1.0,M1
66.0,-225.0,850.0,0.85,0.85,1.0,M1
66.0,-220.0,850.0,0.85,0.85,1.0,M1
66.0,-215.0,850.0,0.85,0.85,1.0,M1
66.0,-210.0,850.0,0.85,0.85,1.0,M1
66.0,-205.0,850.0,0.85,0.85,1.0,M1
66.0,-200.0,850.0,0.85,0.85,1.0,M1
66.0,-195.0,850.0,0.85,0.85,1.0,M1
66.0,-190.0,850.0,0.85,0.85,1.0,M1
66.0,-185.0,850.0,0.85,0.85,1.0,M1
66.0,-180.0,850.0,0.85,0.85,1.0,M1
66.0,-175.0,850.0,0.85,0.85,1.2782,M1
66.0,-170.0,850.0,0.85,0.85,1.2932,M1
66.0,-165.0,850.0,0.85,0.85,1.3119,M1
66.0,-160.0,850.0,0.85,0.85,1.3352,M1
66.0,-155.0,850.0,0.85,0.85,1.3648,M1
66.0,-150.0,850.0,0.85,0.85,1.4034,M1
66.0,-145.0,850.0,0.85,0.85,1.455,M1
66.0,-140.0,850.0,0.85,0.85,1.5271,M2
66.0,-135.0,850.0,0.85,0.85,1.6342,M2
66.0,-130.0,850.0,0.85,0.85,1.8082,M2
66.0,-125.0,850.0,0.85,0.85,2.1387,M2
66.0,-120.0,850.0,0.85,0.85,3.0,M3
66.0,-115.0,850.0,0.85,0.85,3.0,M3
66.0,-110.0,850.0,0.85,0.85,3.0,M3
66.0,-105.0,850.0,0.85,0.85,3.0,M3
66.0,-100.0,850.0,0.85,0.85,3.0,M3
66.0,-95.0,850.0,0.85,0.85,3.0,M3
66.0,-90.0,850.0,0.85,0.85,3.0,M3
66.0,-85.0,850.0,0.85,0.85,3.0,M3
66.0,-80.0,850.0,0.85,0.85,3.0,M3
66.0,-75.0,850.0,0.85,0.85,2.5179,M3
66.0,-70.0,850.0,0.85,0.85,2.34,M2
66.0,-65.0,850.0,0.85,0.85,2.2575,M2
66.0,-60.0,850.0,0.85,0.85,2.2103,M2
66.0,-55.0,850.0,0.85,0.85,2.18,M2
66.0,-50.0,850.0,0.85,0.85,2.159,M2
66.0,-45.0,850.0,0.85,0.85,2.1439,M2
66.0,-40.0,850.0,0.85,0.85,2.1413,M2
66.0,-35.0,850.0,0.85,0.85,2.1413,M2
66.0,-30.0,850.0,0.85,0.85,2.1413,M2
66.0,-25.0,850.0,0.85,0.85,2.1413,M2
66.0,-20.0,850.0,0.85,0.85,2.1413,M2
66.0,-15.0,850.0,0.85,0.85,2.1413,M2
66.0,-10.0,850.0,0.85,0.85,2.1413,M2
66.0,-5.0,850.0,0.85,0.85,2.1413,M2
66.0,0.0,850.0,0.85,0.85,2.1413,M2
66.0,5.0,850.0,0.85,0.85,2.4946,M2
66.0,10.0,850.0,0.85,0.85,2.6949,M3
66.0,15.0,850.0,0.85,0.85,2.8351,M3
66.0,20.0,850.0,0.85,0.85,2.9373,M3
66.0,25.0,850.0,0.85,0.85,3.0137,M3
66.0,30.0,850.0,0.85,0.85,3.0387,M3
66.0,35.0,850.0,0.85,0.85,3.0387,M3
66.0,40.0,850.0,0.85,0.85,3.0387,M3
66.0,45.0,850.0,0.85,0.85,3.0485,M3
66.0,50.0,850.0,0.85,0.85,3.1041,M3
66.0,55.0,850.0,0.85,0.85,3.1728,M3
66.0,60.0,850.0,0.85,0.85,3.2587,M3
66.0,65.0,850.0,0.85,0.85,3.3674,M3
66.0,70.0,850.0,0.85,0.85,3.5081,M4
66.0,75.0,850.0,0.85,0.85,3.6932,M4
66.0,80.0,850.0,0.85,0.85,3.8959,M4
66.0,85.0,850.0,0.85,0.85,3.8959,M4
66.0,90.0,850.0,0.85,0.85,3.8959,M4
66.0,95.0,850.0,0.85,0.85,3.8959,M4
66.0,100.0,850.0,0.85,0.85,3.8959,M4
66.0,105.0,850.0,0.85,0.85,3.8959,M4
66.0,110.0,850.0,0.85,0.85,3.8959,M4
66.0,115.0,850.0,0.85,0.85,3.8959,M4
66.0,120.0,850.0,0.85,0.85,3.8959,M4
66.0,125.0,850.0,0.85,0.85,3.8959,M4
66.0,130.0,850.0,0.85,0.85,3.8959,M4
66.0,135.0,850.0,0.85,0.85,3.8959,M4
66.0,140.0,850.0,0.85,0.85,3.8959,M4
66.0,145.0,850.0,0.85,0.85,3.8959,M4
66.0,150.0,850.0,0.85,0.85,3.8959,M4
66.0,155.0,850.0,0.85,0.85,3.8959,M4
66.0,160.0,850.0,0.85,0.85,3.8959,M4
66.0,165.0,850.0,0.85,0.85,3.8959,M4
66.0,170.0,850.0,0.85,0.85,3.8959,M4
66.0,175.0,850.0,0.85,0.85,3.8959,M4
66.0,180.0,850.0,0.85,0.85,3.8959,M4
66.0,185.0,850.0,0.85,0.85,3.8959,M4
66.0,190.0,850.0,0.85,0.85,3.8959,M4
66.0,195.0,850.0,0.85,0.85,3.8959,M4
66.0,200.0,850.0,0.85,0.85,3.8959,M4
66.0,205.0,850.0,0.85,0.85,3.8959,M4
66.0,210.0,850.0,0.85,0.85,3.8959,M4
66.0,215.0,850.0,0.85,0.85,3.8959,M4
66.0,220.0,850.0,0.85,0.85,3.8959,M4
66.0,225.0,850.0,0.85,0.85,3.8959,M4
66.0,230.0,850.0,0.85,0.85,3.8959,M4
66.0,235.0,850.0,0.85,0.85,3.8959,M4
66.0,240.0,850.0,0.85,0.85,3.8959,M4
66.0,245.0,850.0,0.85,0.85,3.8959,M4
66.0,250.0,850.0,0.85,0.85,3.8959,M4
66.0,255.0,850.0,0.85,0.85,3.8959,M4
66.0,260.0,850.0,0.85,0.85,3.8959,M4
66.0,265.0,850.0,0.85,0.85,3.8959,M4
66.0,270.0,850.0,0.85,0.85,3.8959,M4
66.0,275.0,850.0,0.85,0.85,3.8959,M4
66.0,280.0,850.0,0.85,0.85,3.8959,M4
66.0,285.0,850.0,0.85,0.85,3.8959,M4
66.0,290.0,850.0,0.85,0.85,3.8959,M4
66.0,295.0,850.0,0.85,0.85,3.8959,M4
66.0,300.0,850.0,0.85,0.85,3.8959,M4
67.0,-350.0,850.0,0.85,0.85,1.0,M1
67.0,-345.0,850.0,0.85,0.85,1.0,M1
67.0,-340.0,850.0,0.85,0.85,1.0,M1
67.0,-335.0,850.0,0.85,0.85,1.0,M1
67.0,-330.0,850.0,0.85,0.85,1.0,M1
67.0,-325.0,850.0,0.85,0.85,1.0,M1
67.0,-320.0,850.0,0.85,0.85,1.0,M1
67.0,-315.0,850.0,0.85,0.85,1.0,M1
67.0,-310.0,850.0,0.85,0.85,1.0,M1
67.0,-305.0,850.0,0.85,0.85,1.0,M1
67.0,-300.0,850.0,0.85,0.85,1.0,M1
67.0,-295.0,850.0,0.85,0.85,1.0,M1
67.0,-290.0,850.0,0.85,0.85,1.0,M1
67.0,-285.0,850.0,0.85,0.85,1.0,M1
67.0,-280.0,850.0,0.85,0.85,1.0,M1
67.0,-275.0,850.0,0.85,0.85,1.0,M1
67.0,-270.0,850.0,0.85,0.85,1.0,M1
67.0,-265.0,850.0,0.85,0.85,1.0,M1
67.0,-260.0,850.0,0.85,0.85,1.0,M1
67.0,-255.0,850.0,0.85,0.85,1.0,M1
67.0,-250.0,850.0,0.85,0.85,1.0,M1
67.0,-245.0,850.0,0.85,0.85,1.0,M1
67.0,-240.0,850.0,0.85,0.85,1.0,M1
67.0,-235.0,850.0,0.85,0.85,1.0,M1
67.0,-230.0,850.0,0.85,0.85,1.0,M1
67.0,-225.0,850.0,0.85,0.85,1.0,M1
67.0,-220.0,850.0,0.85,0.85,1.0,M1
67.0,-215.0,850.0,0.85,0.85,1.0,M1
67.0,-210.0,850.0,0.85,0.85,1.0,M1
67.0,-205.0,850.0,0.85,0.85,1.0,M1
67.0,-200.0,850.0,0.85,0.85,1.0,M1
67.0,-195.0,850.0,0.85,0.85,1.0,M1
67.0,-190.0,850.0,0.85,0.85,1.0,M1
67.0,-185.0,850.0,0.85,0.85,1.0,M1
67.0,-180.0,850.0,0.85,0.85,1.0,M1
67.0,-175.0,850.0,0.85,0.85,1.3337,M1
67.0,-170.0,850.0,0.85,0.85,1.4983,M1
67.0,-165.0,850.0,0.85,0.85,1.5259,M2
67.0,-160.0,850.0,0.85,0.85,1.5599,M2
67.0,-155.0,850.0,0.85,0.85,1.6023,M2
67.0,-150.0,850.0,0.85,0.85,1.6558,M2
67.0,-145.0,850.0,0.85,0.85,1.7252,M2
67.0,-140.0,850.0,0.85,0.85,1.8174,M2
67.0,-135.0,850.0,0.85,0.85,1.9456,M2
67.0,-130.0,850.0,0.85,0.85,2.1341,M2
67.0,-125.0,850.0,0.85,0.85,2.4372,M2
67.0,-120.0,850.0,0.85,0.85,3.0,M3
67.0,-115.0,850.0,0.85,0.85,3.0,M3
67.0,-110.0,850.0,0.85,0.85,3.0,M3
67.0,-105.0,850.0,0.85,0.85,3.0,M3
67.0,-100.0,850.0,0.85,0.85,3.0,M3
67.0,-95.0,850.0,0.85,0.85,3.0,M3
67.0,-90.0,850.0,0.85,0.85,3.0,M3
67.0,-85.0,850.0,0.85,0.85,3.0,M3
67.0,-80.0,850.0,0.85,0.85,3.0,M3
67.0,-75.0,850.0,0.85,0.85,2.689,M3
67.0,-70.0,850.0,0.85,0.85,2.517,M3
67.0,-65.0,850.0,0.85,0.85,2.4142,M2
67.0,-60.0,850.0,0.85,0.85,2.3498,M2
67.0,-55.0,850.0,0.85,0.85,2.306,M2
67.0,-50.0,850.0,0.85,0.85,2.2746,M2
67.0,-45.0,850.0,0.85,0.85,2.2645,M2
67.0,-40.0,850.0,0.85,0.85,2.2645,M2
67.0,-35.0,850.0,0.85,0.85,2.2645,M2
67.0,-30.0,850.0,0.85,0.85,2.2645,M2
67.0,-25.0,850.0,0.85,0.85,2.2645,M2
67.0,-20.0,850.0,0.85,0.85,2.2645,M2
67.0,-15.0,850.0,0.85,0.85,2.2645,M2
67.0,-10.0,850.0,0.85,0.85,2.2645,M2
67.0,-5.0,850.0,0.85,0.85,2.2645,M2
67.0,0.0,850.0,0.85,0.85,2.2645,M2
67.0,5.0,850.0,0.85,0.85,2.5974,M3
67.0,10.0,850.0,0.85,0.85,2.8148,M3
67.0,15.0,850.0,0.85,0.85,2.9373,M3
67.0,20.0,850.0,0.85,0.85,3.0272,M3
67.0,25.0,850.0,0.85,0.85,3.0828,M3
67.0,30.0,850.0,0.85,0.85,3.0828,M3
67.0,35.0,850.0,0.85,0.85,3.0828,M3
67.0,40.0,850.0,0.85,0.85,3.0828,M3
67.0,45.0,850.0,0.85,0.85,3.0828,M3
67.0,50.0,850.0,0.85,0.85,3.1057,M3
67.0,55.0,850.0,0.85,0.85,3.1721,M3
67.0,60.0,850.0,0.85,0.85,3.2546,M3
67.0,65.0,850.0,0.85,0.85,3.3585,M3
67.0,70.0,850.0,0.85,0.85,3.4896,M3
67.0,75.0,850.0,0.85,0.85,3.6366,M4
67.0,80.0,850.0,0.85,0.85,3.8171,M4
67.0,85.0,850.0,0.85,0.85,3.8171,M4
67.0,90.0,850.0,0.85,0.85,3.8171,M4
67.0,95.0,850.0,0.85,0.85,3.8171,M4
67.0,100.0,850.0,0.85,0.85,3.8171,M4
67.0,105.0,850.0,0.85,0.85,3.8171,M4
67.0,110.0,850.0,0.85,0.85,3.8171,M4
67.0,115.0,850.0,0.85,0.85,3.8171,M4
67.0,120.0,850.0,0.85,0.85,3.8171,M4
67.0,125.0,850.0,0.85,0.85,3.8171,M4
67.0,130.0,850.0,0.85,0.85,3.8171,M4
67.0,135.0,850.0,0.85,0.85,3.8171,M4
67.0,140.0,850.0,0.85,0.85,3.8171,M4
67.0,145.0,850.0,0.85,0.85,3.8171,M4
67.0,150.0,850.0,0.85,0.85,3.8171,M4
67.0,155.0,850.0,0.85,0.85,3.8171,M4
67.0,160.0,850.0,0.85,0.85,3.8171,M4
67.0,165.0,850.0,0.85,0.85,3.8171,M4
67.0,170.0,850.0,0.85,0.85,3.8171,M4
67.0,175.0,850.0,0.85,0.85,3.8171,M4
67.0,180.0,850.0,0.85,0.85,3.8171,M4
67.0,185.0,850.0,0.85,0.85,3.8171,M4
67.0,190.0,850.0,0.85,0.85,3.8171,M4
67.0,195.0,850.0,0.85,0.85,3.8171,M4
67.0,200.0,850.0,0.85,0.85,3.8171,M4
67.0,205.0,850.0,0.85,0.85,3.8171,M4
67.0,210.0,850.0,0.85,0.85,3.8171,M4
67.0,215.0,850.0,0.85,0.85,3.8171,M4
67.0,220.0,850.0,0.85,0.85,3.8171,M4
67.0,225.0,850.0,0.85,0.85,3.8171,M4
67.0,230.0,850.0,0.85,0.85,3.8171,M4
67.0,235.0,850.0,0.85,0.85,3.8171,M4
67.0,240.0,850.0,0.85,0.85,3.8171,M4
67.0,245.0,850.0,0.85,0.85,3.8171,M4
67.0,250.0,850.0,0.85,0.85,3.8171,M4
67.0,255.0,850.0,0.85,0.85,3.8171,M4
67.0,260.0,850.0,0.85,0.85,3.8171,M4
67.0,265.0,850.0,0.85,0.85,3.8171,M4
67.0,270.0,850.0,0.85,0.85,3.8171,M4
67.0,275.0,850.0,0.85,0.85,3.8171,M4
67.0,280.0,850.0,0.85,0.85,3.8171,M4
67.0,285.0,850.0,0.85,0.85,3.8171,M4
67.0,290.0,850.0,0.85,0.85,3.8171,M4
67.0,295.0,850.0,0.85,0.85,3.8171,M4
67.0,300.0,850.0,0.85,0.85,3.8171,M4
68.0,-350.0,850.0,0.85,0.85,1.0,M1
68.0,-345.0,850.0,0.85,0.85,1.0,M1
68.0,-340.0,850.0,0.85,0.85,1.0,M1
68.0,-335.0,850.0,0.85,0.85,1.0,M1
68.0,-330.0,850.0,0.85,0.85,1.0,M1
68.0,-325.0,850.0,0.85,0.85,1.0,M1
68.0,-320.0,850.0,0.85,0.85,1.0,M1
68.0,-315.0,850.0,0.85,0.85,1.0,M1
68.0,-310.0,850.0,0.85,0.85,1.0,M1
68.0,-305.0,850.0,0.85,0.85,1.0,M1
68.0,-300.0,850.0,0.85,0.85,1.0,M1
68.0,-295.0,850.0,0.85,0.85,1.0,M1
68.0,-290.0,850.0,0.85,0.85,1.0,M1
68.0,-285.0,850.0,0.85,0.85,1.0,M1
68.0,-280.0,850.0,0.85,0.85,1.0,M1
68.0,-275.0,850.0,0.85,0.85,1.0,M1
68.0,-270.0,850.0,0.85,0.85,1.0,M1
68.0,-265.0,850.0,0.85,0.85,1.0,M1
68.0,-260.0,850.0,0.85,0.85,1.0,M1
68.0,-255.0,850.0,0.85,0.85,1.0,M1
68.0,-250.0,850.0,0.85,0.85,1.0,M1
68.0,-245.0,850.0,0.85,0.85,1.0,M1
68.0,-240.0,850.0,0.85,0.85,1.0,M1
68.0,-235.0,850.0,0.85,0.85,1.0,M1
68.0,-230.0,850.0,0.85,0.85,1.0,M1
68.0,-225.0,850.0,0.85,0.85,1.0,M1
68.0,-220.0,850.0,0.85,0.85,1.0,M1
68.0,-215.0,850.0,0.85,0.85,1.0,M1
68.0,-210.0,850.0,0.85,0.85,1.0,M1
68.0,-205.0,850.0,0.85,0.85,1.0,M1
68.0,-200.0,850.0,0.85,0.85,1.0,M1
68.0,-195.0,850.0,0.85,0.85,1.0,M1
68.0,-190.0,850.0,0.85,0.85,1.0,M1
68.0,-185.0,850.0,0.85,0.85,1.0,M1
68.0,-180.0,850.0,0.85,0.85,1.0,M1
68.0,-175.0,850.0,0.85,0.85,1.3337,M1
68.0,-170.0,850.0,0.85,0.85,1.5789,M2
68.0,-165.0,850.0,0.85,0.85,1.6809,M2
68.0,-160.0,850.0,0.85,0.85,1.72,M2
68.0,-155.0,850.0,0.85,0.85,1.768,M2
68.0,-150.0,850.0,0.85,0.85,1.8276,M2
68.0,-145.0,850.0,0.85,0.85,1.9029,M2
68.0,-140.0,850.0,0.85,0.85,2.0,M2
68.0,-135.0,850.0,0.85,0.85,2.1295,M2
68.0,-130.0,850.0,0.85,0.85,2.3091,M2
68.0,-125.0,850.0,0.85,0.85,2.5739,M3
68.0,-120.0,850.0,0.85,0.85,3.0,M3
68.0,-115.0,850.0,0.85,0.85,3.0,M3
68.0,-110.0,850.0,0.85,0.85,3.0,M3
68.0,-105.0,850.0,0.85,0.85,3.0,M3
68.0,-100.0,850.0,0.85,0.85,3.0,M3
68.0,-95.0,850.0,0.85,0.85,3.0,M3
68.0,-90.0,850.0,0.85,0.85,3.0,M3
68.0,-85.0,850.0,0.85,0.85,3.0,M3
68.0,-80.0,850.0,0.85,0.85,3.0,M3
68.0,-75.0,850.0,0.85,0.85,2.7659,M3
68.0,-70.0,850.0,0.85,0.85,2.6167,M3
68.0,-65.0,850.0,0.85,0.85,2.5161,M3
68.0,-60.0,850.0,0.85,0.85,2.4465,M2
68.0,-55.0,850.0,0.85,0.85,2.3971,M2
68.0,-50.0,850.0,0.85,0.85,2.374,M2
68.0,-45.0,850.0,0.85,0.85,2.374,M2
68.0,-40.0,850.0,0.85,0.85,2.374,M2
68.0,-35.0,850.0,0.85,0.85,2.374,M2
68.0,-30.0,850.0,0.85,0.85,2.374,M2
68.0,-25.0,850.0,0.85,0.85,2.374,M2
68.0,-20.0,850.0,0.85,0.85,2.374,M2
68.0,-15.0,850.0,0.85,0.85,2.374,M2
68.0,-10.0,850.0,0.85,0.85,2.374,M2
68.0,-5.0,850.0,0.85,0.85,2.374,M2
68.0,0.0,850.0,0.85,0.85,2.374,M2
68.0,5.0,850.0,0.85,0.85,2.6792,M3
68.0,10.0,850.0,0.85,0.85,2.9067,M3
68.0,15.0,850.0,0.85,0.85,3.0409,M3
68.0,20.0,850.0,0.85,0.85,3.1189,M3
68.0,25.0,850.0,0.85,0.85,3.132,M3
68.0,30.0,850.0,0.85,0.85,3.132,M3
68.0,35.0,850.0,0.85,0.85,3.132,M3
68.0,40.0,850.0,0.85,0.85,3.132,M3
68.0,45.0,850.0,0.85,0.85,3.132,M3
68.0,50.0,850.0,0.85,0.85,3.132,M3
68.0,55.0,850.0,0.85,0.85,3.1719,M3
68.0,60.0,850.0,0.85,0.85,3.2508,M3
68.0,65.0,850.0,0.85,0.85,3.3481,M3
68.0,70.0,850.0,0.85,0.85,3.4599,M3
68.0,75.0,850.0,0.85,0.85,3.5942,M4
68.0,80.0,850.0,0.85,0.85,3.7573,M4
68.0,85.0,850.0,0.85,0.85,3.7573,M4
68.0,90.0,850.0,0.85,0.85,3.7573,M4
68.0,95.0,850.0,0.85,0.85,3.7573,M4
68.0,100.0,850.0,0.85,0.85,3.7573,M4
68.0,105.0,850.0,0.85,0.85,3.7573,M4
68.0,110.0,850.0,0.85,0.85,3.7573,M4
68.0,115.0,850.0,0.85,0.85,3.7573,M4
68.0,120.0,850.0,0.85,0.85,3.7573,M4
68.0,125.0,850.0,0.85,0.85,3.7573,M4
68.0,130.0,850.0,0.85,0.85,3.7573,M4
68.0,135.0,850.0,0.85,0.85,3.7573,M4
68.0,140.0,850.0,0.85,0.85,3.7573,M4
68.0,145.0,850.0,0.85,0.85,3.7573,M4
68.0,150.0,850.0,0.85,0.85,3.7573,M4
68.0,155.0,850.0,0.85,0.85,3.7573,M4
68.0,160.0,850.0,0.85,0.85,3.7573,M4
68.0,165.0,850.0,0.85,0.85,3.7573,M4
68.0,170.0,850.0,0.85,0.85,3.7573,M4
68.0,175.0,850.0,0.85,0.85,3.7573,M4
68.0,180.0,850.0,0.85,0.85,3.7573,M4
68.0,185.0,850.0,0.85,0.85,3.7573,M4
68.0,190.0,850.0,0.85,0.85,3.7573,M4
68.0,195.0,850.0,0.85,0.85,3.7573,M4
68.0,200.0,850.0,0.85,0.85,3.7573,M4
68.0,205.0,850.0,0.85,0.85,3.7573,M4
68.0,210.0,850.0,0.85,0.85,3.7573,M4
68.0,215.0,850.0,0.85,0.85,3.7573,M4
68.0,220.0,850.0,0.85,0.85,3.7573,M4
68.0,225.0,850.0,0.85,0.85,3.7573,M4
68.0,230.0,850.0,0.85,0.85,3.7573,M4
68.0,235.0,850.0,0.85,0.85,3.7573,M4
68.0,240.0,850.0,0.85,0.85,3.7573,M4
68.0,245.0,850.0,0.85,0.85,3.7573,M4
68.0,250.0,850.0,0.85,0.85,3.7573,M4
68.0,255.0,850.0,0.85,0.85,3.7573,M4
68.0,260.0,850.0,0.85,0.85,3.7573,M4
68.0,265.0,850.0,0.85,0.85,3.7573,M4
68.0,270.0,850.0,0.85,0.85,3.7573,M4
68.0,275.0,850.0,0.85,0.85,3.7573,M4
68.0,280.0,850.0,0.85,0.85,3.7573,M4
68.0,285.0,850.0,0.85,0.85,3.7573,M4
68.0,290.0,850.0,0.85,0.85,3.7573,M4
68.0,295.0,850.0,0.85,0.85,3.7573,M4
68.0,300.0,850.0,0.85,0.85,3.7573,M4
69.0,-350.0,850.0,0.85,0.85,1.0,M1
69.0,-345.0,850.0,0.85,0.85,1.0,M1
69.0,-340.0,850.0,0.85,0.85,1.0,M1
69.0,-335.0,850.0,0.85,0.85,1.0,M1
69.0,-330.0,850.0,0.85,0.85,1.0,M1
69.0,-325.0,850.0,0.85,0.85,1.0,M1
69.0,-320.0,850.0,0.85,0.85,1.0,M1
69.0,-315.0,850.0,0.85,0.85,1.0,M1
69.0,-310.0,850.0,0.85,0.85,1.0,M1
69.0,-305.0,850.0,0.85,0.85,1.0,M1
69.0,-300.0,850.0,0.85,0.85,1.0,M1
69.0,-295.0,850.0,0.85,0.85,1.0,M1
69.0,-290.0,850.0,0.85,0.85,1.0,M1
69.0,-285.0,850.0,0.85,0.85,1.0,M1
69.0,-280.0,850.0,0.85,0.85,1.0,M1
69.0,-275.0,850.0,0.85,0.85,1.0,M1
69.0,-270.0,850.0,0.85,0.85,1.0,M1
69.0,-265.0,850.0,0.85,0.85,1.0,M1
69.0,-260.0,850.0,0.85,0.85,1.0,M1
69.0,-255.0,850.0,0.85,0.85,1.0,M1
69.0,-250.0,850.0,0.85,0.85,1.0,M1
69.0,-245.0,850.0,0.85,0.85,1.0,M1
69.0,-240.0,850.0,0.85,0.85,1.0,M1
69.0,-235.0,850.0,0.85,0.85,1.0,M1
69.0,-230.0,850.0,0.85,0.85,1.0,M1
69.0,-225.0,850.0,0.85,0.85,1.0,M1
69.0,-220.0,850.0,0.85,0.85,1.0,M1
69.0,-215.0,850.0,0.85,0.85,1.0,M1
69.0,-210.0,850.0,0.85,0.85,1.0,M1
69.0,-205.0,850.0,0.85,0.85,1.0,M1
69.0,-200.0,850.0,0.85,0.85,1.0,M1
69.0,-195.0,850.0,0.85,0.85,1.0,M1
69.0,-190.0,850.0,0.85,0.85,1.0,M1
69.0,-185.0,850.0,0.85,0.85,1.0,M1
69.0,-180.0,850.0,0.85,0.85,1.0,M1
69.0,-175.0,850.0,0.85,0.85,1.3337,M1
69.0,-170.0,850.0,0.85,0.85,1.5789,M2
69.0,-165.0,850.0,0.85,0.85,1.7709,M2
69.0,-160.0,850.0,0.85,0.85,1.8387,M2
69.0,-155.0,850.0,0.85,0.85,1.8891,M2
69.0,-150.0,850.0,0.85,0.85,1.9508,M2
69.0,-145.0,850.0,0.85,0.85,2.0275,M2
69.0,-140.0,850.0,0.85,0.85,2.1243,M2
69.0,-135.0,850.0,0.85,0.85,2.2498,M2
69.0,-130.0,850.0,0.85,0.85,2.4173,M2
69.0,-125.0,850.0,0.85,0.85,2.6517,M3
69.0,-120.0,850.0,0.85,0.85,3.0,M3
69.0,-115.0,850.0,0.85,0.85,3.0,M3
69.0,-110.0,850.0,0.85,0.85,3.0,M3
69.0,-105.0,850.0,0.85,0.85,3.0,M3
69.0,-100.0,850.0,0.85,0.85,3.0,M3
69.0,-95.0,850.0,0.85,0.85,3.0,M3
69.0,-90.0,850.0,0.85,0.85,3.0,M3
69.0,-85.0,850.0,0.85,0.85,3.0,M3
69.0,-80.0,850.0,0.85,0.85,3.0,M3
69.0,-75.0,850.0,0.85,0.85,2.8093,M3
69.0,-70.0,850.0,0.85,0.85,2.6778,M3
69.0,-65.0,850.0,0.85,0.85,2.5838,M3
69.0,-60.0,850.0,0.85,0.85,2.5151,M3
69.0,-55.0,850.0,0.85,0.85,2.4732,M2
69.0,-50.0,850.0,0.85,0.85,2.4732,M2
69.0,-45.0,850.0,0.85,0.85,2.4732,M2
69.0,-40.0,850.0,0.85,0.85,2.4732,M2
69.0,-35.0,850.0,0.85,0.85,2.4732,M2
69.0,-30.0,850.0,0.85,0.85,2.4732,M2
69.0,-25.0,850.0,0.85,0.85,2.4732,M2
69.0,-20.0,850.0,0.85,0.85,2.4732,M2
69.0,-15.0,850.0,0.85,0.85,2.4732,M2
69.0,-10.0,850.0,0.85,0.85,2.4732,M2
69.0,-5.0,850.0,0.85,0.85,2.4732,M2
69.0,0.0,850.0,0.85,0.85,2.4732,M2
69.0,5.0,850.0,0.85,0.85,2.7553,M3
69.0,10.0,850.0,0.85,0.85,2.9671,M3
69.0,15.0,850.0,0.85,0.85,3.1304,M3
69.0,20.0,850.0,0.85,0.85,3.1859,M3
69.0,25.0,850.0,0.85,0.85,3.1859,M3
69.0,30.0,850.0,0.85,0.85,3.1859,M3
69.0,35.0,850.0,0.85,0.85,3.1859,M3
69.0,40.0,850.0,0.85,0.85,3.1859,M3
69.0,45.0,850.0,0.85,0.85,3.1859,M3
69.0,50.0,850.0,0.85,0.85,3.1859,M3
69.0,55.0,850.0,0.85,0.85,3.1859,M3
69.0,60.0,850.0,0.85,0.85,3.2469,M3
69.0,65.0,850.0,0.85,0.85,3.335,M3
69.0,70.0,850.0,0.85,0.85,3.4392,M3
69.0,75.0,850.0,0.85,0.85,3.5634,M4
69.0,80.0,850.0,0.85,0.85,3.7125,M4
69.0,85.0,850.0,0.85,0.85,3.7125,M4
69.0,90.0,850.0,0.85,0.85,3.7125,M4
69.0,95.0,850.0,0.85,0.85,3.7125,M4
69.0,100.0,850.0,0.85,0.85,3.7125,M4
69.0,105.0,850.0,0.85,0.85,3.7125,M4
69.0,110.0,850.0,0.85,0.85,3.7125,M4
69.0,115.0,850.0,0.85,0.85,3.7125,M4
69.0,120.0,850.0,0.85,0.85,3.7125,M4
69.0,125.0,850.0,0.85,0.85,3.7125,M4
69.0,130.0,850.0,0.85,0.85,3.7125,M4
69.0,135.0,850.0,0.85,0.85,3.7125,M4
69.0,140.0,850.0,0.85,0.85,3.7125,M4
69.0,145.0,850.0,0.85,0.85,3.7125,M4
69.0,150.0,850.0,0.85,0.85,3.7125,M4
69.0,155.0,850.0,0.85,0.85,3.7125,M4
69.0,160.0,850.0,0.85,0.85,3.7125,M4
69.0,165.0,850.0,0.85,0.85,3.7125,M4
69.0,170.0,850.0,0.85,0.85,3.7125,M4
69.0,175.0,850.0,0.85,0.85,3.7125,M4
69.0,180.0,850.0,0.85,0.85,3.7125,M4
69.0,185.0,850.0,0.85,0.85,3.7125,M4
69.0,190.0,850.0,0.85,0.85,3.7125,M4
69.0,195.0,850.0,0.85,0.85,3.7125,M4
69.0,200.0,850.0,0.85,0.85,3.7125,M4
69.0,205.0,850.0,0.85,0.85,3.7125,M4
69.0,210.0,850.0,0.85,0.85,3.7125,M4
69.0,215.0,850.0,0.85,0.85,3.7125,M4
69.0,220.0,850.0,0.85,0.85,3.7125,M4
69.0,225.0,850.0,0.85,0.85,3.7125,M4
69.0,230.0,850.0,0.85,0.85,3.7125,M4
69.0,235.0,850.0,0.85,0.85,3.7125,M4
69.0,240.0,850.0,0.85,0.85,3.7125,M4
69.0,245.0,850.0,0.85,0.85,3.7125,M4
69.0,250.0,850.0,0.85,0.85,3.7125,M4
69.0,255.0,850.0,0.85,0.85,3.7125,M4
69.0,260.0,850.0,0.85,0.85,3.7125,M4
69.0,265.0,850.0,0.85,0.85,3.7125,M4
69.0,270.0,850.0,0.85,0.85,3.7125,M4
69.0,275.0,850.0,0.85,0.85,3.7125,M4
69.0,280.0,850.0,0.85,0.85,3.7125,M4
69.0,285.0,850.0,0.85,0.85,3.7125,M4
69.0,290.0,850.0,0.85,0.85,3.7125,M4
69.0,295.0,850.0,0.85,0.85,3.7125,M4
69.0,300.0,850.0,0.85,0.85,3.7125,M4
70.0,-350.0,850.0,0.85,0.85,1.0,M1
70.0,-345.0,850.0,0.85,0.85,1.0,M1
70.0,-340.0,850.0,0.85,0.85,1.0,M1
70.0,-335.0,850.0,0.85,0.85,1.0,M1
70.0,-330.0,850.0,0.85,0.85,1.0,M1
70.0,-325.0,850.0,0.85,0.85,1.0,M1
70.0,-320.0,850.0,0.85,0.85,1.0,M1
70.0,-315.0,850.0,0.85,0.85,1.0,M1
70.0,-310.0,850.0,0.85,0.85,1.0,M1
70.0,-305.0,850.0,0.85,0.85,1.0,M1
70.0,-300.0,850.0,0.85,0.85,1.0,M1
70.0,-295.0,850.0,0.85,0.85,1.0,M1
70.0,-290.0,850.0,0.85,0.85,1.0,M1
70.0,-285.0,850.0,0.85,0.85,1.0,M1
70.0,-280.0,850.0,0.85,0.85,1.0,M1
70.0,-275.0,850.0,0.85,0.85,1.0,M1
70.0,-270.0,850.0,0.85,0.85,1.0,M1
70.0,-265.0,850.0,0.85,0.85,1.0,M1
70.0,-260.0,850.0,0.85,0.85,1.0,M1
70.0,-255.0,850.0,0.85,0.85,1.0,M1
70.0,-250.0,850.0,0.85,0.85,1.0,M1
70.0,-245.0,850.0,0.85,0.85,1.0,M1
70.0,-240.0,850.0,0.85,0.85,1.0,M1
70.0,-235.0,850.0,0.85,0.85,1.0,M1
70.0,-230.0,850.0,0.85,0.85,1.0,M1
70.0,-225.0,850.0,0.85,0.85,1.0,M1
70.0,-220.0,850.0,0.85,0.85,1.0,M1
70.0,-215.0,850.0,0.85,0.85,1.0,M1
70.0,-210.0,850.0,0.85,0.85,1.0,M1
70.0,-205.0,850.0,0.85,0.85,1.0,M1
70.0,-200.0,850.0,0.85,0.85,1.0,M1
70.0,-195.0,850.0,0.85,0.85,1.0,M1
70.0,-190.0,850.0,0.85,0.85,1.0,M1
70.0,-185.0,850.0,0.85,0.85,1.0,M1
70.0,-180.0,850.0,0.85,0.85,1.0,M1
70.0,-175.0,850.0,0.85,0.85,1.3337,M1
70.0,-170.0,850.0,0.85,0.85,1.5789,M2
70.0,-165.0,850.0,0.85,0.85,1.7709,M2
70.0,-160.0,850.0,0.85,0.85,1.9293,M2
70.0,-155.0,850.0,0.85,0.85,1.9806,M2
70.0,-150.0,850.0,0.85,0.85,2.0427,M2
70.0,-145.0,850.0,0.85,0.85,2.1189,M2
70.0,-140.0,850.0,0.85,0.85,2.2136,M2
70.0,-135.0,850.0,0.85,0.85,2.3338,M2
70.0,-130.0,850.0,0.85,0.85,2.4903,M2
70.0,-125.0,850.0,0.85,0.85,2.7015,M3
70.0,-120.0,850.0,0.85,0.85,3.0,M3
70.0,-115.0,850.0,0.85,0.85,3.0,M3
70.0,-110.0,850.0,0.85,0.85,3.0,M3
70.0,-105.0,850.0,0.85,0.85,3.0,M3
70.0,-100.0,850.0,0.85,0.85,3.0,M3
70.0,-95.0,850.0,0.85,0.85,3.0,M3
70.0,-90.0,850.0,0.85,0.85,3.0,M3
70.0,-85.0,850.0,0.85,0.85,3.0,M3
70.0,-80.0,850.0,0.85,0.85,3.0,M3
70.0,-75.0,850.0,0.85,0.85,2.8369,M3
70.0,-70.0,850.0,0.85,0.85,2.7188,M3
70.0,-65.0,850.0,0.85,0.85,2.631,M3
70.0,-60.0,850.0,0.85,0.85,2.5647,M3
70.0,-55.0,850.0,0.85,0.85,2.5647,M3
70.0,-50.0,850.0,0.85,0.85,2.5647,M3
70.0,-45.0,850.0,0.85,0.85,2.5647,M3
70.0,-40.0,850.0,0.85,0.85,2.5647,M3
70.0,-35.0,850.0,0.85,0.85,2.5647,M3
70.0,-30.0,850.0,0.85,0.85,2.5647,M3
70.0,-25.0,850.0,0.85,0.85,2.5647,M3
70.0,-20.0,850.0,0.85,0.85,2.5647,M3
70.0,-15.0,850.0,0.85,0.85,2.5647,M3
70.0,-10.0,850.0,0.85,0.85,2.5647,M3
70.0,-5.0,850.0,0.85,0.85,2.5647,M3
70.0,0.0,850.0,0.85,0.85,2.5647,M3
70.0,5.0,850.0,0.85,0.85,2.8275,M3
70.0,10.0,850.0,0.85,0.85,3.026,M3
70.0,15.0,850.0,0.85,0.85,3.1795,M3
70.0,20.0,850.0,0.85,0.85,3.2626,M3
70.0,25.0,850.0,0.85,0.85,3.2626,M3
70.0,30.0,850.0,0.85,0.85,3.2626,M3
70.0,35.0,850.0,0.85,0.85,3.2626,M3
70.0,40.0,850.0,0.85,0.85,3.2626,M3
70.0,45.0,850.0,0.85,0.85,3.2626,M3
70.0,50.0,850.0,0.85,0.85,3.2626,M3
70.0,55.0,850.0,0.85,0.85,3.2626,M3
70.0,60.0,850.0,0.85,0.85,3.2626,M3
70.0,65.0,850.0,0.85,0.85,3.3458,M3
70.0,70.0,850.0,0.85,0.85,3.4433,M3
70.0,75.0,850.0,0.85,0.85,3.5581,M4
70.0,80.0,850.0,0.85,0.85,3.6944,M4
70.0,85.0,850.0,0.85,0.85,3.6944,M4
70.0,90.0,850.0,0.85,0.85,3.6944,M4
70.0,95.0,850.0,0.85,0.85,3.6944,M4
70.0,100.0,850.0,0.85,0.85,3.6944,M4
70.0,105.0,850.0,0.85,0.85,3.6944,M4
70.0,110.0,850.0,0.85,0.85,3.6944,M4
70.0,115.0,850.0,0.85,0.85,3.6944,M4
70.0,120.0,850.0,0.85,0.85,3.6944,M4
70.0,125.0,850.0,0.85,0.85,3.6944,M4
70.0,130.0,850.0,0.85,0.85,3.6944,M4
70.0,135.0,850.0,0.85,0.85,3.6944,M4
70.0,140.0,850.0,0.85,0.85,3.6944,M4
70.0,145.0,850.0,0.85,0.85,3.6944,M4
70.0,150.0,850.0,0.85,0.85,3.6944,M4
70.0,155.0,850.0,0.85,0.85,3.6944,M4
70.0,160.0,850.0,0.85,0.85,3.6944,M4
70.0,165.0,850.0,0.85,0.85,3.6944,M4
70.0,170.0,850.0,0.85,0.85,3.6944,M4
70.0,175.0,850.0,0.85,0.85,3.6944,M4
70.0,180.0,850.0,0.85,0.85,3.6944,M4
70.0,185.0,850.0,0.85,0.85,3.6944,M4
70.0,190.0,850.0,0.85,0.85,3.6944,M4
70.0,195.0,850.0,0.85,0.85,3.6944,M4
70.0,200.0,850.0,0.85,0.85,3.6944,M4
70.0,205.0,850.0,0.85,0.85,3.6944,M4
70.0,210.0,850.0,0.85,0.85,3.6944,M4
70.0,215.0,850.0,0.85,0.85,3.6944,M4
70.0,220.0,850.0,0.85,0.85,3.6944,M4
70.0,225.0,850.0,0.85,0.85,3.6944,M4
70.0,230.0,850.0,0.85,0.85,3.6944,M4
70.0,235.0,850.0,0.85,0.85,3.6944,M4
70.0,240.0,850.0,0.85,0.85,3.6944,M4
70.0,245.0,850.0,0.85,0.85,3.6944,M4
70.0,250.0,850.0,0.85,0.85,3.6944,M4
70.0,255.0,850.0,0.85,0.85,3.6944,M4
70.0,260.0,850.0,0.85,0.85,3.6944,M4
70.0,265.0,850.0,0.85,0.85,3.6944,M4
70.0,270.0,850.0,0.85,0.85,3.6944,M4
70.0,275.0,850.0,0.85,0.85,3.6944,M4
70.0,280.0,850.0,0.85,0.85,3.6944,M4
70.0,285.0,850.0,0.85,0.85,3.6944,M4
70.0,290.0,850.0,0.85,0.85,3.6944,M4
70.0,295.0,850.0,0.85,0.85,3.6944,M4
70.0,300.0,850.0,0.85,0.85,3.6944,M4
71.0,-350.0,850.0,0.85,0.85,1.0,M1
71.0,-345.0,850.0,0.85,0.85,1.0,M1
71.0,-340.0,850.0,0.85,0.85,1.0,M1
71.0,-335.0,850.0,0.85,0.85,1.0,M1
71.0,-330.0,850.0,0.85,0.85,1.0,M1
71.0,-325.0,850.0,0.85,0.85,1.0,M1
71.0,-320.0,850.0,0.85,0.85,1.0,M1
71.0,-315.0,850.0,0.85,0.85,1.0,M1
71.0,-310.0,850.0,0.85,0.85,1.0,M1
71.0,-305.0,850.0,0.85,0.85,1.0,M1
71.0,-300.0,850.0,0.85,0.85,1.0,M1
71.0,-295.0,850.0,0.85,0.85,1.0,M1
71.0,-290.0,850.0,0.85,0.85,1.0,M1
71.0,-285.0,850.0,0.85,0.85,1.0,M1
71.0,-280.0,850.0,0.85,0.85,1.0,M1
71.0,-275.0,850.0,0.85,0.85,1.0,M1
71.0,-270.0,850.0,0.85,0.85,1.0,M1
71.0,-265.0,850.0,0.85,0.85,1.0,M1
71.0,-260.0,850.0,0.85,0.85,1.0,M1
71.0,-255.0,850.0,0.85,0.85,1.0,M1
71.0,-250.0,850.0,0.85,0.85,1.0,M1
71.0,-245.0,850.0,0.85,0.85,1.0,M1
71.0,-240.0,850.0,0.85,0.85,1.0,M1
71.0,-235.0,850.0,0.85,0.85,1.0,M1
71.0,-230.0,850.0,0.85,0.85,1.0,M1
71.0,-225.0,850.0,0.85,0.85,1.0,M1
71.0,-220.0,850.0,0.85,0.85,1.0,M1
71.0,-215.0,850.0,0.85,0.85,1.0,M1
71.0,-210.0,850.0,0.85,0.85,1.0,M1
71.0,-205.0,850.0,0.85,0.85,1.0,M1
71.0,-200.0,850.0,0.85,0.85,1.0,M1
71.0,-195.0,850.0,0.85,0.85,1.0,M1
71.0,-190.0,850.0,0.85,0.85,1.0,M1
71.0,-185.0,850.0,0.85,0.85,1.0,M1
71.0,-180.0,850.0,0.85,0.85,1.0,M1
71.0,-175.0,850.0,0.85,0.85,1.3337,M1
71.0,-170.0,850.0,0.85,0.85,1.5789,M2
71.0,-165.0,850.0,0.85,0.85,1.7709,M2
71.0,-160.0,850.0,0.85,0.85,1.9293,M2
71.0,-155.0,850.0,0.85,0.85,2.0514,M2
71.0,-150.0,850.0,0.85,0.85,2.113,M2
71.0,-145.0,850.0,0.85,0.85,2.188,M2
71.0,-140.0,850.0,0.85,0.85,2.28,M2
71.0,-135.0,850.0,0.85,0.85,2.3952,M2
71.0,-130.0,850.0,0.85,0.85,2.5422,M3
71.0,-125.0,850.0,0.85,0.85,2.7357,M3
71.0,-120.0,850.0,0.85,0.85,3.0,M3
71.0,-115.0,850.0,0.85,0.85,3.0,M3
71.0,-110.0,850.0,0.85,0.85,3.0,M3
71.0,-105.0,850.0,0.85,0.85,3.0,M3
71.0,-100.0,850.0,0.85,0.85,3.0,M3
71.0,-95.0,850.0,0.85,0.85,3.0,M3
71.0,-90.0,850.0,0.85,0.85,3.0,M3
71.0,-85.0,850.0,0.85,0.85,3.0,M3
71.0,-80.0,850.0,0.85,0.85,3.0,M3
71.0,-75.0,850.0,0.85,0.85,2.8558,M3
71.0,-70.0,850.0,0.85,0.85,2.7478,M3
71.0,-65.0,850.0,0.85,0.85,2.6653,M3
71.0,-60.0,850.0,0.85,0.85,2.6512,M3
71.0,-55.0,850.0,0.85,0.85,2.6512,M3
71.0,-50.0,850.0,0.85,0.85,2.6512,M3
71.0,-45.0,850.0,0.85,0.85,2.6512,M3
71.0,-40.0,850.0,0.85,0.85,2.6512,M3
71.0,-35.0,850.0,0.85,0.85,2.6512,M3
71.0,-30.0,850.0,0.85,0.85,2.6512,M3
71.0,-25.0,850.0,0.85,0.85,2.6512,M3
71.0,-20.0,850.0,0.85,0.85,2.6512,M3
71.0,-15.0,850.0,0.85,0.85,2.6512,M3
71.0,-10.0,850.0,0.85,0.85,2.6512,M3
71.0,-5.0,850.0,0.85,0.85,2.6512,M3
71.0,0.0,850.0,0.85,0.85,2.6512,M3
71.0,5.0,850.0,0.85,0.85,2.8982,M3
71.0,10.0,850.0,0.85,0.85,3.0852,M3
71.0,15.0,850.0,0.85,0.85,3.2049,M3
71.0,20.0,850.0,0.85,0.85,3.2888,M3
71.0,25.0,850.0,0.85,0.85,3.3469,M3
71.0,30.0,850.0,0.85,0.85,3.3469,M3
71.0,35.0,850.0,0.85,0.85,3.3469,M3
71.0,40.0,850.0,0.85,0.85,3.3469,M3
71.0,45.0,850.0,0.85,0.85,3.3469,M3
71.0,50.0,850.0,0.85,0.85,3.3469,M3
71.0,55.0,850.0,0.85,0.85,3.3469,M3
71.0,60.0,850.0,0.85,0.85,3.3469,M3
71.0,65.0,850.0,0.85,0.85,3.3637,M3
71.0,70.0,850.0,0.85,0.85,3.4556,M3
71.0,75.0,850.0,0.85,0.85,3.5628,M4
71.0,80.0,850.0,0.85,0.85,3.6887,M4
71.0,85.0,850.0,0.85,0.85,3.6887,M4
71.0,90.0,850.0,0.85,0.85,3.6887,M4
71.0,95.0,850.0,0.85,0.85,3.6887,M4
71.0,100.0,850.0,0.85,0.85,3.6887,M4
71.0,105.0,850.0,0.85,0.85,3.6887,M4
71.0,110.0,850.0,0.85,0.85,3.6887,M4
71.0,115.0,850.0,0.85,0.85,3.6887,M4
71.0,120.0,850.0,0.85,0.85,3.6887,M4
71.0,125.0,850.0,0.85,0.85,3.6887,M4
71.0,130.0,850.0,0.85,0.85,3.6887,M4
71.0,135.0,850.0,0.85,0.85,3.6887,M4
71.0,140.0,850.0,0.85,0.85,3.6887,M4
71.0,145.0,850.0,0.85,0.85,3.6887,M4
71.0,150.0,850.0,0.85,0.85,3.6887,M4
71.0,155.0,850.0,0.85,0.85,3.6887,M4
71.0,160.0,850.0,0.85,0.85,3.6887,M4
71.0,165.0,850.0,0.85,0.85,3.6887,M4
71.0,170.0,850.0,0.85,0.85,3.6887,M4
71.0,175.0,850.0,0.85,0.85,3.6887,M4
71.0,180.0,850.0,0.85,0.85,3.6887,M4
71.0,185.0,850.0,0.85,0.85,3.6887,M4
71.0,190.0,850.0,0.85,0.85,3.6887,M4
71.0,195.0,850.0,0.85,0.85,3.6887,M4
71.0,200.0,850.0,0.85,0.85,3.6887,M4
71.0,205.0,850.0,0.85,0.85,3.6887,M4
71.0,210.0,850.0,0.85,0.85,3.6887,M4
71.0,215.0,850.0,0.85,0.85,3.6887,M4
71.0,220.0,850.0,0.85,0.85,3.6887,M4
71.0,225.0,850.0,0.85,0.85,3.6887,M4
71.0,230.0,850.0,0.85,0.85,3.6887,M4
71.0,235.0,850.0,0.85,0.85,3.6887,M4
71.0,240.0,850.0,0.85,0.85,3.6887,M4
71.0,245.0,850.0,0.85,0.85,3.6887,M4
71.0,250.0,850.0,0.85,0.85,3.6887,M4
71.0,255.0,850.0,0.85,0.85,3.6887,M4
71.0,260.0,850.0,0.85,0.85,3.6887,M4
71.0,265.0,850.0,0.85,0.85,3.6887,M4
71.0,270.0,850.0,0.85,0.85,3.6887,M4
71.0,275.0,850.0,0.85,0.85,3.6887,M4
71.0,280.0,850.0,0.85,0.85,3.6887,M4
71.0,285.0,850.0,0.85,0.85,3.6887,M4
71.0,290.0,850.0,0.85,0.85,3.6887,M4
71.0,295.0,850.0,0.85,0.85,3.6887,M4
71.0,300.0,850.0,0.85,0.85,3.6887,M4
72.0,-350.0,850.0,0.85,0.85,1.0,M1
72.0,-345.0,850.0,0.85,0.85,1.0,M1
72.0,-340.0,850.0,0.85,0.85,1.0,M1
72.0,-335.0,850.0,0.85,0.85,1.0,M1
72.0,-330.0,850.0,0.85,0.85,1.0,M1
72.0,-325.0,850.0,0.85,0.85,1.0,M1
72.0,-320.0,850.0,0.85,0.85,1.0,M1
72.0,-315.0,850.0,0.85,0.85,1.0,M1
72.0,-310.0,850.0,0.85,0.85,1.0,M1
72.0,-305.0,850.0,0.85,0.85,1.0,M1
72.0,-300.0,850.0,0.85,0.85,1.0,M1
72.0,-295.0,850.0,0.85,0.85,1.0,M1
72.0,-290.0,850.0,0.85,0.85,1.0,M1
72.0,-285.0,850.0,0.85,0.85,1.0,M1
72.0,-280.0,850.0,0.85,0.85,1.0,M1
72.0,-275.0,850.0,0.85,0.85,1.0,M1
72.0,-270.0,850.0,0.85,0.85,1.0,M1
72.0,-265.0,850.0,0.85,0.85,1.0,M1
72.0,-260.0,850.0,0.85,0.85,1.0,M1
72.0,-255.0,850.0,0.85,0.85,1.0,M1
72.0,-250.0,850.0,0.85,0.85,1.0,M1
72.0,-245.0,850.0,0.85,0.85,1.0,M1
72.0,-240.0,850.0,0.85,0.85,1.0,M1
72.0,-235.0,850.0,0.85,0.85,1.0,M1
72.0,-230.0,850.0,0.85,0.85,1.0,M1
72.0,-225.0,850.0,0.85,0.85,1.0,M1
72.0,-220.0,850.0,0.85,0.85,1.0,M1
72.0,-215.0,850.0,0.85,0.85,1.0,M1
72.0,-210.0,850.0,0.85,0.85,1.0,M1
72.0,-205.0,850.0,0.85,0.85,1.0,M1
72.0,-200.0,850.0,0.85,0.85,1.0,M1
72.0,-195.0,850.0,0.85,0.85,1.0,M1
72.0,-190.0,850.0,0.85,0.85,1.0,M1
72.0,-185.0,850.0,0.85,0.85,1.0,M1
72.0,-180.0,850.0,0.85,0.85,1.0,M1
72.0,-175.0,850.0,0.85,0.85,1.3337,M1
72.0,-170.0,850.0,0.85,0.85,1.5789,M2
72.0,-165.0,850.0,0.85,0.85,1.7709,M2
72.0,-160.0,850.0,0.85,0.85,1.9293,M2
72.0,-155.0,850.0,0.85,0.85,2.0665,M2
72.0,-150.0,850.0,0.85,0.85,2.1677,M2
72.0,-145.0,850.0,0.85,0.85,2.2412,M2
72.0,-140.0,850.0,0.85,0.85,2.3306,M2
72.0,-135.0,850.0,0.85,0.85,2.4412,M2
72.0,-130.0,850.0,0.85,0.85,2.5803,M3
72.0,-125.0,850.0,0.85,0.85,2.7603,M3
72.0,-120.0,850.0,0.85,0.85,3.0,M3
72.0,-115.0,850.0,0.85,0.85,3.0,M3
72.0,-110.0,850.0,0.85,0.85,3.0,M3
72.0,-105.0,850.0,0.85,0.85,3.0,M3
72.0,-100.0,850.0,0.85,0.85,3.0,M3
72.0,-95.0,850.0,0.85,0.85,3.0,M3
72.0,-90.0,850.0,0.85,0.85,3.0,M3
72.0,-85.0,850.0,0.85,0.85,3.0,M3
72.0,-80.0,850.0,0.85,0.85,3.0,M3
72.0,-75.0,850.0,0.85,0.85,2.8693,M3
72.0,-70.0,850.0,0.85,0.85,2.7691,M3
72.0,-65.0,850.0,0.85,0.85,2.7356,M3
72.0,-60.0,850.0,0.85,0.85,2.7356,M3
72.0,-55.0,850.0,0.85,0.85,2.7356,M3
72.0,-50.0,850.0,0.85,0.85,2.7356,M3
72.0,-45.0,850.0,0.85,0.85,2.7356,M3
72.0,-40.0,850.0,0.85,0.85,2.7356,M3
72.0,-35.0,850.0,0.85,0.85,2.7356,M3
72.0,-30.0,850.0,0.85,0.85,2.7356,M3
72.0,-25.0,850.0,0.85,0.85,2.7356,M3
72.0,-20.0,850.0,0.85,0.85,2.7356,M3
72.0,-15.0,850.0,0.85,0.85,2.7356,M3
72.0,-10.0,850.0,0.85,0.85,2.7356,M3
72.0,-5.0,850.0,0.85,0.85,2.7356,M3
72.0,0.0,850.0,0.85,0.85,2.7356,M3
72.0,5.0,850.0,0.85,0.85,2.9693,M3
72.0,10.0,850.0,0.85,0.85,3.137,M3
72.0,15.0,850.0,0.85,0.85,3.2374,M3
72.0,20.0,850.0,0.85,0.85,3.3218,M3
72.0,25.0,850.0,0.85,0.85,3.3936,M3
72.0,30.0,850.0,0.85,0.85,3.4318,M3
72.0,35.0,850.0,0.85,0.85,3.4318,M3
72.0,40.0,850.0,0.85,0.85,3.4318,M3
72.0,45.0,850.0,0.85,0.85,3.4318,M3
72.0,50.0,850.0,0.85,0.85,3.4318,M3
72.0,55.0,850.0,0.85,0.85,3.4318,M3
72.0,60.0,850.0,0.85,0.85,3.4318,M3
72.0,65.0,850.0,0.85,0.85,3.4318,M3
72.0,70.0,850.0,0.85,0.85,3.4683,M3
72.0,75.0,850.0,0.85,0.85,3.5696,M4
72.0,80.0,850.0,0.85,0.85,3.6874,M4
72.0,85.0,850.0,0.85,0.85,3.6874,M4
72.0,90.0,850.0,0.85,0.85,3.6874,M4
72.0,95.0,850.0,0.85,0.85,3.6874,M4
72.0,100.0,850.0,0.85,0.85,3.6874,M4
72.0,105.0,850.0,0.85,0.85,3.6874,M4
72.0,110.0,850.0,0.85,0.85,3.6874,M4
72.0,115.0,850.0,0.85,0.85,3.6874,M4
72.0,120.0,850.0,0.85,0.85,3.6874,M4
72.0,125.0,850.0,0.85,0.85,3.6874,M4
72.0,130.0,850.0,0.85,0.85,3.6874,M4
72.0,135.0,850.0,0.85,0.85,3.6874,M4
72.0,140.0,850.0,0.85,0.85,3.6874,M4
72.0,145.0,850.0,0.85,0.85,3.6874,M4
72.0,150.0,850.0,0.85,0.85,3.6874,M4
72.0,155.0,850.0,0.85,0.85,3.6874,M4
72.0,160.0,850.0,0.85,0.85,3.6874,M4
72.0,165.0,850.0,0.85,0.85,3.6874,M4
72.0,170.0,850.0,0.85,0.85,3.6874,M4
72.0,175.0,850.0,0.85,0.85,3.6874,M4
72.0,180.0,850.0,0.85,0.85,3.6874,M4
72.0,185.0,850.0,0.85,0.85,3.6874,M4
72.0,190.0,850.0,0.85,0.85,3.6874,M4
72.0,195.0,850.0,0.85,0.85,3.6874,M4
72.0,200.0,850.0,0.85,0.85,3.6874,M4
72.0,205.0,850.0,0.85,0.85,3.6874,M4
72.0,210.0,850.0,0.85,0.85,3.6874,M4
72.0,215.0,850.0,0.85,0.85,3.6874,M4
72.0,220.0,850.0,0.85,0.85,3.6874,M4
72.0,225.0,850.0,0.85,0.85,3.6874,M4
72.0,230.0,850.0,0.85,0.85,3.6874,M4
72.0,235.0,850.0,0.85,0.85,3.6874,M4
72.0,240.0,850.0,0.85,0.85,3.6874,M4
72.0,245.0,850.0,0.85,0.85,3.6874,M4
72.0,250.0,850.0,0.85,0.85,3.6874,M4
72.0,255.0,850.0,0.85,0.85,3.6874,M4
72.0,260.0,850.0,0.85,0.85,3.6874,M4
72.0,265.0,850.0,0.85,0.85,3.6874,M4
72.0,270.0,850.0,0.85,0.85,3.6874,M4
72.0,275.0,850.0,0.85,0.85,3.6874,M4
72.0,280.0,850.0,0.85,0.85,3.6874,M4
72.0,285.0,850.0,0.85,0.85,3.6874,M4
72.0,290.0,850.0,0.85,0.85,3.6874,M4
72.0,295.0,850.0,0.85,0.85,3.6874,M4
72.0,300.0,850.0,0.85,0.85,3.6874,M4
73.0,-350.0,850.0,0.85,0.85,1.0,M1
73.0,-345.0,850.0,0.85,0.85,1.0,M1
73.0,-340.0,850.0,0.85,0.85,1.0,M1
73.0,-335.0,850.0,0.85,0.85,1.0,M1
73.0,-330.0,850.0,0.85,0.85,1.0,M1
73.0,-325.0,850.0,0.85,0.85,1.0,M1
73.0,-320.0,850.0,0.85,0.85,1.0,M1
73.0,-315.0,850.0,0.85,0.85,1.0,M1
73.0,-310.0,850.0,0.85,0.85,1.0,M1
73.0,-305.0,850.0,0.85,0.85,1.0,M1
73.0,-300.0,850.0,0.85,0.85,1.0,M1
73.0,-295.0,850.0,0.85,0.85,1.0,M1
73.0,-290.0,850.0,0.85,0.85,1.0,M1
73.0,-285.0,850.0,0.85,0.85,1.0,M1
73.0,-280.0,850.0,0.85,0.85,1.0,M1
73.0,-275.0,850.0,0.85,0.85,1.0,M1
73.0,-270.0,850.0,0.85,0.85,1.0,M1
73.0,-265.0,850.0,0.85,0.85,1.0,M1
73.0,-260.0,850.0,0.85,0.85,1.0,M1
73.0,-255.0,850.0,0.85,0.85,1.0,M1
73.0,-250.0,850.0,0.85,0.85,1.0,M1
73.0,-245.0,850.0,0.85,0.85,1.0,M1
73.0,-240.0,850.0,0.85,0.85,1.0,M1
73.0,-235.0,850.0,0.85,0.85,1.0,M1
73.0,-230.0,850.0,0.85,0.85,1.0,M1
73.0,-225.0,850.0,0.85,0.85,1.0,M1
73.0,-220.0,850.0,0.85,0.85,1.0,M1
73.0,-215.0,850.0,0.85,0.85,1.0,M1
73.0,-210.0,850.0,0.85,0.85,1.0,M1
73.0,-205.0,850.0,0.85,0.85,1.0,M1
73.0,-200.0,850.0,0.85,0.85,1.0,M1
73.0,-195.0,850.0,0.85,0.85,1.0,M1
73.0,-190.0,850.0,0.85,0.85,1.0,M1
73.0,-185.0,850.0,0.85,0.85,1.0,M1
73.0,-180.0,850.0,0.85,0.85,1.0,M1
73.0,-175.0,850.0,0.85,0.85,1.3337,M1
73.0,-170.0,850.0,0.85,0.85,1.5789,M2
73.0,-165.0,850.0,0.85,0.85,1.7709,M2
73.0,-160.0,850.0,0.85,0.85,1.9293,M2
73.0,-155.0,850.0,0.85,0.85,2.0665,M2
73.0,-150.0,850.0,0.85,0.85,2.1905,M2
73.0,-145.0,850.0,0.85,0.85,2.2827,M2
73.0,-140.0,850.0,0.85,0.85,2.3696,M2
73.0,-135.0,850.0,0.85,0.85,2.4763,M2
73.0,-130.0,850.0,0.85,0.85,2.6091,M3
73.0,-125.0,850.0,0.85,0.85,2.7784,M3
73.0,-120.0,850.0,0.85,0.85,3.0,M3
73.0,-115.0,850.0,0.85,0.85,3.0,M3
73.0,-110.0,850.0,0.85,0.85,3.0,M3
73.0,-105.0,850.0,0.85,0.85,3.0,M3
73.0,-100.0,850.0,0.85,0.85,3.0,M3
73.0,-95.0,850.0,0.85,0.85,3.0,M3
73.0,-90.0,850.0,0.85,0.85,3.0,M3
73.0,-85.0,850.0,0.85,0.85,3.0,M3
73.0,-80.0,850.0,0.85,0.85,3.0,M3
73.0,-75.0,850.0,0.85,0.85,2.8793,M3
73.0,-70.0,850.0,0.85,0.85,2.8201,M3
73.0,-65.0,850.0,0.85,0.85,2.8201,M3
73.0,-60.0,850.0,0.85,0.85,2.8201,M3
73.0,-55.0,850.0,0.85,0.85,2.8201,M3
73.0,-50.0,850.0,0.85,0.85,2.8201,M3
73.0,-45.0,850.0,0.85,0.85,2.8201,M3
73.0,-40.0,850.0,0.85,0.85,2.8201,M3
73.0,-35.0,850.0,0.85,0.85,2.8201,M3
73.0,-30.0,850.0,0.85,0.85,2.8201,M3
73.0,-25.0,850.0,0.85,0.85,2.8201,M3
73.0,-20.0,850.0,0.85,0.85,2.8201,M3
73.0,-15.0,850.0,0.85,0.85,2.8201,M3
73.0,-10.0,850.0,0.85,0.85,2.8201,M3
73.0,-5.0,850.0,0.85,0.85,2.8201,M3
73.0,0.0,850.0,0.85,0.85,2.8201,M3
73.0,5.0,850.0,0.85,0.85,3.0425,M3
73.0,10.0,850.0,0.85,0.85,3.1762,M3
73.0,15.0,850.0,0.85,0.85,3.2777,M3
73.0,20.0,850.0,0.85,0.85,3.3625,M3
73.0,25.0,850.0,0.85,0.85,3.4345,M3
73.0,30.0,850.0,0.85,0.85,3.4962,M3
73.0,35.0,850.0,0.85,0.85,3.5184,M4
73.0,40.0,850.0,0.85,0.85,3.5184,M4
73.0,45.0,850.0,0.85,0.85,3.5184,M4
73.0,50.0,850.0,0.85,0.85,3.5184,M4
73.0,55.0,850.0,0.85,0.85,3.5184,M4
73.0,60.0,850.0,0.85,0.85,3.5184,M4
73.0,65.0,850.0,0.85,0.85,3.5184,M4
73.0,70.0,850.0,0.85,0.85,3.5184,M4
73.0,75.0,850.0,0.85,0.85,3.578,M4
73.0,80.0,850.0,0.85,0.85,3.6896,M4
73.0,85.0,850.0,0.85,0.85,3.6896,M4
73.0,90.0,850.0,0.85,0.85,3.6896,M4
73.0,95.0,850.0,0.85,0.85,3.6896,M4
73.0,100.0,850.0,0.85,0.85,3.6896,M4
73.0,105.0,850.0,0.85,0.85,3.6896,M4
73.0,110.0,850.0,0.85,0.85,3.6896,M4
73.0,115.0,850.0,0.85,0.85,3.6896,M4
73.0,120.0,850.0,0.85,0.85,3.6896,M4
73.0,125.0,850.0,0.85,0.85,3.6896,M4
73.0,130.0,850.0,0.85,0.85,3.6896,M4
73.0,135.0,850.0,0.85,0.85,3.6896,M4
73.0,140.0,850.0,0.85,0.85,3.6896,M4
73.0,145.0,850.0,0.85,0.85,3.6896,M4
73.0,150.0,850.0,0.85,0.85,3.6896,M4
73.0,155.0,850.0,0.85,0.85,3.6896,M4
73.0,160.0,850.0,0.85,0.85,3.6896,M4
73.0,165.0,850.0,0.85,0.85,3.6896,M4
73.0,170.0,850.0,0.85,0.85,3.6896,M4
73.0,175.0,850.0,0.85,0.85,3.6896,M4
73.0,180.0,850.0,0.85,0.85,3.6896,M4
73.0,185.0,850.0,0.85,0.85,3.6896,M4
73.0,190.0,850.0,0.85,0.85,3.6896,M4
73.0,195.0,850.0,0.85,0.85,3.6896,M4
73.0,200.0,850.0,0.85,0.85,3.6896,M4
73.0,205.0,850.0,0.85,0.85,3.6896,M4
73.0,210.0,850.0,0.85,0.85,3.6896,M4
73.0,215.0,850.0,0.85,0.85,3.6896,M4
73.0,220.0,850.0,0.85,0.85,3.6896,M4
73.0,225.0,850.0,0.85,0.85,3.6896,M4
73.0,230.0,850.0,0.85,0.85,3.6896,M4
73.0,235.0,850.0,0.85,0.85,3.6896,M4
73.0,240.0,850.0,0.85,0.85,3.6896,M4
73.0,245.0,850.0,0.85,0.85,3.6896,M4
73.0,250.0,850.0,0.85,0.85,3.6896,M4
73.0,255.0,850.0,0.85,0.85,3.6896,M4
73.0,260.0,850.0,0.85,0.85,3.6896,M4
73.0,265.0,850.0,0.85,0.85,3.6896,M4
73.0,270.0,850.0,0.85,0.85,3.6896,M4
73.0,275.0,850.0,0.85,0.85,3.6896,M4
73.0,280.0,850.0,0.85,0.85,3.6896,M4
73.0,285.0,850.0,0.85,0.85,3.6896,M4
73.0,290.0,850.0,0.85,0.85,3.6896,M4
73.0,295.0,850.0,0.85,0.85,3.6896,M4
73.0,300.0,850.0,0.85,0.85,3.6896,M4
74.0,-350.0,850.0,0.85,0.85,1.0,M1
74.0,-345.0,850.0,0.85,0.85,1.0,M1
74.0,-340.0,850.0,0.85,0.85,1.0,M1
74.0,-335.0,850.0,0.85,0.85,1.0,M1
74.0,-330.0,850.0,0.85,0.85,1.0,M1
74.0,-325.0,850.0,0.85,0.85,1.0,M1
74.0,-320.0,850.0,0.85,0.85,1.0,M1
74.0,-315.0,850.0,0.85,0.85,1.0,M1
74.0,-310.0,850.0,0.85,0.85,1.0,M1
74.0,-305.0,850.0,0.85,0.85,1.0,M1
74.0,-300.0,850.0,0.85,0.85,1.0,M1
74.0,-295.0,850.0,0.85,0.85,1.0,M1
74.0,-290.0,850.0,0.85,0.85,1.0,M1
74.0,-285.0,850.0,0.85,0.85,1.0,M1
74.0,-280.0,850.0,0.85,0.85,1.0,M1
74.0,-275.0,850.0,0.85,0.85,1.0,M1
74.0,-270.0,850.0,0.85,0.85,1.0,M1
74.0,-265.0,850.0,0.85,0.85,1.0,M1
74.0,-260.0,850.0,0.85,0.85,1.0,M1
74.0,-255.0,850.0,0.85,0.85,1.0,M1
74.0,-250.0,850.0,0.85,0.85,1.0,M1
74.0,-245.0,850.0,0.85,0.85,1.0,M1
74.0,-240.0,850.0,0.85,0.85,1.0,M1
74.0,-235.0,850.0,0.85,0.85,1.0,M1
74.0,-230.0,850.0,0.85,0.85,1.0,M1
74.0,-225.0,850.0,0.85,0.85,1.0,M1
74.0,-220.0,850.0,0.85,0.85,1.0,M1
74.0,-215.0,850.0,0.85,0.85,1.0,M1
74.0,-210.0,850.0,0.85,0.85,1.0,M1
74.0,-205.0,850.0,0.85,0.85,1.0,M1
74.0,-200.0,850.0,0.85,0.85,1.0,M1
74.0,-195.0,850.0,0.85,0.85,1.0,M1
74.0,-190.0,850.0,0.85,0.85,1.0,M1
74.0,-185.0,850.0,0.85,0.85,1.0,M1
74.0,-180.0,850.0,0.85,0.85,1.0,M1
74.0,-175.0,850.0,0.85,0.85,1.3337,M1
74.0,-170.0,850.0,0.85,0.85,1.5789,M2
74.0,-165.0,850.0,0.85,0.85,1.7709,M2
74.0,-160.0,850.0,0.85,0.85,1.9293,M2
74.0,-155.0,850.0,0.85,0.85,2.0665,M2
74.0,-150.0,850.0,0.85,0.85,2.1905,M2
74.0,-145.0,850.0,0.85,0.85,2.3077,M2
74.0,-140.0,850.0,0.85,0.85,2.4,M2
74.0,-135.0,850.0,0.85,0.85,2.5034,M3
74.0,-130.0,850.0,0.85,0.85,2.6311,M3
74.0,-125.0,850.0,0.85,0.85,2.7921,M3
74.0,-120.0,850.0,0.85,0.85,3.0,M3
74.0,-115.0,850.0,0.85,0.85,3.0,M3
74.0,-110.0,850.0,0.85,0.85,3.0,M3
74.0,-105.0,850.0,0.85,0.85,3.0,M3
74.0,-100.0,850.0,0.85,0.85,3.0,M3
74.0,-95.0,850.0,0.85,0.85,3.0,M3
74.0,-90.0,850.0,0.85,0.85,3.0,M3
74.0,-85.0,850.0,0.85,0.85,3.0,M3
74.0,-80.0,850.0,0.85,0.85,3.0,M3
74.0,-75.0,850.0,0.85,0.85,2.9074,M3
74.0,-70.0,850.0,0.85,0.85,2.9074,M3
74.0,-65.0,850.0,0.85,0.85,2.9074,M3
74.0,-60.0,850.0,0.85,0.85,2.9074,M3
74.0,-55.0,850.0,0.85,0.85,2.9074,M3
74.0,-50.0,850.0,0.85,0.85,2.9074,M3
74.0,-45.0,850.0,0.85,0.85,2.9074,M3
74.0,-40.0,850.0,0.85,0.85,2.9074,M3
74.0,-35.0,850.0,0.85,0.85,2.9074,M3
74.0,-30.0,850.0,0.85,0.85,2.9074,M3
74.0,-25.0,850.0,0.85,0.85,2.9074,M3
74.0,-20.0,850.0,0.85,0.85,2.9074,M3
74.0,-15.0,850.0,0.85,0.85,2.9074,M3
74.0,-10.0,850.0,0.85,0.85,2.9074,M3
74.0,-5.0,850.0,0.85,0.85,2.9074,M3
74.0,0.0,850.0,0.85,0.85,2.9074,M3
74.0,5.0,850.0,0.85,0.85,3.1004,M3
74.0,10.0,850.0,0.85,0.85,3.2253,M3
74.0,15.0,850.0,0.85,0.85,3.3274,M3
74.0,20.0,850.0,0.85,0.85,3.4125,M3
74.0,25.0,850.0,0.85,0.85,3.4843,M3
74.0,30.0,850.0,0.85,0.85,3.5456,M4
74.0,35.0,850.0,0.85,0.85,3.6038,M4
74.0,40.0,850.0,0.85,0.85,3.6081,M4
74.0,45.0,850.0,0.85,0.85,3.6081,M4
74.0,50.0,850.0,0.85,0.85,3.6081,M4
74.0,55.0,850.0,0.85,0.85,3.6081,M4
74.0,60.0,850.0,0.85,0.85,3.6081,M4
74.0,65.0,850.0,0.85,0.85,3.6081,M4
74.0,70.0,850.0,0.85,0.85,3.6081,M4
74.0,75.0,850.0,0.85,0.85,3.6081,M4
74.0,80.0,850.0,0.85,0.85,3.6946,M4
74.0,85.0,850.0,0.85,0.85,3.6946,M4
74.0,90.0,850.0,0.85,0.85,3.6946,M4
74.0,95.0,850.0,0.85,0.85,3.6946,M4
74.0,100.0,850.0,0.85,0.85,3.6946,M4
74.0,105.0,850.0,0.85,0.85,3.6946,M4
74.0,110.0,850.0,0.85,0.85,3.6946,M4
74.0,115.0,850.0,0.85,0.85,3.6946,M4
74.0,120.0,850.0,0.85,0.85,3.6946,M4
74.0,125.0,850.0,0.85,0.85,3.6946,M4
74.0,130.0,850.0,0.85,0.85,3.6946,M4
74.0,135.0,850.0,0.85,0.85,3.6946,M4
74.0,140.0,850.0,0.85,0.85,3.6946,M4
74.0,145.0,850.0,0.85,0.85,3.6946,M4
74.0,150.0,850.0,0.85,0.85,3.6946,M4
74.0,155.0,850.0,0.85,0.85,3.6946,M4
74.0,160.0,850.0,0.85,0.85,3.6946,M4
74.0,165.0,850.0,0.85,0.85,3.6946,M4
74.0,170.0,850.0,0.85,0.85,3.6946,M4
74.0,175.0,850.0,0.85,0.85,3.6946,M4
74.0,180.0,850.0,0.85,0.85,3.6946,M4
74.0,185.0,850.0,0.85,0.85,3.6946,M4
74.0,190.0,850.0,0.85,0.85,3.6946,M4
74.0,195.0,850.0,0.85,0.85,3.6946,M4
74.0,200.0,850.0,0.85,0.85,3.6946,M4
74.0,205.0,850.0,0.85,0.85,3.6946,M4
74.0,210.0,850.0,0.85,0.85,3.6946,M4
74.0,215.0,850.0,0.85,0.85,3.6946,M4
74.0,220.0,850.0,0.85,0.85,3.6946,M4
74.0,225.0,850.0,0.85,0.85,3.6946,M4
74.0,230.0,850.0,0.85,0.85,3.6946,M4
74.0,235.0,850.0,0.85,0.85,3.6946,M4
74.0,240.0,850.0,0.85,0.85,3.6946,M4
74.0,245.0,850.0,0.85,0.85,3.6946,M4
74.0,250.0,850.0,0.85,0.85,3.6946,M4
74.0,255.0,850.0,0.85,0.85,3.6946,M4
74.0,260.0,850.0,0.85,0.85,3.6946,M4
74.0,265.0,850.0,0.85,0.85,3.6946,M4
74.0,270.0,850.0,0.85,0.85,3.6946,M4
74.0,275.0,850.0,0.85,0.85,3.6946,M4
74.0,280.0,850.0,0.85,0.85,3.6946,M4
74.0,285.0,850.0,0.85,0.85,3.6946,M4
74.0,290.0,850.0,0.85,0.85,3.6946,M4
74.0,295.0,850.0,0.85,0.85,3.6946,M4
74.0,300.0,850.0,0.85,0.85,3.6946,M4
75.0,-350.0,850.0,0.85,0.85,1.0,M1
75.0,-345.0,850.0,0.85,0.85,1.0,M1
75.0,-340.0,850.0,0.85,0.85,1.0,M1
75.0,-335.0,850.0,0.85,0.85,1.0,M1
75.0,-330.0,850.0,0.85,0.85,1.0,M1
75.0,-325.0,850.0,0.85,0.85,1.0,M1
75.0,-320.0,850.0,0.85,0.85,1.0,M1
75.0,-315.0,850.0,0.85,0.85,1.0,M1
75.0,-310.0,850.0,0.85,0.85,1.0,M1
75.0,-305.0,850.0,0.85,0.85,1.0,M1
75.0,-300.0,850.0,0.85,0.85,1.0,M1
75.0,-295.0,850.0,0.85,0.85,1.0,M1
75.0,-290.0,850.0,0.85,0.85,1.0,M1
75.0,-285.0,850.0,0.85,0.85,1.0,M1
75.0,-280.0,850.0,0.85,0.85,1.0,M1
75.0,-275.0,850.0,0.85,0.85,1.0,M1
75.0,-270.0,850.0,0.85,0.85,1.0,M1
75.0,-265.0,850.0,0.85,0.85,1.0,M1
75.0,-260.0,850.0,0.85,0.85,1.0,M1
75.0,-255.0,850.0,0.85,0.85,1.0,M1
75.0,-250.0,850.0,0.85,0.85,1.0,M1
75.0,-245.0,850.0,0.85,0.85,1.0,M1
75.0,-240.0,850.0,0.85,0.85,1.0,M1
75.0,-235.0,850.0,0.85,0.85,1.0,M1
75.0,-230.0,850.0,0.85,0.85,1.0,M1
75.0,-225.0,850.0,0.85,0.85,1.0,M1
75.0,-220.0,850.0,0.85,0.85,1.0,M1
75.0,-215.0,850.0,0.85,0.85,1.0,M1
75.0,-210.0,850.0,0.85,0.85,1.0,M1
75.0,-205.0,850.0,0.85,0.85,1.0,M1
75.0,-200.0,850.0,0.85,0.85,1.0,M1
75.0,-195.0,850.0,0.85,0.85,1.0,M1
75.0,-190.0,850.0,0.85,0.85,1.0,M1
75.0,-185.0,850.0,0.85,0.85,1.0,M1
75.0,-180.0,850.0,0.85,0.85,1.0,M1
75.0,-175.0,850.0,0.85,0.85,1.3337,M1
75.0,-170.0,850.0,0.85,0.85,1.5789,M2
75.0,-165.0,850.0,0.85,0.85,1.7709,M2
75.0,-160.0,850.0,0.85,0.85,1.9293,M2
75.0,-155.0,850.0,0.85,0.85,2.0665,M2
75.0,-150.0,850.0,0.85,0.85,2.1905,M2
75.0,-145.0,850.0,0.85,0.85,2.3077,M2
75.0,-140.0,850.0,0.85,0.85,2.4235,M2
75.0,-135.0,850.0,0.85,0.85,2.5242,M3
75.0,-130.0,850.0,0.85,0.85,2.6478,M3
75.0,-125.0,850.0,0.85,0.85,2.8024,M3
75.0,-120.0,850.0,0.85,0.85,3.0,M3
75.0,-115.0,850.0,0.85,0.85,3.0,M3
75.0,-110.0,850.0,0.85,0.85,3.0,M3
75.0,-105.0,850.0,0.85,0.85,3.0,M3
75.0,-100.0,850.0,0.85,0.85,3.0,M3
75.0,-95.0,850.0,0.85,0.85,3.0,M3
75.0,-90.0,850.0,0.85,0.85,3.0,M3
75.0,-85.0,850.0,0.85,0.85,3.0,M3
75.0,-80.0,850.0,0.85,0.85,3.0,M3
75.0,-75.0,850.0,0.85,0.85,3.0,M3
75.0,-70.0,850.0,0.85,0.85,3.0,M3
75.0,-65.0,850.0,0.85,0.85,3.0,M3
75.0,-60.0,850.0,0.85,0.85,3.0,M3
75.0,-55.0,850.0,0.85,0.85,3.0,M3
75.0,-50.0,850.0,0.85,0.85,3.0,M3
75.0,-45.0,850.0,0.85,0.85,3.0,M3
75.0,-40.0,850.0,0.85,0.85,3.0,M3
75.0,-35.0,850.0,0.85,0.85,3.0,M3
75.0,-30.0,850.0,0.85,0.85,3.0,M3
75.0,-25.0,850.0,0.85,0.85,3.0,M3
75.0,-20.0,850.0,0.85,0.85,3.0,M3
75.0,-15.0,850.0,0.85,0.85,3.0,M3
75.0,-10.0,850.0,0.85,0.85,3.0,M3
75.0,-5.0,850.0,0.85,0.85,3.0,M3
75.0,0.0,850.0,0.85,0.85,3.0,M3
75.0,5.0,850.0,0.85,0.85,3.1596,M3
75.0,10.0,850.0,0.85,0.85,3.2858,M3
75.0,15.0,850.0,0.85,0.85,3.3883,M3
75.0,20.0,850.0,0.85,0.85,3.4731,M3
75.0,25.0,850.0,0.85,0.85,3.5444,M4
75.0,30.0,850.0,0.85,0.85,3.618,M4
75.0,35.0,850.0,0.85,0.85,3.6861,M4
75.0,40.0,850.0,0.85,0.85,3.7021,M4
75.0,45.0,850.0,0.85,0.85,3.7021,M4
75.0,50.0,850.0,0.85,0.85,3.7021,M4
75.0,55.0,850.0,0.85,0.85,3.7021,M4
75.0,60.0,850.0,0.85,0.85,3.7021,M4
75.0,65.0,850.0,0.85,0.85,3.7021,M4
75.0,70.0,850.0,0.85,0.85,3.7021,M4
75.0,75.0,850.0,0.85,0.85,3.7021,M4
75.0,80.0,850.0,0.85,0.85,3.7021,M4
75.0,85.0,850.0,0.85,0.85,3.7021,M4
75.0,90.0,850.0,0.85,0.85,3.7021,M4
75.0,95.0,850.0,0.85,0.85,3.7021,M4
75.0,100.0,850.0,0.85,0.85,3.7021,M4
75.0,105.0,850.0,0.85,0.85,3.7021,M4
75.0,110.0,850.0,0.85,0.85,3.7021,M4
75.0,115.0,850.0,0.85,0.85,3.7021,M4
75.0,120.0,850.0,0.85,0.85,3.7021,M4
75.0,125.0,850.0,0.85,0.85,3.7021,M4
75.0,130.0,850.0,0.85,0.85,3.7021,M4
75.0,135.0,850.0,0.85,0.85,3.7021,M4
75.0,140.0,850.0,0.85,0.85,3.7021,M4
75.0,145.0,850.0,0.85,0.85,3.7021,M4
75.0,150.0,850.0,0.85,0.85,3.7021,M4
75.0,155.0,850.0,0.85,0.85,3.7021,M4
75.0,160.0,850.0,0.85,0.85,3.7021,M4
75.0,165.0,850.0,0.85,0.85,3.7021,M4
75.0,170.0,850.0,0.85,0.85,3.7021,M4
75.0,175.0,850.0,0.85,0.85,3.7021,M4
75.0,180.0,850.0,0.85,0.85,3.7021,M4
75.0,185.0,850.0,0.85,0.85,3.7021,M4
75.0,190.0,850.0,0.85,0.85,3.7021,M4
75.0,195.0,850.0,0.85,0.85,3.7021,M4
75.0,200.0,850.0,0.85,0.85,3.7021,M4
75.0,205.0,850.0,0.85,0.85,3.7021,M4
75.0,210.0,850.0,0.85,0.85,3.7021,M4
75.0,215.0,850.0,0.85,0.85,3.7021,M4
75.0,220.0,850.0,0.85,0.85,3.7021,M4
75.0,225.0,850.0,0.85,0.85,3.7021,M4
75.0,230.0,850.0,0.85,0.85,3.7021,M4
75.0,235.0,850.0,0.85,0.85,3.7021,M4
75.0,240.0,850.0,0.85,0.85,3.7021,M4
75.0,245.0,850.0,0.85,0.85,3.7021,M4
75.0,250.0,850.0,0.85,0.85,3.7021,M4
75.0,255.0,850.0,0.85,0.85,3.7021,M4
75.0,260.0,850.0,0.85,0.85,3.7021,M4
75.0,265.0,850.0,0.85,0.85,3.7021,M4
75.0,270.0,850.0,0.85,0.85,3.7021,M4
75.0,275.0,850.0,0.85,0.85,3.7021,M4
75.0,280.0,850.0,0.85,0.85,3.7021,M4
75.0,285.0,850.0,0.85,0.85,3.7021,M4
75.0,290.0,850.0,0.85,0.85,3.7021,M4
75.0,295.0,850.0,0.85,0.85,3.7021,M4
75.0,300.0,850.0,0.85,0.85,3.7021,M4
76.0,-350.0,850.0,0.85,0.85,1.0,M1
76.0,-345.0,850.0,0.85,0.85,1.0,M1
76.0,-340.0,850.0,0.85,0.85,1.0,M1
76.0,-335.0,850.0,0.85,0.85,1.0,M1
76.0,-330.0,850.0,0.85,0.85,1.0,M1
76.0,-325.0,850.0,0.85,0.85,1.0,M1
76.0,-320.0,850.0,0.85,0.85,1.0,M1
76.0,-315.0,850.0,0.85,0.85,1.0,M1
76.0,-310.0,850.0,0.85,0.85,1.0,M1
76.0,-305.0,850.0,0.85,0.85,1.0,M1
76.0,-300.0,850.0,0.85,0.85,1.0,M1
76.0,-295.0,850.0,0.85,0.85,1.0,M1
76.0,-290.0,850.0,0.85,0.85,1.0,M1
76.0,-285.0,850.0,0.85,0.85,1.0,M1
76.0,-280.0,850.0,0.85,0.85,1.0,M1
76.0,-275.0,850.0,0.85,0.85,1.0,M1
76.0,-270.0,850.0,0.85,0.85,1.0,M1
76.0,-265.0,850.0,0.85,0.85,1.0,M1
76.0,-260.0,850.0,0.85,0.85,1.0,M1
76.0,-255.0,850.0,0.85,0.85,1.0,M1
76.0,-250.0,850.0,0.85,0.85,1.0,M1
76.0,-245.0,850.0,0.85,0.85,1.0,M1
76.0,-240.0,850.0,0.85,0.85,1.0,M1
76.0,-235.0,850.0,0.85,0.85,1.0,M1
76.0,-230.0,850.0,0.85,0.85,1.0,M1
76.0,-225.0,850.0,0.85,0.85,1.0,M1
76.0,-220.0,850.0,0.85,0.85,1.0,M1
76.0,-215.0,850.0,0.85,0.85,1.0,M1
76.0,-210.0,850.0,0.85,0.85,1.0,M1
76.0,-205.0,850.0,0.85,0.85,1.0,M1
76.0,-200.0,850.0,0.85,0.85,1.0,M1
76.0,-195.0,850.0,0.85,0.85,1.0,M1
76.0,-190.0,850.0,0.85,0.85,1.0,M1
76.0,-185.0,850.0,0.85,0.85,1.0,M1
76.0,-180.0,850.0,0.85,0.85,1.0,M1
76.0,-175.0,850.0,0.85,0.85,1.3337,M1
76.0,-170.0,850.0,0.85,0.85,1.5789,M2
76.0,-165.0,850.0,0.85,0.85,1.7709,M2
76.0,-160.0,850.0,0.85,0.85,1.9293,M2
76.0,-155.0,850.0,0.85,0.85,2.0665,M2
76.0,-150.0,850.0,0.85,0.85,2.1905,M2
76.0,-145.0,850.0,0.85,0.85,2.3077,M2
76.0,-140.0,850.0,0.85,0.85,2.4235,M2
76.0,-135.0,850.0,0.85,0.85,2.54,M3
76.0,-130.0,850.0,0.85,0.85,2.6604,M3
76.0,-125.0,850.0,0.85,0.85,2.8101,M3
76.0,-120.0,850.0,0.85,0.85,3.0,M3
76.0,-115.0,850.0,0.85,0.85,3.0,M3
76.0,-110.0,850.0,0.85,0.85,3.0,M3
76.0,-105.0,850.0,0.85,0.85,3.0,M3
76.0,-100.0,850.0,0.85,0.85,3.0,M3
76.0,-95.0,850.0,0.85,0.85,3.0,M3
76.0,-90.0,850.0,0.85,0.85,3.0,M3
76.0,-85.0,850.0,0.85,0.85,3.0,M3
76.0,-80.0,850.0,0.85,0.85,3.0,M3
76.0,-75.0,850.0,0.85,0.85,3.0,M3
76.0,-70.0,850.0,0.85,0.85,3.0,M3
76.0,-65.0,850.0,0.85,0.85,3.0,M3
76.0,-60.0,850.0,0.85,0.85,3.0,M3
76.0,-55.0,850.0,0.85,0.85,3.0,M3
76.0,-50.0,850.0,0.85,0.85,3.0,M3
76.0,-45.0,850.0,0.85,0.85,3.0,M3
76.0,-40.0,850.0,0.85,0.85,3.0,M3
76.0,-35.0,850.0,0.85,0.85,3.0,M3
76.0,-30.0,850.0,0.85,0.85,3.0,M3
76.0,-25.0,850.0,0.85,0.85,3.0,M3
76.0,-20.0,850.0,0.85,0.85,3.0,M3
76.0,-15.0,850.0,0.85,0.85,3.0,M3
76.0,-10.0,850.0,0.85,0.85,3.0,M3
76.0,-5.0,850.0,0.85,0.85,3.0,M3
76.0,0.0,850.0,0.85,0.85,3.0,M3
76.0,5.0,850.0,0.85,0.85,3.1533,M3
76.0,10.0,850.0,0.85,0.85,3.2757,M3
76.0,15.0,850.0,0.85,0.85,3.3755,M3
76.0,20.0,850.0,0.85,0.85,3.4585,M3
76.0,25.0,850.0,0.85,0.85,3.539,M4
76.0,30.0,850.0,0.85,0.85,3.618,M4
76.0,35.0,850.0,0.85,0.85,3.6861,M4
76.0,40.0,850.0,0.85,0.85,3.7021,M4
76.0,45.0,850.0,0.85,0.85,3.7158,M4
76.0,50.0,850.0,0.85,0.85,3.7158,M4
76.0,55.0,850.0,0.85,0.85,3.7158,M4
76.0,60.0,850.0,0.85,0.85,3.7158,M4
76.0,65.0,850.0,0.85,0.85,3.7158,M4
76.0,70.0,850.0,0.85,0.85,3.7158,M4
76.0,75.0,850.0,0.85,0.85,3.7158,M4
76.0,80.0,850.0,0.85,0.85,3.7158,M4
76.0,85.0,850.0,0.85,0.85,3.7158,M4
76.0,90.0,850.0,0.85,0.85,3.7158,M4
76.0,95.0,850.0,0.85,0.85,3.7158,M4
76.0,100.0,850.0,0.85,0.85,3.7158,M4
76.0,105.0,850.0,0.85,0.85,3.7158,M4
76.0,110.0,850.0,0.85,0.85,3.7158,M4
76.0,115.0,850.0,0.85,0.85,3.7158,M4
76.0,120.0,850.0,0.85,0.85,3.7158,M4
76.0,125.0,850.0,0.85,0.85,3.7158,M4
76.0,130.0,850.0,0.85,0.85,3.7158,M4
76.0,135.0,850.0,0.85,0.85,3.7158,M4
76.0,140.0,850.0,0.85,0.85,3.7158,M4
76.0,145.0,850.0,0.85,0.85,3.7158,M4
76.0,150.0,850.0,0.85,0.85,3.7158,M4
76.0,155.0,850.0,0.85,0.85,3.7158,M4
76.0,160.0,850.0,0.85,0.85,3.7158,M4
76.0,165.0,850.0,0.85,0.85,3.7158,M4
76.0,170.0,850.0,0.85,0.85,3.7158,M4
76.0,175.0,850.0,0.85,0.85,3.7158,M4
76.0,180.0,850.0,0.85,0.85,3.7158,M4
76.0,185.0,850.0,0.85,0.85,3.7158,M4
76.0,190.0,850.0,0.85,0.85,3.7158,M4
76.0,195.0,850.0,0.85,0.85,3.7158,M4
76.0,200.0,850.0,0.85,0.85,3.7158,M4
76.0,205.0,850.0,0.85,0.85,3.7158,M4
76.0,210.0,850.0,0.85,0.85,3.7158,M4
76.0,215.0,850.0,0.85,0.85,3.7158,M4
76.0,220.0,850.0,0.85,0.85,3.7158,M4
76.0,225.0,850.0,0.85,0.85,3.7158,M4
76.0,230.0,850.0,0.85,0.85,3.7158,M4
76.0,235.0,850.0,0.85,0.85,3.7158,M4
76.0,240.0,850.0,0.85,0.85,3.7158,M4
76.0,245.0,850.0,0.85,0.85,3.7158,M4
76.0,250.0,850.0,0.85,0.85,3.7158,M4
76.0,255.0,850.0,0.85,0.85,3.7158,M4
76.0,260.0,850.0,0.85,0.85,3.7158,M4
76.0,265.0,850.0,0.85,0.85,3.7158,M4
76.0,270.0,850.0,0.85,0.85,3.7158,M4
76.0,275.0,850.0,0.85,0.85,3.7158,M4
76.0,280.0,850.0,0.85,0.85,3.7158,M4
76.0,285.0,850.0,0.85,0.85,3.7158,M4
76.0,290.0,850.0,0.85,0.85,3.7158,M4
76.0,295.0,850.0,0.85,0.85,3.7158,M4
76.0,300.0,850.0,0.85,0.85,3.7158,M4
77.0,-350.0,850.0,0.85,0.85,1.0,M1
77.0,-345.0,850.0,0.85,0.85,1.0,M1
77.0,-340.0,850.0,0.85,0.85,1.0,M1
77.0,-335.0,850.0,0.85,0.85,1.0,M1
77.0,-330.0,850.0,0.85,0.85,1.0,M1
77.0,-325.0,850.0,0.85,0.85,1.0,M1
77.0,-320.0,850.0,0.85,0.85,1.0,M1
77.0,-315.0,850.0,0.85,0.85,1.0,M1
77.0,-310.0,850.0,0.85,0.85,1.0,M1
77.0,-305.0,850.0,0.85,0.85,1.0,M1
77.0,-300.0,850.0,0.85,0.85,1.0,M1
77.0,-295.0,850.0,0.85,0.85,1.0,M1
77.0,-290.0,850.0,0.85,0.85,1.0,M1
77.0,-285.0,850.0,0.85,0.85,1.0,M1
77.0,-280.0,850.0,0.85,0.85,1.0,M1
77.0,-275.0,850.0,0.85,0.85,1.0,M1
77.0,-270.0,850.0,0.85,0.85,1.0,M1
77.0,-265.0,850.0,0.85,0.85,1.0,M1
77.0,-260.0,850.0,0.85,0.85,1.0,M1
77.0,-255.0,850.0,0.85,0.85,1.0,M1
77.0,-250.0,850.0,0.85,0.85,1.0,M1
77.0,-245.0,850.0,0.85,0.85,1.0,M1
77.0,-240.0,850.0,0.85,0.85,1.0,M1
77.0,-235.0,850.0,0.85,0.85,1.0,M1
77.0,-230.0,850.0,0.85,0.85,1.0,M1
77.0,-225.0,850.0,0.85,0.85,1.0,M1
77.0,-220.0,850.0,0.85,0.85,1.0,M1
77.0,-215.0,850.0,0.85,0.85,1.0,M1
77.0,-210.0,850.0,0.85,0.85,1.0,M1
77.0,-205.0,850.0,0.85,0.85,1.0,M1
77.0,-200.0,850.0,0.85,0.85,1.0,M1
77.0,-195.0,850.0,0.85,0.85,1.0,M1
77.0,-190.0,850.0,0.85,0.85,1.0,M1
77.0,-185.0,850.0,0.85,0.85,1.0,M1
77.0,-180.0,850.0,0.85,0.85,1.0,M1
77.0,-175.0,850.0,0.85,0.85,1.3337,M1
77.0,-170.0,850.0,0.85,0.85,1.5789,M2
77.0,-165.0,850.0,0.85,0.85,1.7709,M2
77.0,-160.0,850.0,0.85,0.85,1.9293,M2
77.0,-155.0,850.0,0.85,0.85,2.0665,M2
77.0,-150.0,850.0,0.85,0.85,2.1905,M2
77.0,-145.0,850.0,0.85,0.85,2.3077,M2
77.0,-140.0,850.0,0.85,0.85,2.4235,M2
77.0,-135.0,850.0,0.85,0.85,2.5433,M3
77.0,-130.0,850.0,0.85,0.85,2.6696,M3
77.0,-125.0,850.0,0.85,0.85,2.8157,M3
77.0,-120.0,850.0,0.85,0.85,3.0,M3
77.0,-115.0,850.0,0.85,0.85,3.0,M3
77.0,-110.0,850.0,0.85,0.85,3.0,M3
77.0,-105.0,850.0,0.85,0.85,3.0,M3
77.0,-100.0,850.0,0.85,0.85,3.0,M3
77.0,-95.0,850.0,0.85,0.85,3.0,M3
77.0,-90.0,850.0,0.85,0.85,3.0,M3
77.0,-85.0,850.0,0.85,0.85,3.0,M3
77.0,-80.0,850.0,0.85,0.85,3.0,M3
77.0,-75.0,850.0,0.85,0.85,3.0,M3
77.0,-70.0,850.0,0.85,0.85,3.0,M3
77.0,-65.0,850.0,0.85,0.85,3.0,M3
77.0,-60.0,850.0,0.85,0.85,3.0,M3
77.0,-55.0,850.0,0.85,0.85,3.0,M3
77.0,-50.0,850.0,0.85,0.85,3.0,M3
77.0,-45.0,850.0,0.85,0.85,3.0,M3
77.0,-40.0,850.0,0.85,0.85,3.0,M3
77.0,-35.0,850.0,0.85,0.85,3.0,M3
77.0,-30.0,850.0,0.85,0.85,3.0,M3
77.0,-25.0,850.0,0.85,0.85,3.0,M3
77.0,-20.0,850.0,0.85,0.85,3.0,M3
77.0,-15.0,850.0,0.85,0.85,3.0,M3
77.0,-10.0,850.0,0.85,0.85,3.0,M3
77.0,-5.0,850.0,0.85,0.85,3.0,M3
77.0,0.0,850.0,0.85,0.85,3.0,M3
77.0,5.0,850.0,0.85,0.85,3.1488,M3
77.0,10.0,850.0,0.85,0.85,3.2682,M3
77.0,15.0,850.0,0.85,0.85,3.3661,M3
77.0,20.0,850.0,0.85,0.85,3.4555,M3
77.0,25.0,850.0,0.85,0.85,3.539,M4
77.0,30.0,850.0,0.85,0.85,3.618,M4
77.0,35.0,850.0,0.85,0.85,3.6861,M4
77.0,40.0,850.0,0.85,0.85,3.7021,M4
77.0,45.0,850.0,0.85,0.85,3.7194,M4
77.0,50.0,850.0,0.85,0.85,3.7305,M4
77.0,55.0,850.0,0.85,0.85,3.7305,M4
77.0,60.0,850.0,0.85,0.85,3.7305,M4
77.0,65.0,850.0,0.85,0.85,3.7305,M4
77.0,70.0,850.0,0.85,0.85,3.7305,M4
77.0,75.0,850.0,0.85,0.85,3.7305,M4
77.0,80.0,850.0,0.85,0.85,3.7305,M4
77.0,85.0,850.0,0.85,0.85,3.7305,M4
77.0,90.0,850.0,0.85,0.85,3.7305,M4
77.0,95.0,850.0,0.85,0.85,3.7305,M4
77.0,100.0,850.0,0.85,0.85,3.7305,M4
77.0,105.0,850.0,0.85,0.85,3.7305,M4
77.0,110.0,850.0,0.85,0.85,3.7305,M4
77.0,115.0,850.0,0.85,0.85,3.7305,M4
77.0,120.0,850.0,0.85,0.85,3.7305,M4
77.0,125.0,850.0,0.85,0.85,3.7305,M4
77.0,130.0,850.0,0.85,0.85,3.7305,M4
77.0,135.0,850.0,0.85,0.85,3.7305,M4
77.0,140.0,850.0,0.85,0.85,3.7305,M4
77.0,145.0,850.0,0.85,0.85,3.7305,M4
77.0,150.0,850.0,0.85,0.85,3.7305,M4
77.0,155.0,850.0,0.85,0.85,3.7305,M4
77.0,160.0,850.0,0.85,0.85,3.7305,M4
77.0,165.0,850.0,0.85,0.85,3.7305,M4
77.0,170.0,850.0,0.85,0.85,3.7305,M4
77.0,175.0,850.0,0.85,0.85,3.7305,M4
77.0,180.0,850.0,0.85,0.85,3.7305,M4
77.0,185.0,850.0,0.85,0.85,3.7305,M4
77.0,190.0,850.0,0.85,0.85,3.7305,M4
77.0,195.0,850.0,0.85,0.85,3.7305,M4
77.0,200.0,850.0,0.85,0.85,3.7305,M4
77.0,205.0,850.0,0.85,0.85,3.7305,M4
77.0,210.0,850.0,0.85,0.85,3.7305,M4
77.0,215.0,850.0,0.85,0.85,3.7305,M4
77.0,220.0,850.0,0.85,0.85,3.7305,M4
77.0,225.0,850.0,0.85,0.85,3.7305,M4
77.0,230.0,850.0,0.85,0.85,3.7305,M4
77.0,235.0,850.0,0.85,0.85,3.7305,M4
77.0,240.0,850.0,0.85,0.85,3.7305,M4
77.0,245.0,850.0,0.85,0.85,3.7305,M4
77.0,250.0,850.0,0.85,0.85,3.7305,M4
77.0,255.0,850.0,0.85,0.85,3.7305,M4
77.0,260.0,850.0,0.85,0.85,3.7305,M4
77.0,265.0,850.0,0.85,0.85,3.7305,M4
77.0,270.0,850.0,0.85,0.85,3.7305,M4
77.0,275.0,850.0,0.85,0.85,3.7305,M4
77.0,280.0,850.0,0.85,0.85,3.7305,M4
77.0,285.0,850.0,0.85,0.85,3.7305,M4
77.0,290.0,850.0,0.85,0.85,3.7305,M4
77.0,295.0,850.0,0.85,0.85,3.7305,M4
77.0,300.0,850.0,0.85,0.85,3.7305,M4
78.0,-350.0,850.0,0.85,0.85,1.0,M1
78.0,-345.0,850.0,0.85,0.85,1.0,M1
78.0,-340.0,850.0,0.85,0.85,1.0,M1
78.0,-335.0,850.0,0.85,0.85,1.0,M1
78.0,-330.0,850.0,0.85,0.85,1.0,M1
78.0,-325.0,850.0,0.85,0.85,1.0,M1
78.0,-320.0,850.0,0.85,0.85,1.0,M1
78.0,-315.0,850.0,0.85,0.85,1.0,M1
78.0,-310.0,850.0,0.85,0.85,1.0,M1
78.0,-305.0,850.0,0.85,0.85,1.0,M1
78.0,-300.0,850.0,0.85,0.85,1.0,M1
78.0,-295.0,850.0,0.85,0.85,1.0,M1
78.0,-290.0,850.0,0.85,0.85,1.0,M1
78.0,-285.0,850.0,0.85,0.85,1.0,M1
78.0,-280.0,850.0,0.85,0.85,1.0,M1
78.0,-275.0,850.0,0.85,0.85,1.0,M1
78.0,-270.0,850.0,0.85,0.85,1.0,M1
78.0,-265.0,850.0,0.85,0.85,1.0,M1
78.0,-260.0,850.0,0.85,0.85,1.0,M1
78.0,-255.0,850.0,0.85,0.85,1.0,M1
78.0,-250.0,850.0,0.85,0.85,1.0,M1
78.0,-245.0,850.0,0.85,0.85,1.0,M1
78.0,-240.0,850.0,0.85,0.85,1.0,M1
78.0,-235.0,850.0,0.85,0.85,1.0,M1
78.0,-230.0,850.0,0.85,0.85,1.0,M1
78.0,-225.0,850.0,0.85,0.85,1.0,M1
78.0,-220.0,850.0,0.85,0.85,1.0,M1
78.0,-215.0,850.0,0.85,0.85,1.0,M1
78.0,-210.0,850.0,0.85,0.85,1.0,M1
78.0,-205.0,850.0,0.85,0.85,1.0,M1
78.0,-200.0,850.0,0.85,0.85,1.0,M1
78.0,-195.0,850.0,0.85,0.85,1.0,M1
78.0,-190.0,850.0,0.85,0.85,1.0,M1
78.0,-185.0,850.0,0.85,0.85,1.0,M1
78.0,-180.0,850.0,0.85,0.85,1.0,M1
78.0,-175.0,850.0,0.85,0.85,1.3337,M1
78.0,-170.0,850.0,0.85,0.85,1.5789,M2
78.0,-165.0,850.0,0.85,0.85,1.7709,M2
78.0,-160.0,850.0,0.85,0.85,1.9293,M2
78.0,-155.0,850.0,0.85,0.85,2.0665,M2
78.0,-150.0,850.0,0.85,0.85,2.1905,M2
78.0,-145.0,850.0,0.85,0.85,2.3077,M2
78.0,-140.0,850.0,0.85,0.85,2.4235,M2
78.0,-135.0,850.0,0.85,0.85,2.5433,M3
78.0,-130.0,850.0,0.85,0.85,2.673,M3
78.0,-125.0,850.0,0.85,0.85,2.8195,M3
78.0,-120.0,850.0,0.85,0.85,3.0,M3
78.0,-115.0,850.0,0.85,0.85,3.0,M3
78.0,-110.0,850.0,0.85,0.85,3.0,M3
78.0,-105.0,850.0,0.85,0.85,3.0,M3
78.0,-100.0,850.0,0.85,0.85,3.0,M3
78.0,-95.0,850.0,0.85,0.85,3.0,M3
78.0,-90.0,850.0,0.85,0.85,3.0,M3
78.0,-85.0,850.0,0.85,0.85,3.0,M3
78.0,-80.0,850.0,0.85,0.85,3.0,M3
78.0,-75.0,850.0,0.85,0.85,3.0,M3
78.0,-70.0,850.0,0.85,0.85,3.0,M3
78.0,-65.0,850.0,0.85,0.85,3.0,M3
78.0,-60.0,850.0,0.85,0.85,3.0,M3
78.0,-55.0,850.0,0.85,0.85,3.0,M3
78.0,-50.0,850.0,0.85,0.85,3.0,M3
78.0,-45.0,850.0,0.85,0.85,3.0,M3
78.0,-40.0,850.0,0.85,0.85,3.0,M3
78.0,-35.0,850.0,0.85,0.85,3.0,M3
78.0,-30.0,850.0,0.85,0.85,3.0,M3
78.0,-25.0,850.0,0.85,0.85,3.0,M3
78.0,-20.0,850.0,0.85,0.85,3.0,M3
78.0,-15.0,850.0,0.85,0.85,3.0,M3
78.0,-10.0,850.0,0.85,0.85,3.0,M3
78.0,-5.0,850.0,0.85,0.85,3.0,M3
78.0,0.0,850.0,0.85,0.85,3.0,M3
78.0,5.0,850.0,0.85,0.85,3.1458,M3
78.0,10.0,850.0,0.85,0.85,3.2632,M3
78.0,15.0,850.0,0.85,0.85,3.3647,M3
78.0,20.0,850.0,0.85,0.85,3.4555,M3
78.0,25.0,850.0,0.85,0.85,3.539,M4
78.0,30.0,850.0,0.85,0.85,3.618,M4
78.0,35.0,850.0,0.85,0.85,3.6861,M4
78.0,40.0,850.0,0.85,0.85,3.7021,M4
78.0,45.0,850.0,0.85,0.85,3.7194,M4
78.0,50.0,850.0,0.85,0.85,3.7382,M4
78.0,55.0,850.0,0.85,0.85,3.7462,M4
78.0,60.0,850.0,0.85,0.85,3.7462,M4
78.0,65.0,850.0,0.85,0.85,3.7462,M4
78.0,70.0,850.0,0.85,0.85,3.7462,M4
78.0,75.0,850.0,0.85,0.85,3.7462,M4
78.0,80.0,850.0,0.85,0.85,3.7462,M4
78.0,85.0,850.0,0.85,0.85,3.7462,M4
78.0,90.0,850.0,0.85,0.85,3.7462,M4
78.0,95.0,850.0,0.85,0.85,3.7462,M4
78.0,100.0,850.0,0.85,0.85,3.7462,M4
78.0,105.0,850.0,0.85,0.85,3.7462,M4
78.0,110.0,850.0,0.85,0.85,3.7462,M4
78.0,115.0,850.0,0.85,0.85,3.7462,M4
78.0,120.0,850.0,0.85,0.85,3.7462,M4
78.0,125.0,850.0,0.85,0.85,3.7462,M4
78.0,130.0,850.0,0.85,0.85,3.7462,M4
78.0,135.0,850.0,0.85,0.85,3.7462,M4
78.0,140.0,850.0,0.85,0.85,3.7462,M4
78.0,145.0,850.0,0.85,0.85,3.7462,M4
78.0,150.0,850.0,0.85,0.85,3.7462,M4
78.0,155.0,850.0,0.85,0.85,3.7462,M4
78.0,160.0,850.0,0.85,0.85,3.7462,M4
78.0,165.0,850.0,0.85,0.85,3.7462,M4
78.0,170.0,850.0,0.85,0.85,3.7462,M4
78.0,175.0,850.0,0.85,0.85,3.7462,M4
78.0,180.0,850.0,0.85,0.85,3.7462,M4
78.0,185.0,850.0,0.85,0.85,3.7462,M4
78.0,190.0,850.0,0.85,0.85,3.7462,M4
78.0,195.0,850.0,0.85,0.85,3.7462,M4
78.0,200.0,850.0,0.85,0.85,3.7462,M4
78.0,205.0,850.0,0.85,0.85,3.7462,M4
78.0,210.0,850.0,0.85,0.85,3.7462,M4
78.0,215.0,850.0,0.85,0.85,3.7462,M4
78.0,220.0,850.0,0.85,0.85,3.7462,M4
78.0,225.0,850.0,0.85,0.85,3.7462,M4
78.0,230.0,850.0,0.85,0.85,3.7462,M4
78.0,235.0,850.0,0.85,0.85,3.7462,M4
78.0,240.0,850.0,0.85,0.85,3.7462,M4
78.0,245.0,850.0,0.85,0.85,3.7462,M4
78.0,250.0,850.0,0.85,0.85,3.7462,M4
78.0,255.0,850.0,0.85,0.85,3.7462,M4
78.0,260.0,850.0,0.85,0.85,3.7462,M4
78.0,265.0,850.0,0.85,0.85,3.7462,M4
78.0,270.0,850.0,0.85,0.85,3.7462,M4
78.0,275.0,850.0,0.85,0.85,3.7462,M4
78.0,280.0,850.0,0.85,0.85,3.7462,M4
78.0,285.0,850.0,0.85,0.85,3.7462,M4
78.0,290.0,850.0,0.85,0.85,3.7462,M4
78.0,295.0,850.0,0.85,0.85,3.7462,M4
78.0,300.0,850.0,0.85,0.85,3.7462,M4
79.0,-350.0,850.0,0.85,0.85,1.0,M1
79.0,-345.0,850.0,0.85,0.85,1.0,M1
79.0,-340.0,850.0,0.85,0.85,1.0,M1
79.0,-335.0,850.0,0.85,0.85,1.0,M1
79.0,-330.0,850.0,0.85,0.85,1.0,M1
79.0,-325.0,850.0,0.85,0.85,1.0,M1
79.0,-320.0,850.0,0.85,0.85,1.0,M1
79.0,-315.0,850.0,0.85,0.85,1.0,M1
79.0,-310.0,850.0,0.85,0.85,1.0,M1
79.0,-305.0,850.0,0.85,0.85,1.0,M1
79.0,-300.0,850.0,0.85,0.85,1.0,M1
79.0,-295.0,850.0,0.85,0.85,1.0,M1
79.0,-290.0,850.0,0.85,0.85,1.0,M1
79.0,-285.0,850.0,0.85,0.85,1.0,M1
79.0,-280.0,850.0,0.85,0.85,1.0,M1
79.0,-275.0,850.0,0.85,0.85,1.0,M1
79.0,-270.0,850.0,0.85,0.85,1.0,M1
79.0,-265.0,850.0,0.85,0.85,1.0,M1
79.0,-260.0,850.0,0.85,0.85,1.0,M1
79.0,-255.0,850.0,0.85,0.85,1.0,M1
79.0,-250.0,850.0,0.85,0.85,1.0,M1
79.0,-245.0,850.0,0.85,0.85,1.0,M1
79.0,-240.0,850.0,0.85,0.85,1.0,M1
79.0,-235.0,850.0,0.85,0.85,1.0,M1
79.0,-230.0,850.0,0.85,0.85,1.0,M1
79.0,-225.0,850.0,0.85,0.85,1.0,M1
79.0,-220.0,850.0,0.85,0.85,1.0,M1
79.0,-215.0,850.0,0.85,0.85,1.0,M1
79.0,-210.0,850.0,0.85,0.85,1.0,M1
79.0,-205.0,850.0,0.85,0.85,1.0,M1
79.0,-200.0,850.0,0.85,0.85,1.0,M1
79.0,-195.0,850.0,0.85,0.85,1.0,M1
79.0,-190.0,850.0,0.85,0.85,1.0,M1
79.0,-185.0,850.0,0.85,0.85,1.0,M1
79.0,-180.0,850.0,0.85,0.85,1.0,M1
79.0,-175.0,850.0,0.85,0.85,1.3337,M1
79.0,-170.0,850.0,0.85,0.85,1.5789,M2
79.0,-165.0,850.0,0.85,0.85,1.7709,M2
79.0,-160.0,850.0,0.85,0.85,1.9293,M2
79.0,-155.0,850.0,0.85,0.85,2.0665,M2
79.0,-150.0,850.0,0.85,0.85,2.1905,M2
79.0,-145.0,850.0,0.85,0.85,2.3077,M2
79.0,-140.0,850.0,0.85,0.85,2.4235,M2
79.0,-135.0,850.0,0.85,0.85,2.5433,M3
79.0,-130.0,850.0,0.85,0.85,2.673,M3
79.0,-125.0,850.0,0.85,0.85,2.8213,M3
79.0,-120.0,850.0,0.85,0.85,3.0,M3
79.0,-115.0,850.0,0.85,0.85,3.0,M3
79.0,-110.0,850.0,0.85,0.85,3.0,M3
79.0,-105.0,850.0,0.85,0.85,3.0,M3
79.0,-100.0,850.0,0.85,0.85,3.0,M3
79.0,-95.0,850.0,0.85,0.85,3.0,M3
79.0,-90.0,850.0,0.85,0.85,3.0,M3
79.0,-85.0,850.0,0.85,0.85,3.0,M3
79.0,-80.0,850.0,0.85,0.85,3.0,M3
79.0,-75.0,850.0,0.85,0.85,3.0,M3
79.0,-70.0,850.0,0.85,0.85,3.0,M3
79.0,-65.0,850.0,0.85,0.85,3.0,M3
79.0,-60.0,850.0,0.85,0.85,3.0,M3
79.0,-55.0,850.0,0.85,0.85,3.0,M3
79.0,-50.0,850.0,0.85,0.85,3.0,M3
79.0,-45.0,850.0,0.85,0.85,3.0,M3
79.0,-40.0,850.0,0.85,0.85,3.0,M3
79.0,-35.0,850.0,0.85,0.85,3.0,M3
79.0,-30.0,850.0,0.85,0.85,3.0,M3
79.0,-25.0,850.0,0.85,0.85,3.0,M3
79.0,-20.0,850.0,0.85,0.85,3.0,M3
79.0,-15.0,850.0,0.85,0.85,3.0,M3
79.0,-10.0,850.0,0.85,0.85,3.0,M3
79.0,-5.0,850.0,0.85,0.85,3.0,M3
79.0,0.0,850.0,0.85,0.85,3.0,M3
79.0,5.0,850.0,0.85,0.85,3.144,M3
79.0,10.0,850.0,0.85,0.85,3.2627,M3
79.0,15.0,850.0,0.85,0.85,3.3647,M3
79.0,20.0,850.0,0.85,0.85,3.4555,M3
79.0,25.0,850.0,0.85,0.85,3.539,M4
79.0,30.0,850.0,0.85,0.85,3.618,M4
79.0,35.0,850.0,0.85,0.85,3.6861,M4
79.0,40.0,850.0,0.85,0.85,3.7021,M4
79.0,45.0,850.0,0.85,0.85,3.7194,M4
79.0,50.0,850.0,0.85,0.85,3.7382,M4
79.0,55.0,850.0,0.85,0.85,3.7587,M4
79.0,60.0,850.0,0.85,0.85,3.7631,M4
79.0,65.0,850.0,0.85,0.85,3.7631,M4
79.0,70.0,850.0,0.85,0.85,3.7631,M4
79.0,75.0,850.0,0.85,0.85,3.7631,M4
79.0,80.0,850.0,0.85,0.85,3.7631,M4
79.0,85.0,850.0,0.85,0.85,3.7631,M4
79.0,90.0,850.0,0.85,0.85,3.7631,M4
79.0,95.0,850.0,0.85,0.85,3.7631,M4
79.0,100.0,850.0,0.85,0.85,3.7631,M4
79.0,105.0,850.0,0.85,0.85,3.7631,M4
79.0,110.0,850.0,0.85,0.85,3.7631,M4
79.0,115.0,850.0,0.85,0.85,3.7631,M4
79.0,120.0,850.0,0.85,0.85,3.7631,M4
79.0,125.0,850.0,0.85,0.85,3.7631,M4
79.0,130.0,850.0,0.85,0.85,3.7631,M4
79.0,135.0,850.0,0.85,0.85,3.7631,M4
79.0,140.0,850.0,0.85,0.85,3.7631,M4
79.0,145.0,850.0,0.85,0.85,3.7631,M4
79.0,150.0,850.0,0.85,0.85,3.7631,M4
79.0,155.0,850.0,0.85,0.85,3.7631,M4
79.0,160.0,850.0,0.85,0.85,3.7631,M4
79.0,165.0,850.0,0.85,0.85,3.7631,M4
79.0,170.0,850.0,0.85,0.85,3.7631,M4
79.0,175.0,850.0,0.85,0.85,3.7631,M4
79.0,180.0,850.0,0.85,0.85,3.7631,M4
79.0,185.0,850.0,0.85,0.85,3.7631,M4
79.0,190.0,850.0,0.85,0.85,3.7631,M4
79.0,195.0,850.0,0.85,0.85,3.7631,M4
79.0,200.0,850.0,0.85,0.85,3.7631,M4
79.0,205.0,850.0,0.85,0.85,3.7631,M4
79.0,210.0,850.0,0.85,0.85,3.7631,M4
79.0,215.0,850.0,0.85,0.85,3.7631,M4
79.0,220.0,850.0,0.85,0.85,3.7631,M4
79.0,225.0,850.0,0.85,0.85,3.7631,M4
79.0,230.0,850.0,0.85,0.85,3.7631,M4
79.0,235.0,850.0,0.85,0.85,3.7631,M4
79.0,240.0,850.0,0.85,0.85,3.7631,M4
79.0,245.0,850.0,0.85,0.85,3.7631,M4
79.0,250.0,850.0,0.85,0.85,3.7631,M4
79.0,255.0,850.0,0.85,0.85,3.7631,M4
79.0,260.0,850.0,0.85,0.85,3.7631,M4
79.0,265.0,850.0,0.85,0.85,3.7631,M4
79.0,270.0,850.0,0.85,0.85,3.7631,M4
79.0,275.0,850.0,0.85,0.85,3.7631,M4
79.0,280.0,850.0,0.85,0.85,3.7631,M4
79.0,285.0,850.0,0.85,0.85,3.7631,M4
79.0,290.0,850.0,0.85,0.85,3.7631,M4
79.0,295.0,850.0,0.85,0.85,3.7631,M4
79.0,300.0,850.0,0.85,0.85,3.7631,M4
80.0,-350.0,850.0,0.85,0.85,1.0,M1
80.0,-345.0,850.0,0.85,0.85,1.0,M1
80.0,-340.0,850.0,0.85,0.85,1.0,M1
80.0,-335.0,850.0,0.85,0.85,1.0,M1
80.0,-330.0,850.0,0.85,0.85,1.0,M1
80.0,-325.0,850.0,0.85,0.85,1.0,M1
80.0,-320.0,850.0,0.85,0.85,1.0,M1
80.0,-315.0,850.0,0.85,0.85,1.0,M1
80.0,-310.0,850.0,0.85,0.85,1.0,M1
80.0,-305.0,850.0,0.85,0.85,1.0,M1
80.0,-300.0,850.0,0.85,0.85,1.0,M1
80.0,-295.0,850.0,0.85,0.85,1.0,M1
80.0,-290.0,850.0,0.85,0.85,1.0,M1
80.0,-285.0,850.0,0.85,0.85,1.0,M1
80.0,-280.0,850.0,0.85,0.85,1.0,M1
80.0,-275.0,850.0,0.85,0.85,1.0,M1
80.0,-270.0,850.0,0.85,0.85,1.0,M1
80.0,-265.0,850.0,0.85,0.85,1.0,M1
80.0,-260.0,850.0,0.85,0.85,1.0,M1
80.0,-255.0,850.0,0.85,0.85,1.0,M1
80.0,-250.0,850.0,0.85,0.85,1.0,M1
80.0,-245.0,850.0,0.85,0.85,1.0,M1
80.0,-240.0,850.0,0.85,0.85,1.0,M1
80.0,-235.0,850.0,0.85,0.85,1.0,M1
80.0,-230.0,850.0,0.85,0.85,1.0,M1
80.0,-225.0,850.0,0.85,0.85,1.0,M1
80.0,-220.0,850.0,0.85,0.85,1.0,M1
80.0,-215.0,850.0,0.85,0.85,1.0,M1
80.0,-210.0,850.0,0.85,0.85,1.0,M1
80.0,-205.0,850.0,0.85,0.85,1.0,M1
80.0,-200.0,850.0,0.85,0.85,1.0,M1
80.0,-195.0,850.0,0.85,0.85,1.0,M1
80.0,-190.0,850.0,0.85,0.85,1.0,M1
80.0,-185.0,850.0,0.85,0.85,1.0,M1
80.0,-180.0,850.0,0.85,0.85,1.0,M1
80.0,-175.0,850.0,0.85,0.85,1.3337,M1
80.0,-170.0,850.0,0.85,0.85,1.5789,M2
80.0,-165.0,850.0,0.85,0.85,1.7709,M2
80.0,-160.0,850.0,0.85,0.85,1.9293,M2
80.0,-155.0,850.0,0.85,0.85,2.0665,M2
80.0,-150.0,850.0,0.85,0.85,2.1905,M2
80.0,-145.0,850.0,0.85,0.85,2.3077,M2
80.0,-140.0,850.0,0.85,0.85,2.4235,M2
80.0,-135.0,850.0,0.85,0.85,2.5433,M3
80.0,-130.0,850.0,0.85,0.85,2.673,M3
80.0,-125.0,850.0,0.85,0.85,2.8213,M3
80.0,-120.0,850.0,0.85,0.85,3.0,M3
80.0,-115.0,850.0,0.85,0.85,3.0,M3
80.0,-110.0,850.0,0.85,0.85,3.0,M3
80.0,-105.0,850.0,0.85,0.85,3.0,M3
80.0,-100.0,850.0,0.85,0.85,3.0,M3
80.0,-95.0,850.0,0.85,0.85,3.0,M3
80.0,-90.0,850.0,0.85,0.85,3.0,M3
80.0,-85.0,850.0,0.85,0.85,3.0,M3
80.0,-80.0,850.0,0.85,0.85,3.0,M3
80.0,-75.0,850.0,0.85,0.85,3.0,M3
80.0,-70.0,850.0,0.85,0.85,3.0,M3
80.0,-65.0,850.0,0.85,0.85,3.0,M3
80.0,-60.0,850.0,0.85,0.85,3.0,M3
80.0,-55.0,850.0,0.85,0.85,3.0,M3
80.0,-50.0,850.0,0.85,0.85,3.0,M3
80.0,-45.0,850.0,0.85,0.85,3.0,M3
80.0,-40.0,850.0,0.85,0.85,3.0,M3
80.0,-35.0,850.0,0.85,0.85,3.0,M3
80.0,-30.0,850.0,0.85,0.85,3.0,M3
80.0,-25.0,850.0,0.85,0.85,3.0,M3
80.0,-20.0,850.0,0.85,0.85,3.0,M3
80.0,-15.0,850.0,0.85,0.85,3.0,M3
80.0,-10.0,850.0,0.85,0.85,3.0,M3
80.0,-5.0,850.0,0.85,0.85,3.0,M3
80.0,0.0,850.0,0.85,0.85,3.0,M3
80.0,5.0,850.0,0.85,0.85,3.1439,M3
80.0,10.0,850.0,0.85,0.85,3.2627,M3
80.0,15.0,850.0,0.85,0.85,3.3647,M3
80.0,20.0,850.0,0.85,0.85,3.4555,M3
80.0,25.0,850.0,0.85,0.85,3.539,M4
80.0,30.0,850.0,0.85,0.85,3.618,M4
80.0,35.0,850.0,0.85,0.85,3.6861,M4
80.0,40.0,850.0,0.85,0.85,3.7021,M4
80.0,45.0,850.0,0.85,0.85,3.7194,M4
80.0,50.0,850.0,0.85,0.85,3.7382,M4
80.0,55.0,850.0,0.85,0.85,3.7587,M4
80.0,60.0,850.0,0.85,0.85,3.7813,M4
80.0,65.0,850.0,0.85,0.85,3.7813,M4
80.0,70.0,850.0,0.85,0.85,3.7813,M4
80.0,75.0,850.0,0.85,0.85,3.7813,M4
80.0,80.0,850.0,0.85,0.85,3.7813,M4
80.0,85.0,850.0,0.85,0.85,3.7813,M4
80.0,90.0,850.0,0.85,0.85,3.7813,M4
80.0,95.0,850.0,0.85,0.85,3.7813,M4
80.0,100.0,850.0,0.85,0.85,3.7813,M4
80.0,105.0,850.0,0.85,0.85,3.7813,M4
80.0,110.0,850.0,0.85,0.85,3.7813,M4
80.0,115.0,850.0,0.85,0.85,3.7813,M4
80.0,120.0,850.0,0.85,0.85,3.7813,M4
80.0,125.0,850.0,0.85,0.85,3.7813,M4
80.0,130.0,850.0,0.85,0.85,3.7813,M4
80.0,135.0,850.0,0.85,0.85,3.7813,M4
80.0,140.0,850.0,0.85,0.85,3.7813,M4
80.0,145.0,850.0,0.85,0.85,3.7813,M4
80.0,150.0,850.0,0.85,0.85,3.7813,M4
80.0,155.0,850.0,0.85,0.85,3.7813,M4
80.0,160.0,850.0,0.85,0.85,3.7813,M4
80.0,165.0,850.0,0.85,0.85,3.7813,M4
80.0,170.0,850.0,0.85,0.85,3.7813,M4
80.0,175.0,850.0,0.85,0.85,3.7813,M4
80.0,180.0,850.0,0.85,0.85,3.7813,M4
80.0,185.0,850.0,0.85,0.85,3.7813,M4
80.0,190.0,850.0,0.85,0.85,3.7813,M4
80.0,195.0,850.0,0.85,0.85,3.7813,M4
80.0,200.0,850.0,0.85,0.85,3.7813,M4
80.0,205.0,850.0,0.85,0.85,3.7813,M4
80.0,210.0,850.0,0.85,0.85,3.7813,M4
80.0,215.0,850.0,0.85,0.85,3.7813,M4
80.0,220.0,850.0,0.85,0.85,3.7813,M4
80.0,225.0,850.0,0.85,0.85,3.7813,M4
80.0,230.0,850.0,0.85,0.85,3.7813,M4
80.0,235.0,850.0,0.85,0.85,3.7813,M4
80.0,240.0,850.0,0.85,0.85,3.7813,M4
80.0,245.0,850.0,0.85,0.85,3.7813,M4
80.0,250.0,850.0,0.85,0.85,3.7813,M4
80.0,255.0,850.0,0.85,0.85,3.7813,M4
80.0,260.0,850.0,0.85,0.85,3.7813,M4
80.0,265.0,850.0,0.85,0.85,3.7813,M4
80.0,270.0,850.0,0.85,0.85,3.7813,M4
80.0,275.0,850.0,0.85,0.85,3.7813,M4
80.0,280.0,850.0,0.85,0.85,3.7813,M4
80.0,285.0,850.0,0.85,0.85,3.7813,M4
80.0,290.0,850.0,0.85,0.85,3.7813,M4
80.0,295.0,850.0,0.85,0.85,3.7813,M4
80.0,300.0,850.0,0.85,0.85,3.7813,M4
81.0,-350.0,850.0,0.85,0.85,1.0,M1
81.0,-345.0,850.0,0.85,0.85,1.0,M1
81.0,-340.0,850.0,0.85,0.85,1.0,M1
81.0,-335.0,850.0,0.85,0.85,1.0,M1
81.0,-330.0,850.0,0.85,0.85,1.0,M1
81.0,-325.0,850.0,0.85,0.85,1.0,M1
81.0,-320.0,850.0,0.85,0.85,1.0,M1
81.0,-315.0,850.0,0.85,0.85,1.0,M1
81.0,-310.0,850.0,0.85,0.85,1.0,M1
81.0,-305.0,850.0,0.85,0.85,1.0,M1
81.0,-300.0,850.0,0.85,0.85,1.0,M1
81.0,-295.0,850.0,0.85,0.85,1.0,M1
81.0,-290.0,850.0,0.85,0.85,1.0,M1
81.0,-285.0,850.0,0.85,0.85,1.0,M1
81.0,-280.0,850.0,0.85,0.85,1.0,M1
81.0,-275.0,850.0,0.85,0.85,1.0,M1
81.0,-270.0,850.0,0.85,0.85,1.0,M1
81.0,-265.0,850.0,0.85,0.85,1.0,M1
81.0,-260.0,850.0,0.85,0.85,1.0,M1
81.0,-255.0,850.0,0.85,0.85,1.0,M1
81.0,-250.0,850.0,0.85,0.85,1.0,M1
81.0,-245.0,850.0,0.85,0.85,1.0,M1
81.0,-240.0,850.0,0.85,0.85,1.0,M1
81.0,-235.0,850.0,0.85,0.85,1.0,M1
81.0,-230.0,850.0,0.85,0.85,1.0,M1
81.0,-225.0,850.0,0.85,0.85,1.0,M1
81.0,-220.0,850.0,0.85,0.85,1.0,M1
81.0,-215.0,850.0,0.85,0.85,1.0,M1
81.0,-210.0,850.0,0.85,0.85,1.0,M1
81.0,-205.0,850.0,0.85,0.85,1.0,M1
81.0,-200.0,850.0,0.85,0.85,1.0,M1
81.0,-195.0,850.0,0.85,0.85,1.0,M1
81.0,-190.0,850.0,0.85,0.85,1.0,M1
81.0,-185.0,850.0,0.85,0.85,1.0,M1
81.0,-180.0,850.0,0.85,0.85,1.0,M1
81.0,-175.0,850.0,0.85,0.85,1.3337,M1
81.0,-170.0,850.0,0.85,0.85,1.5789,M2
81.0,-165.0,850.0,0.85,0.85,1.7709,M2
81.0,-160.0,850.0,0.85,0.85,1.9293,M2
81.0,-155.0,850.0,0.85,0.85,2.0665,M2
81.0,-150.0,850.0,0.85,0.85,2.1905,M2
81.0,-145.0,850.0,0.85,0.85,2.3077,M2
81.0,-140.0,850.0,0.85,0.85,2.4235,M2
81.0,-135.0,850.0,0.85,0.85,2.5433,M3
81.0,-130.0,850.0,0.85,0.85,2.673,M3
81.0,-125.0,850.0,0.85,0.85,2.8213,M3
81.0,-120.0,850.0,0.85,0.85,3.0,M3
81.0,-115.0,850.0,0.85,0.85,3.0,M3
81.0,-110.0,850.0,0.85,0.85,3.0,M3
81.0,-105.0,850.0,0.85,0.85,3.0,M3
81.0,-100.0,850.0,0.85,0.85,3.0,M3
81.0,-95.0,850.0,0.85,0.85,3.0,M3
81.0,-90.0,850.0,0.85,0.85,3.0,M3
81.0,-85.0,850.0,0.85,0.85,3.0,M3
81.0,-80.0,850.0,0.85,0.85,3.0,M3
81.0,-75.0,850.0,0.85,0.85,3.0,M3
81.0,-70.0,850.0,0.85,0.85,3.0,M3
81.0,-65.0,850.0,0.85,0.85,3.0,M3
81.0,-60.0,850.0,0.85,0.85,3.0,M3
81.0,-55.0,850.0,0.85,0.85,3.0,M3
81.0,-50.0,850.0,0.85,0.85,3.0,M3
81.0,-45.0,850.0,0.85,0.85,3.0,M3
81.0,-40.0,850.0,0.85,0.85,3.0,M3
81.0,-35.0,850.0,0.85,0.85,3.0,M3
81.0,-30.0,850.0,0.85,0.85,3.0,M3
81.0,-25.0,850.0,0.85,0.85,3.0,M3
81.0,-20.0,850.0,0.85,0.85,3.0,M3
81.0,-15.0,850.0,0.85,0.85,3.0,M3
81.0,-10.0,850.0,0.85,0.85,3.0,M3
81.0,-5.0,850.0,0.85,0.85,3.0,M3
81.0,0.0,850.0,0.85,0.85,3.0,M3
81.0,5.0,850.0,0.85,0.85,3.1439,M3
81.0,10.0,850.0,0.85,0.85,3.2627,M3
81.0,15.0,850.0,0.85,0.85,3.3647,M3
81.0,20.0,850.0,0.85,0.85,3.4555,M3
81.0,25.0,850.0,0.85,0.85,3.539,M4
81.0,30.0,850.0,0.85,0.85,3.618,M4
81.0,35.0,850.0,0.85,0.85,3.6861,M4
81.0,40.0,850.0,0.85,0.85,3.7021,M4
81.0,45.0,850.0,0.85,0.85,3.7194,M4
81.0,50.0,850.0,0.85,0.85,3.7382,M4
81.0,55.0,850.0,0.85,0.85,3.7587,M4
81.0,60.0,850.0,0.85,0.85,3.7813,M4
81.0,65.0,850.0,0.85,0.85,3.7813,M4
81.0,70.0,850.0,0.85,0.85,3.7813,M4
81.0,75.0,850.0,0.85,0.85,3.7813,M4
81.0,80.0,850.0,0.85,0.85,3.7813,M4
81.0,85.0,850.0,0.85,0.85,3.7813,M4
81.0,90.0,850.0,0.85,0.85,3.7813,M4
81.0,95.0,850.0,0.85,0.85,3.7813,M4
81.0,100.0,850.0,0.85,0.85,3.7813,M4
81.0,105.0,850.0,0.85,0.85,3.7813,M4
81.0,110.0,850.0,0.85,0.85,3.7813,M4
81.0,115.0,850.0,0.85,0.85,3.7813,M4
81.0,120.0,850.0,0.85,0.85,3.7813,M4
81.0,125.0,850.0,0.85,0.85,3.7813,M4
81.0,130.0,850.0,0.85,0.85,3.7813,M4
81.0,135.0,850.0,0.85,0.85,3.7813,M4
81.0,140.0,850.0,0.85,0.85,3.7813,M4
81.0,145.0,850.0,0.85,0.85,3.7813,M4
81.0,150.0,850.0,0.85,0.85,3.7813,M4
81.0,155.0,850.0,0.85,0.85,3.7813,M4
81.0,160.0,850.0,0.85,0.85,3.7813,M4
81.0,165.0,850.0,0.85,0.85,3.7813,M4
81.0,170.0,850.0,0.85,0.85,3.7813,M4
81.0,175.0,850.0,0.85,0.85,3.7813,M4
81.0,180.0,850.0,0.85,0.85,3.7813,M4
81.0,185.0,850.0,0.85,0.85,3.7813,M4
81.0,190.0,850.0,0.85,0.85,3.7813,M4
81.0,195.0,850.0,0.85,0.85,3.7813,M4
81.0,200.0,850.0,0.85,0.85,3.7813,M4
81.0,205.0,850.0,0.85,0.85,3.7813,M4
81.0,210.0,850.0,0.85,0.85,3.7813,M4
81.0,215.0,850.0,0.85,0.85,3.7813,M4
81.0,220.0,850.0,0.85,0.85,3.7813,M4
81.0,225.0,850.0,0.85,0.85,3.7813,M4
81.0,230.0,850.0,0.85,0.85,3.7813,M4
81.0,235.0,850.0,0.85,0.85,3.7813,M4
81.0,240.0,850.0,0.85,0.85,3.7813,M4
81.0,245.0,850.0,0.85,0.85,3.7813,M4
81.0,250.0,850.0,0.85,0.85,3.7813,M4
81.0,255.0,850.0,0.85,0.85,3.7813,M4
81.0,260.0,850.0,0.85,0.85,3.7813,M4
81.0,265.0,850.0,0.85,0.85,3.7813,M4
81.0,270.0,850.0,0.85,0.85,3.7813,M4
81.0,275.0,850.0,0.85,0.85,3.7813,M4
81.0,280.0,850.0,0.85,0.85,3.7813,M4
81.0,285.0,850.0,0.85,0.85,3.7813,M4
81.0,290.0,850.0,0.85,0.85,3.7813,M4
81.0,295.0,850.0,0.85,0.85,3.7813,M4
81.0,300.0,850.0,0.85,0.85,3.7813,M4
82.0,-350.0,850.0,0.85,0.85,1.0,M1
82.0,-345.0,850.0,0.85,0.85,1.0,M1
82.0,-340.0,850.0,0.85,0.85,1.0,M1
82.0,-335.0,850.0,0.85,0.85,1.0,M1
82.0,-330.0,850.0,0.85,0.85,1.0,M1
82.0,-325.0,850.0,0.85,0.85,1.0,M1
82.0,-320.0,850.0,0.85,0.85,1.0,M1
82.0,-315.0,850.0,0.85,0.85,1.0,M1
82.0,-310.0,850.0,0.85,0.85,1.0,M1
82.0,-305.0,850.0,0.85,0.85,1.0,M1
82.0,-300.0,850.0,0.85,0.85,1.0,M1
82.0,-295.0,850.0,0.85,0.85,1.0,M1
82.0,-290.0,850.0,0.85,0.85,1.0,M1
82.0,-285.0,850.0,0.85,0.85,1.0,M1
82.0,-280.0,850.0,0.85,0.85,1.0,M1
82.0,-275.0,850.0,0.85,0.85,1.0,M1
82.0,-270.0,850.0,0.85,0.85,1.0,M1
82.0,-265.0,850.0,0.85,0.85,1.0,M1
82.0,-260.0,850.0,0.85,0.85,1.0,M1
82.0,-255.0,850.0,0.85,0.85,1.0,M1
82.0,-250.0,850.0,0.85,0.85,1.0,M1
82.0,-245.0,850.0,0.85,0.85,1.0,M1
82.0,-240.0,850.0,0.85,0.85,1.0,M1
82.0,-235.0,850.0,0.85,0.85,1.0,M1
82.0,-230.0,850.0,0.85,0.85,1.0,M1
82.0,-225.0,850.0,0.85,0.85,1.0,M1
82.0,-220.0,850.0,0.85,0.85,1.0,M1
82.0,-215.0,850.0,0.85,0.85,1.0,M1
82.0,-210.0,850.0,0.85,0.85,1.0,M1
82.0,-205.0,850.0,0.85,0.85,1.0,M1
82.0,-200.0,850.0,0.85,0.85,1.0,M1
82.0,-195.0,850.0,0.85,0.85,1.0,M1
82.0,-190.0,850.0,0.85,0.85,1.0,M1
82.0,-185.0,850.0,0.85,0.85,1.0,M1
82.0,-180.0,850.0,0.85,0.85,1.0,M1
82.0,-175.0,850.0,0.85,0.85,1.3337,M1
82.0,-170.0,850.0,0.85,0.85,1.5789,M2
82.0,-165.0,850.0,0.85,0.85,1.7709,M2
82.0,-160.0,850.0,0.85,0.85,1.9293,M2
82.0,-155.0,850.0,0.85,0.85,2.0665,M2
82.0,-150.0,850.0,0.85,0.85,2.1905,M2
82.0,-145.0,850.0,0.85,0.85,2.3077,M2
82.0,-140.0,850.0,0.85,0.85,2.4235,M2
82.0,-135.0,850.0,0.85,0.85,2.5433,M3
82.0,-130.0,850.0,0.85,0.85,2.673,M3
82.0,-125.0,850.0,0.85,0.85,2.8213,M3
82.0,-120.0,850.0,0.85,0.85,3.0,M3
82.0,-115.0,850.0,0.85,0.85,3.0,M3
82.0,-110.0,850.0,0.85,0.85,3.0,M3
82.0,-105.0,850.0,0.85,0.85,3.0,M3
82.0,-100.0,850.0,0.85,0.85,3.0,M3
82.0,-95.0,850.0,0.85,0.85,3.0,M3
82.0,-90.0,850.0,0.85,0.85,3.0,M3
82.0,-85.0,850.0,0.85,0.85,3.0,M3
82.0,-80.0,850.0,0.85,0.85,3.0,M3
82.0,-75.0,850.0,0.85,0.85,3.0,M3
82.0,-70.0,850.0,0.85,0.85,3.0,M3
82.0,-65.0,850.0,0.85,0.85,3.0,M3
82.0,-60.0,850.0,0.85,0.85,3.0,M3
82.0,-55.0,850.0,0.85,0.85,3.0,M3
82.0,-50.0,850.0,0.85,0.85,3.0,M3
82.0,-45.0,850.0,0.85,0.85,3.0,M3
82.0,-40.0,850.0,0.85,0.85,3.0,M3
82.0,-35.0,850.0,0.85,0.85,3.0,M3
82.0,-30.0,850.0,0.85,0.85,3.0,M3
82.0,-25.0,850.0,0.85,0.85,3.0,M3
82.0,-20.0,850.0,0.85,0.85,3.0,M3
82.0,-15.0,850.0,0.85,0.85,3.0,M3
82.0,-10.0,850.0,0.85,0.85,3.0,M3
82.0,-5.0,850.0,0.85,0.85,3.0,M3
82.0,0.0,850.0,0.85,0.85,3.0,M3
82.0,5.0,850.0,0.85,0.85,3.1439,M3
82.0,10.0,850.0,0.85,0.85,3.2627,M3
82.0,15.0,850.0,0.85,0.85,3.3647,M3
82.0,20.0,850.0,0.85,0.85,3.4555,M3
82.0,25.0,850.0,0.85,0.85,3.539,M4
82.0,30.0,850.0,0.85,0.85,3.618,M4
82.0,35.0,850.0,0.85,0.85,3.6861,M4
82.0,40.0,850.0,0.85,0.85,3.7021,M4
82.0,45.0,850.0,0.85,0.85,3.7194,M4
82.0,50.0,850.0,0.85,0.85,3.7382,M4
82.0,55.0,850.0,0.85,0.85,3.7587,M4
82.0,60.0,850.0,0.85,0.85,3.7813,M4
82.0,65.0,850.0,0.85,0.85,3.7813,M4
82.0,70.0,850.0,0.85,0.85,3.7813,M4
82.0,75.0,850.0,0.85,0.85,3.7813,M4
82.0,80.0,850.0,0.85,0.85,3.7813,M4
82.0,85.0,850.0,0.85,0.85,3.7813,M4
82.0,90.0,850.0,0.85,0.85,3.7813,M4
82.0,95.0,850.0,0.85,0.85,3.7813,M4
82.0,100.0,850.0,0.85,0.85,3.7813,M4
82.0,105.0,850.0,0.85,0.85,3.7813,M4
82.0,110.0,850.0,0.85,0.85,3.7813,M4
82.0,115.0,850.0,0.85,0.85,3.7813,M4
82.0,120.0,850.0,0.85,0.85,3.7813,M4
82.0,125.0,850.0,0.85,0.85,3.7813,M4
82.0,130.0,850.0,0.85,0.85,3.7813,M4
82.0,135.0,850.0,0.85,0.85,3.7813,M4
82.0,140.0,850.0,0.85,0.85,3.7813,M4
82.0,145.0,850.0,0.85,0.85,3.7813,M4
82.0,150.0,850.0,0.85,0.85,3.7813,M4
82.0,155.0,850.0,0.85,0.85,3.7813,M4
82.0,160.0,850.0,0.85,0.85,3.7813,M4
82.0,165.0,850.0,0.85,0.85,3.7813,M4
82.0,170.0,850.0,0.85,0.85,3.7813,M4
82.0,175.0,850.0,0.85,0.85,3.7813,M4
82.0,180.0,850.0,0.85,0.85,3.7813,M4
82.0,185.0,850.0,0.85,0.85,3.7813,M4
82.0,190.0,850.0,0.85,0.85,3.7813,M4
82.0,195.0,850.0,0.85,0.85,3.7813,M4
82.0,200.0,850.0,0.85,0.85,3.7813,M4
82.0,205.0,850.0,0.85,0.85,3.7813,M4
82.0,210.0,850.0,0.85,0.85,3.7813,M4
82.0,215.0,850.0,0.85,0.85,3.7813,M4
82.0,220.0,850.0,0.85,0.85,3.7813,M4
82.0,225.0,850.0,0.85,0.85,3.7813,M4
82.0,230.0,850.0,0.85,0.85,3.7813,M4
82.0,235.0,850.0,0.85,0.85,3.7813,M4
82.0,240.0,850.0,0.85,0.85,3.7813,M4
82.0,245.0,850.0,0.85,0.85,3.7813,M4
82.0,250.0,850.0,0.85,0.85,3.7813,M4
82.0,255.0,850.0,0.85,0.85,3.7813,M4
82.0,260.0,850.0,0.85,0.85,3.7813,M4
82.0,265.0,850.0,0.85,0.85,3.7813,M4
82.0,270.0,850.0,0.85,0.85,3.7813,M4
82.0,275.0,850.0,0.85,0.85,3.7813,M4
82.0,280.0,850.0,0.85,0.85,3.7813,M4
82.0,285.0,850.0,0.85,0.85,3.7813,M4
82.0,290.0,850.0,0.85,0.85,3.7813,M4
82.0,295.0,850.0,0.85,0.85,3.7813,M4
82.0,300.0,850.0,0.85,0.85,3.7813,M4
83.0,-350.0,850.0,0.85,0.85,1.0,M1
83.0,-345.0,850.0,0.85,0.85,1.0,M1
83.0,-340.0,850.0,0.85,0.85,1.0,M1
83.0,-335.0,850.0,0.85,0.85,1.0,M1
83.0,-330.0,850.0,0.85,0.85,1.0,M1
83.0,-325.0,850.0,0.85,0.85,1.0,M1
83.0,-320.0,850.0,0.85,0.85,1.0,M1
83.0,-315.0,850.0,0.85,0.85,1.0,M1
83.0,-310.0,850.0,0.85,0.85,1.0,M1
83.0,-305.0,850.0,0.85,0.85,1.0,M1
83.0,-300.0,850.0,0.85,0.85,1.0,M1
83.0,-295.0,850.0,0.85,0.85,1.0,M1
83.0,-290.0,850.0,0.85,0.85,1.0,M1
83.0,-285.0,850.0,0.85,0.85,1.0,M1
83.0,-280.0,850.0,0.85,0.85,1.0,M1
83.0,-275.0,850.0,0.85,0.85,1.0,M1
83.0,-270.0,850.0,0.85,0.85,1.0,M1
83.0,-265.0,850.0,0.85,0.85,1.0,M1
83.0,-260.0,850.0,0.85,0.85,1.0,M1
83.0,-255.0,850.0,0.85,0.85,1.0,M1
83.0,-250.0,850.0,0.85,0.85,1.0,M1
83.0,-245.0,850.0,0.85,0.85,1.0,M1
83.0,-240.0,850.0,0.85,0.85,1.0,M1
83.0,-235.0,850.0,0.85,0.85,1.0,M1
83.0,-230.0,850.0,0.85,0.85,1.0,M1
83.0,-225.0,850.0,0.85,0.85,1.0,M1
83.0,-220.0,850.0,0.85,0.85,1.0,M1
83.0,-215.0,850.0,0.85,0.85,1.0,M1
83.0,-210.0,850.0,0.85,0.85,1.0,M1
83.0,-205.0,850.0,0.85,0.85,1.0,M1
83.0,-200.0,850.0,0.85,0.85,1.0,M1
83.0,-195.0,850.0,0.85,0.85,1.0,M1
83.0,-190.0,850.0,0.85,0.85,1.0,M1
83.0,-185.0,850.0,0.85,0.85,1.0,M1
83.0,-180.0,850.0,0.85,0.85,1.0,M1
83.0,-175.0,850.0,0.85,0.85,1.3337,M1
83.0,-170.0,850.0,0.85,0.85,1.5789,M2
83.0,-165.0,850.0,0.85,0.85,1.7709,M2
83.0,-160.0,850.0,0.85,0.85,1.9293,M2
83.0,-155.0,850.0,0.85,0.85,2.0665,M2
83.0,-150.0,850.0,0.85,0.85,2.1905,M2
83.0,-145.0,850.0,0.85,0.85,2.3077,M2
83.0,-140.0,850.0,0.85,0.85,2.4235,M2
83.0,-135.0,850.0,0.85,0.85,2.5433,M3
83.0,-130.0,850.0,0.85,0.85,2.673,M3
83.0,-125.0,850.0,0.85,0.85,2.8213,M3
83.0,-120.0,850.0,0.85,0.85,3.0,M3
83.0,-115.0,850.0,0.85,0.85,3.0,M3
83.0,-110.0,850.0,0.85,0.85,3.0,M3
83.0,-105.0,850.0,0.85,0.85,3.0,M3
83.0,-100.0,850.0,0.85,0.85,3.0,M3
83.0,-95.0,850.0,0.85,0.85,3.0,M3
83.0,-90.0,850.0,0.85,0.85,3.0,M3
83.0,-85.0,850.0,0.85,0.85,3.0,M3
83.0,-80.0,850.0,0.85,0.85,3.0,M3
83.0,-75.0,850.0,0.85,0.85,3.0,M3
83.0,-70.0,850.0,0.85,0.85,3.0,M3
83.0,-65.0,850.0,0.85,0.85,3.0,M3
83.0,-60.0,850.0,0.85,0.85,3.0,M3
83.0,-55.0,850.0,0.85,0.85,3.0,M3
83.0,-50.0,850.0,0.85,0.85,3.0,M3
83.0,-45.0,850.0,0.85,0.85,3.0,M3
83.0,-40.0,850.0,0.85,0.85,3.0,M3
83.0,-35.0,850.0,0.85,0.85,3.0,M3
83.0,-30.0,850.0,0.85,0.85,3.0,M3
83.0,-25.0,850.0,0.85,0.85,3.0,M3
83.0,-20.0,850.0,0.85,0.85,3.0,M3
83.0,-15.0,850.0,0.85,0.85,3.0,M3
83.0,-10.0,850.0,0.85,0.85,3.0,M3
83.0,-5.0,850.0,0.85,0.85,3.0,M3
83.0,0.0,850.0,0.85,0.85,3.0,M3
83.0,5.0,850.0,0.85,0.85,3.1439,M3
83.0,10.0,850.0,0.85,0.85,3.2627,M3
83.0,15.0,850.0,0.85,0.85,3.3647,M3
83.0,20.0,850.0,0.85,0.85,3.4555,M3
83.0,25.0,850.0,0.85,0.85,3.539,M4
83.0,30.0,850.0,0.85,0.85,3.618,M4
83.0,35.0,850.0,0.85,0.85,3.6861,M4
83.0,40.0,850.0,0.85,0.85,3.7021,M4
83.0,45.0,850.0,0.85,0.85,3.7194,M4
83.0,50.0,850.0,0.85,0.85,3.7382,M4
83.0,55.0,850.0,0.85,0.85,3.7587,M4
83.0,60.0,850.0,0.85,0.85,3.7813,M4
83.0,65.0,850.0,0.85,0.85,3.7813,M4
83.0,70.0,850.0,0.85,0.85,3.7813,M4
83.0,75.0,850.0,0.85,0.85,3.7813,M4
83.0,80.0,850.0,0.85,0.85,3.7813,M4
83.0,85.0,850.0,0.85,0.85,3.7813,M4
83.0,90.0,850.0,0.85,0.85,3.7813,M4
83.0,95.0,850.0,0.85,0.85,3.7813,M4
83.0,100.0,850.0,0.85,0.85,3.7813,M4
83.0,105.0,850.0,0.85,0.85,3.7813,M4
83.0,110.0,850.0,0.85,0.85,3.7813,M4
83.0,115.0,850.0,0.85,0.85,3.7813,M4
83.0,120.0,850.0,0.85,0.85,3.7813,M4
83.0,125.0,850.0,0.85,0.85,3.7813,M4
83.0,130.0,850.0,0.85,0.85,3.7813,M4
83.0,135.0,850.0,0.85,0.85,3.7813,M4
83.0,140.0,850.0,0.85,0.85,3.7813,M4
83.0,145.0,850.0,0.85,0.85,3.7813,M4
83.0,150.0,850.0,0.85,0.85,3.7813,M4
83.0,155.0,850.0,0.85,0.85,3.7813,M4
83.0,160.0,850.0,0.85,0.85,3.7813,M4
83.0,165.0,850.0,0.85,0.85,3.7813,M4
83.0,170.0,850.0,0.85,0.85,3.7813,M4
83.0,175.0,850.0,0.85,0.85,3.7813,M4
83.0,180.0,850.0,0.85,0.85,3.7813,M4
83.0,185.0,850.0,0.85,0.85,3.7813,M4
83.0,190.0,850.0,0.85,0.85,3.7813,M4
83.0,195.0,850.0,0.85,0.85,3.7813,M4
83.0,200.0,850.0,0.85,0.85,3.7813,M4
83.0,205.0,850.0,0.85,0.85,3.7813,M4
83.0,210.0,850.0,0.85,0.85,3.7813,M4
83.0,215.0,850.0,0.85,0.85,3.7813,M4
83.0,220.0,850.0,0.85,0.85,3.7813,M4
83.0,225.0,850.0,0.85,0.85,3.7813,M4
83.0,230.0,850.0,0.85,0.85,3.7813,M4
83.0,235.0,850.0,0.85,0.85,3.7813,M4
83.0,240.0,850.0,0.85,0.85,3.7813,M4
83.0,245.0,850.0,0.85,0.85,3.7813,M4
83.0,250.0,850.0,0.85,0.85,3.7813,M4
83.0,255.0,850.0,0.85,0.85,3.7813,M4
83.0,260.0,850.0,0.85,0.85,3.7813,M4
83.0,265.0,850.0,0.85,0.85,3.7813,M4
83.0,270.0,850.0,0.85,0.85,3.7813,M4
83.0,275.0,850.0,0.85,0.85,3.7813,M4
83.0,280.0,850.0,0.85,0.85,3.7813,M4
83.0,285.0,850.0,0.85,0.85,3.7813,M4
83.0,290.0,850.0,0.85,0.85,3.7813,M4
83.0,295.0,850.0,0.85,0.85,3.7813,M4
83.0,300.0,850.0,0.85,0.85,3.7813,M4
84.0,-350.0,850.0,0.85,0.85,1.0,M1
84.0,-345.0,850.0,0.85,0.85,1.0,M1
84.0,-340.0,850.0,0.85,0.85,1.0,M1
84.0,-335.0,850.0,0.85,0.85,1.0,M1
84.0,-330.0,850.0,0.85,0.85,1.0,M1
84.0,-325.0,850.0,0.85,0.85,1.0,M1
84.0,-320.0,850.0,0.85,0.85,1.0,M1
84.0,-315.0,850.0,0.85,0.85,1.0,M1
84.0,-310.0,850.0,0.85,0.85,1.0,M1
84.0,-305.0,850.0,0.85,0.85,1.0,M1
84.0,-300.0,850.0,0.85,0.85,1.0,M1
84.0,-295.0,850.0,0.85,0.85,1.0,M1
84.0,-290.0,850.0,0.85,0.85,1.0,M1
84.0,-285.0,850.0,0.85,0.85,1.0,M1
84.0,-280.0,850.0,0.85,0.85,1.0,M1
84.0,-275.0,850.0,0.85,0.85,1.0,M1
84.0,-270.0,850.0,0.85,0.85,1.0,M1
84.0,-265.0,850.0,0.85,0.85,1.0,M1
84.0,-260.0,850.0,0.85,0.85,1.0,M1
84.0,-255.0,850.0,0.85,0.85,1.0,M1
84.0,-250.0,850.0,0.85,0.85,1.0,M1
84.0,-245.0,850.0,0.85,0.85,1.0,M1
84.0,-240.0,850.0,0.85,0.85,1.0,M1
84.0,-235.0,850.0,0.85,0.85,1.0,M1
84.0,-230.0,850.0,0.85,0.85,1.0,M1
84.0,-225.0,850.0,0.85,0.85,1.0,M1
84.0,-220.0,850.0,0.85,0.85,1.0,M1
84.0,-215.0,850.0,0.85,0.85,1.0,M1
84.0,-210.0,850.0,0.85,0.85,1.0,M1
84.0,-205.0,850.0,0.85,0.85,1.0,M1
84.0,-200.0,850.0,0.85,0.85,1.0,M1
84.0,-195.0,850.0,0.85,0.85,1.0,M1
84.0,-190.0,850.0,0.85,0.85,1.0,M1
84.0,-185.0,850.0,0.85,0.85,1.0,M1
84.0,-180.0,850.0,0.85,0.85,1.0,M1
84.0,-175.0,850.0,0.85,0.85,1.3337,M1
84.0,-170.0,850.0,0.85,0.85,1.5789,M2
84.0,-165.0,850.0,0.85,0.85,1.7709,M2
84.0,-160.0,850.0,0.85,0.85,1.9293,M2
84.0,-155.0,850.0,0.85,0.85,2.0665,M2
84.0,-150.0,850.0,0.85,0.85,2.1905,M2
84.0,-145.0,850.0,0.85,0.85,2.3077,M2
84.0,-140.0,850.0,0.85,0.85,2.4235,M2
84.0,-135.0,850.0,0.85,0.85,2.5433,M3
84.0,-130.0,850.0,0.85,0.85,2.673,M3
84.0,-125.0,850.0,0.85,0.85,2.8213,M3
84.0,-120.0,850.0,0.85,0.85,3.0,M3
84.0,-115.0,850.0,0.85,0.85,3.0,M3
84.0,-110.0,850.0,0.85,0.85,3.0,M3
84.0,-105.0,850.0,0.85,0.85,3.0,M3
84.0,-100.0,850.0,0.85,0.85,3.0,M3
84.0,-95.0,850.0,0.85,0.85,3.0,M3
84.0,-90.0,850.0,0.85,0.85,3.0,M3
84.0,-85.0,850.0,0.85,0.85,3.0,M3
84.0,-80.0,850.0,0.85,0.85,3.0,M3
84.0,-75.0,850.0,0.85,0.85,3.0,M3
84.0,-70.0,850.0,0.85,0.85,3.0,M3
84.0,-65.0,850.0,0.85,0.85,3.0,M3
84.0,-60.0,850.0,0.85,0.85,3.0,M3
84.0,-55.0,850.0,0.85,0.85,3.0,M3
84.0,-50.0,850.0,0.85,0.85,3.0,M3
84.0,-45.0,850.0,0.85,0.85,3.0,M3
84.0,-40.0,850.0,0.85,0.85,3.0,M3
84.0,-35.0,850.0,0.85,0.85,3.0,M3
84.0,-30.0,850.0,0.85,0.85,3.0,M3
84.0,-25.0,850.0,0.85,0.85,3.0,M3
84.0,-20.0,850.0,0.85,0.85,3.0,M3
84.0,-15.0,850.0,0.85,0.85,3.0,M3
84.0,-10.0,850.0,0.85,0.85,3.0,M3
84.0,-5.0,850.0,0.85,0.85,3.0,M3
84.0,0.0,850.0,0.85,0.85,3.0,M3
84.0,5.0,850.0,0.85,0.85,3.1439,M3
84.0,10.0,850.0,0.85,0.85,3.2627,M3
84.0,15.0,850.0,0.85,0.85,3.3647,M3
84.0,20.0,850.0,0.85,0.85,3.4555,M3
84.0,25.0,850.0,0.85,0.85,3.539,M4
84.0,30.0,850.0,0.85,0.85,3.618,M4
84.0,35.0,850.0,0.85,0.85,3.6861,M4
84.0,40.0,850.0,0.85,0.85,3.7021,M4
84.0,45.0,850.0,0.85,0.85,3.7194,M4
84.0,50.0,850.0,0.85,0.85,3.7382,M4
84.0,55.0,850.0,0.85,0.85,3.7587,M4
84.0,60.0,850.0,0.85,0.85,3.7813,M4
84.0,65.0,850.0,0.85,0.85,3.7813,M4
84.0,70.0,850.0,0.85,0.85,3.7813,M4
84.0,75.0,850.0,0.85,0.85,3.7813,M4
84.0,80.0,850.0,0.85,0.85,3.7813,M4
84.0,85.0,850.0,0.85,0.85,3.7813,M4
84.0,90.0,850.0,0.85,0.85,3.7813,M4
84.0,95.0,850.0,0.85,0.85,3.7813,M4
84.0,100.0,850.0,0.85,0.85,3.7813,M4
84.0,105.0,850.0,0.85,0.85,3.7813,M4
84.0,110.0,850.0,0.85,0.85,3.7813,M4
84.0,115.0,850.0,0.85,0.85,3.7813,M4
84.0,120.0,850.0,0.85,0.85,3.7813,M4
84.0,125.0,850.0,0.85,0.85,3.7813,M4
84.0,130.0,850.0,0.85,0.85,3.7813,M4
84.0,135.0,850.0,0.85,0.85,3.7813,M4
84.0,140.0,850.0,0.85,0.85,3.7813,M4
84.0,145.0,850.0,0.85,0.85,3.7813,M4
84.0,150.0,850.0,0.85,0.85,3.7813,M4
84.0,155.0,850.0,0.85,0.85,3.7813,M4
84.0,160.0,850.0,0.85,0.85,3.7813,M4
84.0,165.0,850.0,0.85,0.85,3.7813,M4
84.0,170.0,850.0,0.85,0.85,3.7813,M4
84.0,175.0,850.0,0.85,0.85,3.7813,M4
84.0,180.0,850.0,0.85,0.85,3.7813,M4
84.0,185.0,850.0,0.85,0.85,3.7813,M4
84.0,190.0,850.0,0.85,0.85,3.7813,M4
84.0,195.0,850.0,0.85,0.85,3.7813,M4
84.0,200.0,850.0,0.85,0.85,3.7813,M4
84.0,205.0,850.0,0.85,0.85,3.7813,M4
84.0,210.0,850.0,0.85,0.85,3.7813,M4
84.0,215.0,850.0,0.85,0.85,3.7813,M4
84.0,220.0,850.0,0.85,0.85,3.7813,M4
84.0,225.0,850.0,0.85,0.85,3.7813,M4
84.0,230.0,850.0,0.85,0.85,3.7813,M4
84.0,235.0,850.0,0.85,0.85,3.7813,M4
84.0,240.0,850.0,0.85,0.85,3.7813,M4
84.0,245.0,850.0,0.85,0.85,3.7813,M4
84.0,250.0,850.0,0.85,0.85,3.7813,M4
84.0,255.0,850.0,0.85,0.85,3.7813,M4
84.0,260.0,850.0,0.85,0.85,3.7813,M4
84.0,265.0,850.0,0.85,0.85,3.7813,M4
84.0,270.0,850.0,0.85,0.85,3.7813,M4
84.0,275.0,850.0,0.85,0.85,3.7813,M4
84.0,280.0,850.0,0.85,0.85,3.7813,M4
84.0,285.0,850.0,0.85,0.85,3.7813,M4
84.0,290.0,850.0,0.85,0.85,3.7813,M4
84.0,295.0,850.0,0.85,0.85,3.7813,M4
84.0,300.0,850.0,0.85,0.85,3.7813,M4
85.0,-350.0,850.0,0.85,0.85,1.0,M1
85.0,-345.0,850.0,0.85,0.85,1.0,M1
85.0,-340.0,850.0,0.85,0.85,1.0,M1
85.0,-335.0,850.0,0.85,0.85,1.0,M1
85.0,-330.0,850.0,0.85,0.85,1.0,M1
85.0,-325.0,850.0,0.85,0.85,1.0,M1
85.0,-320.0,850.0,0.85,0.85,1.0,M1
85.0,-315.0,850.0,0.85,0.85,1.0,M1
85.0,-310.0,850.0,0.85,0.85,1.0,M1
85.0,-305.0,850.0,0.85,0.85,1.0,M1
85.0,-300.0,850.0,0.85,0.85,1.0,M1
85.0,-295.0,850.0,0.85,0.85,1.0,M1
85.0,-290.0,850.0,0.85,0.85,1.0,M1
85.0,-285.0,850.0,0.85,0.85,1.0,M1
85.0,-280.0,850.0,0.85,0.85,1.0,M1
85.0,-275.0,850.0,0.85,0.85,1.0,M1
85.0,-270.0,850.0,0.85,0.85,1.0,M1
85.0,-265.0,850.0,0.85,0.85,1.0,M1
85.0,-260.0,850.0,0.85,0.85,1.0,M1
85.0,-255.0,850.0,0.85,0.85,1.0,M1
85.0,-250.0,850.0,0.85,0.85,1.0,M1
85.0,-245.0,850.0,0.85,0.85,1.0,M1
85.0,-240.0,850.0,0.85,0.85,1.0,M1
85.0,-235.0,850.0,0.85,0.85,1.0,M1
85.0,-230.0,850.0,0.85,0.85,1.0,M1
85.0,-225.0,850.0,0.85,0.85,1.0,M1
85.0,-220.0,850.0,0.85,0.85,1.0,M1
85.0,-215.0,850.0,0.85,0.85,1.0,M1
85.0,-210.0,850.0,0.85,0.85,1.0,M1
85.0,-205.0,850.0,0.85,0.85,1.0,M1
85.0,-200.0,850.0,0.85,0.85,1.0,M1
85.0,-195.0,850.0,0.85,0.85,1.0,M1
85.0,-190.0,850.0,0.85,0.85,1.0,M1
85.0,-185.0,850.0,0.85,0.85,1.0,M1
85.0,-180.0,850.0,0.85,0.85,1.0,M1
85.0,-175.0,850.0,0.85,0.85,1.3337,M1
85.0,-170.0,850.0,0.85,0.85,1.5789,M2
85.0,-165.0,850.0,0.85,0.85,1.7709,M2
85.0,-160.0,850.0,0.85,0.85,1.9293,M2
85.0,-155.0,850.0,0.85,0.85,2.0665,M2
85.0,-150.0,850.0,0.85,0.85,2.1905,M2
85.0,-145.0,850.0,0.85,0.85,2.3077,M2
85.0,-140.0,850.0,0.85,0.85,2.4235,M2
85.0,-135.0,850.0,0.85,0.85,2.5433,M3
85.0,-130.0,850.0,0.85,0.85,2.673,M3
85.0,-125.0,850.0,0.85,0.85,2.8213,M3
85.0,-120.0,850.0,0.85,0.85,3.0,M3
85.0,-115.0,850.0,0.85,0.85,3.0,M3
85.0,-110.0,850.0,0.85,0.85,3.0,M3
85.0,-105.0,850.0,0.85,0.85,3.0,M3
85.0,-100.0,850.0,0.85,0.85,3.0,M3
85.0,-95.0,850.0,0.85,0.85,3.0,M3
85.0,-90.0,850.0,0.85,0.85,3.0,M3
85.0,-85.0,850.0,0.85,0.85,3.0,M3
85.0,-80.0,850.0,0.85,0.85,3.0,M3
85.0,-75.0,850.0,0.85,0.85,3.0,M3
85.0,-70.0,850.0,0.85,0.85,3.0,M3
85.0,-65.0,850.0,0.85,0.85,3.0,M3
85.0,-60.0,850.0,0.85,0.85,3.0,M3
85.0,-55.0,850.0,0.85,0.85,3.0,M3
85.0,-50.0,850.0,0.85,0.85,3.0,M3
85.0,-45.0,850.0,0.85,0.85,3.0,M3
85.0,-40.0,850.0,0.85,0.85,3.0,M3
85.0,-35.0,850.0,0.85,0.85,3.0,M3
85.0,-30.0,850.0,0.85,0.85,3.0,M3
85.0,-25.0,850.0,0.85,0.85,3.0,M3
85.0,-20.0,850.0,0.85,0.85,3.0,M3
85.0,-15.0,850.0,0.85,0.85,3.0,M3
85.0,-10.0,850.0,0.85,0.85,3.0,M3
85.0,-5.0,850.0,0.85,0.85,3.0,M3
85.0,0.0,850.0,0.85,0.85,3.0,M3
85.0,5.0,850.0,0.85,0.85,3.1439,M3
85.0,10.0,850.0,0.85,0.85,3.2627,M3
85.0,15.0,850.0,0.85,0.85,3.3647,M3
85.0,20.0,850.0,0.85,0.85,3.4555,M3
85.0,25.0,850.0,0.85,0.85,3.539,M4
85.0,30.0,850.0,0.85,0.85,3.618,M4
85.0,35.0,850.0,0.85,0.85,3.6861,M4
85.0,40.0,850.0,0.85,0.85,3.7021,M4
85.0,45.0,850.0,0.85,0.85,3.7194,M4
85.0,50.0,850.0,0.85,0.85,3.7382,M4
85.0,55.0,850.0,0.85,0.85,3.7587,M4
85.0,60.0,850.0,0.85,0.85,3.7813,M4
85.0,65.0,850.0,0.85,0.85,3.7813,M4
85.0,70.0,850.0,0.85,0.85,3.7813,M4
85.0,75.0,850.0,0.85,0.85,3.7813,M4
85.0,80.0,850.0,0.85,0.85,3.7813,M4
85.0,85.0,850.0,0.85,0.85,3.7813,M4
85.0,90.0,850.0,0.85,0.85,3.7813,M4
85.0,95.0,850.0,0.85,0.85,3.7813,M4
85.0,100.0,850.0,0.85,0.85,3.7813,M4
85.0,105.0,850.0,0.85,0.85,3.7813,M4
85.0,110.0,850.0,0.85,0.85,3.7813,M4
85.0,115.0,850.0,0.85,0.85,3.7813,M4
85.0,120.0,850.0,0.85,0.85,3.7813,M4
85.0,125.0,850.0,0.85,0.85,3.7813,M4
85.0,130.0,850.0,0.85,0.85,3.7813,M4
85.0,135.0,850.0,0.85,0.85,3.7813,M4
85.0,140.0,850.0,0.85,0.85,3.7813,M4
85.0,145.0,850.0,0.85,0.85,3.7813,M4
85.0,150.0,850.0,0.85,0.85,3.7813,M4
85.0,155.0,850.0,0.85,0.85,3.7813,M4
85.0,160.0,850.0,0.85,0.85,3.7813,M4
85.0,165.0,850.0,0.85,0.85,3.7813,M4
85.0,170.0,850.0,0.85,0.85,3.7813,M4
85.0,175.0,850.0,0.85,0.85,3.7813,M4
85.0,180.0,850.0,0.85,0.85,3.7813,M4
85.0,185.0,850.0,0.85,0.85,3.7813,M4
85.0,190.0,850.0,0.85,0.85,3.7813,M4
85.0,195.0,850.0,0.85,0.85,3.7813,M4
85.0,200.0,850.0,0.85,0.85,3.7813,M4
85.0,205.0,850.0,0.85,0.85,3.7813,M4
85.0,210.0,850.0,0.85,0.85,3.7813,M4
85.0,215.0,850.0,0.85,0.85,3.7813,M4
85.0,220.0,850.0,0.85,0.85,3.7813,M4
85.0,225.0,850.0,0.85,0.85,3.7813,M4
85.0,230.0,850.0,0.85,0.85,3.7813,M4
85.0,235.0,850.0,0.85,0.85,3.7813,M4
85.0,240.0,850.0,0.85,0.85,3.7813,M4
85.0,245.0,850.0,0.85,0.85,3.7813,M4
85.0,250.0,850.0,0.85,0.85,3.7813,M4
85.0,255.0,850.0,0.85,0.85,3.7813,M4
85.0,260.0,850.0,0.85,0.85,3.7813,M4
85.0,265.0,850.0,0.85,0.85,3.7813,M4
85.0,270.0,850.0,0.85,0.85,3.7813,M4
85.0,275.0,850.0,0.85,0.85,3.7813,M4
85.0,280.0,850.0,0.85,0.85,3.7813,M4
85.0,285.0,850.0,0.85,0.85,3.7813,M4
85.0,290.0,850.0,0.85,0.85,3.7813,M4
85.0,295.0,850.0,0.85,0.85,3.7813,M4
85.0,300.0,850.0,0.85,0.85,3.7813,M4
86.0,-350.0,850.0,0.85,0.85,1.0,M1
86.0,-345.0,850.0,0.85,0.85,1.0,M1
86.0,-340.0,850.0,0.85,0.85,1.0,M1
86.0,-335.0,850.0,0.85,0.85,1.0,M1
86.0,-330.0,850.0,0.85,0.85,1.0,M1
86.0,-325.0,850.0,0.85,0.85,1.0,M1
86.0,-320.0,850.0,0.85,0.85,1.0,M1
86.0,-315.0,850.0,0.85,0.85,1.0,M1
86.0,-310.0,850.0,0.85,0.85,1.0,M1
86.0,-305.0,850.0,0.85,0.85,1.0,M1
86.0,-300.0,850.0,0.85,0.85,1.0,M1
86.0,-295.0,850.0,0.85,0.85,1.0,M1
86.0,-290.0,850.0,0.85,0.85,1.0,M1
86.0,-285.0,850.0,0.85,0.85,1.0,M1
86.0,-280.0,850.0,0.85,0.85,1.0,M1
86.0,-275.0,850.0,0.85,0.85,1.0,M1
86.0,-270.0,850.0,0.85,0.85,1.0,M1
86.0,-265.0,850.0,0.85,0.85,1.0,M1
86.0,-260.0,850.0,0.85,0.85,1.0,M1
86.0,-255.0,850.0,0.85,0.85,1.0,M1
86.0,-250.0,850.0,0.85,0.85,1.0,M1
86.0,-245.0,850.0,0.85,0.85,1.0,M1
86.0,-240.0,850.0,0.85,0.85,1.0,M1
86.0,-235.0,850.0,0.85,0.85,1.0,M1
86.0,-230.0,850.0,0.85,0.85,1.0,M1
86.0,-225.0,850.0,0.85,0.85,1.0,M1
86.0,-220.0,850.0,0.85,0.85,1.0,M1
86.0,-215.0,850.0,0.85,0.85,1.0,M1
86.0,-210.0,850.0,0.85,0.85,1.0,M1
86.0,-205.0,850.0,0.85,0.85,1.0,M1
86.0,-200.0,850.0,0.85,0.85,1.0,M1
86.0,-195.0,850.0,0.85,0.85,1.0,M1
86.0,-190.0,850.0,0.85,0.85,1.0,M1
86.0,-185.0,850.0,0.85,0.85,1.0,M1
86.0,-180.0,850.0,0.85,0.85,1.0,M1
86.0,-175.0,850.0,0.85,0.85,1.6475,M2
86.0,-170.0,850.0,0.85,0.85,1.9955,M2
86.0,-165.0,850.0,0.85,0.85,2.1335,M2
86.0,-160.0,850.0,0.85,0.85,2.2531,M2
86.0,-155.0,850.0,0.85,0.85,2.3615,M2
86.0,-150.0,850.0,0.85,0.85,2.4636,M2
86.0,-145.0,850.0,0.85,0.85,2.5639,M3
86.0,-140.0,850.0,0.85,0.85,2.666,M3
86.0,-135.0,850.0,0.85,0.85,2.7743,M3
86.0,-130.0,850.0,0.85,0.85,2.8936,M3
86.0,-125.0,850.0,0.85,0.85,3.0307,M3
86.0,-120.0,850.0,0.85,0.85,3.1949,M3
86.0,-115.0,850.0,0.85,0.85,3.1949,M3
86.0,-110.0,850.0,0.85,0.85,3.1949,M3
86.0,-105.0,850.0,0.85,0.85,3.1949,M3
86.0,-100.0,850.0,0.85,0.85,3.1949,M3
86.0,-95.0,850.0,0.85,0.85,3.1949,M3
86.0,-90.0,850.0,0.85,0.85,3.1949,M3
86.0,-85.0,850.0,0.85,0.85,3.1949,M3
86.0,-80.0,850.0,0.85,0.85,3.1949,M3
86.0,-75.0,850.0,0.85,0.85,3.2339,M3
86.0,-70.0,850.0,0.85,0.85,3.2753,M3
86.0,-65.0,850.0,0.85,0.85,3.2875,M3
86.0,-60.0,850.0,0.85,0.85,3.2875,M3
86.0,-55.0,850.0,0.85,0.85,3.2875,M3
86.0,-50.0,850.0,0.85,0.85,3.2875,M3
86.0,-45.0,850.0,0.85,0.85,3.2875,M3
86.0,-40.0,850.0,0.85,0.85,3.2875,M3
86.0,-35.0,850.0,0.85,0.85,3.2875,M3
86.0,-30.0,850.0,0.85,0.85,3.2875,M3
86.0,-25.0,850.0,0.85,0.85,3.2875,M3
86.0,-20.0,850.0,0.85,0.85,3.2875,M3
86.0,-15.0,850.0,0.85,0.85,3.2911,M3
86.0,-10.0,850.0,0.85,0.85,3.2911,M3
86.0,-5.0,850.0,0.85,0.85,3.2884,M3
86.0,0.0,850.0,0.85,0.85,3.2875,M3
86.0,5.0,850.0,0.85,0.85,3.2884,M3
86.0,10.0,850.0,0.85,0.85,3.3183,M3
86.0,15.0,850.0,0.85,0.85,3.4092,M3
86.0,20.0,850.0,0.85,0.85,3.4912,M3
86.0,25.0,850.0,0.85,0.85,3.5674,M4
86.0,30.0,850.0,0.85,0.85,3.64,M4
86.0,35.0,850.0,0.85,0.85,3.7026,M4
86.0,40.0,850.0,0.85,0.85,3.7164,M4
86.0,45.0,850.0,0.85,0.85,3.7317,M4
86.0,50.0,850.0,0.85,0.85,3.7488,M4
86.0,55.0,850.0,0.85,0.85,3.7678,M4
86.0,60.0,850.0,0.85,0.85,3.7888,M4
86.0,65.0,850.0,0.85,0.85,3.7888,M4
86.0,70.0,850.0,0.85,0.85,3.7888,M4
86.0,75.0,850.0,0.85,0.85,3.7888,M4
86.0,80.0,850.0,0.85,0.85,3.7888,M4
86.0,85.0,850.0,0.85,0.85,3.7888,M4
86.0,90.0,850.0,0.85,0.85,3.7888,M4
86.0,95.0,850.0,0.85,0.85,3.7888,M4
86.0,100.0,850.0,0.85,0.85,3.7888,M4
86.0,105.0,850.0,0.85,0.85,3.7888,M4
86.0,110.0,850.0,0.85,0.85,3.7888,M4
86.0,115.0,850.0,0.85,0.85,3.7888,M4
86.0,120.0,850.0,0.85,0.85,3.7888,M4
86.0,125.0,850.0,0.85,0.85,3.7888,M4
86.0,130.0,850.0,0.85,0.85,3.7888,M4
86.0,135.0,850.0,0.85,0.85,3.7888,M4
86.0,140.0,850.0,0.85,0.85,3.7888,M4
86.0,145.0,850.0,0.85,0.85,3.7888,M4
86.0,150.0,850.0,0.85,0.85,3.7888,M4
86.0,155.0,850.0,0.85,0.85,3.7888,M4
86.0,160.0,850.0,0.85,0.85,3.7888,M4
86.0,165.0,850.0,0.85,0.85,3.7888,M4
86.0,170.0,850.0,0.85,0.85,3.7888,M4
86.0,175.0,850.0,0.85,0.85,3.7888,M4
86.0,180.0,850.0,0.85,0.85,3.7888,M4
86.0,185.0,850.0,0.85,0.85,3.7888,M4
86.0,190.0,850.0,0.85,0.85,3.7888,M4
86.0,195.0,850.0,0.85,0.85,3.7888,M4
86.0,200.0,850.0,0.85,0.85,3.7888,M4
86.0,205.0,850.0,0.85,0.85,3.7888,M4
86.0,210.0,850.0,0.85,0.85,3.7888,M4
86.0,215.0,850.0,0.85,0.85,3.7888,M4
86.0,220.0,850.0,0.85,0.85,3.7888,M4
86.0,225.0,850.0,0.85,0.85,3.7888,M4
86.0,230.0,850.0,0.85,0.85,3.7888,M4
86.0,235.0,850.0,0.85,0.85,3.7888,M4
86.0,240.0,850.0,0.85,0.85,3.7888,M4
86.0,245.0,850.0,0.85,0.85,3.7888,M4
86.0,250.0,850.0,0.85,0.85,3.7888,M4
86.0,255.0,850.0,0.85,0.85,3.7888,M4
86.0,260.0,850.0,0.85,0.85,3.7888,M4
86.0,265.0,850.0,0.85,0.85,3.7888,M4
86.0,270.0,850.0,0.85,0.85,3.7888,M4
86.0,275.0,850.0,0.85,0.85,3.7888,M4
86.0,280.0,850.0,0.85,0.85,3.7888,M4
86.0,285.0,850.0,0.85,0.85,3.7888,M4
86.0,290.0,850.0,0.85,0.85,3.7888,M4
86.0,295.0,850.0,0.85,0.85,3.7888,M4
86.0,300.0,850.0,0.85,0.85,3.7888,M4
87.0,-350.0,850.0,0.85,0.85,1.0,M1
87.0,-345.0,850.0,0.85,0.85,1.0,M1
87.0,-340.0,850.0,0.85,0.85,1.0,M1
87.0,-335.0,850.0,0.85,0.85,1.0,M1
87.0,-330.0,850.0,0.85,0.85,1.0,M1
87.0,-325.0,850.0,0.85,0.85,1.0,M1
87.0,-320.0,850.0,0.85,0.85,1.0,M1
87.0,-315.0,850.0,0.85,0.85,1.0,M1
87.0,-310.0,850.0,0.85,0.85,1.0,M1
87.0,-305.0,850.0,0.85,0.85,1.0,M1
87.0,-300.0,850.0,0.85,0.85,1.0,M1
87.0,-295.0,850.0,0.85,0.85,1.0,M1
87.0,-290.0,850.0,0.85,0.85,1.0,M1
87.0,-285.0,850.0,0.85,0.85,1.0,M1
87.0,-280.0,850.0,0.85,0.85,1.0,M1
87.0,-275.0,850.0,0.85,0.85,1.0,M1
87.0,-270.0,850.0,0.85,0.85,1.0,M1
87.0,-265.0,850.0,0.85,0.85,1.0,M1
87.0,-260.0,850.0,0.85,0.85,1.0,M1
87.0,-255.0,850.0,0.85,0.85,1.0,M1
87.0,-250.0,850.0,0.85,0.85,1.0,M1
87.0,-245.0,850.0,0.85,0.85,1.0,M1
87.0,-240.0,850.0,0.85,0.85,1.0,M1
87.0,-235.0,850.0,0.85,0.85,1.0,M1
87.0,-230.0,850.0,0.85,0.85,1.0,M1
87.0,-225.0,850.0,0.85,0.85,1.0,M1
87.0,-220.0,850.0,0.85,0.85,1.0,M1
87.0,-215.0,850.0,0.85,0.85,1.0,M1
87.0,-210.0,850.0,0.85,0.85,1.0,M1
87.0,-205.0,850.0,0.85,0.85,1.0,M1
87.0,-200.0,850.0,0.85,0.85,1.0,M1
87.0,-195.0,850.0,0.85,0.85,1.0,M1
87.0,-190.0,850.0,0.85,0.85,1.0,M1
87.0,-185.0,850.0,0.85,0.85,1.0,M1
87.0,-180.0,850.0,0.85,0.85,1.0,M1
87.0,-175.0,850.0,0.85,0.85,1.6475,M2
87.0,-170.0,850.0,0.85,0.85,2.0506,M2
87.0,-165.0,850.0,0.85,0.85,2.3314,M2
87.0,-160.0,850.0,0.85,0.85,2.4818,M2
87.0,-155.0,850.0,0.85,0.85,2.571,M3
87.0,-150.0,850.0,0.85,0.85,2.6577,M3
87.0,-145.0,850.0,0.85,0.85,2.7453,M3
87.0,-140.0,850.0,0.85,0.85,2.8364,M3
87.0,-135.0,850.0,0.85,0.85,2.9347,M3
87.0,-130.0,850.0,0.85,0.85,3.0439,M3
87.0,-125.0,850.0,0.85,0.85,3.1695,M3
87.0,-120.0,850.0,0.85,0.85,3.3188,M3
87.0,-115.0,850.0,0.85,0.85,3.3188,M3
87.0,-110.0,850.0,0.85,0.85,3.3188,M3
87.0,-105.0,850.0,0.85,0.85,3.3188,M3
87.0,-100.0,850.0,0.85,0.85,3.3188,M3
87.0,-95.0,850.0,0.85,0.85,3.3188,M3
87.0,-90.0,850.0,0.85,0.85,3.3188,M3
87.0,-85.0,850.0,0.85,0.85,3.3188,M3
87.0,-80.0,850.0,0.85,0.85,3.3188,M3
87.0,-75.0,850.0,0.85,0.85,3.3498,M3
87.0,-70.0,850.0,0.85,0.85,3.3828,M3
87.0,-65.0,850.0,0.85,0.85,3.4176,M3
87.0,-60.0,850.0,0.85,0.85,3.4535,M3
87.0,-55.0,850.0,0.85,0.85,3.4743,M3
87.0,-50.0,850.0,0.85,0.85,3.4743,M3
87.0,-45.0,850.0,0.85,0.85,3.4743,M3
87.0,-40.0,850.0,0.85,0.85,3.4743,M3
87.0,-35.0,850.0,0.85,0.85,3.4743,M3
87.0,-30.0,850.0,0.85,0.85,3.4743,M3
87.0,-25.0,850.0,0.85,0.85,3.4743,M3
87.0,-20.0,850.0,0.85,0.85,3.4743,M3
87.0,-15.0,850.0,0.85,0.85,3.479,M3
87.0,-10.0,850.0,0.85,0.85,3.479,M3
87.0,-5.0,850.0,0.85,0.85,3.4755,M3
87.0,0.0,850.0,0.85,0.85,3.4743,M3
87.0,5.0,850.0,0.85,0.85,3.4755,M3
87.0,10.0,850.0,0.85,0.85,3.479,M3
87.0,15.0,850.0,0.85,0.85,3.4851,M3
87.0,20.0,850.0,0.85,0.85,3.5294,M4
87.0,25.0,850.0,0.85,0.85,3.5976,M4
87.0,30.0,850.0,0.85,0.85,3.6632,M4
87.0,35.0,850.0,0.85,0.85,3.72,M4
87.0,40.0,850.0,0.85,0.85,3.7314,M4
87.0,45.0,850.0,0.85,0.85,3.7447,M4
87.0,50.0,850.0,0.85,0.85,3.76,M4
87.0,55.0,850.0,0.85,0.85,3.7772,M4
87.0,60.0,850.0,0.85,0.85,3.7967,M4
87.0,65.0,850.0,0.85,0.85,3.7967,M4
87.0,70.0,850.0,0.85,0.85,3.7967,M4
87.0,75.0,850.0,0.85,0.85,3.7967,M4
87.0,80.0,850.0,0.85,0.85,3.7967,M4
87.0,85.0,850.0,0.85,0.85,3.7967,M4
87.0,90.0,850.0,0.85,0.85,3.7967,M4
87.0,95.0,850.0,0.85,0.85,3.7967,M4
87.0,100.0,850.0,0.85,0.85,3.7967,M4
87.0,105.0,850.0,0.85,0.85,3.7967,M4
87.0,110.0,850.0,0.85,0.85,3.7967,M4
87.0,115.0,850.0,0.85,0.85,3.7967,M4
87.0,120.0,850.0,0.85,0.85,3.7967,M4
87.0,125.0,850.0,0.85,0.85,3.7967,M4
87.0,130.0,850.0,0.85,0.85,3.7967,M4
87.0,135.0,850.0,0.85,0.85,3.7967,M4
87.0,140.0,850.0,0.85,0.85,3.7967,M4
87.0,145.0,850.0,0.85,0.85,3.7967,M4
87.0,150.0,850.0,0.85,0.85,3.7967,M4
87.0,155.0,850.0,0.85,0.85,3.7967,M4
87.0,160.0,850.0,0.85,0.85,3.7967,M4
87.0,165.0,850.0,0.85,0.85,3.7967,M4
87.0,170.0,850.0,0.85,0.85,3.7967,M4
87.0,175.0,850.0,0.85,0.85,3.7967,M4
87.0,180.0,850.0,0.85,0.85,3.7967,M4
87.0,185.0,850.0,0.85,0.85,3.7967,M4
87.0,190.0,850.0,0.85,0.85,3.7967,M4
87.0,195.0,850.0,0.85,0.85,3.7967,M4
87.0,200.0,850.0,0.85,0.85,3.7967,M4
87.0,205.0,850.0,0.85,0.85,3.7967,M4
87.0,210.0,850.0,0.85,0.85,3.7967,M4
87.0,215.0,850.0,0.85,0.85,3.7967,M4
87.0,220.0,850.0,0.85,0.85,3.7967,M4
87.0,225.0,850.0,0.85,0.85,3.7967,M4
87.0,230.0,850.0,0.85,0.85,3.7967,M4
87.0,235.0,850.0,0.85,0.85,3.7967,M4
87.0,240.0,850.0,0.85,0.85,3.7967,M4
87.0,245.0,850.0,0.85,0.85,3.7967,M4
87.0,250.0,850.0,0.85,0.85,3.7967,M4
87.0,255.0,850.0,0.85,0.85,3.7967,M4
87.0,260.0,850.0,0.85,0.85,3.7967,M4
87.0,265.0,850.0,0.85,0.85,3.7967,M4
87.0,270.0,850.0,0.85,0.85,3.7967,M4
87.0,275.0,850.0,0.85,0.85,3.7967,M4
87.0,280.0,850.0,0.85,0.85,3.7967,M4
87.0,285.0,850.0,0.85,0.85,3.7967,M4
87.0,290.0,850.0,0.85,0.85,3.7967,M4
87.0,295.0,850.0,0.85,0.85,3.7967,M4
87.0,300.0,850.0,0.85,0.85,3.7967,M4
88.0,-350.0,850.0,0.85,0.85,1.0,M1
88.0,-345.0,850.0,0.85,0.85,1.0,M1
88.0,-340.0,850.0,0.85,0.85,1.0,M1
88.0,-335.0,850.0,0.85,0.85,1.0,M1
88.0,-330.0,850.0,0.85,0.85,1.0,M1
88.0,-325.0,850.0,0.85,0.85,1.0,M1
88.0,-320.0,850.0,0.85,0.85,1.0,M1
88.0,-315.0,850.0,0.85,0.85,1.0,M1
88.0,-310.0,850.0,0.85,0.85,1.0,M1
88.0,-305.0,850.0,0.85,0.85,1.0,M1
88.0,-300.0,850.0,0.85,0.85,1.0,M1
88.0,-295.0,850.0,0.85,0.85,1.0,M1
88.0,-290.0,850.0,0.85,0.85,1.0,M1
88.0,-285.0,850.0,0.85,0.85,1.0,M1
88.0,-280.0,850.0,0.85,0.85,1.0,M1
88.0,-275.0,850.0,0.85,0.85,1.0,M1
88.0,-270.0,850.0,0.85,0.85,1.0,M1
88.0,-265.0,850.0,0.85,0.85,1.0,M1
88.0,-260.0,850.0,0.85,0.85,1.0,M1
88.0,-255.0,850.0,0.85,0.85,1.0,M1
88.0,-250.0,850.0,0.85,0.85,1.0,M1
88.0,-245.0,850.0,0.85,0.85,1.0,M1
88.0,-240.0,850.0,0.85,0.85,1.0,M1
88.0,-235.0,850.0,0.85,0.85,1.0,M1
88.0,-230.0,850.0,0.85,0.85,1.0,M1
88.0,-225.0,850.0,0.85,0.85,1.0,M1
88.0,-220.0,850.0,0.85,0.85,1.0,M1
88.0,-215.0,850.0,0.85,0.85,1.0,M1
88.0,-210.0,850.0,0.85,0.85,1.0,M1
88.0,-205.0,850.0,0.85,0.85,1.0,M1
88.0,-200.0,850.0,0.85,0.85,1.0,M1
88.0,-195.0,850.0,0.85,0.85,1.0,M1
88.0,-190.0,850.0,0.85,0.85,1.0,M1
88.0,-185.0,850.0,0.85,0.85,1.0,M1
88.0,-180.0,850.0,0.85,0.85,1.0,M1
88.0,-175.0,850.0,0.85,0.85,1.6475,M2
88.0,-170.0,850.0,0.85,0.85,2.0506,M2
88.0,-165.0,850.0,0.85,0.85,2.3314,M2
88.0,-160.0,850.0,0.85,0.85,2.5416,M3
88.0,-155.0,850.0,0.85,0.85,2.7047,M3
88.0,-150.0,850.0,0.85,0.85,2.7908,M3
88.0,-145.0,850.0,0.85,0.85,2.8695,M3
88.0,-140.0,850.0,0.85,0.85,2.9525,M3
88.0,-135.0,850.0,0.85,0.85,3.043,M3
88.0,-130.0,850.0,0.85,0.85,3.144,M3
88.0,-125.0,850.0,0.85,0.85,3.2602,M3
88.0,-120.0,850.0,0.85,0.85,3.3974,M3
88.0,-115.0,850.0,0.85,0.85,3.3974,M3
88.0,-110.0,850.0,0.85,0.85,3.3974,M3
88.0,-105.0,850.0,0.85,0.85,3.3974,M3
88.0,-100.0,850.0,0.85,0.85,3.3974,M3
88.0,-95.0,850.0,0.85,0.85,3.3974,M3
88.0,-90.0,850.0,0.85,0.85,3.3974,M3
88.0,-85.0,850.0,0.85,0.85,3.3974,M3
88.0,-80.0,850.0,0.85,0.85,3.3974,M3
88.0,-75.0,850.0,0.85,0.85,3.4235,M3
88.0,-70.0,850.0,0.85,0.85,3.4514,M3
88.0,-65.0,850.0,0.85,0.85,3.4808,M3
88.0,-60.0,850.0,0.85,0.85,3.5114,M4
88.0,-55.0,850.0,0.85,0.85,3.5427,M4
88.0,-50.0,850.0,0.85,0.85,3.5745,M4
88.0,-45.0,850.0,0.85,0.85,3.6018,M4
88.0,-40.0,850.0,0.85,0.85,3.6018,M4
88.0,-35.0,850.0,0.85,0.85,3.6018,M4
88.0,-30.0,850.0,0.85,0.85,3.6018,M4
88.0,-25.0,850.0,0.85,0.85,3.6018,M4
88.0,-20.0,850.0,0.85,0.85,3.6018,M4
88.0,-15.0,850.0,0.85,0.85,3.6068,M4
88.0,-10.0,850.0,0.85,0.85,3.6068,M4
88.0,-5.0,850.0,0.85,0.85,3.603,M4
88.0,0.0,850.0,0.85,0.85,3.6018,M4
88.0,5.0,850.0,0.85,0.85,3.603,M4
88.0,10.0,850.0,0.85,0.85,3.6068,M4
88.0,15.0,850.0,0.85,0.85,3.6133,M4
88.0,20.0,850.0,0.85,0.85,3.6226,M4
88.0,25.0,850.0,0.85,0.85,3.6349,M4
88.0,30.0,850.0,0.85,0.85,3.6877,M4
88.0,35.0,850.0,0.85,0.85,3.739,M4
88.0,40.0,850.0,0.85,0.85,3.7482,M4
88.0,45.0,850.0,0.85,0.85,3.7597,M4
88.0,50.0,850.0,0.85,0.85,3.7732,M4
88.0,55.0,850.0,0.85,0.85,3.7888,M4
88.0,60.0,850.0,0.85,0.85,3.8066,M4
88.0,65.0,850.0,0.85,0.85,3.8066,M4
88.0,70.0,850.0,0.85,0.85,3.8066,M4
88.0,75.0,850.0,0.85,0.85,3.8066,M4
88.0,80.0,850.0,0.85,0.85,3.8066,M4
88.0,85.0,850.0,0.85,0.85,3.8066,M4
88.0,90.0,850.0,0.85,0.85,3.8066,M4
88.0,95.0,850.0,0.85,0.85,3.8066,M4
88.0,100.0,850.0,0.85,0.85,3.8066,M4
88.0,105.0,850.0,0.85,0.85,3.8066,M4
88.0,110.0,850.0,0.85,0.85,3.8066,M4
88.0,115.0,850.0,0.85,0.85,3.8066,M4
88.0,120.0,850.0,0.85,0.85,3.8066,M4
88.0,125.0,850.0,0.85,0.85,3.8066,M4
88.0,130.0,850.0,0.85,0.85,3.8066,M4
88.0,135.0,850.0,0.85,0.85,3.8066,M4
88.0,140.0,850.0,0.85,0.85,3.8066,M4
88.0,145.0,850.0,0.85,0.85,3.8066,M4
88.0,150.0,850.0,0.85,0.85,3.8066,M4
88.0,155.0,850.0,0.85,0.85,3.8066,M4
88.0,160.0,850.0,0.85,0.85,3.8066,M4
88.0,165.0,850.0,0.85,0.85,3.8066,M4
88.0,170.0,850.0,0.85,0.85,3.8066,M4
88.0,175.0,850.0,0.85,0.85,3.8066,M4
88.0,180.0,850.0,0.85,0.85,3.8066,M4
88.0,185.0,850.0,0.85,0.85,3.8066,M4
88.0,190.0,850.0,0.85,0.85,3.8066,M4
88.0,195.0,850.0,0.85,0.85,3.8066,M4
88.0,200.0,850.0,0.85,0.85,3.8066,M4
88.0,205.0,850.0,0.85,0.85,3.8066,M4
88.0,210.0,850.0,0.85,0.85,3.8066,M4
88.0,215.0,850.0,0.85,0.85,3.8066,M4
88.0,220.0,850.0,0.85,0.85,3.8066,M4
88.0,225.0,850.0,0.85,0.85,3.8066,M4
88.0,230.0,850.0,0.85,0.85,3.8066,M4
88.0,235.0,850.0,0.85,0.85,3.8066,M4
88.0,240.0,850.0,0.85,0.85,3.8066,M4
88.0,245.0,850.0,0.85,0.85,3.8066,M4
88.0,250.0,850.0,0.85,0.85,3.8066,M4
88.0,255.0,850.0,0.85,0.85,3.8066,M4
88.0,260.0,850.0,0.85,0.85,3.8066,M4
88.0,265.0,850.0,0.85,0.85,3.8066,M4
88.0,270.0,850.0,0.85,0.85,3.8066,M4
88.0,275.0,850.0,0.85,0.85,3.8066,M4
88.0,280.0,850.0,0.85,0.85,3.8066,M4
88.0,285.0,850.0,0.85,0.85,3.8066,M4
88.0,290.0,850.0,0.85,0.85,3.8066,M4
88.0,295.0,850.0,0.85,0.85,3.8066,M4
88.0,300.0,850.0,0.85,0.85,3.8066,M4
89.0,-350.0,850.0,0.85,0.85,1.0,M1
89.0,-345.0,850.0,0.85,0.85,1.0,M1
89.0,-340.0,850.0,0.85,0.85,1.0,M1
89.0,-335.0,850.0,0.85,0.85,1.0,M1
89.0,-330.0,850.0,0.85,0.85,1.0,M1
89.0,-325.0,850.0,0.85,0.85,1.0,M1
89.0,-320.0,850.0,0.85,0.85,1.0,M1
89.0,-315.0,850.0,0.85,0.85,1.0,M1
89.0,-310.0,850.0,0.85,0.85,1.0,M1
89.0,-305.0,850.0,0.85,0.85,1.0,M1
89.0,-300.0,850.0,0.85,0.85,1.0,M1
89.0,-295.0,850.0,0.85,0.85,1.0,M1
89.0,-290.0,850.0,0.85,0.85,1.0,M1
89.0,-285.0,850.0,0.85,0.85,1.0,M1
89.0,-280.0,850.0,0.85,0.85,1.0,M1
89.0,-275.0,850.0,0.85,0.85,1.0,M1
89.0,-270.0,850.0,0.85,0.85,1.0,M1
89.0,-265.0,850.0,0.85,0.85,1.0,M1
89.0,-260.0,850.0,0.85,0.85,1.0,M1
89.0,-255.0,850.0,0.85,0.85,1.0,M1
89.0,-250.0,850.0,0.85,0.85,1.0,M1
89.0,-245.0,850.0,0.85,0.85,1.0,M1
89.0,-240.0,850.0,0.85,0.85,1.0,M1
89.0,-235.0,850.0,0.85,0.85,1.0,M1
89.0,-230.0,850.0,0.85,0.85,1.0,M1
89.0,-225.0,850.0,0.85,0.85,1.0,M1
89.0,-220.0,850.0,0.85,0.85,1.0,M1
89.0,-215.0,850.0,0.85,0.85,1.0,M1
89.0,-210.0,850.0,0.85,0.85,1.0,M1
89.0,-205.0,850.0,0.85,0.85,1.0,M1
89.0,-200.0,850.0,0.85,0.85,1.0,M1
89.0,-195.0,850.0,0.85,0.85,1.0,M1
89.0,-190.0,850.0,0.85,0.85,1.0,M1
89.0,-185.0,850.0,0.85,0.85,1.0,M1
89.0,-180.0,850.0,0.85,0.85,1.0,M1
89.0,-175.0,850.0,0.85,0.85,1.6475,M2
89.0,-170.0,850.0,0.85,0.85,2.0506,M2
89.0,-165.0,850.0,0.85,0.85,2.3314,M2
89.0,-160.0,850.0,0.85,0.85,2.5416,M3
89.0,-155.0,850.0,0.85,0.85,2.7047,M3
89.0,-150.0,850.0,0.85,0.85,2.8388,M3
89.0,-145.0,850.0,0.85,0.85,2.9503,M3
89.0,-140.0,850.0,0.85,0.85,3.028,M3
89.0,-135.0,850.0,0.85,0.85,3.1132,M3
89.0,-130.0,850.0,0.85,0.85,3.2085,M3
89.0,-125.0,850.0,0.85,0.85,3.3181,M3
89.0,-120.0,850.0,0.85,0.85,3.4471,M3
89.0,-115.0,850.0,0.85,0.85,3.4471,M3
89.0,-110.0,850.0,0.85,0.85,3.4471,M3
89.0,-105.0,850.0,0.85,0.85,3.4471,M3
89.0,-100.0,850.0,0.85,0.85,3.4471,M3
89.0,-95.0,850.0,0.85,0.85,3.4471,M3
89.0,-90.0,850.0,0.85,0.85,3.4471,M3
89.0,-85.0,850.0,0.85,0.85,3.4471,M3
89.0,-80.0,850.0,0.85,0.85,3.4471,M3
89.0,-75.0,850.0,0.85,0.85,3.4701,M3
89.0,-70.0,850.0,0.85,0.85,3.495,M3
89.0,-65.0,850.0,0.85,0.85,3.5213,M4
89.0,-60.0,850.0,0.85,0.85,3.5486,M4
89.0,-55.0,850.0,0.85,0.85,3.5768,M4
89.0,-50.0,850.0,0.85,0.85,3.6054,M4
89.0,-45.0,850.0,0.85,0.85,3.6341,M4
89.0,-40.0,850.0,0.85,0.85,3.6623,M4
89.0,-35.0,850.0,0.85,0.85,3.6882,M4
89.0,-30.0,850.0,0.85,0.85,3.6917,M4
89.0,-25.0,850.0,0.85,0.85,3.6917,M4
89.0,-20.0,850.0,0.85,0.85,3.6917,M4
89.0,-15.0,850.0,0.85,0.85,3.6968,M4
89.0,-10.0,850.0,0.85,0.85,3.6968,M4
89.0,-5.0,850.0,0.85,0.85,3.693,M4
89.0,0.0,850.0,0.85,0.85,3.6917,M4
89.0,5.0,850.0,0.85,0.85,3.693,M4
89.0,10.0,850.0,0.85,0.85,3.6968,M4
89.0,15.0,850.0,0.85,0.85,3.7033,M4
89.0,20.0,850.0,0.85,0.85,3.7126,M4
89.0,25.0,850.0,0.85,0.85,3.7249,M4
89.0,30.0,850.0,0.85,0.85,3.7405,M4
89.0,35.0,850.0,0.85,0.85,3.7577,M4
89.0,40.0,850.0,0.85,0.85,3.7651,M4
89.0,45.0,850.0,0.85,0.85,3.775,M4
89.0,50.0,850.0,0.85,0.85,3.7871,M4
89.0,55.0,850.0,0.85,0.85,3.8013,M4
89.0,60.0,850.0,0.85,0.85,3.8178,M4
89.0,65.0,850.0,0.85,0.85,3.8178,M4
89.0,70.0,850.0,0.85,0.85,3.8178,M4
89.0,75.0,850.0,0.85,0.85,3.8178,M4
89.0,80.0,850.0,0.85,0.85,3.8178,M4
89.0,85.0,850.0,0.85,0.85,3.8178,M4
89.0,90.0,850.0,0.85,0.85,3.8178,M4
89.0,95.0,850.0,0.85,0.85,3.8178,M4
89.0,100.0,850.0,0.85,0.85,3.8178,M4
89.0,105.0,850.0,0.85,0.85,3.8178,M4
89.0,110.0,850.0,0.85,0.85,3.8178,M4
89.0,115.0,850.0,0.85,0.85,3.8178,M4
89.0,120.0,850.0,0.85,0.85,3.8178,M4
89.0,125.0,850.0,0.85,0.85,3.8178,M4
89.0,130.0,850.0,0.85,0.85,3.8178,M4
89.0,135.0,850.0,0.85,0.85,3.8178,M4
89.0,140.0,850.0,0.85,0.85,3.8178,M4
89.0,145.0,850.0,0.85,0.85,3.8178,M4
89.0,150.0,850.0,0.85,0.85,3.8178,M4
89.0,155.0,850.0,0.85,0.85,3.8178,M4
89.0,160.0,850.0,0.85,0.85,3.8178,M4
89.0,165.0,850.0,0.85,0.85,3.8178,M4
89.0,170.0,850.0,0.85,0.85,3.8178,M4
89.0,175.0,850.0,0.85,0.85,3.8178,M4
89.0,180.0,850.0,0.85,0.85,3.8178,M4
89.0,185.0,850.0,0.85,0.85,3.8178,M4
89.0,190.0,850.0,0.85,0.85,3.8178,M4
89.0,195.0,850.0,0.85,0.85,3.8178,M4
89.0,200.0,850.0,0.85,0.85,3.8178,M4
89.0,205.0,850.0,0.85,0.85,3.8178,M4
89.0,210.0,850.0,0.85,0.85,3.8178,M4
89.0,215.0,850.0,0.85,0.85,3.8178,M4
89.0,220.0,850.0,0.85,0.85,3.8178,M4
89.0,225.0,850.0,0.85,0.85,3.8178,M4
89.0,230.0,850.0,0.85,0.85,3.8178,M4
89.0,235.0,850.0,0.85,0.85,3.8178,M4
89.0,240.0,850.0,0.85,0.85,3.8178,M4
89.0,245.0,850.0,0.85,0.85,3.8178,M4
89.0,250.0,850.0,0.85,0.85,3.8178,M4
89.0,255.0,850.0,0.85,0.85,3.8178,M4
89.0,260.0,850.0,0.85,0.85,3.8178,M4
89.0,265.0,850.0,0.85,0.85,3.8178,M4
89.0,270.0,850.0,0.85,0.85,3.8178,M4
89.0,275.0,850.0,0.85,0.85,3.8178,M4
89.0,280.0,850.0,0.85,0.85,3.8178,M4
89.0,285.0,850.0,0.85,0.85,3.8178,M4
89.0,290.0,850.0,0.85,0.85,3.8178,M4
89.0,295.0,850.0,0.85,0.85,3.8178,M4
89.0,300.0,850.0,0.85,0.85,3.8178,M4
90.0,-350.0,850.0,0.85,0.85,1.0,M1
90.0,-345.0,850.0,0.85,0.85,1.0,M1
90.0,-340.0,850.0,0.85,0.85,1.0,M1
90.0,-335.0,850.0,0.85,0.85,1.0,M1
90.0,-330.0,850.0,0.85,0.85,1.0,M1
90.0,-325.0,850.0,0.85,0.85,1.0,M1
90.0,-320.0,850.0,0.85,0.85,1.0,M1
90.0,-315.0,850.0,0.85,0.85,1.0,M1
90.0,-310.0,850.0,0.85,0.85,1.0,M1
90.0,-305.0,850.0,0.85,0.85,1.0,M1
90.0,-300.0,850.0,0.85,0.85,1.0,M1
90.0,-295.0,850.0,0.85,0.85,1.0,M1
90.0,-290.0,850.0,0.85,0.85,1.0,M1
90.0,-285.0,850.0,0.85,0.85,1.0,M1
90.0,-280.0,850.0,0.85,0.85,1.0,M1
90.0,-275.0,850.0,0.85,0.85,1.0,M1
90.0,-270.0,850.0,0.85,0.85,1.0,M1
90.0,-265.0,850.0,0.85,0.85,1.0,M1
90.0,-260.0,850.0,0.85,0.85,1.0,M1
90.0,-255.0,850.0,0.85,0.85,1.0,M1
90.0,-250.0,850.0,0.85,0.85,1.0,M1
90.0,-245.0,850.0,0.85,0.85,1.0,M1
90.0,-240.0,850.0,0.85,0.85,1.0,M1
90.0,-235.0,850.0,0.85,0.85,1.0,M1
90.0,-230.0,850.0,0.85,0.85,1.0,M1
90.0,-225.0,850.0,0.85,0.85,1.0,M1
90.0,-220.0,850.0,0.85,0.85,1.0,M1
90.0,-215.0,850.0,0.85,0.85,1.0,M1
90.0,-210.0,850.0,0.85,0.85,1.0,M1
90.0,-205.0,850.0,0.85,0.85,1.0,M1
90.0,-200.0,850.0,0.85,0.85,1.0,M1
90.0,-195.0,850.0,0.85,0.85,1.0,M1
90.0,-190.0,850.0,0.85,0.85,1.0,M1
90.0,-185.0,850.0,0.85,0.85,1.0,M1
90.0,-180.0,850.0,0.85,0.85,1.0,M1
90.0,-175.0,850.0,0.85,0.85,1.6475,M2
90.0,-170.0,850.0,0.85,0.85,2.0506,M2
90.0,-165.0,850.0,0.85,0.85,2.3314,M2
90.0,-160.0,850.0,0.85,0.85,2.5416,M3
90.0,-155.0,850.0,0.85,0.85,2.7047,M3
90.0,-150.0,850.0,0.85,0.85,2.8388,M3
90.0,-145.0,850.0,0.85,0.85,2.9555,M3
90.0,-140.0,850.0,0.85,0.85,3.0623,M3
90.0,-135.0,850.0,0.85,0.85,3.1573,M3
90.0,-130.0,850.0,0.85,0.85,3.2489,M3
90.0,-125.0,850.0,0.85,0.85,3.3542,M3
90.0,-120.0,850.0,0.85,0.85,3.4778,M3
90.0,-115.0,850.0,0.85,0.85,3.4778,M3
90.0,-110.0,850.0,0.85,0.85,3.4778,M3
90.0,-105.0,850.0,0.85,0.85,3.4778,M3
90.0,-100.0,850.0,0.85,0.85,3.4778,M3
90.0,-95.0,850.0,0.85,0.85,3.4778,M3
90.0,-90.0,850.0,0.85,0.85,3.4778,M3
90.0,-85.0,850.0,0.85,0.85,3.4778,M3
90.0,-80.0,850.0,0.85,0.85,3.4778,M3
90.0,-75.0,850.0,0.85,0.85,3.4991,M3
90.0,-70.0,850.0,0.85,0.85,3.5221,M4
90.0,-65.0,850.0,0.85,0.85,3.5465,M4
90.0,-60.0,850.0,0.85,0.85,3.5719,M4
90.0,-55.0,850.0,0.85,0.85,3.5981,M4
90.0,-50.0,850.0,0.85,0.85,3.6248,M4
90.0,-45.0,850.0,0.85,0.85,3.6517,M4
90.0,-40.0,850.0,0.85,0.85,3.6781,M4
90.0,-35.0,850.0,0.85,0.85,3.7025,M4
90.0,-30.0,850.0,0.85,0.85,3.7248,M4
90.0,-25.0,850.0,0.85,0.85,3.7454,M4
90.0,-20.0,850.0,0.85,0.85,3.7537,M4
90.0,-15.0,850.0,0.85,0.85,3.7587,M4
90.0,-10.0,850.0,0.85,0.85,3.7587,M4
90.0,-5.0,850.0,0.85,0.85,3.7549,M4
90.0,0.0,850.0,0.85,0.85,3.7537,M4
90.0,5.0,850.0,0.85,0.85,3.7549,M4
90.0,10.0,850.0,0.85,0.85,3.7587,M4
90.0,15.0,850.0,0.85,0.85,3.7651,M4
90.0,20.0,850.0,0.85,0.85,3.7743,M4
90.0,25.0,850.0,0.85,0.85,3.7764,M4
90.0,30.0,850.0,0.85,0.85,3.766,M4
90.0,35.0,850.0,0.85,0.85,3.7589,M4
90.0,40.0,850.0,0.85,0.85,3.773,M4
90.0,45.0,850.0,0.85,0.85,3.7849,M4
90.0,50.0,850.0,0.85,0.85,3.7961,M4
90.0,55.0,850.0,0.85,0.85,3.8096,M4
90.0,60.0,850.0,0.85,0.85,3.8252,M4
90.0,65.0,850.0,0.85,0.85,3.8252,M4
90.0,70.0,850.0,0.85,0.85,3.8252,M4
90.0,75.0,850.0,0.85,0.85,3.8252,M4
90.0,80.0,850.0,0.85,0.85,3.8252,M4
90.0,85.0,850.0,0.85,0.85,3.8252,M4
90.0,90.0,850.0,0.85,0.85,3.8252,M4
90.0,95.0,850.0,0.85,0.85,3.8252,M4
90.0,100.0,850.0,0.85,0.85,3.8252,M4
90.0,105.0,850.0,0.85,0.85,3.8252,M4
90.0,110.0,850.0,0.85,0.85,3.8252,M4
90.0,115.0,850.0,0.85,0.85,3.8252,M4
90.0,120.0,850.0,0.85,0.85,3.8252,M4
90.0,125.0,850.0,0.85,0.85,3.8252,M4
90.0,130.0,850.0,0.85,0.85,3.8252,M4
90.0,135.0,850.0,0.85,0.85,3.8252,M4
90.0,140.0,850.0,0.85,0.85,3.8252,M4
90.0,145.0,850.0,0.85,0.85,3.8252,M4
90.0,150.0,850.0,0.85,0.85,3.8252,M4
90.0,155.0,850.0,0.85,0.85,3.8252,M4
90.0,160.0,850.0,0.85,0.85,3.8252,M4
90.0,165.0,850.0,0.85,0.85,3.8252,M4
90.0,170.0,850.0,0.85,0.85,3.8252,M4
90.0,175.0,850.0,0.85,0.85,3.8252,M4
90.0,180.0,850.0,0.85,0.85,3.8252,M4
90.0,185.0,850.0,0.85,0.85,3.8252,M4
90.0,190.0,850.0,0.85,0.85,3.8252,M4
90.0,195.0,850.0,0.85,0.85,3.8252,M4
90.0,200.0,850.0,0.85,0.85,3.8252,M4
90.0,205.0,850.0,0.85,0.85,3.8252,M4
90.0,210.0,850.0,0.85,0.85,3.8252,M4
90.0,215.0,850.0,0.85,0.85,3.8252,M4
90.0,220.0,850.0,0.85,0.85,3.8252,M4
90.0,225.0,850.0,0.85,0.85,3.8252,M4
90.0,230.0,850.0,0.85,0.85,3.8252,M4
90.0,235.0,850.0,0.85,0.85,3.8252,M4
90.0,240.0,850.0,0.85,0.85,3.8252,M4
90.0,245.0,850.0,0.85,0.85,3.8252,M4
90.0,250.0,850.0,0.85,0.85,3.8252,M4
90.0,255.0,850.0,0.85,0.85,3.8252,M4
90.0,260.0,850.0,0.85,0.85,3.8252,M4
90.0,265.0,850.0,0.85,0.85,3.8252,M4
90.0,270.0,850.0,0.85,0.85,3.8252,M4
90.0,275.0,850.0,0.85,0.85,3.8252,M4
90.0,280.0,850.0,0.85,0.85,3.8252,M4
90.0,285.0,850.0,0.85,0.85,3.8252,M4
90.0,290.0,850.0,0.85,0.85,3.8252,M4
90.0,295.0,850.0,0.85,0.85,3.8252,M4
90.0,300.0,850.0,0.85,0.85,3.8252,M4
91.0,-350.0,850.0,0.85,0.85,1.0,M1
91.0,-345.0,850.0,0.85,0.85,1.0,M1
91.0,-340.0,850.0,0.85,0.85,1.0,M1
91.0,-335.0,850.0,0.85,0.85,1.0,M1
91.0,-330.0,850.0,0.85,0.85,1.0,M1
91.0,-325.0,850.0,0.85,0.85,1.0,M1
91.0,-320.0,850.0,0.85,0.85,1.0,M1
91.0,-315.0,850.0,0.85,0.85,1.0,M1
91.0,-310.0,850.0,0.85,0.85,1.0,M1
91.0,-305.0,850.0,0.85,0.85,1.0,M1
91.0,-300.0,850.0,0.85,0.85,1.0,M1
91.0,-295.0,850.0,0.85,0.85,1.0,M1
91.0,-290.0,850.0,0.85,0.85,1.0,M1
91.0,-285.0,850.0,0.85,0.85,1.0,M1
91.0,-280.0,850.0,0.85,0.85,1.0,M1
91.0,-275.0,850.0,0.85,0.85,1.0,M1
91.0,-270.0,850.0,0.85,0.85,1.0,M1
91.0,-265.0,850.0,0.85,0.85,1.0,M1
91.0,-260.0,850.0,0.85,0.85,1.0,M1
91.0,-255.0,850.0,0.85,0.85,1.0,M1
91.0,-250.0,850.0,0.85,0.85,1.0,M1
91.0,-245.0,850.0,0.85,0.85,1.0,M1
91.0,-240.0,850.0,0.85,0.85,1.0,M1
91.0,-235.0,850.0,0.85,0.85,1.0,M1
91.0,-230.0,850.0,0.85,0.85,1.0,M1
91.0,-225.0,850.0,0.85,0.85,1.0,M1
91.0,-220.0,850.0,0.85,0.85,1.0,M1
91.0,-215.0,850.0,0.85,0.85,1.0,M1
91.0,-210.0,850.0,0.85,0.85,1.0,M1
91.0,-205.0,850.0,0.85,0.85,1.0,M1
91.0,-200.0,850.0,0.85,0.85,1.0,M1
91.0,-195.0,850.0,0.85,0.85,1.0,M1
91.0,-190.0,850.0,0.85,0.85,1.0,M1
91.0,-185.0,850.0,0.85,0.85,1.0,M1
91.0,-180.0,850.0,0.85,0.85,1.0,M1
91.0,-175.0,850.0,0.85,0.85,1.6475,M2
91.0,-170.0,850.0,0.85,0.85,2.0506,M2
91.0,-165.0,850.0,0.85,0.85,2.3314,M2
91.0,-160.0,850.0,0.85,0.85,2.5416,M3
91.0,-155.0,850.0,0.85,0.85,2.7047,M3
91.0,-150.0,850.0,0.85,0.85,2.8388,M3
91.0,-145.0,850.0,0.85,0.85,2.9555,M3
91.0,-140.0,850.0,0.85,0.85,3.0623,M3
91.0,-135.0,850.0,0.85,0.85,3.165,M3
91.0,-130.0,850.0,0.85,0.85,3.2686,M3
91.0,-125.0,850.0,0.85,0.85,3.3741,M3
91.0,-120.0,850.0,0.85,0.85,3.4946,M3
91.0,-115.0,850.0,0.85,0.85,3.4946,M3
91.0,-110.0,850.0,0.85,0.85,3.4946,M3
91.0,-105.0,850.0,0.85,0.85,3.4946,M3
91.0,-100.0,850.0,0.85,0.85,3.4946,M3
91.0,-95.0,850.0,0.85,0.85,3.4946,M3
91.0,-90.0,850.0,0.85,0.85,3.4946,M3
91.0,-85.0,850.0,0.85,0.85,3.4946,M3
91.0,-80.0,850.0,0.85,0.85,3.4946,M3
91.0,-75.0,850.0,0.85,0.85,3.515,M4
91.0,-70.0,850.0,0.85,0.85,3.5371,M4
91.0,-65.0,850.0,0.85,0.85,3.5604,M4
91.0,-60.0,850.0,0.85,0.85,3.5848,M4
91.0,-55.0,850.0,0.85,0.85,3.6099,M4
91.0,-50.0,850.0,0.85,0.85,3.6356,M4
91.0,-45.0,850.0,0.85,0.85,3.6615,M4
91.0,-40.0,850.0,0.85,0.85,3.6869,M4
91.0,-35.0,850.0,0.85,0.85,3.7104,M4
91.0,-30.0,850.0,0.85,0.85,3.732,M4
91.0,-25.0,850.0,0.85,0.85,3.7519,M4
91.0,-20.0,850.0,0.85,0.85,3.7702,M4
91.0,-15.0,850.0,0.85,0.85,3.792,M4
91.0,-10.0,850.0,0.85,0.85,3.8031,M4
91.0,-5.0,850.0,0.85,0.85,3.7994,M4
91.0,0.0,850.0,0.85,0.85,3.7981,M4
91.0,5.0,850.0,0.85,0.85,3.7994,M4
91.0,10.0,850.0,0.85,0.85,3.8031,M4
91.0,15.0,850.0,0.85,0.85,3.7971,M4
91.0,20.0,850.0,0.85,0.85,3.7867,M4
91.0,25.0,850.0,0.85,0.85,3.7764,M4
91.0,30.0,850.0,0.85,0.85,3.766,M4
91.0,35.0,850.0,0.85,0.85,3.7589,M4
91.0,40.0,850.0,0.85,0.85,3.773,M4
91.0,45.0,850.0,0.85,0.85,3.7867,M4
91.0,50.0,850.0,0.85,0.85,3.8006,M4
91.0,55.0,850.0,0.85,0.85,3.8142,M4
91.0,60.0,850.0,0.85,0.85,3.8293,M4
91.0,65.0,850.0,0.85,0.85,3.8293,M4
91.0,70.0,850.0,0.85,0.85,3.8293,M4
91.0,75.0,850.0,0.85,0.85,3.8293,M4
91.0,80.0,850.0,0.85,0.85,3.8293,M4
91.0,85.0,850.0,0.85,0.85,3.8293,M4
91.0,90.0,850.0,0.85,0.85,3.8293,M4
91.0,95.0,850.0,0.85,0.85,3.8293,M4
91.0,100.0,850.0,0.85,0.85,3.8293,M4
91.0,105.0,850.0,0.85,0.85,3.8293,M4
91.0,110.0,850.0,0.85,0.85,3.8293,M4
91.0,115.0,850.0,0.85,0.85,3.8293,M4
91.0,120.0,850.0,0.85,0.85,3.8293,M4
91.0,125.0,850.0,0.85,0.85,3.8293,M4
91.0,130.0,850.0,0.85,0.85,3.8293,M4
91.0,135.0,850.0,0.85,0.85,3.8293,M4
91.0,140.0,850.0,0.85,0.85,3.8293,M4
91.0,145.0,850.0,0.85,0.85,3.8293,M4
91.0,150.0,850.0,0.85,0.85,3.8293,M4
91.0,155.0,850.0,0.85,0.85,3.8293,M4
91.0,160.0,850.0,0.85,0.85,3.8293,M4
91.0,165.0,850.0,0.85,0.85,3.8293,M4
91.0,170.0,850.0,0.85,0.85,3.8293,M4
91.0,175.0,850.0,0.85,0.85,3.8293,M4
91.0,180.0,850.0,0.85,0.85,3.8293,M4
91.0,185.0,850.0,0.85,0.85,3.8293,M4
91.0,190.0,850.0,0.85,0.85,3.8293,M4
91.0,195.0,850.0,0.85,0.85,3.8293,M4
91.0,200.0,850.0,0.85,0.85,3.8293,M4
91.0,205.0,850.0,0.85,0.85,3.8293,M4
91.0,210.0,850.0,0.85,0.85,3.8293,M4
91.0,215.0,850.0,0.85,0.85,3.8293,M4
91.0,220.0,850.0,0.85,0.85,3.8293,M4
91.0,225.0,850.0,0.85,0.85,3.8293,M4
91.0,230.0,850.0,0.85,0.85,3.8293,M4
91.0,235.0,850.0,0.85,0.85,3.8293,M4
91.0,240.0,850.0,0.85,0.85,3.8293,M4
91.0,245.0,850.0,0.85,0.85,3.8293,M4
91.0,250.0,850.0,0.85,0.85,3.8293,M4
91.0,255.0,850.0,0.85,0.85,3.8293,M4
91.0,260.0,850.0,0.85,0.85,3.8293,M4
91.0,265.0,850.0,0.85,0.85,3.8293,M4
91.0,270.0,850.0,0.85,0.85,3.8293,M4
91.0,275.0,850.0,0.85,0.85,3.8293,M4
91.0,280.0,850.0,0.85,0.85,3.8293,M4
91.0,285.0,850.0,0.85,0.85,3.8293,M4
91.0,290.0,850.0,0.85,0.85,3.8293,M4
91.0,295.0,850.0,0.85,0.85,3.8293,M4
91.0,300.0,850.0,0.85,0.85,3.8293,M4
92.0,-350.0,850.0,0.85,0.85,1.0,M1
92.0,-345.0,850.0,0.85,0.85,1.0,M1
92.0,-340.0,850.0,0.85,0.85,1.0,M1
92.0,-335.0,850.0,0.85,0.85,1.0,M1
92.0,-330.0,850.0,0.85,0.85,1.0,M1
92.0,-325.0,850.0,0.85,0.85,1.0,M1
92.0,-320.0,850.0,0.85,0.85,1.0,M1
92.0,-315.0,850.0,0.85,0.85,1.0,M1
92.0,-310.0,850.0,0.85,0.85,1.0,M1
92.0,-305.0,850.0,0.85,0.85,1.0,M1
92.0,-300.0,850.0,0.85,0.85,1.0,M1
92.0,-295.0,850.0,0.85,0.85,1.0,M1
92.0,-290.0,850.0,0.85,0.85,1.0,M1
92.0,-285.0,850.0,0.85,0.85,1.0,M1
92.0,-280.0,850.0,0.85,0.85,1.0,M1
92.0,-275.0,850.0,0.85,0.85,1.0,M1
92.0,-270.0,850.0,0.85,0.85,1.0,M1
92.0,-265.0,850.0,0.85,0.85,1.0,M1
92.0,-260.0,850.0,0.85,0.85,1.0,M1
92.0,-255.0,850.0,0.85,0.85,1.0,M1
92.0,-250.0,850.0,0.85,0.85,1.0,M1
92.0,-245.0,850.0,0.85,0.85,1.0,M1
92.0,-240.0,850.0,0.85,0.85,1.0,M1
92.0,-235.0,850.0,0.85,0.85,1.0,M1
92.0,-230.0,850.0,0.85,0.85,1.0,M1
92.0,-225.0,850.0,0.85,0.85,1.0,M1
92.0,-220.0,850.0,0.85,0.85,1.0,M1
92.0,-215.0,850.0,0.85,0.85,1.0,M1
92.0,-210.0,850.0,0.85,0.85,1.0,M1
92.0,-205.0,850.0,0.85,0.85,1.0,M1
92.0,-200.0,850.0,0.85,0.85,1.0,M1
92.0,-195.0,850.0,0.85,0.85,1.0,M1
92.0,-190.0,850.0,0.85,0.85,1.0,M1
92.0,-185.0,850.0,0.85,0.85,1.0,M1
92.0,-180.0,850.0,0.85,0.85,1.0,M1
92.0,-175.0,850.0,0.85,0.85,1.6475,M2
92.0,-170.0,850.0,0.85,0.85,2.0506,M2
92.0,-165.0,850.0,0.85,0.85,2.3314,M2
92.0,-160.0,850.0,0.85,0.85,2.5416,M3
92.0,-155.0,850.0,0.85,0.85,2.7047,M3
92.0,-150.0,850.0,0.85,0.85,2.8388,M3
92.0,-145.0,850.0,0.85,0.85,2.9555,M3
92.0,-140.0,850.0,0.85,0.85,3.0623,M3
92.0,-135.0,850.0,0.85,0.85,3.165,M3
92.0,-130.0,850.0,0.85,0.85,3.2686,M3
92.0,-125.0,850.0,0.85,0.85,3.3783,M3
92.0,-120.0,850.0,0.85,0.85,3.5,M4
92.0,-115.0,850.0,0.85,0.85,3.5,M4
92.0,-110.0,850.0,0.85,0.85,3.5,M4
92.0,-105.0,850.0,0.85,0.85,3.5,M4
92.0,-100.0,850.0,0.85,0.85,3.5,M4
92.0,-95.0,850.0,0.85,0.85,3.5,M4
92.0,-90.0,850.0,0.85,0.85,3.5,M4
92.0,-85.0,850.0,0.85,0.85,3.5,M4
92.0,-80.0,850.0,0.85,0.85,3.5,M4
92.0,-75.0,850.0,0.85,0.85,3.5201,M4
92.0,-70.0,850.0,0.85,0.85,3.5418,M4
92.0,-65.0,850.0,0.85,0.85,3.5648,M4
92.0,-60.0,850.0,0.85,0.85,3.5889,M4
92.0,-55.0,850.0,0.85,0.85,3.6137,M4
92.0,-50.0,850.0,0.85,0.85,3.639,M4
92.0,-45.0,850.0,0.85,0.85,3.6646,M4
92.0,-40.0,850.0,0.85,0.85,3.6897,M4
92.0,-35.0,850.0,0.85,0.85,3.713,M4
92.0,-30.0,850.0,0.85,0.85,3.7343,M4
92.0,-25.0,850.0,0.85,0.85,3.754,M4
92.0,-20.0,850.0,0.85,0.85,3.7721,M4
92.0,-15.0,850.0,0.85,0.85,3.7924,M4
92.0,-10.0,850.0,0.85,0.85,3.8078,M4
92.0,-5.0,850.0,0.85,0.85,3.8189,M4
92.0,0.0,850.0,0.85,0.85,3.8307,M4
92.0,5.0,850.0,0.85,0.85,3.8189,M4
92.0,10.0,850.0,0.85,0.85,3.8078,M4
92.0,15.0,850.0,0.85,0.85,3.7971,M4
92.0,20.0,850.0,0.85,0.85,3.7867,M4
92.0,25.0,850.0,0.85,0.85,3.7764,M4
92.0,30.0,850.0,0.85,0.85,3.766,M4
92.0,35.0,850.0,0.85,0.85,3.7589,M4
92.0,40.0,850.0,0.85,0.85,3.773,M4
92.0,45.0,850.0,0.85,0.85,3.7867,M4
92.0,50.0,850.0,0.85,0.85,3.8006,M4
92.0,55.0,850.0,0.85,0.85,3.8151,M4
92.0,60.0,850.0,0.85,0.85,3.8307,M4
92.0,65.0,850.0,0.85,0.85,3.8307,M4
92.0,70.0,850.0,0.85,0.85,3.8307,M4
92.0,75.0,850.0,0.85,0.85,3.8307,M4
92.0,80.0,850.0,0.85,0.85,3.8307,M4
92.0,85.0,850.0,0.85,0.85,3.8307,M4
92.0,90.0,850.0,0.85,0.85,3.8307,M4
92.0,95.0,850.0,0.85,0.85,3.8307,M4
92.0,100.0,850.0,0.85,0.85,3.8307,M4
92.0,105.0,850.0,0.85,0.85,3.8307,M4
92.0,110.0,850.0,0.85,0.85,3.8307,M4
92.0,115.0,850.0,0.85,0.85,3.8307,M4
92.0,120.0,850.0,0.85,0.85,3.8307,M4
92.0,125.0,850.0,0.85,0.85,3.8307,M4
92.0,130.0,850.0,0.85,0.85,3.8307,M4
92.0,135.0,850.0,0.85,0.85,3.8307,M4
92.0,140.0,850.0,0.85,0.85,3.8307,M4
92.0,145.0,850.0,0.85,0.85,3.8307,M4
92.0,150.0,850.0,0.85,0.85,3.8307,M4
92.0,155.0,850.0,0.85,0.85,3.8307,M4
92.0,160.0,850.0,0.85,0.85,3.8307,M4
92.0,165.0,850.0,0.85,0.85,3.8307,M4
92.0,170.0,850.0,0.85,0.85,3.8307,M4
92.0,175.0,850.0,0.85,0.85,3.8307,M4
92.0,180.0,850.0,0.85,0.85,3.8307,M4
92.0,185.0,850.0,0.85,0.85,3.8307,M4
92.0,190.0,850.0,0.85,0.85,3.8307,M4
92.0,195.0,850.0,0.85,0.85,3.8307,M4
92.0,200.0,850.0,0.85,0.85,3.8307,M4
92.0,205.0,850.0,0.85,0.85,3.8307,M4
92.0,210.0,850.0,0.85,0.85,3.8307,M4
92.0,215.0,850.0,0.85,0.85,3.8307,M4
92.0,220.0,850.0,0.85,0.85,3.8307,M4
92.0,225.0,850.0,0.85,0.85,3.8307,M4
92.0,230.0,850.0,0.85,0.85,3.8307,M4
92.0,235.0,850.0,0.85,0.85,3.8307,M4
92.0,240.0,850.0,0.85,0.85,3.8307,M4
92.0,245.0,850.0,0.85,0.85,3.8307,M4
92.0,250.0,850.0,0.85,0.85,3.8307,M4
92.0,255.0,850.0,0.85,0.85,3.8307,M4
92.0,260.0,850.0,0.85,0.85,3.8307,M4
92.0,265.0,850.0,0.85,0.85,3.8307,M4
92.0,270.0,850.0,0.85,0.85,3.8307,M4
92.0,275.0,850.0,0.85,0.85,3.8307,M4
92.0,280.0,850.0,0.85,0.85,3.8307,M4
92.0,285.0,850.0,0.85,0.85,3.8307,M4
92.0,290.0,850.0,0.85,0.85,3.8307,M4
92.0,295.0,850.0,0.85,0.85,3.8307,M4
92.0,300.0,850.0,0.85,0.85,3.8307,M4
93.0,-350.0,850.0,0.85,0.85,1.0,M1
93.0,-345.0,850.0,0.85,0.85,1.0,M1
93.0,-340.0,850.0,0.85,0.85,1.0,M1
93.0,-335.0,850.0,0.85,0.85,1.0,M1
93.0,-330.0,850.0,0.85,0.85,1.0,M1
93.0,-325.0,850.0,0.85,0.85,1.0,M1
93.0,-320.0,850.0,0.85,0.85,1.0,M1
93.0,-315.0,850.0,0.85,0.85,1.0,M1
93.0,-310.0,850.0,0.85,0.85,1.0,M1
93.0,-305.0,850.0,0.85,0.85,1.0,M1
93.0,-300.0,850.0,0.85,0.85,1.0,M1
93.0,-295.0,850.0,0.85,0.85,1.0,M1
93.0,-290.0,850.0,0.85,0.85,1.0,M1
93.0,-285.0,850.0,0.85,0.85,1.0,M1
93.0,-280.0,850.0,0.85,0.85,1.0,M1
93.0,-275.0,850.0,0.85,0.85,1.0,M1
93.0,-270.0,850.0,0.85,0.85,1.0,M1
93.0,-265.0,850.0,0.85,0.85,1.0,M1
93.0,-260.0,850.0,0.85,0.85,1.0,M1
93.0,-255.0,850.0,0.85,0.85,1.0,M1
93.0,-250.0,850.0,0.85,0.85,1.0,M1
93.0,-245.0,850.0,0.85,0.85,1.0,M1
93.0,-240.0,850.0,0.85,0.85,1.0,M1
93.0,-235.0,850.0,0.85,0.85,1.0,M1
93.0,-230.0,850.0,0.85,0.85,1.0,M1
93.0,-225.0,850.0,0.85,0.85,1.0,M1
93.0,-220.0,850.0,0.85,0.85,1.0,M1
93.0,-215.0,850.0,0.85,0.85,1.0,M1
93.0,-210.0,850.0,0.85,0.85,1.0,M1
93.0,-205.0,850.0,0.85,0.85,1.0,M1
93.0,-200.0,850.0,0.85,0.85,1.0,M1
93.0,-195.0,850.0,0.85,0.85,1.0,M1
93.0,-190.0,850.0,0.85,0.85,1.0,M1
93.0,-185.0,850.0,0.85,0.85,1.0,M1
93.0,-180.0,850.0,0.85,0.85,1.0,M1
93.0,-175.0,850.0,0.85,0.85,1.6475,M2
93.0,-170.0,850.0,0.85,0.85,2.0506,M2
93.0,-165.0,850.0,0.85,0.85,2.3314,M2
93.0,-160.0,850.0,0.85,0.85,2.5416,M3
93.0,-155.0,850.0,0.85,0.85,2.7047,M3
93.0,-150.0,850.0,0.85,0.85,2.8388,M3
93.0,-145.0,850.0,0.85,0.85,2.9555,M3
93.0,-140.0,850.0,0.85,0.85,3.0623,M3
93.0,-135.0,850.0,0.85,0.85,3.165,M3
93.0,-130.0,850.0,0.85,0.85,3.2686,M3
93.0,-125.0,850.0,0.85,0.85,3.3783,M3
93.0,-120.0,850.0,0.85,0.85,3.5,M4
93.0,-115.0,850.0,0.85,0.85,3.5,M4
93.0,-110.0,850.0,0.85,0.85,3.5,M4
93.0,-105.0,850.0,0.85,0.85,3.5,M4
93.0,-100.0,850.0,0.85,0.85,3.5,M4
93.0,-95.0,850.0,0.85,0.85,3.5,M4
93.0,-90.0,850.0,0.85,0.85,3.5,M4
93.0,-85.0,850.0,0.85,0.85,3.5,M4
93.0,-80.0,850.0,0.85,0.85,3.5,M4
93.0,-75.0,850.0,0.85,0.85,3.5201,M4
93.0,-70.0,850.0,0.85,0.85,3.5418,M4
93.0,-65.0,850.0,0.85,0.85,3.5648,M4
93.0,-60.0,850.0,0.85,0.85,3.5889,M4
93.0,-55.0,850.0,0.85,0.85,3.6137,M4
93.0,-50.0,850.0,0.85,0.85,3.639,M4
93.0,-45.0,850.0,0.85,0.85,3.6646,M4
93.0,-40.0,850.0,0.85,0.85,3.6897,M4
93.0,-35.0,850.0,0.85,0.85,3.713,M4
93.0,-30.0,850.0,0.85,0.85,3.7343,M4
93.0,-25.0,850.0,0.85,0.85,3.754,M4
93.0,-20.0,850.0,0.85,0.85,3.7721,M4
93.0,-15.0,850.0,0.85,0.85,3.7924,M4
93.0,-10.0,850.0,0.85,0.85,3.8078,M4
93.0,-5.0,850.0,0.85,0.85,3.8189,M4
93.0,0.0,850.0,0.85,0.85,3.8307,M4
93.0,5.0,850.0,0.85,0.85,3.8189,M4
93.0,10.0,850.0,0.85,0.85,3.8078,M4
93.0,15.0,850.0,0.85,0.85,3.7971,M4
93.0,20.0,850.0,0.85,0.85,3.7867,M4
93.0,25.0,850.0,0.85,0.85,3.7764,M4
93.0,30.0,850.0,0.85,0.85,3.766,M4
93.0,35.0,850.0,0.85,0.85,3.7589,M4
93.0,40.0,850.0,0.85,0.85,3.773,M4
93.0,45.0,850.0,0.85,0.85,3.7867,M4
93.0,50.0,850.0,0.85,0.85,3.8006,M4
93.0,55.0,850.0,0.85,0.85,3.8151,M4
93.0,60.0,850.0,0.85,0.85,3.8307,M4
93.0,65.0,850.0,0.85,0.85,3.8307,M4
93.0,70.0,850.0,0.85,0.85,3.8307,M4
93.0,75.0,850.0,0.85,0.85,3.8307,M4
93.0,80.0,850.0,0.85,0.85,3.8307,M4
93.0,85.0,850.0,0.85,0.85,3.8307,M4
93.0,90.0,850.0,0.85,0.85,3.8307,M4
93.0,95.0,850.0,0.85,0.85,3.8307,M4
93.0,100.0,850.0,0.85,0.85,3.8307,M4
93.0,105.0,850.0,0.85,0.85,3.8307,M4
93.0,110.0,850.0,0.85,0.85,3.8307,M4
93.0,115.0,850.0,0.85,0.85,3.8307,M4
93.0,120.0,850.0,0.85,0.85,3.8307,M4
93.0,125.0,850.0,0.85,0.85,3.8307,M4
93.0,130.0,850.0,0.85,0.85,3.8307,M4
93.0,135.0,850.0,0.85,0.85,3.8307,M4
93.0,140.0,850.0,0.85,0.85,3.8307,M4
93.0,145.0,850.0,0.85,0.85,3.8307,M4
93.0,150.0,850.0,0.85,0.85,3.8307,M4
93.0,155.0,850.0,0.85,0.85,3.8307,M4
93.0,160.0,850.0,0.85,0.85,3.8307,M4
93.0,165.0,850.0,0.85,0.85,3.8307,M4
93.0,170.0,850.0,0.85,0.85,3.8307,M4
93.0,175.0,850.0,0.85,0.85,3.8307,M4
93.0,180.0,850.0,0.85,0.85,3.8307,M4
93.0,185.0,850.0,0.85,0.85,3.8307,M4
93.0,190.0,850.0,0.85,0.85,3.8307,M4
93.0,195.0,850.0,0.85,0.85,3.8307,M4
93.0,200.0,850.0,0.85,0.85,3.8307,M4
93.0,205.0,850.0,0.85,0.85,3.8307,M4
93.0,210.0,850.0,0.85,0.85,3.8307,M4
93.0,215.0,850.0,0.85,0.85,3.8307,M4
93.0,220.0,850.0,0.85,0.85,3.8307,M4
93.0,225.0,850.0,0.85,0.85,3.8307,M4
93.0,230.0,850.0,0.85,0.85,3.8307,M4
93.0,235.0,850.0,0.85,0.85,3.8307,M4
93.0,240.0,850.0,0.85,0.85,3.8307,M4
93.0,245.0,850.0,0.85,0.85,3.8307,M4
93.0,250.0,850.0,0.85,0.85,3.8307,M4
93.0,255.0,850.0,0.85,0.85,3.8307,M4
93.0,260.0,850.0,0.85,0.85,3.8307,M4
93.0,265.0,850.0,0.85,0.85,3.8307,M4
93.0,270.0,850.0,0.85,0.85,3.8307,M4
93.0,275.0,850.0,0.85,0.85,3.8307,M4
93.0,280.0,850.0,0.85,0.85,3.8307,M4
93.0,285.0,850.0,0.85,0.85,3.8307,M4
93.0,290.0,850.0,0.85,0.85,3.8307,M4
93.0,295.0,850.0,0.85,0.85,3.8307,M4
93.0,300.0,850.0,0.85,0.85,3.8307,M4
94.0,-350.0,850.0,0.85,0.85,1.0,M1
94.0,-345.0,850.0,0.85,0.85,1.0,M1
94.0,-340.0,850.0,0.85,0.85,1.0,M1
94.0,-335.0,850.0,0.85,0.85,1.0,M1
94.0,-330.0,850.0,0.85,0.85,1.0,M1
94.0,-325.0,850.0,0.85,0.85,1.0,M1
94.0,-320.0,850.0,0.85,0.85,1.0,M1
94.0,-315.0,850.0,0.85,0.85,1.0,M1
94.0,-310.0,850.0,0.85,0.85,1.0,M1
94.0,-305.0,850.0,0.85,0.85,1.0,M1
94.0,-300.0,850.0,0.85,0.85,1.0,M1
94.0,-295.0,850.0,0.85,0.85,1.0,M1
94.0,-290.0,850.0,0.85,0.85,1.0,M1
94.0,-285.0,850.0,0.85,0.85,1.0,M1
94.0,-280.0,850.0,0.85,0.85,1.0,M1
94.0,-275.0,850.0,0.85,0.85,1.0,M1
94.0,-270.0,850.0,0.85,0.85,1.0,M1
94.0,-265.0,850.0,0.85,0.85,1.0,M1
94.0,-260.0,850.0,0.85,0.85,1.0,M1
94.0,-255.0,850.0,0.85,0.85,1.0,M1
94.0,-250.0,850.0,0.85,0.85,1.0,M1
94.0,-245.0,850.0,0.85,0.85,1.0,M1
94.0,-240.0,850.0,0.85,0.85,1.0,M1
94.0,-235.0,850.0,0.85,0.85,1.0,M1
94.0,-230.0,850.0,0.85,0.85,1.0,M1
94.0,-225.0,850.0,0.85,0.85,1.0,M1
94.0,-220.0,850.0,0.85,0.85,1.0,M1
94.0,-215.0,850.0,0.85,0.85,1.0,M1
94.0,-210.0,850.0,0.85,0.85,1.0,M1
94.0,-205.0,850.0,0.85,0.85,1.0,M1
94.0,-200.0,850.0,0.85,0.85,1.0,M1
94.0,-195.0,850.0,0.85,0.85,1.0,M1
94.0,-190.0,850.0,0.85,0.85,1.0,M1
94.0,-185.0,850.0,0.85,0.85,1.0,M1
94.0,-180.0,850.0,0.85,0.85,1.0,M1
94.0,-175.0,850.0,0.85,0.85,1.6475,M2
94.0,-170.0,850.0,0.85,0.85,2.0506,M2
94.0,-165.0,850.0,0.85,0.85,2.3314,M2
94.0,-160.0,850.0,0.85,0.85,2.5416,M3
94.0,-155.0,850.0,0.85,0.85,2.7047,M3
94.0,-150.0,850.0,0.85,0.85,2.8388,M3
94.0,-145.0,850.0,0.85,0.85,2.9555,M3
94.0,-140.0,850.0,0.85,0.85,3.0623,M3
94.0,-135.0,850.0,0.85,0.85,3.165,M3
94.0,-130.0,850.0,0.85,0.85,3.2686,M3
94.0,-125.0,850.0,0.85,0.85,3.3783,M3
94.0,-120.0,850.0,0.85,0.85,3.5,M4
94.0,-115.0,850.0,0.85,0.85,3.5,M4
94.0,-110.0,850.0,0.85,0.85,3.5,M4
94.0,-105.0,850.0,0.85,0.85,3.5,M4
94.0,-100.0,850.0,0.85,0.85,3.5,M4
94.0,-95.0,850.0,0.85,0.85,3.5,M4
94.0,-90.0,850.0,0.85,0.85,3.5,M4
94.0,-85.0,850.0,0.85,0.85,3.5,M4
94.0,-80.0,850.0,0.85,0.85,3.5,M4
94.0,-75.0,850.0,0.85,0.85,3.5201,M4
94.0,-70.0,850.0,0.85,0.85,3.5418,M4
94.0,-65.0,850.0,0.85,0.85,3.5648,M4
94.0,-60.0,850.0,0.85,0.85,3.5889,M4
94.0,-55.0,850.0,0.85,0.85,3.6137,M4
94.0,-50.0,850.0,0.85,0.85,3.639,M4
94.0,-45.0,850.0,0.85,0.85,3.6646,M4
94.0,-40.0,850.0,0.85,0.85,3.6897,M4
94.0,-35.0,850.0,0.85,0.85,3.713,M4
94.0,-30.0,850.0,0.85,0.85,3.7343,M4
94.0,-25.0,850.0,0.85,0.85,3.754,M4
94.0,-20.0,850.0,0.85,0.85,3.7721,M4
94.0,-15.0,850.0,0.85,0.85,3.7924,M4
94.0,-10.0,850.0,0.85,0.85,3.8078,M4
94.0,-5.0,850.0,0.85,0.85,3.8189,M4
94.0,0.0,850.0,0.85,0.85,3.8307,M4
94.0,5.0,850.0,0.85,0.85,3.8189,M4
94.0,10.0,850.0,0.85,0.85,3.8078,M4
94.0,15.0,850.0,0.85,0.85,3.7971,M4
94.0,20.0,850.0,0.85,0.85,3.7867,M4
94.0,25.0,850.0,0.85,0.85,3.7764,M4
94.0,30.0,850.0,0.85,0.85,3.766,M4
94.0,35.0,850.0,0.85,0.85,3.7589,M4
94.0,40.0,850.0,0.85,0.85,3.773,M4
94.0,45.0,850.0,0.85,0.85,3.7867,M4
94.0,50.0,850.0,0.85,0.85,3.8006,M4
94.0,55.0,850.0,0.85,0.85,3.8151,M4
94.0,60.0,850.0,0.85,0.85,3.8307,M4
94.0,65.0,850.0,0.85,0.85,3.8307,M4
94.0,70.0,850.0,0.85,0.85,3.8307,M4
94.0,75.0,850.0,0.85,0.85,3.8307,M4
94.0,80.0,850.0,0.85,0.85,3.8307,M4
94.0,85.0,850.0,0.85,0.85,3.8307,M4
94.0,90.0,850.0,0.85,0.85,3.8307,M4
94.0,95.0,850.0,0.85,0.85,3.8307,M4
94.0,100.0,850.0,0.85,0.85,3.8307,M4
94.0,105.0,850.0,0.85,0.85,3.8307,M4
94.0,110.0,850.0,0.85,0.85,3.8307,M4
94.0,115.0,850.0,0.85,0.85,3.8307,M4
94.0,120.0,850.0,0.85,0.85,3.8307,M4
94.0,125.0,850.0,0.85,0.85,3.8307,M4
94.0,130.0,850.0,0.85,0.85,3.8307,M4
94.0,135.0,850.0,0.85,0.85,3.8307,M4
94.0,140.0,850.0,0.85,0.85,3.8307,M4
94.0,145.0,850.0,0.85,0.85,3.8307,M4
94.0,150.0,850.0,0.85,0.85,3.8307,M4
94.0,155.0,850.0,0.85,0.85,3.8307,M4
94.0,160.0,850.0,0.85,0.85,3.8307,M4
94.0,165.0,850.0,0.85,0.85,3.8307,M4
94.0,170.0,850.0,0.85,0.85,3.8307,M4
94.0,175.0,850.0,0.85,0.85,3.8307,M4
94.0,180.0,850.0,0.85,0.85,3.8307,M4
94.0,185.0,850.0,0.85,0.85,3.8307,M4
94.0,190.0,850.0,0.85,0.85,3.8307,M4
94.0,195.0,850.0,0.85,0.85,3.8307,M4
94.0,200.0,850.0,0.85,0.85,3.8307,M4
94.0,205.0,850.0,0.85,0.85,3.8307,M4
94.0,210.0,850.0,0.85,0.85,3.8307,M4
94.0,215.0,850.0,0.85,0.85,3.8307,M4
94.0,220.0,850.0,0.85,0.85,3.8307,M4
94.0,225.0,850.0,0.85,0.85,3.8307,M4
94.0,230.0,850.0,0.85,0.85,3.8307,M4
94.0,235.0,850.0,0.85,0.85,3.8307,M4
94.0,240.0,850.0,0.85,0.85,3.8307,M4
94.0,245.0,850.0,0.85,0.85,3.8307,M4
94.0,250.0,850.0,0.85,0.85,3.8307,M4
94.0,255.0,850.0,0.85,0.85,3.8307,M4
94.0,260.0,850.0,0.85,0.85,3.8307,M4
94.0,265.0,850.0,0.85,0.85,3.8307,M4
94.0,270.0,850.0,0.85,0.85,3.8307,M4
94.0,275.0,850.0,0.85,0.85,3.8307,M4
94.0,280.0,850.0,0.85,0.85,3.8307,M4
94.0,285.0,850.0,0.85,0.85,3.8307,M4
94.0,290.0,850.0,0.85,0.85,3.8307,M4
94.0,295.0,850.0,0.85,0.85,3.8307,M4
94.0,300.0,850.0,0.85,0.85,3.8307,M4
95.0,-350.0,850.0,0.85,0.85,1.0,M1
95.0,-345.0,850.0,0.85,0.85,1.0,M1
95.0,-340.0,850.0,0.85,0.85,1.0,M1
95.0,-335.0,850.0,0.85,0.85,1.0,M1
95.0,-330.0,850.0,0.85,0.85,1.0,M1
95.0,-325.0,850.0,0.85,0.85,1.0,M1
95.0,-320.0,850.0,0.85,0.85,1.0,M1
95.0,-315.0,850.0,0.85,0.85,1.0,M1
95.0,-310.0,850.0,0.85,0.85,1.0,M1
95.0,-305.0,850.0,0.85,0.85,1.0,M1
95.0,-300.0,850.0,0.85,0.85,1.0,M1
95.0,-295.0,850.0,0.85,0.85,1.0,M1
95.0,-290.0,850.0,0.85,0.85,1.0,M1
95.0,-285.0,850.0,0.85,0.85,1.0,M1
95.0,-280.0,850.0,0.85,0.85,1.0,M1
95.0,-275.0,850.0,0.85,0.85,1.0,M1
95.0,-270.0,850.0,0.85,0.85,1.0,M1
95.0,-265.0,850.0,0.85,0.85,1.0,M1
95.0,-260.0,850.0,0.85,0.85,1.0,M1
95.0,-255.0,850.0,0.85,0.85,1.0,M1
95.0,-250.0,850.0,0.85,0.85,1.0,M1
95.0,-245.0,850.0,0.85,0.85,1.0,M1
95.0,-240.0,850.0,0.85,0.85,1.0,M1
95.0,-235.0,850.0,0.85,0.85,1.0,M1
95.0,-230.0,850.0,0.85,0.85,1.0,M1
95.0,-225.0,850.0,0.85,0.85,1.0,M1
95.0,-220.0,850.0,0.85,0.85,1.0,M1
95.0,-215.0,850.0,0.85,0.85,1.0,M1
95.0,-210.0,850.0,0.85,0.85,1.0,M1
95.0,-205.0,850.0,0.85,0.85,1.0,M1
95.0,-200.0,850.0,0.85,0.85,1.0,M1
95.0,-195.0,850.0,0.85,0.85,1.0,M1
95.0,-190.0,850.0,0.85,0.85,1.0,M1
95.0,-185.0,850.0,0.85,0.85,1.0,M1
95.0,-180.0,850.0,0.85,0.85,1.0,M1
95.0,-175.0,850.0,0.85,0.85,1.6475,M2
95.0,-170.0,850.0,0.85,0.85,2.0506,M2
95.0,-165.0,850.0,0.85,0.85,2.3314,M2
95.0,-160.0,850.0,0.85,0.85,2.5416,M3
95.0,-155.0,850.0,0.85,0.85,2.7047,M3
95.0,-150.0,850.0,0.85,0.85,2.8388,M3
95.0,-145.0,850.0,0.85,0.85,2.9555,M3
95.0,-140.0,850.0,0.85,0.85,3.0623,M3
95.0,-135.0,850.0,0.85,0.85,3.165,M3
95.0,-130.0,850.0,0.85,0.85,3.2686,M3
95.0,-125.0,850.0,0.85,0.85,3.3783,M3
95.0,-120.0,850.0,0.85,0.85,3.5,M4
95.0,-115.0,850.0,0.85,0.85,3.5,M4
95.0,-110.0,850.0,0.85,0.85,3.5,M4
95.0,-105.0,850.0,0.85,0.85,3.5,M4
95.0,-100.0,850.0,0.85,0.85,3.5,M4
95.0,-95.0,850.0,0.85,0.85,3.5,M4
95.0,-90.0,850.0,0.85,0.85,3.5,M4
95.0,-85.0,850.0,0.85,0.85,3.5,M4
95.0,-80.0,850.0,0.85,0.85,3.5,M4
95.0,-75.0,850.0,0.85,0.85,3.5201,M4
95.0,-70.0,850.0,0.85,0.85,3.5418,M4
95.0,-65.0,850.0,0.85,0.85,3.5648,M4
95.0,-60.0,850.0,0.85,0.85,3.5889,M4
95.0,-55.0,850.0,0.85,0.85,3.6137,M4
95.0,-50.0,850.0,0.85,0.85,3.639,M4
95.0,-45.0,850.0,0.85,0.85,3.6646,M4
95.0,-40.0,850.0,0.85,0.85,3.6897,M4
95.0,-35.0,850.0,0.85,0.85,3.713,M4
95.0,-30.0,850.0,0.85,0.85,3.7343,M4
95.0,-25.0,850.0,0.85,0.85,3.754,M4
95.0,-20.0,850.0,0.85,0.85,3.7721,M4
95.0,-15.0,850.0,0.85,0.85,3.7924,M4
95.0,-10.0,850.0,0.85,0.85,3.8078,M4
95.0,-5.0,850.0,0.85,0.85,3.8189,M4
95.0,0.0,850.0,0.85,0.85,3.8307,M4
95.0,5.0,850.0,0.85,0.85,3.8189,M4
95.0,10.0,850.0,0.85,0.85,3.8078,M4
95.0,15.0,850.0,0.85,0.85,3.7971,M4
95.0,20.0,850.0,0.85,0.85,3.7867,M4
95.0,25.0,850.0,0.85,0.85,3.7764,M4
95.0,30.0,850.0,0.85,0.85,3.766,M4
95.0,35.0,850.0,0.85,0.85,3.7589,M4
95.0,40.0,850.0,0.85,0.85,3.773,M4
95.0,45.0,850.0,0.85,0.85,3.7867,M4
95.0,50.0,850.0,0.85,0.85,3.8006,M4
95.0,55.0,850.0,0.85,0.85,3.8151,M4
95.0,60.0,850.0,0.85,0.85,3.8307,M4
95.0,65.0,850.0,0.85,0.85,3.8307,M4
95.0,70.0,850.0,0.85,0.85,3.8307,M4
95.0,75.0,850.0,0.85,0.85,3.8307,M4
95.0,80.0,850.0,0.85,0.85,3.8307,M4
95.0,85.0,850.0,0.85,0.85,3.8307,M4
95.0,90.0,850.0,0.85,0.85,3.8307,M4
95.0,95.0,850.0,0.85,0.85,3.8307,M4
95.0,100.0,850.0,0.85,0.85,3.8307,M4
95.0,105.0,850.0,0.85,0.85,3.8307,M4
95.0,110.0,850.0,0.85,0.85,3.8307,M4
95.0,115.0,850.0,0.85,0.85,3.8307,M4
95.0,120.0,850.0,0.85,0.85,3.8307,M4
95.0,125.0,850.0,0.85,0.85,3.8307,M4
95.0,130.0,850.0,0.85,0.85,3.8307,M4
95.0,135.0,850.0,0.85,0.85,3.8307,M4
95.0,140.0,850.0,0.85,0.85,3.8307,M4
95.0,145.0,850.0,0.85,0.85,3.8307,M4
95.0,150.0,850.0,0.85,0.85,3.8307,M4
95.0,155.0,850.0,0.85,0.85,3.8307,M4
95.0,160.0,850.0,0.85,0.85,3.8307,M4
95.0,165.0,850.0,0.85,0.85,3.8307,M4
95.0,170.0,850.0,0.85,0.85,3.8307,M4
95.0,175.0,850.0,0.85,0.85,3.8307,M4
95.0,180.0,850.0,0.85,0.85,3.8307,M4
95.0,185.0,850.0,0.85,0.85,3.8307,M4
95.0,190.0,850.0,0.85,0.85,3.8307,M4
95.0,195.0,850.0,0.85,0.85,3.8307,M4
95.0,200.0,850.0,0.85,0.85,3.8307,M4
95.0,205.0,850.0,0.85,0.85,3.8307,M4
95.0,210.0,850.0,0.85,0.85,3.8307,M4
95.0,215.0,850.0,0.85,0.85,3.8307,M4
95.0,220.0,850.0,0.85,0.85,3.8307,M4
95.0,225.0,850.0,0.85,0.85,3.8307,M4
95.0,230.0,850.0,0.85,0.85,3.8307,M4
95.0,235.0,850.0,0.85,0.85,3.8307,M4
95.0,240.0,850.0,0.85,0.85,3.8307,M4
95.0,245.0,850.0,0.85,0.85,3.8307,M4
95.0,250.0,850.0,0.85,0.85,3.8307,M4
95.0,255.0,850.0,0.85,0.85,3.8307,M4
95.0,260.0,850.0,0.85,0.85,3.8307,M4
95.0,265.0,850.0,0.85,0.85,3.8307,M4
95.0,270.0,850.0,0.85,0.85,3.8307,M4
95.0,275.0,850.0,0.85,0.85,3.8307,M4
95.0,280.0,850.0,0.85,0.85,3.8307,M4
95.0,285.0,850.0,0.85,0.85,3.8307,M4
95.0,290.0,850.0,0.85,0.85,3.8307,M4
95.0,295.0,850.0,0.85,0.85,3.8307,M4
95.0,300.0,850.0,0.85,0.85,3.8307,M4
96.0,-350.0,850.0,0.85,0.85,1.0,M1
96.0,-345.0,850.0,0.85,0.85,1.0,M1
96.0,-340.0,850.0,0.85,0.85,1.0,M1
96.0,-335.0,850.0,0.85,0.85,1.0,M1
96.0,-330.0,850.0,0.85,0.85,1.0,M1
96.0,-325.0,850.0,0.85,0.85,1.0,M1
96.0,-320.0,850.0,0.85,0.85,1.0,M1
96.0,-315.0,850.0,0.85,0.85,1.0,M1
96.0,-310.0,850.0,0.85,0.85,1.0,M1
96.0,-305.0,850.0,0.85,0.85,1.0,M1
96.0,-300.0,850.0,0.85,0.85,1.0,M1
96.0,-295.0,850.0,0.85,0.85,1.0,M1
96.0,-290.0,850.0,0.85,0.85,1.0,M1
96.0,-285.0,850.0,0.85,0.85,1.0,M1
96.0,-280.0,850.0,0.85,0.85,1.0,M1
96.0,-275.0,850.0,0.85,0.85,1.0,M1
96.0,-270.0,850.0,0.85,0.85,1.0,M1
96.0,-265.0,850.0,0.85,0.85,1.0,M1
96.0,-260.0,850.0,0.85,0.85,1.0,M1
96.0,-255.0,850.0,0.85,0.85,1.0,M1
96.0,-250.0,850.0,0.85,0.85,1.0,M1
96.0,-245.0,850.0,0.85,0.85,1.0,M1
96.0,-240.0,850.0,0.85,0.85,1.0,M1
96.0,-235.0,850.0,0.85,0.85,1.0,M1
96.0,-230.0,850.0,0.85,0.85,1.0,M1
96.0,-225.0,850.0,0.85,0.85,1.0,M1
96.0,-220.0,850.0,0.85,0.85,1.0,M1
96.0,-215.0,850.0,0.85,0.85,1.0,M1
96.0,-210.0,850.0,0.85,0.85,1.0,M1
96.0,-205.0,850.0,0.85,0.85,1.0,M1
96.0,-200.0,850.0,0.85,0.85,1.0,M1
96.0,-195.0,850.0,0.85,0.85,1.0,M1
96.0,-190.0,850.0,0.85,0.85,1.0,M1
96.0,-185.0,850.0,0.85,0.85,1.0,M1
96.0,-180.0,850.0,0.85,0.85,1.0,M1
96.0,-175.0,850.0,0.85,0.85,1.6475,M2
96.0,-170.0,850.0,0.85,0.85,2.0506,M2
96.0,-165.0,850.0,0.85,0.85,2.3314,M2
96.0,-160.0,850.0,0.85,0.85,2.5416,M3
96.0,-155.0,850.0,0.85,0.85,2.7047,M3
96.0,-150.0,850.0,0.85,0.85,2.8388,M3
96.0,-145.0,850.0,0.85,0.85,2.9555,M3
96.0,-140.0,850.0,0.85,0.85,3.0623,M3
96.0,-135.0,850.0,0.85,0.85,3.165,M3
96.0,-130.0,850.0,0.85,0.85,3.2686,M3
96.0,-125.0,850.0,0.85,0.85,3.3783,M3
96.0,-120.0,850.0,0.85,0.85,3.5,M4
96.0,-115.0,850.0,0.85,0.85,3.5,M4
96.0,-110.0,850.0,0.85,0.85,3.5,M4
96.0,-105.0,850.0,0.85,0.85,3.5,M4
96.0,-100.0,850.0,0.85,0.85,3.5,M4
96.0,-95.0,850.0,0.85,0.85,3.5,M4
96.0,-90.0,850.0,0.85,0.85,3.5,M4
96.0,-85.0,850.0,0.85,0.85,3.5,M4
96.0,-80.0,850.0,0.85,0.85,3.5,M4
96.0,-75.0,850.0,0.85,0.85,3.5201,M4
96.0,-70.0,850.0,0.85,0.85,3.5418,M4
96.0,-65.0,850.0,0.85,0.85,3.5648,M4
96.0,-60.0,850.0,0.85,0.85,3.5889,M4
96.0,-55.0,850.0,0.85,0.85,3.6137,M4
96.0,-50.0,850.0,0.85,0.85,3.639,M4
96.0,-45.0,850.0,0.85,0.85,3.6646,M4
96.0,-40.0,850.0,0.85,0.85,3.6897,M4
96.0,-35.0,850.0,0.85,0.85,3.713,M4
96.0,-30.0,850.0,0.85,0.85,3.7343,M4
96.0,-25.0,850.0,0.85,0.85,3.754,M4
96.0,-20.0,850.0,0.85,0.85,3.7721,M4
96.0,-15.0,850.0,0.85,0.85,3.7924,M4
96.0,-10.0,850.0,0.85,0.85,3.8078,M4
96.0,-5.0,850.0,0.85,0.85,3.8189,M4
96.0,0.0,850.0,0.85,0.85,3.8307,M4
96.0,5.0,850.0,0.85,0.85,3.8189,M4
96.0,10.0,850.0,0.85,0.85,3.8078,M4
96.0,15.0,850.0,0.85,0.85,3.7971,M4
96.0,20.0,850.0,0.85,0.85,3.7867,M4
96.0,25.0,850.0,0.85,0.85,3.7764,M4
96.0,30.0,850.0,0.85,0.85,3.766,M4
96.0,35.0,850.0,0.85,0.85,3.7589,M4
96.0,40.0,850.0,0.85,0.85,3.773,M4
96.0,45.0,850.0,0.85,0.85,3.7867,M4
96.0,50.0,850.0,0.85,0.85,3.8006,M4
96.0,55.0,850.0,0.85,0.85,3.8151,M4
96.0,60.0,850.0,0.85,0.85,3.8307,M4
96.0,65.0,850.0,0.85,0.85,3.8307,M4
96.0,70.0,850.0,0.85,0.85,3.8307,M4
96.0,75.0,850.0,0.85,0.85,3.8307,M4
96.0,80.0,850.0,0.85,0.85,3.8307,M4
96.0,85.0,850.0,0.85,0.85,3.8307,M4
96.0,90.0,850.0,0.85,0.85,3.8307,M4
96.0,95.0,850.0,0.85,0.85,3.8307,M4
96.0,100.0,850.0,0.85,0.85,3.8307,M4
96.0,105.0,850.0,0.85,0.85,3.8307,M4
96.0,110.0,850.0,0.85,0.85,3.8307,M4
96.0,115.0,850.0,0.85,0.85,3.8307,M4
96.0,120.0,850.0,0.85,0.85,3.8307,M4
96.0,125.0,850.0,0.85,0.85,3.8307,M4
96.0,130.0,850.0,0.85,0.85,3.8307,M4
96.0,135.0,850.0,0.85,0.85,3.8307,M4
96.0,140.0,850.0,0.85,0.85,3.8307,M4
96.0,145.0,850.0,0.85,0.85,3.8307,M4
96.0,150.0,850.0,0.85,0.85,3.8307,M4
96.0,155.0,850.0,0.85,0.85,3.8307,M4
96.0,160.0,850.0,0.85,0.85,3.8307,M4
96.0,165.0,850.0,0.85,0.85,3.8307,M4
96.0,170.0,850.0,0.85,0.85,3.8307,M4
96.0,175.0,850.0,0.85,0.85,3.8307,M4
96.0,180.0,850.0,0.85,0.85,3.8307,M4
96.0,185.0,850.0,0.85,0.85,3.8307,M4
96.0,190.0,850.0,0.85,0.85,3.8307,M4
96.0,195.0,850.0,0.85,0.85,3.8307,M4
96.0,200.0,850.0,0.85,0.85,3.8307,M4
96.0,205.0,850.0,0.85,0.85,3.8307,M4
96.0,210.0,850.0,0.85,0.85,3.8307,M4
96.0,215.0,850.0,0.85,0.85,3.8307,M4
96.0,220.0,850.0,0.85,0.85,3.8307,M4
96.0,225.0,850.0,0.85,0.85,3.8307,M4
96.0,230.0,850.0,0.85,0.85,3.8307,M4
96.0,235.0,850.0,0.85,0.85,3.8307,M4
96.0,240.0,850.0,0.85,0.85,3.8307,M4
96.0,245.0,850.0,0.85,0.85,3.8307,M4
96.0,250.0,850.0,0.85,0.85,3.8307,M4
96.0,255.0,850.0,0.85,0.85,3.8307,M4
96.0,260.0,850.0,0.85,0.85,3.8307,M4
96.0,265.0,850.0,0.85,0.85,3.8307,M4
96.0,270.0,850.0,0.85,0.85,3.8307,M4
96.0,275.0,850.0,0.85,0.85,3.8307,M4
96.0,280.0,850.0,0.85,0.85,3.8307,M4
96.0,285.0,850.0,0.85,0.85,3.8307,M4
96.0,290.0,850.0,0.85,0.85,3.8307,M4
96.0,295.0,850.0,0.85,0.85,3.8307,M4
96.0,300.0,850.0,0.85,0.85,3.8307,M4
97.0,-350.0,850.0,0.85,0.85,1.0,M1
97.0,-345.0,850.0,0.85,0.85,1.0,M1
97.0,-340.0,850.0,0.85,0.85,1.0,M1
97.0,-335.0,850.0,0.85,0.85,1.0,M1
97.0,-330.0,850.0,0.85,0.85,1.0,M1
97.0,-325.0,850.0,0.85,0.85,1.0,M1
97.0,-320.0,850.0,0.85,0.85,1.0,M1
97.0,-315.0,850.0,0.85,0.85,1.0,M1
97.0,-310.0,850.0,0.85,0.85,1.0,M1
97.0,-305.0,850.0,0.85,0.85,1.0,M1
97.0,-300.0,850.0,0.85,0.85,1.0,M1
97.0,-295.0,850.0,0.85,0.85,1.0,M1
97.0,-290.0,850.0,0.85,0.85,1.0,M1
97.0,-285.0,850.0,0.85,0.85,1.0,M1
97.0,-280.0,850.0,0.85,0.85,1.0,M1
97.0,-275.0,850.0,0.85,0.85,1.0,M1
97.0,-270.0,850.0,0.85,0.85,1.0,M1
97.0,-265.0,850.0,0.85,0.85,1.0,M1
97.0,-260.0,850.0,0.85,0.85,1.0,M1
97.0,-255.0,850.0,0.85,0.85,1.0,M1
97.0,-250.0,850.0,0.85,0.85,1.0,M1
97.0,-245.0,850.0,0.85,0.85,1.0,M1
97.0,-240.0,850.0,0.85,0.85,1.0,M1
97.0,-235.0,850.0,0.85,0.85,1.0,M1
97.0,-230.0,850.0,0.85,0.85,1.0,M1
97.0,-225.0,850.0,0.85,0.85,1.0,M1
97.0,-220.0,850.0,0.85,0.85,1.0,M1
97.0,-215.0,850.0,0.85,0.85,1.0,M1
97.0,-210.0,850.0,0.85,0.85,1.0,M1
97.0,-205.0,850.0,0.85,0.85,1.0,M1
97.0,-200.0,850.0,0.85,0.85,1.0,M1
97.0,-195.0,850.0,0.85,0.85,1.0,M1
97.0,-190.0,850.0,0.85,0.85,1.0,M1
97.0,-185.0,850.0,0.85,0.85,1.0,M1
97.0,-180.0,850.0,0.85,0.85,1.0,M1
97.0,-175.0,850.0,0.85,0.85,1.6475,M2
97.0,-170.0,850.0,0.85,0.85,2.0506,M2
97.0,-165.0,850.0,0.85,0.85,2.3314,M2
97.0,-160.0,850.0,0.85,0.85,2.5416,M3
97.0,-155.0,850.0,0.85,0.85,2.7047,M3
97.0,-150.0,850.0,0.85,0.85,2.8388,M3
97.0,-145.0,850.0,0.85,0.85,2.9555,M3
97.0,-140.0,850.0,0.85,0.85,3.0623,M3
97.0,-135.0,850.0,0.85,0.85,3.165,M3
97.0,-130.0,850.0,0.85,0.85,3.2686,M3
97.0,-125.0,850.0,0.85,0.85,3.3783,M3
97.0,-120.0,850.0,0.85,0.85,3.5,M4
97.0,-115.0,850.0,0.85,0.85,3.5,M4
97.0,-110.0,850.0,0.85,0.85,3.5,M4
97.0,-105.0,850.0,0.85,0.85,3.5,M4
97.0,-100.0,850.0,0.85,0.85,3.5,M4
97.0,-95.0,850.0,0.85,0.85,3.5,M4
97.0,-90.0,850.0,0.85,0.85,3.5,M4
97.0,-85.0,850.0,0.85,0.85,3.5,M4
97.0,-80.0,850.0,0.85,0.85,3.5,M4
97.0,-75.0,850.0,0.85,0.85,3.5201,M4
97.0,-70.0,850.0,0.85,0.85,3.5418,M4
97.0,-65.0,850.0,0.85,0.85,3.5648,M4
97.0,-60.0,850.0,0.85,0.85,3.5889,M4
97.0,-55.0,850.0,0.85,0.85,3.6137,M4
97.0,-50.0,850.0,0.85,0.85,3.639,M4
97.0,-45.0,850.0,0.85,0.85,3.6646,M4
97.0,-40.0,850.0,0.85,0.85,3.6897,M4
97.0,-35.0,850.0,0.85,0.85,3.713,M4
97.0,-30.0,850.0,0.85,0.85,3.7343,M4
97.0,-25.0,850.0,0.85,0.85,3.754,M4
97.0,-20.0,850.0,0.85,0.85,3.7721,M4
97.0,-15.0,850.0,0.85,0.85,3.7924,M4
97.0,-10.0,850.0,0.85,0.85,3.8078,M4
97.0,-5.0,850.0,0.85,0.85,3.8189,M4
97.0,0.0,850.0,0.85,0.85,3.8307,M4
97.0,5.0,850.0,0.85,0.85,3.8189,M4
97.0,10.0,850.0,0.85,0.85,3.8078,M4
97.0,15.0,850.0,0.85,0.85,3.7971,M4
97.0,20.0,850.0,0.85,0.85,3.7867,M4
97.0,25.0,850.0,0.85,0.85,3.7764,M4
97.0,30.0,850.0,0.85,0.85,3.766,M4
97.0,35.0,850.0,0.85,0.85,3.7589,M4
97.0,40.0,850.0,0.85,0.85,3.773,M4
97.0,45.0,850.0,0.85,0.85,3.7867,M4
97.0,50.0,850.0,0.85,0.85,3.8006,M4
97.0,55.0,850.0,0.85,0.85,3.8151,M4
97.0,60.0,850.0,0.85,0.85,3.8307,M4
97.0,65.0,850.0,0.85,0.85,3.8307,M4
97.0,70.0,850.0,0.85,0.85,3.8307,M4
97.0,75.0,850.0,0.85,0.85,3.8307,M4
97.0,80.0,850.0,0.85,0.85,3.8307,M4
97.0,85.0,850.0,0.85,0.85,3.8307,M4
97.0,90.0,850.0,0.85,0.85,3.8307,M4
97.0,95.0,850.0,0.85,0.85,3.8307,M4
97.0,100.0,850.0,0.85,0.85,3.8307,M4
97.0,105.0,850.0,0.85,0.85,3.8307,M4
97.0,110.0,850.0,0.85,0.85,3.8307,M4
97.0,115.0,850.0,0.85,0.85,3.8307,M4
97.0,120.0,850.0,0.85,0.85,3.8307,M4
97.0,125.0,850.0,0.85,0.85,3.8307,M4
97.0,130.0,850.0,0.85,0.85,3.8307,M4
97.0,135.0,850.0,0.85,0.85,3.8307,M4
97.0,140.0,850.0,0.85,0.85,3.8307,M4
97.0,145.0,850.0,0.85,0.85,3.8307,M4
97.0,150.0,850.0,0.85,0.85,3.8307,M4
97.0,155.0,850.0,0.85,0.85,3.8307,M4
97.0,160.0,850.0,0.85,0.85,3.8307,M4
97.0,165.0,850.0,0.85,0.85,3.8307,M4
97.0,170.0,850.0,0.85,0.85,3.8307,M4
97.0,175.0,850.0,0.85,0.85,3.8307,M4
97.0,180.0,850.0,0.85,0.85,3.8307,M4
97.0,185.0,850.0,0.85,0.85,3.8307,M4
97.0,190.0,850.0,0.85,0.85,3.8307,M4
97.0,195.0,850.0,0.85,0.85,3.8307,M4
97.0,200.0,850.0,0.85,0.85,3.8307,M4
97.0,205.0,850.0,0.85,0.85,3.8307,M4
97.0,210.0,850.0,0.85,0.85,3.8307,M4
97.0,215.0,850.0,0.85,0.85,3.8307,M4
97.0,220.0,850.0,0.85,0.85,3.8307,M4
97.0,225.0,850.0,0.85,0.85,3.8307,M4
97.0,230.0,850.0,0.85,0.85,3.8307,M4
97.0,235.0,850.0,0.85,0.85,3.8307,M4
97.0,240.0,850.0,0.85,0.85,3.8307,M4
97.0,245.0,850.0,0.85,0.85,3.8307,M4
97.0,250.0,850.0,0.85,0.85,3.8307,M4
97.0,255.0,850.0,0.85,0.85,3.8307,M4
97.0,260.0,850.0,0.85,0.85,3.8307,M4
97.0,265.0,850.0,0.85,0.85,3.8307,M4
97.0,270.0,850.0,0.85,0.85,3.8307,M4
97.0,275.0,850.0,0.85,0.85,3.8307,M4
97.0,280.0,850.0,0.85,0.85,3.8307,M4
97.0,285.0,850.0,0.85,0.85,3.8307,M4
97.0,290.0,850.0,0.85,0.85,3.8307,M4
97.0,295.0,850.0,0.85,0.85,3.8307,M4
97.0,300.0,850.0,0.85,0.85,3.8307,M4
98.0,-350.0,850.0,0.85,0.85,1.0,M1
98.0,-345.0,850.0,0.85,0.85,1.0,M1
98.0,-340.0,850.0,0.85,0.85,1.0,M1
98.0,-335.0,850.0,0.85,0.85,1.0,M1
98.0,-330.0,850.0,0.85,0.85,1.0,M1
98.0,-325.0,850.0,0.85,0.85,1.0,M1
98.0,-320.0,850.0,0.85,0.85,1.0,M1
98.0,-315.0,850.0,0.85,0.85,1.0,M1
98.0,-310.0,850.0,0.85,0.85,1.0,M1
98.0,-305.0,850.0,0.85,0.85,1.0,M1
98.0,-300.0,850.0,0.85,0.85,1.0,M1
98.0,-295.0,850.0,0.85,0.85,1.0,M1
98.0,-290.0,850.0,0.85,0.85,1.0,M1
98.0,-285.0,850.0,0.85,0.85,1.0,M1
98.0,-280.0,850.0,0.85,0.85,1.0,M1
98.0,-275.0,850.0,0.85,0.85,1.0,M1
98.0,-270.0,850.0,0.85,0.85,1.0,M1
98.0,-265.0,850.0,0.85,0.85,1.0,M1
98.0,-260.0,850.0,0.85,0.85,1.0,M1
98.0,-255.0,850.0,0.85,0.85,1.0,M1
98.0,-250.0,850.0,0.85,0.85,1.0,M1
98.0,-245.0,850.0,0.85,0.85,1.0,M1
98.0,-240.0,850.0,0.85,0.85,1.0,M1
98.0,-235.0,850.0,0.85,0.85,1.0,M1
98.0,-230.0,850.0,0.85,0.85,1.0,M1
98.0,-225.0,850.0,0.85,0.85,1.0,M1
98.0,-220.0,850.0,0.85,0.85,1.0,M1
98.0,-215.0,850.0,0.85,0.85,1.0,M1
98.0,-210.0,850.0,0.85,0.85,1.0,M1
98.0,-205.0,850.0,0.85,0.85,1.0,M1
98.0,-200.0,850.0,0.85,0.85,1.0,M1
98.0,-195.0,850.0,0.85,0.85,1.0,M1
98.0,-190.0,850.0,0.85,0.85,1.0,M1
98.0,-185.0,850.0,0.85,0.85,1.0,M1
98.0,-180.0,850.0,0.85,0.85,1.0,M1
98.0,-175.0,850.0,0.85,0.85,1.6475,M2
98.0,-170.0,850.0,0.85,0.85,2.0506,M2
98.0,-165.0,850.0,0.85,0.85,2.3314,M2
98.0,-160.0,850.0,0.85,0.85,2.5416,M3
98.0,-155.0,850.0,0.85,0.85,2.7047,M3
98.0,-150.0,850.0,0.85,0.85,2.8388,M3
98.0,-145.0,850.0,0.85,0.85,2.9555,M3
98.0,-140.0,850.0,0.85,0.85,3.0623,M3
98.0,-135.0,850.0,0.85,0.85,3.165,M3
98.0,-130.0,850.0,0.85,0.85,3.2686,M3
98.0,-125.0,850.0,0.85,0.85,3.3783,M3
98.0,-120.0,850.0,0.85,0.85,3.5,M4
98.0,-115.0,850.0,0.85,0.85,3.5,M4
98.0,-110.0,850.0,0.85,0.85,3.5,M4
98.0,-105.0,850.0,0.85,0.85,3.5,M4
98.0,-100.0,850.0,0.85,0.85,3.5,M4
98.0,-95.0,850.0,0.85,0.85,3.5,M4
98.0,-90.0,850.0,0.85,0.85,3.5,M4
98.0,-85.0,850.0,0.85,0.85,3.5,M4
98.0,-80.0,850.0,0.85,0.85,3.5,M4
98.0,-75.0,850.0,0.85,0.85,3.5201,M4
98.0,-70.0,850.0,0.85,0.85,3.5418,M4
98.0,-65.0,850.0,0.85,0.85,3.5648,M4
98.0,-60.0,850.0,0.85,0.85,3.5889,M4
98.0,-55.0,850.0,0.85,0.85,3.6137,M4
98.0,-50.0,850.0,0.85,0.85,3.639,M4
98.0,-45.0,850.0,0.85,0.85,3.6646,M4
98.0,-40.0,850.0,0.85,0.85,3.6897,M4
98.0,-35.0,850.0,0.85,0.85,3.713,M4
98.0,-30.0,850.0,0.85,0.85,3.7343,M4
98.0,-25.0,850.0,0.85,0.85,3.754,M4
98.0,-20.0,850.0,0.85,0.85,3.7721,M4
98.0,-15.0,850.0,0.85,0.85,3.7924,M4
98.0,-10.0,850.0,0.85,0.85,3.8078,M4
98.0,-5.0,850.0,0.85,0.85,3.8189,M4
98.0,0.0,850.0,0.85,0.85,3.8307,M4
98.0,5.0,850.0,0.85,0.85,3.8189,M4
98.0,10.0,850.0,0.85,0.85,3.8078,M4
98.0,15.0,850.0,0.85,0.85,3.7971,M4
98.0,20.0,850.0,0.85,0.85,3.7867,M4
98.0,25.0,850.0,0.85,0.85,3.7764,M4
98.0,30.0,850.0,0.85,0.85,3.766,M4
98.0,35.0,850.0,0.85,0.85,3.7589,M4
98.0,40.0,850.0,0.85,0.85,3.773,M4
98.0,45.0,850.0,0.85,0.85,3.7867,M4
98.0,50.0,850.0,0.85,0.85,3.8006,M4
98.0,55.0,850.0,0.85,0.85,3.8151,M4
98.0,60.0,850.0,0.85,0.85,3.8307,M4
98.0,65.0,850.0,0.85,0.85,3.8307,M4
98.0,70.0,850.0,0.85,0.85,3.8307,M4
98.0,75.0,850.0,0.85,0.85,3.8307,M4
98.0,80.0,850.0,0.85,0.85,3.8307,M4
98.0,85.0,850.0,0.85,0.85,3.8307,M4
98.0,90.0,850.0,0.85,0.85,3.8307,M4
98.0,95.0,850.0,0.85,0.85,3.8307,M4
98.0,100.0,850.0,0.85,0.85,3.8307,M4
98.0,105.0,850.0,0.85,0.85,3.8307,M4
98.0,110.0,850.0,0.85,0.85,3.8307,M4
98.0,115.0,850.0,0.85,0.85,3.8307,M4
98.0,120.0,850.0,0.85,0.85,3.8307,M4
98.0,125.0,850.0,0.85,0.85,3.8307,M4
98.0,130.0,850.0,0.85,0.85,3.8307,M4
98.0,135.0,850.0,0.85,0.85,3.8307,M4
98.0,140.0,850.0,0.85,0.85,3.8307,M4
98.0,145.0,850.0,0.85,0.85,3.8307,M4
98.0,150.0,850.0,0.85,0.85,3.8307,M4
98.0,155.0,850.0,0.85,0.85,3.8307,M4
98.0,160.0,850.0,0.85,0.85,3.8307,M4
98.0,165.0,850.0,0.85,0.85,3.8307,M4
98.0,170.0,850.0,0.85,0.85,3.8307,M4
98.0,175.0,850.0,0.85,0.85,3.8307,M4
98.0,180.0,850.0,0.85,0.85,3.8307,M4
98.0,185.0,850.0,0.85,0.85,3.8307,M4
98.0,190.0,850.0,0.85,0.85,3.8307,M4
98.0,195.0,850.0,0.85,0.85,3.8307,M4
98.0,200.0,850.0,0.85,0.85,3.8307,M4
98.0,205.0,850.0,0.85,0.85,3.8307,M4
98.0,210.0,850.0,0.85,0.85,3.8307,M4
98.0,215.0,850.0,0.85,0.85,3.8307,M4
98.0,220.0,850.0,0.85,0.85,3.8307,M4
98.0,225.0,850.0,0.85,0.85,3.8307,M4
98.0,230.0,850.0,0.85,0.85,3.8307,M4
98.0,235.0,850.0,0.85,0.85,3.8307,M4
98.0,240.0,850.0,0.85,0.85,3.8307,M4
98.0,245.0,850.0,0.85,0.85,3.8307,M4
98.0,250.0,850.0,0.85,0.85,3.8307,M4
98.0,255.0,850.0,0.85,0.85,3.8307,M4
98.0,260.0,850.0,0.85,0.85,3.8307,M4
98.0,265.0,850.0,0.85,0.85,3.8307,M4
98.0,270.0,850.0,0.85,0.85,3.8307,M4
98.0,275.0,850.0,0.85,0.85,3.8307,M4
98.0,280.0,850.0,0.85,0.85,3.8307,M4
98.0,285.0,850.0,0.85,0.85,3.8307,M4
98.0,290.0,850.0,0.85,0.85,3.8307,M4
98.0,295.0,850.0,0.85,0.85,3.8307,M4
98.0,300.0,850.0,0.85,0.85,3.8307,M4
99.0,-350.0,850.0,0.85,0.85,1.0,M1
99.0,-345.0,850.0,0.85,0.85,1.0,M1
99.0,-340.0,850.0,0.85,0.85,1.0,M1
99.0,-335.0,850.0,0.85,0.85,1.0,M1
99.0,-330.0,850.0,0.85,0.85,1.0,M1
99.0,-325.0,850.0,0.85,0.85,1.0,M1
99.0,-320.0,850.0,0.85,0.85,1.0,M1
99.0,-315.0,850.0,0.85,0.85,1.0,M1
99.0,-310.0,850.0,0.85,0.85,1.0,M1
99.0,-305.0,850.0,0.85,0.85,1.0,M1
99.0,-300.0,850.0,0.85,0.85,1.0,M1
99.0,-295.0,850.0,0.85,0.85,1.0,M1
99.0,-290.0,850.0,0.85,0.85,1.0,M1
99.0,-285.0,850.0,0.85,0.85,1.0,M1
99.0,-280.0,850.0,0.85,0.85,1.0,M1
99.0,-275.0,850.0,0.85,0.85,1.0,M1
99.0,-270.0,850.0,0.85,0.85,1.0,M1
99.0,-265.0,850.0,0.85,0.85,1.0,M1
99.0,-260.0,850.0,0.85,0.85,1.0,M1
99.0,-255.0,850.0,0.85,0.85,1.0,M1
99.0,-250.0,850.0,0.85,0.85,1.0,M1
99.0,-245.0,850.0,0.85,0.85,1.0,M1
99.0,-240.0,850.0,0.85,0.85,1.0,M1
99.0,-235.0,850.0,0.85,0.85,1.0,M1
99.0,-230.0,850.0,0.85,0.85,1.0,M1
99.0,-225.0,850.0,0.85,0.85,1.0,M1
99.0,-220.0,850.0,0.85,0.85,1.0,M1
99.0,-215.0,850.0,0.85,0.85,1.0,M1
99.0,-210.0,850.0,0.85,0.85,1.0,M1
99.0,-205.0,850.0,0.85,0.85,1.0,M1
99.0,-200.0,850.0,0.85,0.85,1.0,M1
99.0,-195.0,850.0,0.85,0.85,1.0,M1
99.0,-190.0,850.0,0.85,0.85,1.0,M1
99.0,-185.0,850.0,0.85,0.85,1.0,M1
99.0,-180.0,850.0,0.85,0.85,1.0,M1
99.0,-175.0,850.0,0.85,0.85,1.6475,M2
99.0,-170.0,850.0,0.85,0.85,2.0506,M2
99.0,-165.0,850.0,0.85,0.85,2.3314,M2
99.0,-160.0,850.0,0.85,0.85,2.5416,M3
99.0,-155.0,850.0,0.85,0.85,2.7047,M3
99.0,-150.0,850.0,0.85,0.85,2.8388,M3
99.0,-145.0,850.0,0.85,0.85,2.9555,M3
99.0,-140.0,850.0,0.85,0.85,3.0623,M3
99.0,-135.0,850.0,0.85,0.85,3.165,M3
99.0,-130.0,850.0,0.85,0.85,3.2686,M3
99.0,-125.0,850.0,0.85,0.85,3.3783,M3
99.0,-120.0,850.0,0.85,0.85,3.5,M4
99.0,-115.0,850.0,0.85,0.85,3.5,M4
99.0,-110.0,850.0,0.85,0.85,3.5,M4
99.0,-105.0,850.0,0.85,0.85,3.5,M4
99.0,-100.0,850.0,0.85,0.85,3.5,M4
99.0,-95.0,850.0,0.85,0.85,3.5,M4
99.0,-90.0,850.0,0.85,0.85,3.5,M4
99.0,-85.0,850.0,0.85,0.85,3.5,M4
99.0,-80.0,850.0,0.85,0.85,3.5,M4
99.0,-75.0,850.0,0.85,0.85,3.5201,M4
99.0,-70.0,850.0,0.85,0.85,3.5418,M4
99.0,-65.0,850.0,0.85,0.85,3.5648,M4
99.0,-60.0,850.0,0.85,0.85,3.5889,M4
99.0,-55.0,850.0,0.85,0.85,3.6137,M4
99.0,-50.0,850.0,0.85,0.85,3.639,M4
99.0,-45.0,850.0,0.85,0.85,3.6646,M4
99.0,-40.0,850.0,0.85,0.85,3.6897,M4
99.0,-35.0,850.0,0.85,0.85,3.713,M4
99.0,-30.0,850.0,0.85,0.85,3.7343,M4
99.0,-25.0,850.0,0.85,0.85,3.754,M4
99.0,-20.0,850.0,0.85,0.85,3.7721,M4
99.0,-15.0,850.0,0.85,0.85,3.7924,M4
99.0,-10.0,850.0,0.85,0.85,3.8078,M4
99.0,-5.0,850.0,0.85,0.85,3.8189,M4
99.0,0.0,850.0,0.85,0.85,3.8307,M4
99.0,5.0,850.0,0.85,0.85,3.8189,M4
99.0,10.0,850.0,0.85,0.85,3.8078,M4
99.0,15.0,850.0,0.85,0.85,3.7971,M4
99.0,20.0,850.0,0.85,0.85,3.7867,M4
99.0,25.0,850.0,0.85,0.85,3.7764,M4
99.0,30.0,850.0,0.85,0.85,3.766,M4
99.0,35.0,850.0,0.85,0.85,3.7589,M4
99.0,40.0,850.0,0.85,0.85,3.773,M4
99.0,45.0,850.0,0.85,0.85,3.7867,M4
99.0,50.0,850.0,0.85,0.85,3.8006,M4
99.0,55.0,850.0,0.85,0.85,3.8151,M4
99.0,60.0,850.0,0.85,0.85,3.8307,M4
99.0,65.0,850.0,0.85,0.85,3.8307,M4
99.0,70.0,850.0,0.85,0.85,3.8307,M4
99.0,75.0,850.0,0.85,0.85,3.8307,M4
99.0,80.0,850.0,0.85,0.85,3.8307,M4
99.0,85.0,850.0,0.85,0.85,3.8307,M4
99.0,90.0,850.0,0.85,0.85,3.8307,M4
99.0,95.0,850.0,0.85,0.85,3.8307,M4
99.0,100.0,850.0,0.85,0.85,3.8307,M4
99.0,105.0,850.0,0.85,0.85,3.8307,M4
99.0,110.0,850.0,0.85,0.85,3.8307,M4
99.0,115.0,850.0,0.85,0.85,3.8307,M4
99.0,120.0,850.0,0.85,0.85,3.8307,M4
99.0,125.0,850.0,0.85,0.85,3.8307,M4
99.0,130.0,850.0,0.85,0.85,3.8307,M4
99.0,135.0,850.0,0.85,0.85,3.8307,M4
99.0,140.0,850.0,0.85,0.85,3.8307,M4
99.0,145.0,850.0,0.85,0.85,3.8307,M4
99.0,150.0,850.0,0.85,0.85,3.8307,M4
99.0,155.0,850.0,0.85,0.85,3.8307,M4
99.0,160.0,850.0,0.85,0.85,3.8307,M4
99.0,165.0,850.0,0.85,0.85,3.8307,M4
99.0,170.0,850.0,0.85,0.85,3.8307,M4
99.0,175.0,850.0,0.85,0.85,3.8307,M4
99.0,180.0,850.0,0.85,0.85,3.8307,M4
99.0,185.0,850.0,0.85,0.85,3.8307,M4
99.0,190.0,850.0,0.85,0.85,3.8307,M4
99.0,195.0,850.0,0.85,0.85,3.8307,M4
99.0,200.0,850.0,0.85,0.85,3.8307,M4
99.0,205.0,850.0,0.85,0.85,3.8307,M4
99.0,210.0,850.0,0.85,0.85,3.8307,M4
99.0,215.0,850.0,0.85,0.85,3.8307,M4
99.0,220.0,850.0,0.85,0.85,3.8307,M4
99.0,225.0,850.0,0.85,0.85,3.8307,M4
99.0,230.0,850.0,0.85,0.85,3.8307,M4
99.0,235.0,850.0,0.85,0.85,3.8307,M4
99.0,240.0,850.0,0.85,0.85,3.8307,M4
99.0,245.0,850.0,0.85,0.85,3.8307,M4
99.0,250.0,850.0,0.85,0.85,3.8307,M4
99.0,255.0,850.0,0.85,0.85,3.8307,M4
99.0,260.0,850.0,0.85,0.85,3.8307,M4
99.0,265.0,850.0,0.85,0.85,3.8307,M4
99.0,270.0,850.0,0.85,0.85,3.8307,M4
99.0,275.0,850.0,0.85,0.85,3.8307,M4
99.0,280.0,850.0,0.85,0.85,3.8307,M4
99.0,285.0,850.0,0.85,0.85,3.8307,M4
99.0,290.0,850.0,0.85,0.85,3.8307,M4
99.0,295.0,850.0,0.85,0.85,3.8307,M4
99.0,300.0,850.0,0.85,0.85,3.8307,M4
100.0,-350.0,850.0,0.85,0.85,1.0,M1
100.0,-345.0,850.0,0.85,0.85,1.0,M1
100.0,-340.0,850.0,0.85,0.85,1.0,M1
100.0,-335.0,850.0,0.85,0.85,1.0,M1
100.0,-330.0,850.0,0.85,0.85,1.0,M1
100.0,-325.0,850.0,0.85,0.85,1.0,M1
100.0,-320.0,850.0,0.85,0.85,1.0,M1
100.0,-315.0,850.0,0.85,0.85,1.0,M1
100.0,-310.0,850.0,0.85,0.85,1.0,M1
100.0,-305.0,850.0,0.85,0.85,1.0,M1
100.0,-300.0,850.0,0.85,0.85,1.0,M1
100.0,-295.0,850.0,0.85,0.85,1.0,M1
100.0,-290.0,850.0,0.85,0.85,1.0,M1
100.0,-285.0,850.0,0.85,0.85,1.0,M1
100.0,-280.0,850.0,0.85,0.85,1.0,M1
100.0,-275.0,850.0,0.85,0.85,1.0,M1
100.0,-270.0,850.0,0.85,0.85,1.0,M1
100.0,-265.0,850.0,0.85,0.85,1.0,M1
100.0,-260.0,850.0,0.85,0.85,1.0,M1
100.0,-255.0,850.0,0.85,0.85,1.0,M1
100.0,-250.0,850.0,0.85,0.85,1.0,M1
100.0,-245.0,850.0,0.85,0.85,1.0,M1
100.0,-240.0,850.0,0.85,0.85,1.0,M1
100.0,-235.0,850.0,0.85,0.85,1.0,M1
100.0,-230.0,850.0,0.85,0.85,1.0,M1
100.0,-225.0,850.0,0.85,0.85,1.0,M1
100.0,-220.0,850.0,0.85,0.85,1.0,M1
100.0,-215.0,850.0,0.85,0.85,1.0,M1
100.0,-210.0,850.0,0.85,0.85,1.0,M1
100.0,-205.0,850.0,0.85,0.85,1.0,M1
100.0,-200.0,850.0,0.85,0.85,1.0,M1
100.0,-195.0,850.0,0.85,0.85,1.0,M1
100.0,-190.0,850.0,0.85,0.85,1.0,M1
100.0,-185.0,850.0,0.85,0.85,1.0,M1
100.0,-180.0,850.0,0.85,0.85,1.0,M1
100.0,-175.0,850.0,0.85,0.85,1.6475,M2
100.0,-170.0,850.0,0.85,0.85,2.0506,M2
100.0,-165.0,850.0,0.85,0.85,2.3314,M2
100.0,-160.0,850.0,0.85,0.85,2.5416,M3
100.0,-155.0,850.0,0.85,0.85,2.7047,M3
100.0,-150.0,850.0,0.85,0.85,2.8388,M3
100.0,-145.0,850.0,0.85,0.85,2.9555,M3
100.0,-140.0,850.0,0.85,0.85,3.0623,M3
100.0,-135.0,850.0,0.85,0.85,3.165,M3
100.0,-130.0,850.0,0.85,0.85,3.2686,M3
100.0,-125.0,850.0,0.85,0.85,3.3783,M3
100.0,-120.0,850.0,0.85,0.85,3.5,M4
100.0,-115.0,850.0,0.85,0.85,3.5,M4
100.0,-110.0,850.0,0.85,0.85,3.5,M4
100.0,-105.0,850.0,0.85,0.85,3.5,M4
100.0,-100.0,850.0,0.85,0.85,3.5,M4
100.0,-95.0,850.0,0.85,0.85,3.5,M4
100.0,-90.0,850.0,0.85,0.85,3.5,M4
100.0,-85.0,850.0,0.85,0.85,3.5,M4
100.0,-80.0,850.0,0.85,0.85,3.5,M4
100.0,-75.0,850.0,0.85,0.85,3.5201,M4
100.0,-70.0,850.0,0.85,0.85,3.5418,M4
100.0,-65.0,850.0,0.85,0.85,3.5648,M4
100.0,-60.0,850.0,0.85,0.85,3.5889,M4
100.0,-55.0,850.0,0.85,0.85,3.6137,M4
100.0,-50.0,850.0,0.85,0.85,3.639,M4
100.0,-45.0,850.0,0.85,0.85,3.6646,M4
100.0,-40.0,850.0,0.85,0.85,3.6897,M4
100.0,-35.0,850.0,0.85,0.85,3.713,M4
100.0,-30.0,850.0,0.85,0.85,3.7343,M4
100.0,-25.0,850.0,0.85,0.85,3.754,M4
100.0,-20.0,850.0,0.85,0.85,3.7721,M4
100.0,-15.0,850.0,0.85,0.85,3.7924,M4
100.0,-10.0,850.0,0.85,0.85,3.8078,M4
100.0,-5.0,850.0,0.85,0.85,3.8189,M4
100.0,0.0,850.0,0.85,0.85,3.8307,M4
100.0,5.0,850.0,0.85,0.85,3.8189,M4
100.0,10.0,850.0,0.85,0.85,3.8078,M4
100.0,15.0,850.0,0.85,0.85,3.7971,M4
100.0,20.0,850.0,0.85,0.85,3.7867,M4
100.0,25.0,850.0,0.85,0.85,3.7764,M4
100.0,30.0,850.0,0.85,0.85,3.766,M4
100.0,35.0,850.0,0.85,0.85,3.7589,M4
100.0,40.0,850.0,0.85,0.85,3.773,M4
100.0,45.0,850.0,0.85,0.85,3.7867,M4
100.0,50.0,850.0,0.85,0.85,3.8006,M4
100.0,55.0,850.0,0.85,0.85,3.8151,M4
100.0,60.0,850.0,0.85,0.85,3.8307,M4
100.0,65.0,850.0,0.85,0.85,3.8307,M4
100.0,70.0,850.0,0.85,0.85,3.8307,M4
100.0,75.0,850.0,0.85,0.85,3.8307,M4
100.0,80.0,850.0,0.85,0.85,3.8307,M4
100.0,85.0,850.0,0.85,0.85,3.8307,M4
100.0,90.0,850.0,0.85,0.85,3.8307,M4
100.0,95.0,850.0,0.85,0.85,3.8307,M4
100.0,100.0,850.0,0.85,0.85,3.8307,M4
100.0,105.0,850.0,0.85,0.85,3.8307,M4
100.0,110.0,850.0,0.85,0.85,3.8307,M4
100.0,115.0,850.0,0.85,0.85,3.8307,M4
100.0,120.0,850.0,0.85,0.85,3.8307,M4
100.0,125.0,850.0,0.85,0.85,3.8307,M4
100.0,130.0,850.0,0.85,0.85,3.8307,M4
100.0,135.0,850.0,0.85,0.85,3.8307,M4
100.0,140.0,850.0,0.85,0.85,3.8307,M4
100.0,145.0,850.0,0.85,0.85,3.8307,M4
100.0,150.0,850.0,0.85,0.85,3.8307,M4
100.0,155.0,850.0,0.85,0.85,3.8307,M4
100.0,160.0,850.0,0.85,0.85,3.8307,M4
100.0,165.0,850.0,0.85,0.85,3.8307,M4
100.0,170.0,850.0,0.85,0.85,3.8307,M4
100.0,175.0,850.0,0.85,0.85,3.8307,M4
100.0,180.0,850.0,0.85,0.85,3.8307,M4
100.0,185.0,850.0,0.85,0.85,3.8307,M4
100.0,190.0,850.0,0.85,0.85,3.8307,M4
100.0,195.0,850.0,0.85,0.85,3.8307,M4
100.0,200.0,850.0,0.85,0.85,3.8307,M4
100.0,205.0,850.0,0.85,0.85,3.8307,M4
100.0,210.0,850.0,0.85,0.85,3.8307,M4
100.0,215.0,850.0,0.85,0.85,3.8307,M4
100.0,220.0,850.0,0.85,0.85,3.8307,M4
100.0,225.0,850.0,0.85,0.85,3.8307,M4
100.0,230.0,850.0,0.85,0.85,3.8307,M4
100.0,235.0,850.0,0.85,0.85,3.8307,M4
100.0,240.0,850.0,0.85,0.85,3.8307,M4
100.0,245.0,850.0,0.85,0.85,3.8307,M4
100.0,250.0,850.0,0.85,0.85,3.8307,M4
100.0,255.0,850.0,0.85,0.85,3.8307,M4
100.0,260.0,850.0,0.85,0.85,3.8307,M4
100.0,265.0,850.0,0.85,0.85,3.8307,M4
100.0,270.0,850.0,0.85,0.85,3.8307,M4
100.0,275.0,850.0,0.85,0.85,3.8307,M4
100.0,280.0,850.0,0.85,0.85,3.8307,M4
100.0,285.0,850.0,0.85,0.85,3.8307,M4
100.0,290.0,850.0,0.85,0.85,3.8307,M4
100.0,295.0,850.0,0.85,0.85,3.8307,M4
100.0,300.0,850.0,0.85,0.85,3.8307,M4
