strategy,scenario,day,time_min,time_h,time_of_day_h,timestamp,soc_before_percent,soc_after_percent,battery_protection_before,battery_protection_after,shortwave_radiation_wm2,cloud_cover_percent,precipitation_probability_percent,weather_index,local_irradiance_wm2,pv_raw_power_w,pv_delivered_power_w,demand_index,demand_requested_outputs,p_net_predecision_w,raw_mode,centroid,requested_mode,applied_mode,active_outputs,final_station_load_w,battery_requested_power_w,battery_external_discharge_wh_step,ev_useful_wh_step,pv_curtailed_wh_step,blocked_reasons,stabilization_reason
threshold,favorable,1,0,0.0,0.0,2026-01-01T00:00:00Z,95.0,94.98781676413255,NORMAL,NORMAL,0.0,10.0,5.0,0.30814814814814806,0.0,0.0,0.0,0.2,0,-5.0,M2,nan,M1,M1,0,5.0,-5.0,0.41666666666666663,0.0,0.0,poor_tracking_condition,initialized_from_first_valid_decision
threshold,favorable,1,5,0.08333333333333333,0.08333333333333333,2026-01-01T00:05:00Z,94.98781676413255,94.9756335282651,NORMAL,NORMAL,0.0,10.109074425172805,5.0,0.30814814814814806,0.0,0.0,0.0,0.2,0,-5.0,M2,nan,M1,M1,0,5.0,-5.0,0.41666666666666663,0.0,0.0,poor_tracking_condition,requested_mode_matches_applied_mode
threshold,favorable,1,10,0.16666666666666666,0.16666666666666666,2026-01-01T00:10:00Z,94.9756335282651,94.96345029239765,NORMAL,NORMAL,0.0,10.21809693682668,5.0,0.30814814814814806,0.0,0.0,0.0,0.2,0,-5.0,M2,nan,M1,M1,0,5.0,-5.0,0.41666666666666663,0.0,0.0,poor_tracking_condition,requested_mode_matches_applied_mode
threshold,favorable,1,15,0.25,0.25,2026-01-01T00:15:00Z,94.96345029239765,94.95126705653021,NORMAL,NORMAL,0.0,10.327015646150715,5.0,0.30814814814814806,0.0,0.0,0.0,0.2,0,-5.0,M2,nan,M1,M1,0,5.0,-5.0,0.41666666666666663,0.0,0.0,poor_tracking_condition,requested_mode_matches_applied_mode
threshold,favorable,1,20,0.3333333333333333,0.3333333333333333,2026-01-01T00:20:00Z,94.95126705653021,94.93908382066276,NORMAL,NORMAL,0.0,10.43577871373829,5.0,0.30814814814814806,0.0,0.0,0.0,0.2,0,-5.0,M2,nan,M1,M1,0,5.0,-5.0,0.41666666666666663,0.0,0.0,poor_tracking_condition,requested_mode_matches_applied_mode
threshold,favorable,1,25,0.4166666666666667,0.4166666666666667,2026-01-01T00:25:00Z,94.93908382066276,94.92690058479532,NORMAL,NORMAL,0.0,10.544334374259822,5.0,0.30814814814814806,0.0,0.0,0.0,0.2,0,-5.0,M2,nan,M1,M1,0,5.0,-5.0,0.41666666666666663,0.0,0.0,poor_tracking_condition,requested_mode_matches_applied_mode
threshold,favorable,1,30,0.5,0.5,2026-01-01T00:30:00Z,94.92690058479532,94.91471734892787,NORMAL,NORMAL,0.0,10.652630961100257,5.0,0.30814814814814806,0.0,0.0,0.0,0.2,0,-5.0,M2,nan,M1,M1,0,5.0,-5.0,0.41666666666666663,0.0,0.0,poor_tracking_condition,requested_mode_matches_applied_mode
threshold,favorable,1,35,0.5833333333333334,0.5833333333333334,2026-01-01T00:35:00Z,94.91471734892787,94.90253411306043,NORMAL,NORMAL,0.0,10.760616930949583,5.0,0.30814814814814806,0.0,0.0,0.0,0.2,0,-5.0,M2,nan,M1,M1,0,5.0,-5.0,0.41666666666666663,0.0,0.0,poor_tracking_condition,requested_mode_matches_applied_mode
threshold,favorable,1,40,0.6666666666666666,0.6666666666666666,2026-01-01T00:40:00Z,94.90253411306043,94.89035087719299,NORMAL,NORMAL,0.0,10.868240888334652,5.0,0.30814814814814806,0.0,0.0,0.0,0.2,0,-5.0,M2,nan,M1,M1,0,5.0,-5.0,0.41666666666666663,0.0,0.0,poor_tracking_condition,requested_mode_matches_applied_mode
threshold,favorable,1,45,0.75,0.75,2026-01-01T00:45:00Z,94.89035087719299,94.87816764132555,NORMAL,NORMAL,0.0,10.975451610080642,5.0,0.30814814814814806,0.0,0.0,0.0,0.2,0,-5.0,M2,nan,M1,M1,0,5.0,-5.0,0.41666666666666663,0.0,0.0,poor_tracking_condition,requested_mode_matches_applied_mode
threshold,favorable,1,50,0.8333333333333334,0.8333333333333334,2026-01-01T00:50:00Z,94.87816764132555,94.8659844054581,NORMAL,NORMAL,0.0,11.082198069690515,5.0,0.30814814814814806,0.0,0.0,0.0,0.2,0,-5.0,M2,nan,M1,M1,0,5.0,-5.0,0.41666666666666663,0.0,0.0,poor_tracking_condition,requested_mode_matches_applied_mode
threshold,favorable,1,55,0.9166666666666666,0.9166666666666666,2026-01-01T00:55:00Z,94.8659844054581,94.85380116959065,NORMAL,NORMAL,0.0,11.188429461630864,5.0,0.30814814814814806,0.0,0.0,0.0,0.2,0,-5.0,M2,nan,M1,M1,0,5.0,-5.0,0.41666666666666663,0.0,0.0,poor_tracking_condition,requested_mode_matches_applied_mode
threshold,favorable,1,60,1.0,1.0,2026-01-01T01:00:00Z,94.85380116959065,94.8416179337232,NORMAL,NORMAL,0.0,11.294095225512603,5.0,0.30814814814814806,0.0,0.0,0.0,0.2,0,-5.0,M2,nan,M1,M1,0,5.0,-5.0,0.41666666666666663,0.0,0.0,poor_tracking_condition,requested_mode_matches_applied_mode
threshold,favorable,1,65,1.0833333333333333,1.0833333333333333,2026-01-01T01:05:00Z,94.8416179337232,94.82943469785576,NORMAL,NORMAL,0.0,11.39914507015496,5.0,0.30814814814814806,0.0,0.0,0.0,0.2,0,-5.0,M2,nan,M1,M1,0,5.0,-5.0,0.41666666666666663,0.0,0.0,poor_tracking_condition,requested_mode_matches_applied_mode
threshold,favorable,1,70,1.1666666666666667,1.1666666666666667,2026-01-01T01:10:00Z,94.82943469785576,94.8172514619883,NORMAL,NORMAL,0.0,11.503528997521366,5.0,0.30814814814814806,0.0,0.0,0.0,0.2,0,-5.0,M2,nan,M1,M1,0,5.0,-5.0,0.41666666666666663,0.0,0.0,poor_tracking_condition,requested_mode_matches_applied_mode
threshold,favorable,1,75,1.25,1.25,2026-01-01T01:15:00Z,94.8172514619883,94.80506822612087,NORMAL,NORMAL,0.0,11.607197326515807,5.0,0.30814814814814806,0.0,0.0,0.0,0.2,0,-5.0,M2,nan,M1,M1,0,5.0,-5.0,0.41666666666666663,0.0,0.0,poor_tracking_condition,requested_mode_matches_applied_mode
threshold,favorable,1,80,1.3333333333333333,1.3333333333333333,2026-01-01T01:20:00Z,94.80506822612087,94.79288499025341,NORMAL,NORMAL,0.0,11.710100716628343,5.0,0.30814814814814806,0.0,0.0,0.0,0.2,0,-5.0,M2,nan,M1,M1,0,5.0,-5.0,0.41666666666666663,0.0,0.0,poor_tracking_condition,requested_mode_matches_applied_mode
threshold,favorable,1,85,1.4166666666666667,1.4166666666666667,2026-01-01T01:25:00Z,94.79288499025341,94.78070175438597,NORMAL,NORMAL,0.0,11.812190191418509,5.0,0.30814814814814806,0.0,0.0,0.0,0.2,0,-5.0,M2,nan,M1,M1,0,5.0,-5.0,0.41666666666666663,0.0,0.0,poor_tracking_condition,requested_mode_matches_applied_mode
threshold,favorable,1,90,1.5,1.5,2026-01-01T01:30:00Z,94.78070175438597,94.76851851851852,NORMAL,NORMAL,0.0,11.91341716182545,5.0,0.30814814814814806,0.0,0.0,0.0,0.2,0,-5.0,M2,nan,M1,M1,0,5.0,-5.0,0.41666666666666663,0.0,0.0,poor_tracking_condition,requested_mode_matches_applied_mode
threshold,favorable,1,95,1.5833333333333333,1.5833333333333333,2026-01-01T01:35:00Z,94.76851851851852,94.75633528265108,NORMAL,NORMAL,0.0,12.013733449293685,5.0,0.30814814814814806,0.0,0.0,0.0,0.2,0,-5.0,M2,nan,M1,M1,0,5.0,-5.0,0.41666666666666663,0.0,0.0,poor_tracking_condition,requested_mode_matches_applied_mode
threshold,favorable,1,100,1.6666666666666667,1.6666666666666667,2026-01-01T01:40:00Z,94.75633528265108,94.74415204678363,NORMAL,NORMAL,0.0,12.113091308703497,5.0,0.30814814814814806,0.0,0.0,0.0,0.2,0,-5.0,M2,nan,M1,M1,0,5.0,-5.0,0.41666666666666663,0.0,0.0,poor_tracking_condition,requested_mode_matches_applied_mode
threshold,favorable,1,105,1.75,1.75,2026-01-01T01:45:00Z,94.74415204678363,94.73196881091619,NORMAL,NORMAL,0.0,12.211443451095006,5.0,0.30814814814814806,0.0,0.0,0.0,0.2,0,-5.0,M2,nan,M1,M1,0,5.0,-5.0,0.41666666666666663,0.0,0.0,poor_tracking_condition,requested_mode_matches_applied_mode
threshold,favorable,1,110,1.8333333333333333,1.8333333333333333,2026-01-01T01:50:00Z,94.73196881091619,94.71978557504873,NORMAL,NORMAL,0.0,12.308743066175168,5.0,0.30814814814814806,0.0,0.0,0.0,0.2,0,-5.0,M2,nan,M1,M1,0,5.0,-5.0,0.41666666666666663,0.0,0.0,poor_tracking_condition,requested_mode_matches_applied_mode
threshold,favorable,1,115,1.9166666666666667,1.9166666666666667,2026-01-01T01:55:00Z,94.71978557504873,94.7076023391813,NORMAL,NORMAL,0.0,12.404943844596938,5.0,0.30814814814814806,0.0,0.0,0.0,0.2,0,-5.0,M2,nan,M1,M1,0,5.0,-5.0,0.41666666666666663,0.0,0.0,poor_tracking_condition,requested_mode_matches_applied_mode
threshold,favorable,1,120,2.0,2.0,2026-01-01T02:00:00Z,94.7076023391813,94.69541910331385,NORMAL,NORMAL,0.0,12.5,5.0,0.30814814814814806,0.0,0.0,0.0,0.2,0,-5.0,M2,nan,M1,M1,0,5.0,-5.0,0.41666666666666663,0.0,0.0,poor_tracking_condition,requested_mode_matches_applied_mode
threshold,favorable,1,125,2.0833333333333335,2.0833333333333335,2026-01-01T02:05:00Z,94.69541910331385,94.68323586744641,NORMAL,NORMAL,0.0,12.593866290802607,5.0,0.30814814814814806,0.0,0.0,0.0,0.2,0,-5.0,M2,nan,M1,M1,0,5.0,-5.0,0.41666666666666663,0.0,0.0,poor_tracking_condition,requested_mode_matches_applied_mode
threshold,favorable,1,130,2.1666666666666665,2.1666666666666665,2026-01-01T02:10:00Z,94.68323586744641,94.67105263157896,NORMAL,NORMAL,0.0,12.686498041734119,5.0,0.30814814814814806,0.0,0.0,0.0,0.2,0,-5.0,M2,nan,M1,M1,0,5.0,-5.0,0.41666666666666663,0.0,0.0,poor_tracking_condition,requested_mode_matches_applied_mode
threshold,favorable,1,135,2.25,2.25,2026-01-01T02:15:00Z,94.67105263157896,94.65886939571152,NORMAL,NORMAL,0.0,12.77785116509801,5.0,0.30814814814814806,0.0,0.0,0.0,0.2,0,-5.0,M2,nan,M1,M1,0,5.0,-5.0,0.41666666666666663,0.0,0.0,poor_tracking_condition,requested_mode_matches_applied_mode
threshold,favorable,1,140,2.3333333333333335,2.3333333333333335,2026-01-01T02:20:00Z,94.65886939571152,94.64668615984407,NORMAL,NORMAL,0.0,12.867882181755231,5.0,0.30814814814814806,0.0,0.0,0.0,0.2,0,-5.0,M2,nan,M1,M1,0,5.0,-5.0,0.41666666666666663,0.0,0.0,poor_tracking_condition,requested_mode_matches_applied_mode
threshold,favorable,1,145,2.4166666666666665,2.4166666666666665,2026-01-01T02:25:00Z,94.64668615984407,94.63450292397663,NORMAL,NORMAL,0.0,12.956548241817911,5.0,0.30814814814814806,0.0,0.0,0.0,0.2,0,-5.0,M2,nan,M1,M1,0,5.0,-5.0,0.41666666666666663,0.0,0.0,poor_tracking_condition,requested_mode_matches_applied_mode
threshold,favorable,1,150,2.5,2.5,2026-01-01T02:30:00Z,94.63450292397663,94.62231968810917,NORMAL,NORMAL,0.0,13.043807145043603,5.0,0.30814814814814806,0.0,0.0,0.0,0.2,0,-5.0,M2,nan,M1,M1,0,5.0,-5.0,0.41666666666666663,0.0,0.0,poor_tracking_condition,requested_mode_matches_applied_mode
threshold,favorable,1,155,2.5833333333333335,2.5833333333333335,2026-01-01T02:35:00Z,94.62231968810917,94.61013645224173,NORMAL,NORMAL,0.0,13.129617360920296,5.0,0.30814814814814806,0.0,0.0,0.0,0.2,0,-5.0,M2,nan,M1,M1,0,5.0,-5.0,0.41666666666666663,0.0,0.0,poor_tracking_condition,requested_mode_matches_applied_mode
threshold,favorable,1,160,2.6666666666666665,2.6666666666666665,2026-01-01T02:40:00Z,94.61013645224173,94.59795321637428,NORMAL,NORMAL,0.0,13.213938048432697,5.0,0.30814814814814806,0.0,0.0,0.0,0.2,0,-5.0,M2,nan,M1,M1,0,5.0,-5.0,0.41666666666666663,0.0,0.0,poor_tracking_condition,requested_mode_matches_applied_mode
threshold,favorable,1,165,2.75,2.75,2026-01-01T02:45:00Z,94.59795321637428,94.58576998050684,NORMAL,NORMAL,0.0,13.296729075500345,5.0,0.30814814814814806,0.0,0.0,0.0,0.2,0,-5.0,M2,nan,M1,M1,0,5.0,-5.0,0.41666666666666663,0.0,0.0,poor_tracking_condition,requested_mode_matches_applied_mode
threshold,favorable,1,170,2.8333333333333335,2.8333333333333335,2026-01-01T02:50:00Z,94.58576998050684,94.57358674463939,NORMAL,NORMAL,0.0,13.3779510380783,5.0,0.30814814814814806,0.0,0.0,0.0,0.2,0,-5.0,M2,nan,M1,M1,0,5.0,-5.0,0.41666666666666663,0.0,0.0,poor_tracking_condition,requested_mode_matches_applied_mode
threshold,favorable,1,175,2.9166666666666665,2.9166666666666665,2026-01-01T02:55:00Z,94.57358674463939,94.56140350877195,NORMAL,NORMAL,0.0,13.457565278911346,5.0,0.30814814814814806,0.0,0.0,0.0,0.2,0,-5.0,M2,nan,M1,M1,0,5.0,-5.0,0.41666666666666663,0.0,0.0,poor_tracking_condition,requested_mode_matches_applied_mode
threshold,favorable,1,180,3.0,3.0,2026-01-01T03:00:00Z,94.56140350877195,94.54922027290449,NORMAL,NORMAL,0.0,13.535533905932738,5.0,0.30814814814814806,0.0,0.0,0.0,0.2,0,-5.0,M2,nan,M1,M1,0,5.0,-5.0,0.41666666666666663,0.0,0.0,poor_tracking_condition,requested_mode_matches_applied_mode
threshold,favorable,1,185,3.0833333333333335,3.0833333333333335,2026-01-01T03:05:00Z,94.54922027290449,94.53703703703705,NORMAL,NORMAL,0.0,13.611819810298778,5.0,0.30814814814814806,0.0,0.0,0.0,0.2,0,-5.0,M2,nan,M1,M1,0,5.0,-5.0,0.41666666666666663,0.0,0.0,poor_tracking_condition,requested_mode_matches_applied_mode
threshold,favorable,1,190,3.1666666666666665,3.1666666666666665,2026-01-01T03:10:00Z,94.53703703703705,94.5248538011696,NORMAL,NORMAL,0.0,13.68638668405062,5.0,0.30814814814814806,0.0,0.0,0.0,0.2,0,-5.0,M2,nan,M1,M1,0,5.0,-5.0,0.41666666666666663,0.0,0.0,poor_tracking_condition,requested_mode_matches_applied_mode
threshold,favorable,1,195,3.25,3.25,2026-01-01T03:15:00Z,94.5248538011696,94.51267056530216,NORMAL,NORMAL,0.0,13.759199037394886,5.0,0.30814814814814806,0.0,0.0,0.0,0.2,0,-5.0,M2,nan,M1,M1,0,5.0,-5.0,0.41666666666666663,0.0,0.0,poor_tracking_condition,requested_mode_matches_applied_mode
threshold,favorable,1,200,3.3333333333333335,3.3333333333333335,2026-01-01T03:20:00Z,94.51267056530216,94.50048732943472,NORMAL,NORMAL,0.0,13.83022221559489,5.0,0.30814814814814806,0.0,0.0,0.0,0.2,0,-5.0,M2,nan,M1,M1,0,5.0,-5.0,0.41666666666666663,0.0,0.0,poor_tracking_condition,requested_mode_matches_applied_mode
threshold,favorable,1,205,3.4166666666666665,3.4166666666666665,2026-01-01T03:25:00Z,94.50048732943472,94.48830409356728,NORMAL,NORMAL,0.0,13.899422415464409,5.0,0.30814814814814806,0.0,0.0,0.0,0.2,0,-5.0,M2,nan,M1,M1,0,5.0,-5.0,0.41666666666666663,0.0,0.0,poor_tracking_condition,requested_mode_matches_applied_mode
threshold,favorable,1,210,3.5,3.5,2026-01-01T03:30:00Z,94.48830409356728,94.47612085769983,NORMAL,NORMAL,0.0,13.966766701456176,5.0,0.30814814814814806,0.0,0.0,0.0,0.2,0,-5.0,M2,nan,M1,M1,0,5.0,-5.0,0.41666666666666663,0.0,0.0,poor_tracking_condition,requested_mode_matches_applied_mode
threshold,favorable,1,215,3.5833333333333335,3.5833333333333335,2026-01-01T03:35:00Z,94.47612085769983,94.46393762183239,NORMAL,NORMAL,0.0,14.032223021337412,5.0,0.30814814814814806,0.0,0.0,0.0,0.2,0,-5.0,M2,nan,M1,M1,0,5.0,-5.0,0.41666666666666663,0.0,0.0,poor_tracking_condition,requested_mode_matches_applied_mode
threshold,favorable,1,220,3.6666666666666665,3.6666666666666665,2026-01-01T03:40:00Z,94.46393762183239,94.45175438596493,NORMAL,NORMAL,0.0,14.095760221444959,5.0,0.30814814814814806,0.0,0.0,0.0,0.2,0,-5.0,M2,nan,M1,M1,0,5.0,-5.0,0.41666666666666663,0.0,0.0,poor_tracking_condition,requested_mode_matches_applied_mode
threshold,favorable,1,225,3.75,3.75,2026-01-01T03:45:00Z,94.45175438596493,94.43957115009749,NORMAL,NORMAL,0.0,14.157348061512725,5.0,0.30814814814814806,0.0,0.0,0.0,0.2,0,-5.0,M2,nan,M1,M1,0,5.0,-5.0,0.41666666666666663,0.0,0.0,poor_tracking_condition,requested_mode_matches_applied_mode
threshold,favorable,1,230,3.8333333333333335,3.8333333333333335,2026-01-01T03:50:00Z,94.43957115009749,94.42738791423004,NORMAL,NORMAL,0.0,14.216957229064427,5.0,0.30814814814814806,0.0,0.0,0.0,0.2,0,-5.0,M2,nan,M1,M1,0,5.0,-5.0,0.41666666666666663,0.0,0.0,poor_tracking_condition,requested_mode_matches_applied_mode
threshold,favorable,1,235,3.9166666666666665,3.9166666666666665,2026-01-01T03:55:00Z,94.42738791423004,94.4152046783626,NORMAL,NORMAL,0.0,14.274559353364733,5.0,0.30814814814814806,0.0,0.0,0.0,0.2,0,-5.0,M2,nan,M1,M1,0,5.0,-5.0,0.41666666666666663,0.0,0.0,poor_tracking_condition,requested_mode_matches_applied_mode
threshold,favorable,1,240,4.0,4.0,2026-01-01T04:00:00Z,94.4152046783626,94.40302144249515,NORMAL,NORMAL,0.0,14.330127018922193,5.0,0.30814814814814806,0.0,0.0,0.0,0.2,0,-5.0,M2,nan,M1,M1,0,5.0,-5.0,0.41666666666666663,0.0,0.0,poor_tracking_condition,requested_mode_matches_applied_mode
threshold,favorable,1,245,4.083333333333333,4.083333333333333,2026-01-01T04:05:00Z,94.40302144249515,94.3908382066277,NORMAL,NORMAL,0.0,14.383633778537538,5.0,0.30814814814814806,0.0,0.0,0.0,0.2,0,-5.0,M2,nan,M1,M1,0,5.0,-5.0,0.41666666666666663,0.0,0.0,poor_tracking_condition,requested_mode_matches_applied_mode
threshold,favorable,1,250,4.166666666666667,4.166666666666667,2026-01-01T04:10:00Z,94.3908382066277,94.37865497076025,NORMAL,NORMAL,0.0,14.43505416589111,5.0,0.30814814814814806,0.0,0.0,0.0,0.2,0,-5.0,M2,nan,M1,M1,0,5.0,-5.0,0.41666666666666663,0.0,0.0,poor_tracking_condition,requested_mode_matches_applied_mode
threshold,favorable,1,255,4.25,4.25,2026-01-01T04:15:00Z,94.37865497076025,94.36647173489281,NORMAL,NORMAL,0.0,14.48436370766344,5.0,0.30814814814814806,0.0,0.0,0.0,0.2,0,-5.0,M2,nan,M1,M1,0,5.0,-5.0,0.41666666666666663,0.0,0.0,poor_tracking_condition,requested_mode_matches_applied_mode
threshold,favorable,1,260,4.333333333333333,4.333333333333333,2026-01-01T04:20:00Z,94.36647173489281,94.35428849902536,NORMAL,NORMAL,0.0,14.53153893518325,5.0,0.30814814814814806,0.0,0.0,0.0,0.2,0,-5.0,M2,nan,M1,M1,0,5.0,-5.0,0.41666666666666663,0.0,0.0,poor_tracking_condition,requested_mode_matches_applied_mode
threshold,favorable,1,265,4.416666666666667,4.416666666666667,2026-01-01T04:25:00Z,94.35428849902536,94.34210526315792,NORMAL,NORMAL,0.0,14.576557395597234,5.0,0.30814814814814806,0.0,0.0,0.0,0.2,0,-5.0,M2,nan,M1,M1,0,5.0,-5.0,0.41666666666666663,0.0,0.0,poor_tracking_condition,requested_mode_matches_applied_mode
threshold,favorable,1,270,4.5,4.5,2026-01-01T04:30:00Z,94.34210526315792,94.32992202729046,NORMAL,NORMAL,0.0,14.619397662556434,5.0,0.30814814814814806,0.0,0.0,0.0,0.2,0,-5.0,M2,nan,M1,M1,0,5.0,-5.0,0.41666666666666663,0.0,0.0,poor_tracking_condition,requested_mode_matches_applied_mode
threshold,favorable,1,275,4.583333333333333,4.583333333333333,2026-01-01T04:35:00Z,94.32992202729046,94.31773879142304,NORMAL,NORMAL,0.0,14.660039346413992,5.0,0.30814814814814806,0.0,0.0,0.0,0.2,0,-5.0,M2,nan,M1,M1,0,5.0,-5.0,0.41666666666666663,0.0,0.0,poor_tracking_condition,requested_mode_matches_applied_mode
threshold,favorable,1,280,4.666666666666667,4.666666666666667,2026-01-01T04:40:00Z,94.31773879142304,94.30555555555559,NORMAL,NORMAL,0.0,14.698463103929543,5.0,0.30814814814814806,0.0,0.0,0.0,0.2,0,-5.0,M2,nan,M1,M1,0,5.0,-5.0,0.41666666666666663,0.0,0.0,poor_tracking_condition,requested_mode_matches_applied_mode
threshold,favorable,1,285,4.75,4.75,2026-01-01T04:45:00Z,94.30555555555559,94.29337231968815,NORMAL,NORMAL,0.0,14.734650647475528,5.0,0.30814814814814806,0.0,0.0,0.0,0.2,0,-5.0,M2,nan,M1,M1,0,5.0,-5.0,0.41666666666666663,0.0,0.0,poor_tracking_condition,requested_mode_matches_applied_mode
threshold,favorable,1,290,4.833333333333333,4.833333333333333,2026-01-01T04:50:00Z,94.29337231968815,94.28118908382069,NORMAL,NORMAL,0.0,14.768584753741134,5.0,0.30814814814814806,0.0,0.0,0.0,0.2,0,-5.0,M2,nan,M1,M1,0,5.0,-5.0,0.41666666666666663,0.0,0.0,poor_tracking_condition,requested_mode_matches_applied_mode
threshold,favorable,1,295,4.916666666666667,4.916666666666667,2026-01-01T04:55:00Z,94.28118908382069,94.26900584795325,NORMAL,NORMAL,0.0,14.800249271929644,5.0,0.30814814814814806,0.0,0.0,0.0,0.2,0,-5.0,M2,nan,M1,M1,0,5.0,-5.0,0.41666666666666663,0.0,0.0,poor_tracking_condition,requested_mode_matches_applied_mode
threshold,favorable,1,300,5.0,5.0,2026-01-01T05:00:00Z,94.26900584795325,94.2568226120858,NORMAL,NORMAL,0.0,14.82962913144534,5.0,0.30814814814814806,0.0,0.0,0.0,0.2,0,-5.0,M2,nan,M1,M1,0,5.0,-5.0,0.41666666666666663,0.0,0.0,poor_tracking_condition,requested_mode_matches_applied_mode
threshold,favorable,1,305,5.083333333333333,5.083333333333333,2026-01-01T05:05:00Z,94.2568226120858,94.24463937621836,NORMAL,NORMAL,0.0,14.856710349066308,5.0,0.30814814814814806,0.0,0.0,0.0,0.2,0,-5.0,M2,nan,M1,M1,0,5.0,-5.0,0.41666666666666663,0.0,0.0,poor_tracking_condition,requested_mode_matches_applied_mode
threshold,favorable,1,310,5.166666666666667,5.166666666666667,2026-01-01T05:10:00Z,94.24463937621836,94.2324561403509,NORMAL,NORMAL,0.0,14.881480035599667,5.0,0.30814814814814806,0.0,0.0,0.0,0.2,0,-5.0,M2,nan,M1,M1,0,5.0,-5.0,0.41666666666666663,0.0,0.0,poor_tracking_condition,requested_mode_matches_applied_mode
threshold,favorable,1,315,5.25,5.25,2026-01-01T05:15:00Z,94.2324561403509,94.22027290448347,NORMAL,NORMAL,0.0,14.903926402016152,5.0,0.30814814814814806,0.0,0.0,0.0,0.2,0,-5.0,M2,nan,M1,M1,0,5.0,-5.0,0.41666666666666663,0.0,0.0,poor_tracking_condition,requested_mode_matches_applied_mode
threshold,favorable,1,320,5.333333333333333,5.333333333333333,2026-01-01T05:20:00Z,94.22027290448347,94.20808966861601,NORMAL,NORMAL,0.0,14.92403876506104,5.0,0.30814814814814806,0.0,0.0,0.0,0.2,0,-5.0,M2,nan,M1,M1,0,5.0,-5.0,0.41666666666666663,0.0,0.0,poor_tracking_condition,requested_mode_matches_applied_mode
threshold,favorable,1,325,5.416666666666667,5.416666666666667,2026-01-01T05:25:00Z,94.20808966861601,94.19590643274857,NORMAL,NORMAL,0.0,14.941807552338803,5.0,0.30814814814814806,0.0,0.0,0.0,0.2,0,-5.0,M2,nan,M1,M1,0,5.0,-5.0,0.41666666666666663,0.0,0.0,poor_tracking_condition,requested_mode_matches_applied_mode
threshold,favorable,1,330,5.5,5.5,2026-01-01T05:30:00Z,94.19590643274857,94.18372319688112,NORMAL,NORMAL,0.0,14.957224306869051,5.0,0.30814814814814806,0.0,0.0,0.0,0.7,2,-5.0,M4,nan,M4,M1,0,5.0,-5.0,0.41666666666666663,0.0,0.0,poor_tracking_condition,new_candidate_started
threshold,favorable,1,335,5.583333333333333,5.583333333333333,2026-01-01T05:35:00Z,94.18372319688112,94.17153996101366,NORMAL,NORMAL,0.0,14.970281691111598,5.0,0.30814814814814806,0.0,0.0,0.0,0.7,2,-5.0,M4,nan,M4,M1,0,5.0,-5.0,0.41666666666666663,0.0,0.0,poor_tracking_condition,waiting_for_candidate_confirmation
threshold,favorable,1,340,5.666666666666667,5.666666666666667,2026-01-01T05:40:00Z,94.17153996101366,93.76617047669681,NORMAL,NORMAL,0.0,14.980973490458727,5.0,0.30814814814814806,0.0,0.0,0.0,0.7,2,-5.0,M4,nan,M4,M4,2,166.36363636363637,-166.36363636363637,13.863636363636363,11.833333333333332,0.0,poor_tracking_condition,candidate_confirmed_and_dwell_satisfied
threshold,favorable,1,345,5.75,5.75,2026-01-01T05:45:00Z,93.76617047669681,93.36080099237995,NORMAL,NORMAL,0.0,14.989294616193018,5.0,0.30814814814814806,0.0,0.0,0.0,0.7,2,-166.36363636363637,M4,nan,M4,M4,2,166.36363636363637,-166.36363636363637,13.863636363636363,11.833333333333332,0.0,poor_tracking_condition,requested_mode_matches_applied_mode
threshold,favorable,1,350,5.833333333333333,5.833333333333333,2026-01-01T05:50:00Z,93.36080099237995,92.95543150806311,NORMAL,NORMAL,0.0,14.995241107909289,5.0,0.30814814814814806,0.0,0.0,0.0,0.7,2,-166.36363636363637,M4,nan,M4,M4,2,166.36363636363637,-166.36363636363637,13.863636363636363,11.833333333333332,0.0,poor_tracking_condition,requested_mode_matches_applied_mode
threshold,favorable,1,355,5.916666666666667,5.916666666666667,2026-01-01T05:55:00Z,92.95543150806311,92.55006202374625,NORMAL,NORMAL,0.0,14.998810135399545,5.0,0.30814814814814806,0.0,0.0,0.0,0.7,2,-166.36363636363637,M4,nan,M4,M4,2,166.36363636363637,-166.36363636363637,13.863636363636363,11.833333333333332,0.0,poor_tracking_condition,requested_mode_matches_applied_mode
threshold,favorable,1,360,6.0,6.0,2026-01-01T06:00:00Z,92.55006202374625,92.1446925394294,NORMAL,NORMAL,0.0,15.0,5.0,0.30814814814814806,0.0,0.0,0.0,0.7,2,-166.36363636363637,M4,nan,M4,M4,2,166.36363636363637,-166.36363636363637,13.863636363636363,11.833333333333332,0.0,poor_tracking_condition,requested_mode_matches_applied_mode
threshold,favorable,1,365,6.083333333333333,6.083333333333333,2026-01-01T06:05:00Z,92.1446925394294,91.7470933114577,NORMAL,NORMAL,9.643332015559583,14.998810135399545,5.0,0.30814814814814806,8.558543220754599,3.543236893392404,3.1889132040531636,0.7,2,-163.1747231595832,M4,nan,M4,M4,2,166.36363636363637,-163.1747231595832,13.597893596631934,11.833333333333332,0.0,poor_tracking_condition,requested_mode_matches_applied_mode
threshold,favorable,1,370,6.166666666666667,6.166666666666667,2026-01-01T06:10:00Z,91.7470933114577,91.35957062910873,NORMAL,NORMAL,22.148232774304606,14.995241107909289,5.0,0.30814814814814806,19.657347095068634,8.138141697358414,7.3243275276225726,0.7,2,-159.0393088360138,M4,nan,M4,M4,2,166.36363636363637,-159.0393088360138,13.253275736334482,11.833333333333332,0.0,poor_tracking_condition,requested_mode_matches_applied_mode
threshold,favorable,1,375,6.25,6.25,2026-01-01T06:15:00Z,91.35957062910873,90.98322031479773,NORMAL,NORMAL,36.011551992577694,14.989294616193018,5.0,0.30814814814814806,31.963143774554446,13.232741522665542,11.909467370398987,0.7,2,-154.45416899323737,M4,nan,M4,M4,2,166.36363636363637,-154.45416899323737,12.871180749436448,11.833333333333332,0.0,poor_tracking_condition,requested_mode_matches_applied_mode
threshold,favorable,1,380,6.333333333333333,6.333333333333333,2026-01-01T06:20:00Z,90.98322031479773,90.61881012793994,NORMAL,NORMAL,50.825167114590315,14.980973490458727,5.0,0.30814814814814806,45.114588505651724,18.677439641339816,16.809695677205834,0.7,2,-149.55394068643054,M4,nan,M4,M4,2,166.36363636363637,-149.55394068643054,12.462828390535877,11.833333333333332,0.0,poor_tracking_condition,requested_mode_matches_applied_mode
threshold,favorable,1,385,6.416666666666667,6.416666666666667,2026-01-01T06:25:00Z,90.61881012793994,90.26693542638071,NORMAL,NORMAL,66.37407973352572,14.970281691111598,5.0,0.30814814814814806,58.92178970403186,24.39362093746919,21.954258843722272,0.7,2,-144.4093775199141,M4,nan,M4,M4,2,166.36363636363637,-144.4093775199141,12.034114793326175,11.833333333333332,0.0,poor_tracking_condition,requested_mode_matches_applied_mode
threshold,favorable,1,390,6.5,6.5,2026-01-01T06:30:00Z,90.26693542638071,89.92808125373514,NORMAL,NORMAL,82.52030182257455,14.957224306869051,5.0,0.30814814814814806,73.26324184084368,30.330982122109283,27.297883909898356,0.7,2,-139.065752453738,M4,nan,M4,M4,2,166.36363636363637,-139.065752453738,11.588812704478167,11.833333333333332,0.0,poor_tracking_condition,requested_mode_matches_applied_mode
threshold,favorable,1,395,6.583333333333333,6.583333333333333,2026-01-01T06:35:00Z,89.92808125373514,89.60265398225697,NORMAL,NORMAL,99.16508446154575,14.941807552338803,5.0,0.30814814814814806,88.05229240202695,36.453649054439154,32.80828414899524,0.7,2,-133.55535221464112,M4,nan,M4,M4,2,166.36363636363637,-133.55535221464112,11.129612684553425,11.833333333333332,0.0,poor_tracking_condition,requested_mode_matches_applied_mode
threshold,favorable,1,400,6.666666666666667,6.666666666666667,2026-01-01T06:40:00Z,89.60265398225697,89.29099978437885,NORMAL,NORMAL,116.23258091314437,14.92403876506104,5.0,0.30814814814814806,103.22263433831291,42.73417061606155,38.460753554455394,0.7,2,-127.90288280918098,M4,nan,M4,M4,2,166.36363636363637,-127.90288280918098,10.658573567431748,11.833333333333332,0.0,poor_tracking_condition,requested_mode_matches_applied_mode
threshold,favorable,1,405,6.75,6.75,2026-01-01T06:45:00Z,89.29099978437885,88.99341640850776,NORMAL,NORMAL,133.6615447327835,14.903926402016152,5.0,0.30814814814814806,118.72093104170456,49.15046545126569,44.235418906139124,0.7,2,-122.12821745749724,M4,nan,M4,M4,2,166.36363636363637,-122.12821745749724,10.177351454791436,11.833333333333332,0.0,poor_tracking_condition,requested_mode_matches_applied_mode
threshold,favorable,1,410,6.833333333333333,6.833333333333333,2026-01-01T06:50:00Z,88.99341640850776,88.71016116898765,NORMAL,NORMAL,151.40063826014523,14.881480035599667,5.0,0.30869170180580274,134.50264644280475,55.68409562732116,50.11568606458905,0.7,2,-116.24795029904732,M4,nan,M4,M4,2,166.36363636363637,-116.24795029904732,9.687329191587276,11.833333333333332,0.0,,requested_mode_matches_applied_mode
threshold,favorable,1,415,6.916666666666667,6.916666666666667,2026-01-01T06:55:00Z,88.71016116898765,88.44145662628696,NORMAL,NORMAL,169.4055723049358,14.856710349066308,5.0,0.3155874071223794,150.529500910544,62.31921337696521,56.08729203926869,0.7,2,-110.27634432436768,M4,nan,M4,M4,2,166.36363636363637,-110.27634432436768,9.189695360363974,11.833333333333332,0.0,,requested_mode_matches_applied_mode
threshold,favorable,1,420,7.0,7.0,2026-01-01T07:00:00Z,88.44145662628696,88.1874947748133,NORMAL,NORMAL,187.6372597831489,14.82962913144534,5.0,0.3221325028265041,166.7678274794632,69.04188057649777,62.137692518848,1.0,3,-104.22594384478838,M5,nan,M5,M4,2,166.36363636363637,-104.22594384478838,8.685495320399031,11.833333333333332,0.0,,new_candidate_started
threshold,favorable,1,425,7.083333333333333,7.083333333333333,2026-01-01T07:05:00Z,88.1874947748133,87.94844022231982,NORMAL,NORMAL,206.0605696030889,14.800249271929644,5.0,0.33465048736205155,183.18746113877748,75.83960891145388,68.2556480203085,1.0,3,-98.10798834332788,M5,nan,M5,M4,2,166.36363636363637,-98.10798834332788,8.175665695277322,11.833333333333332,0.0,,waiting_for_candidate_confirmation
threshold,favorable,1,430,7.166666666666667,7.166666666666667,2026-01-01T07:10:00Z,87.94844022231982,87.52783953876894,NORMAL,NORMAL,224.6434551612089,14.768584753741134,5.0,0.361414143100196,199.7609608592972,82.70103779574904,74.43093401617415,1.0,3,-91.93270234746223,M5,nan,M5,M5,3,247.04545454545456,-172.6145205292804,14.384543377440034,17.75,0.0,,candidate_confirmed_and_dwell_satisfied
threshold,favorable,1,435,7.25,7.25,2026-01-01T07:15:00Z,87.52783953876894,87.12240259260719,NORMAL,NORMAL,243.35632686206696,14.73465064747553,5.0,0.39198672978351545,216.4630484183263,89.61570204518709,80.65413184066838,1.0,3,-166.39132270478618,M5,nan,M5,M5,3,247.04545454545456,-166.39132270478618,13.86594355873218,17.75,0.0,,requested_mode_matches_applied_mode
threshold,favorable,1,440,7.333333333333333,7.333333333333333,2026-01-01T07:20:00Z,87.12240259260719,86.73222476509308,NORMAL,NORMAL,262.1715893417327,14.698463103929543,5.0,0.428398900696995,233.27019359544752,96.57386014851528,86.91647413366375,1.0,3,-160.1289804117908,M5,nan,M5,M5,3,247.04545454545456,-160.1289804117908,13.344081700982565,17.75,0.0,,requested_mode_matches_applied_mode
threshold,favorable,1,445,7.416666666666667,7.416666666666667,2026-01-01T07:25:00Z,86.73222476509308,86.35738137737813,NORMAL,NORMAL,281.06329323248883,14.660039346413992,5.0,0.47408775329714015,250.16030120033147,103.56636469693721,93.20972822724349,1.0,3,-153.83572631821107,M5,nan,M5,M5,3,247.04545454545456,-153.83572631821107,12.819643859850922,17.75,0.0,,requested_mode_matches_applied_mode
threshold,favorable,1,450,7.5,7.5,2026-01-01T07:30:00Z,86.35738137737813,85.99792877521057,NORMAL,NORMAL,300.00686864544195,14.619397662556434,5.0,0.535173436917196,267.1124707887466,110.58456290654108,99.52610661588697,1.0,3,-147.51934792956757,M5,nan,M5,M5,3,247.04545454545456,-147.51934792956757,12.293278994130631,17.75,0.0,,requested_mode_matches_applied_mode
threshold,favorable,1,455,7.583333333333333,7.583333333333333,2026-01-01T07:35:00Z,85.99792877521057,85.6539052436519,NORMAL,NORMAL,318.9789182548796,14.576557395597236,5.0,0.6162454645911672,284.1068094304213,117.62021910419443,105.858197193775,1.0,3,-141.18725735167956,M5,nan,M5,M5,3,247.04545454545456,-141.18725735167956,11.76560477930663,17.75,0.0,,requested_mode_matches_applied_mode
threshold,favorable,1,460,7.666666666666667,7.666666666666667,2026-01-01T07:40:00Z,85.6539052436519,85.32533178765115,NORMAL,NORMAL,337.95705469879323,14.53153893518325,5.0,0.7222086175560106,301.124283957978,124.66545355860289,112.1989082027426,1.0,3,-134.84654634271197,M5,nan,M5,M5,3,247.04545454545456,-134.84654634271197,11.237212195225997,17.75,0.0,,requested_mode_matches_applied_mode
threshold,favorable,1,465,7.75,7.75,2026-01-01T07:45:00Z,85.32533178765115,85.01221280561461,NORMAL,NORMAL,356.91977149263414,14.48436370766344,5.0,0.8083822745038085,318.14660310696837,131.7126936862849,118.5414243176564,1.0,3,-128.50403022779815,M5,nan,M5,M5,3,247.04545454545456,-128.50403022779815,10.708669185649846,17.75,0.0,,requested_mode_matches_applied_mode
threshold,favorable,1,470,7.833333333333333,7.833333333333333,2026-01-01T07:50:00Z,85.01221280561461,84.71453667683417,NORMAL,NORMAL,375.8463396692638,14.43505416589111,5.0,0.8118252167295231,335.1561226354308,138.75463477106834,124.8791712939615,1.0,3,-122.16628325149306,M5,nan,M5,M5,3,247.04545454545456,-122.16628325149306,10.180523604291087,17.75,0.0,,requested_mode_matches_applied_mode
threshold,favorable,1,475,7.916666666666667,7.916666666666667,2026-01-01T07:55:00Z,84.71453667683417,84.43227627903472,NORMAL,NORMAL,394.71672443236906,14.383633778537538,5.0,0.815157351176453,352.1357683536257,145.78420809840102,131.2057872885609,1.0,3,-115.83966725689365,M4,nan,M4,M5,3,247.04545454545456,-115.83966725689365,9.653305604741137,17.75,0.0,,new_candidate_started
threshold,favorable,1,480,8.0,8.0,2026-01-01T08:00:00Z,84.43227627903472,84.16538944887205,NORMAL,NORMAL,413.5115175656589,14.330127018922195,5.0,0.8184009505775675,369.0689732868851,152.79455494077047,137.51509944669343,1.0,3,-109.53035509876113,M4,nan,M4,M5,3,247.04545454545456,-109.53035509876113,9.127529591563427,17.75,0.0,,waiting_for_candidate_confirmation
threshold,favorable,1,485,8.083333333333334,8.083333333333334,2026-01-01T08:05:00Z,84.16538944887205,84.11041251984577,NORMAL,NORMAL,432.2118823790214,14.274559353364733,5.0,0.821546495698643,385.9396261171551,159.7790052125022,143.801104691252,1.0,3,-103.24434985420257,M4,nan,M4,M4,2,166.36363636363637,-22.56253167238438,1.8802109726986984,11.833333333333332,0.0,,candidate_confirmed_and_dwell_satisfied
threshold,favorable,1,490,8.166666666666666,8.166666666666666,2026-01-01T08:10:00Z,84.11041251984577,84.07068132475983,NORMAL,NORMAL,450.79950872647515,14.21695722906443,5.0,0.8245733013945685,402.7320287181185,166.73105988930106,150.05795390037096,1.0,3,-16.305682463265413,M4,nan,M4,M4,2,166.36363636363637,-16.305682463265413,1.3588068719387842,11.833333333333332,0.0,,requested_mode_matches_applied_mode
threshold,favorable,1,495,8.25,8.25,2026-01-01T08:15:00Z,84.07068132475983,84.04611091169701,NORMAL,NORMAL,469.2565761854894,14.157348061512725,5.0,0.8274963514905577,419.43086109140137,173.64437649184018,156.27993884265615,1.0,3,-10.083697520980223,M4,nan,M4,M4,2,166.36363636363637,-10.083697520980223,0.8403081267483519,11.833333333333332,0.0,,requested_mode_matches_applied_mode
threshold,favorable,1,500,8.333333333333334,8.333333333333334,2026-01-01T08:20:00Z,84.04611091169701,84.03660273677663,NORMAL,NORMAL,487.5657239010053,14.095760221444959,5.0,0.8302841729050016,436.02115237872675,180.5127570847929,162.4614813763136,1.0,3,-3.902154987322774,M4,nan,M4,M4,2,166.36363636363637,-3.902154987322774,0.3251795822768978,11.833333333333332,0.0,,requested_mode_matches_applied_mode
threshold,favorable,1,505,8.416666666666666,8.416666666666666,2026-01-01T08:25:00Z,84.03660273677663,84.04125583710604,NORMAL,NORMAL,505.7100259098641,14.032223021337414,5.0,0.8312889720456396,452.4882569021626,187.33013835749531,168.5971245217458,1.0,3,2.2334881581094237,M4,nan,M4,M4,2,166.36363636363637,2.2334881581094237,0.0,11.833333333333332,0.0,,requested_mode_matches_applied_mode
threshold,favorable,1,510,8.5,8.5,2026-01-01T08:30:00Z,84.04125583710604,84.05858477196517,NORMAL,NORMAL,523.6729709998182,13.966766701456176,5.0,0.8285803351923109,468.81783439622154,194.09058344003572,174.68152509603215,1.0,3,8.317888732395772,M4,nan,M4,M4,2,166.36363636363637,8.317888732395772,0.0,11.833333333333332,0.0,,requested_mode_matches_applied_mode
threshold,favorable,1,515,8.583333333333334,8.583333333333334,2026-01-01T08:35:00Z,84.05858477196517,84.08847187882948,NORMAL,NORMAL,541.4384463412449,13.899422415464409,5.0,0.8258185637270934,484.995833758722,200.78827517611091,180.70944765849984,1.0,3,14.345811294863466,M4,nan,M4,M4,2,166.36363636363637,14.345811294863466,0.0,11.833333333333332,0.0,,requested_mode_matches_applied_mode
threshold,favorable,1,520,8.666666666666666,8.666666666666666,2026-01-01T08:40:00Z,84.08847187882948,84.13078880216335,NORMAL,NORMAL,558.9907242729151,13.830222215594892,5.0,0.8229857485331672,501.0084797742845,207.41751062655382,186.67575956389845,1.0,3,20.31212320026208,M4,nan,M4,M4,2,166.36363636363637,20.31212320026208,0.0,11.833333333333332,0.0,,requested_mode_matches_applied_mode
threshold,favorable,1,525,8.75,8.75,2026-01-01T08:45:00Z,84.13078880216335,84.1853966992325,NORMAL,NORMAL,576.3144517357053,13.759199037394886,5.0,0.820125500701538,516.8422623640153,213.97269661870232,192.57542695683208,1.0,3,26.2117905931957,M4,nan,M4,M4,2,166.36363636363637,26.2117905931957,0.0,11.833333333333332,0.0,,requested_mode_matches_applied_mode
threshold,favorable,1,530,8.833333333333334,8.833333333333334,2026-01-01T08:50:00Z,84.1853966992325,84.25214643924679,NORMAL,NORMAL,593.3946419372817,13.686386684050621,5.0,0.8172185555909253,532.4839279938011,220.44834618943364,198.40351157049028,1.0,3,32.03987520685391,M4,nan,M4,M4,2,166.36363636363637,32.03987520685391,0.0,11.833333333333332,0.0,,requested_mode_matches_applied_mode
threshold,favorable,1,535,8.916666666666666,8.916666666666666,2026-01-01T08:55:00Z,84.25214643924679,84.33087879727287,NORMAL,NORMAL,610.2166679019552,13.611819810298778,5.0,0.8142906705672339,547.9204729365376,226.8390757957266,204.15516821615392,1.0,3,37.79153185251755,M4,nan,M4,M4,2,166.36363636363637,37.79153185251755,0.0,11.833333333333332,0.0,,requested_mode_matches_applied_mode
threshold,favorable,1,540,9.0,9.0,2026-01-01T09:00:00Z,84.33087879727287,84.42142464415855,NORMAL,NORMAL,626.7662576171249,13.535533905932738,5.0,0.8113588998863571,563.1391381340911,233.13960318751373,209.82564286876237,1.0,3,43.462006505126,M4,nan,M4,M4,2,166.36363636363637,43.462006505126,0.0,11.833333333333332,0.0,,requested_mode_matches_applied_mode
threshold,favorable,1,545,9.083333333333334,9.083333333333334,2026-01-01T09:05:00Z,84.42142464415855,84.52360513354479,NORMAL,NORMAL,643.0294905340588,13.457565278911346,5.0,0.8083919969153075,578.1274054456048,239.3447458544804,215.41027126903236,1.0,3,49.04663490539599,M4,nan,M4,M4,2,166.36363636363637,49.04663490539599,0.0,11.833333333333332,0.0,,requested_mode_matches_applied_mode
threshold,favorable,1,550,9.166666666666666,9.166666666666666,2026-01-01T09:10:00Z,84.52360513354479,84.63723188690173,NORMAL,NORMAL,658.9927952185128,13.3779510380783,5.0,0.8054631642354486,592.8729951019156,245.44941997219308,220.9044779749738,1.0,3,54.54084161133741,M4,nan,M4,M4,2,166.36363636363637,54.54084161133741,0.0,11.833333333333332,0.0,,requested_mode_matches_applied_mode
threshold,favorable,1,555,9.25,9.25,2026-01-01T09:15:00Z,84.63723188690173,84.76210717740614,NORMAL,NORMAL,674.6429479776286,13.296729075500345,5.0,0.8025408445173632,607.3638642129631,251.4486397841667,226.30377580575004,1.0,3,59.94013944211366,M4,nan,M4,M4,2,166.36363636363637,59.94013944211366,0.0,11.833333333333332,0.0,,requested_mode_matches_applied_mode
threshold,favorable,1,560,9.333333333333334,9.333333333333334,2026-01-01T09:20:00Z,84.76210717740614,84.89802411337594,NORMAL,NORMAL,689.9670723150822,13.213938048432695,5.0,0.7996066891435106,621.5882061973574,257.337517365706,231.6037656291354,1.0,3,65.24012926549904,M4,nan,M4,M4,2,166.36363636363637,65.24012926549904,0.0,11.833333333333332,0.0,,requested_mode_matches_applied_mode
threshold,favorable,1,565,9.416666666666666,9.416666666666666,2026-01-01T09:25:00Z,84.89802411337594,85.04476682189058,NORMAL,NORMAL,704.9526390875933,13.129617360920296,5.0,0.796701199346175,635.5344510216604,263.1112627229674,236.80013645067066,1.0,3,70.43650008703429,M4,nan,M4,M4,2,166.36363636363637,70.43650008703429,0.0,11.833333333333332,0.0,,requested_mode_matches_applied_mode
threshold,favorable,1,570,9.5,9.5,2026-01-01T09:30:00Z,85.04476682189058,85.20211063315033,NORMAL,NORMAL,719.5874672535556,13.043807145043605,5.0,0.7985380161458271,649.1912661522124,268.7651841870159,241.88866576831433,1.0,3,75.52502940467795,M5,nan,M5,M4,2,166.36363636363637,75.52502940467795,0.0,11.833333333333332,0.0,,new_candidate_started
threshold,favorable,1,575,9.583333333333334,9.583333333333334,2026-01-01T09:35:00Z,85.20211063315033,85.36982226606176,NORMAL,NORMAL,733.8597251193016,12.956548241817911,5.0,0.8026229553525116,662.5475581350356,274.2946890679048,246.86522016111434,1.0,3,80.50158379747796,M5,nan,M5,M4,2,166.36363636363637,80.50158379747796,0.0,11.833333333333332,0.0,,waiting_for_candidate_confirmation
threshold,favorable,1,580,9.666666666666666,9.666666666666666,2026-01-01T09:40:00Z,85.36982226606176,85.37957289426788,NORMAL,NORMAL,747.7579320009604,12.867882181755231,5.0,0.8065039983844308,675.5924747300007,279.69528453822033,251.7257560843983,1.0,3,85.36211972076194,M5,nan,M5,M5,3,247.04545454545456,4.680301538943752,0.0,17.75,0.0,,candidate_confirmed_and_dwell_satisfied
threshold,favorable,1,585,9.75,9.75,2026-01-01T09:45:00Z,85.37957289426788,85.3991996990634,NORMAL,NORMAL,761.2709602303687,12.777851165098014,5.0,0.8102013387160968,688.315407534357,284.9625787192238,256.46632084730146,1.0,3,9.4208663018469,M5,nan,M5,M5,3,247.04545454545456,9.4208663018469,0.0,17.75,0.0,,requested_mode_matches_applied_mode
threshold,favorable,1,590,9.833333333333334,9.833333333333334,2026-01-01T09:50:00Z,85.3991996990634,85.42844469740882,NORMAL,NORMAL,774.3880374424308,12.686498041734119,5.0,0.8137351216955525,700.7059950382629,290.09228194584085,261.0830537512568,1.0,3,14.037599205802223,M5,nan,M5,M5,3,247.04545454545456,14.037599205802223,0.0,17.75,0.0,,requested_mode_matches_applied_mode
threshold,favorable,1,595,9.916666666666666,9.916666666666666,2026-01-01T09:55:00Z,85.42844469740882,85.46704205746089,NORMAL,NORMAL,787.0987490889426,12.593866290802609,5.0,0.8170499171454355,712.7541260613116,295.08020818938303,265.57218737044474,1.0,3,18.526732824990177,M5,nan,M5,M5,3,247.04545454545456,18.526732824990177,0.0,17.75,0.0,,requested_mode_matches_applied_mode
threshold,favorable,1,600,10.0,10.0,2026-01-01T10:00:00Z,85.46704205746089,85.5147182958187,NORMAL,NORMAL,799.393041130417,12.5,5.0,0.8201926472143448,724.4499435244404,299.92227661911835,269.9300489572065,0.95,3,22.884594411751948,M5,nan,M5,M5,3,247.04545454545456,22.884594411751948,0.0,17.75,0.0,,requested_mode_matches_applied_mode
threshold,favorable,1,605,10.083333333333334,10.083333333333334,2026-01-01T10:05:00Z,85.5147182958187,85.57119247792637,NORMAL,NORMAL,811.2612228630773,12.404943844596938,5.0,0.8231325813755865,735.7838485162109,304.6145132857113,274.1530619571402,0.95,3,27.10760741168565,M5,nan,M5,M5,3,247.04545454545456,27.10760741168565,0.0,17.75,0.0,,requested_mode_matches_applied_mode
threshold,favorable,1,610,10.166666666666666,10.166666666666666,2026-01-01T10:10:00Z,85.57119247792637,85.63617642183179,NORMAL,NORMAL,822.6939698430232,12.30874306617517,5.0,0.8258943141774252,746.7465046163525,309.15305291116994,278.23774762005297,0.95,3,31.19229307459841,M5,nan,M5,M5,3,247.04545454545456,31.19229307459841,0.0,17.75,0.0,,requested_mode_matches_applied_mode
threshold,favorable,1,615,10.25,10.25,2026-01-01T10:15:00Z,85.63617642183179,85.70937490547502,NORMAL,NORMAL,833.682326873807,12.211443451095008,5.0,0.8284575353413904,757.328842442831,313.53414077133203,282.1807266941988,0.95,3,35.135272148744264,M5,nan,M5,M5,3,247.04545454545456,35.135272148744264,0.0,17.75,0.0,,requested_mode_matches_applied_mode
threshold,favorable,1,620,10.333333333333334,10.333333333333334,2026-01-01T10:20:00Z,85.70937490547502,85.79048587765593,NORMAL,NORMAL,844.2177110273034,12.113091308703497,5.0,0.8308489579599062,767.5220643915654,317.7541346581081,285.9787211922973,0.95,3,38.93326664684275,M5,nan,M5,M5,3,247.04545454545456,38.93326664684275,0.0,17.75,0.0,,requested_mode_matches_applied_mode
threshold,favorable,1,625,10.416666666666666,10.416666666666666,2026-01-01T10:25:00Z,85.79048587765593,85.87920067280865,NORMAL,NORMAL,854.2919146709914,12.013733449293687,5.0,0.8321212121212123,777.3176495404111,321.80950690973026,289.62855621875724,0.95,3,42.58310167330268,M5,nan,M5,M5,3,247.04545454545456,42.58310167330268,0.0,17.75,0.0,,requested_mode_matches_applied_mode
threshold,favorable,1,630,10.5,10.5,2026-01-01T10:30:00Z,85.87920067280865,85.97520422968964,NORMAL,NORMAL,863.8971084775652,11.91341716182545,5.0,0.8321212121212123,786.7073586911552,325.6968464981382,293.12716184832436,0.95,3,46.0817073028698,M5,nan,M5,M5,3,247.04545454545456,46.0817073028698,0.0,17.75,0.0,,requested_mode_matches_applied_mode
threshold,favorable,1,635,10.583333333333334,10.583333333333334,2026-01-01T10:35:00Z,85.97520422968964,86.07817531406799,NORMAL,NORMAL,873.0258443952956,11.812190191418507,5.0,0.8321212121212123,795.6832395251383,329.4128611634073,296.47157504706655,0.95,3,49.42612050161199,M5,nan,M5,M5,3,247.04545454545456,49.42612050161199,0.0,17.75,0.0,,requested_mode_matches_applied_mode
threshold,favorable,1,640,10.666666666666666,10.666666666666666,2026-01-01T10:40:00Z,86.07817531406799,86.18778674548831,NORMAL,NORMAL,881.6710585597592,11.710100716628345,5.0,0.8321212121212123,804.2376318497259,332.9543795857865,299.65894162720787,0.95,3,52.613487081753306,M5,nan,M5,M5,3,247.04545454545456,52.613487081753306,0.0,17.75,0.0,,requested_mode_matches_applied_mode
threshold,favorable,1,645,10.75,10.75,2026-01-01T10:45:00Z,86.18778674548831,86.30370562815999,NORMAL,NORMAL,889.8260741295153,11.60719732651581,5.0,0.8321212121212123,812.363172914264,336.31835358650534,302.68651822785483,0.95,3,55.64106368240027,M5,nan,M5,M5,3,247.04545454545456,55.64106368240027,0.0,17.75,0.0,,requested_mode_matches_applied_mode
threshold,favorable,1,650,10.833333333333334,10.833333333333334,2026-01-01T10:50:00Z,86.30370562815999,86.42559358601136,NORMAL,NORMAL,897.4846040300675,11.503528997521366,5.0,0.8321212121212123,820.052802775401,339.50186034901606,305.55167431411445,0.95,3,58.50621976865989,M5,nan,M5,M5,3,247.04545454545456,58.50621976865989,0.0,17.75,0.0,,requested_mode_matches_applied_mode
threshold,favorable,1,655,10.916666666666666,10.916666666666666,2026-01-01T10:55:00Z,86.42559358601136,86.55310700193232,NORMAL,NORMAL,904.6407535920156,11.399145070154963,5.0,0.8321212121212123,827.2997696927429,342.5021046527956,308.25189418751603,0.95,3,61.20643964206147,M5,nan,M5,M5,3,247.04545454545456,61.20643964206147,0.0,17.75,0.0,,requested_mode_matches_applied_mode
threshold,favorable,1,660,11.0,11.0,2026-01-01T11:00:00Z,86.55310700193232,86.68589726121472,NORMAL,NORMAL,911.2890230707287,11.294095225512605,5.0,0.8321212121212123,834.09763553679,345.31642111223107,310.78477900100796,0.95,3,63.7393244555534,M5,nan,M5,M5,3,247.04545454545456,63.7393244555534,0.0,17.75,0.0,,requested_mode_matches_applied_mode
threshold,favorable,1,665,11.083333333333334,11.083333333333334,2026-01-01T11:05:00Z,86.68589726121472,86.82361099918694,NORMAL,NORMAL,917.4243100361533,11.188429461630864,5.0,0.8321212121212123,840.4402811919667,347.9422764134743,313.14804877212686,0.95,3,66.1025942266723,M5,nan,M5,M5,3,247.04545454545456,66.1025942266723,0.0,17.75,0.0,,requested_mode_matches_applied_mode
threshold,favorable,1,670,11.166666666666666,11.166666666666666,2026-01-01T11:10:00Z,86.82361099918694,86.96589035302605,NORMAL,NORMAL,923.0419116225485,11.082198069690516,5.0,0.8321212121212123,846.3219119383471,350.3772715424757,315.33954438822815,0.95,3,68.29408984277359,M5,nan,M5,M5,3,247.04545454545456,68.29408984277359,0.0,17.75,0.0,,requested_mode_matches_applied_mode
threshold,favorable,1,675,11.25,11.25,2026-01-01T11:15:00Z,86.96589035302605,87.11237321771873,NORMAL,NORMAL,928.1375266290065,10.975451610080642,5.0,0.8321212121212123,851.7370627963821,352.6191439977022,317.357229597932,0.95,3,70.31177505247746,M5,nan,M5,M5,3,247.04545454545456,70.31177505247746,0.0,17.75,0.0,,requested_mode_matches_applied_mode
threshold,favorable,1,680,11.333333333333334,11.333333333333334,2026-01-01T11:20:00Z,87.11237321771873,87.26269350613066,NORMAL,NORMAL,932.7072574626172,10.868240888334652,5.0,0.8321212121212123,856.6806038196046,354.6657699813163,319.1991929831847,0.95,3,72.15373843773011,M5,nan,M5,M5,3,247.04545454545456,72.15373843773011,0.0,17.75,0.0,,requested_mode_matches_applied_mode
threshold,favorable,1,685,11.416666666666666,11.416666666666666,2026-01-01T11:25:00Z,87.26269350613066,87.41648141313296,NORMAL,NORMAL,936.7476119170401,10.760616930949585,5.0,0.8321212121212123,861.1477453208819,356.51516656284514,320.8636499065606,0.95,3,73.81819536110606,M5,nan,M5,M5,3,247.04545454545456,73.81819536110606,0.0,17.75,0.0,,requested_mode_matches_applied_mode
threshold,favorable,1,690,11.5,11.5,2026-01-01T11:30:00Z,87.41648141313296,87.57336368372293,NORMAL,NORMAL,940.2555047801078,10.65263096110026,5.0,0.8321212121212123,865.1340430183664,358.1654938096037,322.34894442864334,0.95,3,75.30348988318877,M5,nan,M5,M5,3,247.04545454545456,75.30348988318877,0.0,17.75,0.0,,requested_mode_matches_applied_mode
threshold,favorable,1,695,11.583333333333334,11.583333333333334,2026-01-01T11:35:00Z,87.57336368372293,87.73296388506684,NORMAL,NORMAL,943.2282592648833,10.544334374259822,5.0,0.8321212121212123,868.6354030878335,359.6150568783631,323.6535511905268,0.95,3,76.60809664507224,M5,nan,M5,M5,3,247.04545454545456,76.60809664507224,0.0,17.75,0.0,,requested_mode_matches_applied_mode
threshold,favorable,1,700,11.666666666666666,11.666666666666666,2026-01-01T11:40:00Z,87.73296388506684,87.89490268238188,NORMAL,NORMAL,945.663608259343,10.43577871373829,5.0,0.8321212121212123,871.6480871086195,360.8623080629685,324.77607725667167,0.95,3,77.73062271121711,M5,nan,M5,M5,3,247.04545454545456,77.73062271121711,0.0,17.75,0.0,,requested_mode_matches_applied_mode
threshold,favorable,1,705,11.75,11.75,2026-01-01T11:45:00Z,87.89490268238188,88.0587981185654,NORMAL,NORMAL,947.5596953905817,10.327015646150716,5.0,0.8321212121212123,874.1687168908791,361.905848792824,325.7152639135416,0.95,3,78.66980936808704,M5,nan,M5,M5,3,247.04545454545456,78.66980936808704,0.0,17.75,0.0,,requested_mode_matches_applied_mode
threshold,favorable,1,710,11.833333333333334,11.833333333333334,2026-01-01T11:50:00Z,88.0587981185654,88.22426589746992,NORMAL,NORMAL,948.915075900106,10.218096936826678,5.0,0.8321212121212123,876.1942791723794,362.7444315773651,326.4699884196286,0.95,3,79.42453387417402,M5,nan,M5,M5,3,247.04545454545456,79.42453387417402,0.0,17.75,0.0,,requested_mode_matches_applied_mode
threshold,favorable,1,715,11.916666666666666,11.916666666666666,2026-01-01T11:55:00Z,88.22426589746992,88.3909196707141,NORMAL,NORMAL,949.7287173274527,10.109074425172807,5.0,0.8321212121212123,877.7221301735493,363.3769618918494,327.03926570266447,0.95,3,79.9938111572099,M5,nan,M5,M5,3,247.04545454545456,79.9938111572099,0.0,17.75,0.0,,requested_mode_matches_applied_mode
threshold,favorable,1,720,12.0,12.0,2026-01-01T12:00:00Z,88.3909196707141,88.55837132791108,NORMAL,NORMAL,950.0,10.0,5.0,0.8321212121212123,878.75,363.8025,327.42225,0.95,3,80.37679545454546,M5,nan,M5,M5,3,247.04545454545456,80.37679545454546,0.0,17.75,0.0,,requested_mode_matches_applied_mode
threshold,favorable,1,725,12.083333333333334,12.083333333333334,2026-01-01T12:05:00Z,88.55837132791108,88.72623129018788,NORMAL,NORMAL,949.7287173274527,9.890925574827195,5.0,0.8321212121212123,879.2759968822382,364.02026270924665,327.618236438322,0.95,3,80.57278189286745,M5,nan,M5,M5,3,247.04545454545456,80.57278189286745,0.0,17.75,0.0,,requested_mode_matches_applied_mode
threshold,favorable,1,730,12.166666666666666,12.166666666666666,2026-01-01T12:10:00Z,88.72623129018788,88.89410880686208,NORMAL,NORMAL,948.915075900106,9.781903063173322,5.0,0.8321212121212123,879.2986112428166,364.0296250545261,327.6266625490735,0.95,3,80.58120800361894,M5,nan,M5,M5,3,247.04545454545456,80.58120800361894,0.0,17.75,0.0,,requested_mode_matches_applied_mode
threshold,favorable,1,735,12.25,12.25,2026-01-01T12:15:00Z,88.89410880686208,89.06161225513434,NORMAL,NORMAL,947.5596953905817,9.672984353849285,5.0,0.8321212121212123,878.816719581697,363.83012190682257,327.44710971614035,0.95,3,80.40165517068579,M5,nan,M5,M5,3,247.04545454545456,80.40165517068579,0.0,17.75,0.0,,requested_mode_matches_applied_mode
threshold,favorable,1,740,12.333333333333334,12.333333333333334,2026-01-01T12:20:00Z,89.06161225513434,89.22834944264918,NORMAL,NORMAL,945.663608259343,9.564221286261711,5.0,0.8321212121212123,877.829588171165,363.4214495028624,327.07930455257616,0.95,3,80.0338500071216,M5,nan,M5,M5,3,247.04545454545456,80.0338500071216,0.0,17.75,0.0,,requested_mode_matches_applied_mode
threshold,favorable,1,745,12.416666666666666,12.416666666666666,2026-01-01T12:25:00Z,89.22834944264918,89.39392791276978,NORMAL,NORMAL,943.2282592648833,9.455665625740178,5.0,0.8321212121212123,876.3368765522005,362.803466892611,326.52312020334995,0.95,3,79.47766565789539,M5,nan,M5,M5,3,247.04545454545456,79.47766565789539,0.0,17.75,0.0,,requested_mode_matches_applied_mode
threshold,favorable,1,750,12.5,12.5,2026-01-01T12:30:00Z,89.39392791276978,89.55795525240704,NORMAL,NORMAL,940.2555047801079,9.34736903889974,5.0,0.8321212121212123,874.3386408248332,361.9761973014809,325.77857757133285,0.95,3,78.73312302587829,M5,nan,M5,M5,3,247.04545454545456,78.73312302587829,0.0,17.75,0.0,,requested_mode_matches_applied_mode
threshold,favorable,1,755,12.583333333333334,12.583333333333334,2026-01-01T12:35:00Z,89.55795525240704,89.72003940223729,NORMAL,NORMAL,936.7476119170401,9.239383069050415,5.0,0.8321212121212123,871.8353367256423,360.93982940441595,324.84584646397434,0.95,3,77.80039191851978,M5,nan,M5,M5,3,247.04545454545456,77.80039191851978,0.0,17.75,0.0,,requested_mode_matches_applied_mode
threshold,favorable,1,760,12.666666666666666,12.666666666666666,2026-01-01T12:40:00Z,89.72003940223729,89.87978896913921,NORMAL,NORMAL,932.7072574626172,9.13175911166535,5.0,0.8321212121212123,868.8278224862373,359.6947185093023,323.72524665837204,0.95,3,76.67979211291748,M5,nan,M5,M5,3,247.04545454545456,76.67979211291748,0.0,17.75,0.0,,requested_mode_matches_applied_mode
threshold,favorable,1,765,12.75,12.75,2026-01-01T12:45:00Z,89.87978896913921,90.03681354067514,NORMAL,NORMAL,928.1375266290065,9.02454838991936,5.0,0.8321212121212123,865.31736146728,358.2413876474539,322.4172488827085,0.95,3,75.37179433725396,M5,nan,M5,M5,3,247.04545454545456,75.37179433725396,0.0,17.75,0.0,,requested_mode_matches_applied_mode
threshold,favorable,1,770,12.833333333333334,12.833333333333334,2026-01-01T12:50:00Z,90.03681354067514,90.19072400143943,NORMAL,NORMAL,923.0419116225485,8.917801930309485,5.0,0.8321212121212123,861.3056245633676,356.5805285692342,320.9224757123108,0.95,3,73.87702116685625,M5,nan,M5,M5,3,247.04545454545456,73.87702116685625,0.0,17.75,0.0,,requested_mode_matches_applied_mode
threshold,favorable,1,775,12.916666666666666,12.916666666666666,2026-01-01T12:55:00Z,90.19072400143943,90.34113285109244,NORMAL,NORMAL,917.4243100361533,8.811570538369136,5.0,0.8321212121212123,856.7946923749168,354.71300264321565,319.2417023788941,0.95,3,72.19624783343954,M5,nan,M5,M5,3,247.04545454545456,72.19624783343954,0.0,17.75,0.0,,requested_mode_matches_applied_mode
threshold,favorable,1,780,13.0,13.0,2026-01-01T13:00:00Z,90.34113285109244,90.48765452389748,NORMAL,NORMAL,911.2890230707287,8.705904774487395,5.0,0.8321212121212123,851.7870571440582,352.6398416576401,317.3758574918761,1.0,3,70.33040294642154,M5,nan,M5,M5,3,247.04545454545456,70.33040294642154,0.0,17.75,0.0,,requested_mode_matches_applied_mode
threshold,favorable,1,785,13.083333333333334,13.083333333333334,2026-01-01T13:05:00Z,90.48765452389748,90.62990570957568,NORMAL,NORMAL,904.6407535920156,8.600854929845038,5.0,0.8321212121212123,846.285624452486,350.36224852332924,315.32602367099634,1.0,3,68.28056912554177,M5,nan,M5,M5,3,247.04545454545456,68.28056912554177,0.0,17.75,0.0,,requested_mode_matches_applied_mode
threshold,favorable,1,790,13.166666666666666,13.166666666666666,2026-01-01T13:10:00Z,90.62990570957568,90.76750567529318,NORMAL,NORMAL,897.4846040300675,8.496471002478636,5.0,0.8321212121212123,840.2937146802238,347.88159787761265,313.0934380898514,1.0,3,66.04798354439686,M5,nan,M5,M5,3,247.04545454545456,66.04798354439686,0.0,17.75,0.0,,requested_mode_matches_applied_mode
threshold,favorable,1,795,13.25,13.25,2026-01-01T13:15:00Z,90.76750567529318,90.90007658859507,NORMAL,NORMAL,889.8260741295154,8.392802673484193,5.0,0.8321212121212123,833.8150642253394,345.19943658929054,310.6794929303615,1.0,3,63.634038384906944,M5,nan,M5,M5,3,247.04545454545456,63.634038384906944,0.0,17.75,0.0,,requested_mode_matches_applied_mode
threshold,favorable,1,800,13.333333333333334,13.333333333333334,2026-01-01T13:20:00Z,90.90007658859507,91.02724384110165,NORMAL,NORMAL,881.6710585597593,8.289899283371657,5.0,0.8321212121212123,826.8538264858288,342.3174841651331,308.0857357486198,1.0,3,61.04028120316525,M5,nan,M5,M5,3,247.04545454545456,61.04028120316525,0.0,17.75,0.0,,requested_mode_matches_applied_mode
threshold,favorable,1,805,13.416666666666666,13.416666666666666,2026-01-01T13:25:00Z,91.02724384110165,91.14863637278415,NORMAL,NORMAL,873.0258443952957,8.187809808581495,5.0,0.8321212121212123,819.4145726061586,339.23763305894965,305.3138697530547,1.0,3,58.26841520760013,M5,nan,M5,M5,3,247.04545454545456,58.26841520760013,0.0,17.75,0.0,,requested_mode_matches_applied_mode
threshold,favorable,1,810,13.5,13.5,2026-01-01T13:30:00Z,91.14863637278415,91.26388699664018,NORMAL,NORMAL,863.8971084775652,8.086582838174552,5.0,0.8321212121212123,811.5022919923405,335.9619488848289,302.36575399634603,1.0,3,55.32029945089147,M5,nan,M5,M5,3,247.04545454545456,55.32029945089147,0.0,17.75,0.0,,requested_mode_matches_applied_mode
threshold,favorable,1,815,13.583333333333334,13.583333333333334,2026-01-01T13:35:00Z,91.26388699664018,91.37263272359363,NORMAL,NORMAL,854.2919146709916,7.986266550706315,5.0,0.8321212121212123,803.1223926009231,332.49267053678216,299.243403483104,1.0,3,52.197948937649414,M5,nan,M5,M5,3,247.04545454545456,52.197948937649414,0.0,17.75,0.0,,requested_mode_matches_applied_mode
threshold,favorable,1,820,13.666666666666666,13.666666666666666,2026-01-01T13:40:00Z,91.37263272359363,91.47451508744878,NORMAL,NORMAL,844.2177110273035,7.886908691296504,5.0,0.8308489579599062,794.2807010089459,328.8322102177036,295.9489891959333,1.0,3,48.90353465047872,M5,nan,M5,M5,3,247.04545454545456,48.90353465047872,0.0,17.75,0.0,,requested_mode_matches_applied_mode
threshold,favorable,1,825,13.75,13.75,2026-01-01T13:45:00Z,91.47451508744878,91.56918046973571,NORMAL,NORMAL,833.682326873807,7.788556548904992,5.0,0.8284575353413904,784.983462273712,324.98315338131675,292.4848380431851,1.0,3,45.439383497730546,M5,nan,M5,M5,3,247.04545454545456,45.439383497730546,0.0,17.75,0.0,,requested_mode_matches_applied_mode
threshold,favorable,1,830,13.833333333333334,13.833333333333334,2026-01-01T13:50:00Z,91.56918046973571,91.65628042429194,NORMAL,NORMAL,822.6939698430234,7.691256933824829,5.0,0.8258943141774245,775.2373395932407,320.94825859160164,288.8534327324415,1.0,3,41.80797818698693,M5,nan,M5,M5,3,247.04545454545456,41.80797818698693,0.0,17.75,0.0,,requested_mode_matches_applied_mode
threshold,favorable,1,835,13.916666666666666,13.916666666666666,2026-01-01T13:55:00Z,91.65628042429194,91.73547200143601,NORMAL,NORMAL,811.2612228630773,7.5950561554030624,5.0,0.8231325813755865,765.049413780482,316.73045730511956,285.0574115746076,1.0,3,38.01195702915305,M5,nan,M5,M5,3,247.04545454545456,38.01195702915305,0.0,17.75,0.0,,requested_mode_matches_applied_mode
threshold,favorable,1,840,14.0,14.0,2026-01-01T14:00:00Z,91.73547200143601,91.80641807160048,NORMAL,NORMAL,799.3930411304173,7.500000000000002,5.0,0.8201926472143455,754.4271825668312,312.3328535826681,281.0995682244013,1.0,3,34.05411367894675,M5,nan,M5,M5,3,247.04545454545456,34.05411367894675,0.0,17.75,0.0,,requested_mode_matches_applied_mode
threshold,favorable,1,845,14.083333333333334,14.083333333333334,2026-01-01T14:05:00Z,91.80641807160048,91.8687876483059,NORMAL,NORMAL,787.0987490889424,7.406133709197392,5.0,0.8170499171454355,743.378559753232,307.75872373783807,276.9828513640543,1.0,3,29.937396818599723,M5,nan,M5,M5,3,247.04545454545456,29.937396818599723,0.0,17.75,0.0,,requested_mode_matches_applied_mode
threshold,favorable,1,850,14.166666666666666,14.166666666666666,2026-01-01T14:10:00Z,91.8687876483059,91.92225621037409,NORMAL,NORMAL,774.3880374424308,7.313501958265882,5.0,0.8137351216955525,731.9118742302342,303.011515931317,272.7103643381853,1.0,3,25.664909792730725,M5,nan,M5,M5,3,247.04545454545456,25.664909792730725,0.0,17.75,0.0,,requested_mode_matches_applied_mode
threshold,favorable,1,855,14.25,14.25,2026-01-01T14:15:00Z,91.92225621037409,91.96650602329832,NORMAL,NORMAL,761.2709602303689,7.22214883490199,5.0,0.8102013387160977,720.0358688918253,298.09484972121567,268.28536474909413,1.0,3,21.239910203639567,M5,nan,M5,M5,3,247.04545454545456,21.239910203639567,0.0,17.75,0.0,,requested_mode_matches_applied_mode
threshold,favorable,1,860,14.333333333333334,14.333333333333334,2026-01-01T14:20:00Z,91.96650602329832,92.00122645971025,NORMAL,NORMAL,747.7579320009607,7.132117818244771,5.0,0.8065039983844303,707.7596994717765,293.0125155813154,263.7112640231839,1.0,3,16.66580947772934,M5,nan,M5,M5,3,247.04545454545456,16.66580947772934,0.0,17.75,0.0,,requested_mode_matches_applied_mode
threshold,favorable,1,865,14.416666666666666,14.416666666666666,2026-01-01T14:25:00Z,92.00122645971025,92.02611431890905,NORMAL,NORMAL,733.8597251193017,7.043451758182089,5.0,0.802622955352511,695.0929333356725,287.7684744009684,258.99162696087154,1.0,3,11.946172415416981,M5,nan,M5,M5,3,247.04545454545456,11.946172415416981,0.0,17.75,0.0,,requested_mode_matches_applied_mode
threshold,favorable,1,870,14.5,14.5,2026-01-01T14:30:00Z,92.02611431890905,92.04087414544816,NORMAL,NORMAL,719.5874672535556,6.956192854956397,5.0,0.7985380161458271,682.0455482668655,282.3668569824823,254.13017128423408,1.0,3,7.08471673877952,M5,nan,M5,M5,3,247.04545454545456,7.08471673877952,0.0,17.75,0.0,,requested_mode_matches_applied_mode
threshold,favorable,1,875,14.583333333333334,14.583333333333334,2026-01-01T14:35:00Z,92.04087414544816,92.04521854680931,NORMAL,NORMAL,704.9526390875933,6.870382639079704,5.0,0.796701199346175,668.6279312903872,276.81196355422037,249.13076719879834,1.0,3,2.0853126533437774,M5,nan,M5,M5,3,247.04545454545456,2.0853126533437774,0.0,17.75,0.0,,requested_mode_matches_applied_mode
threshold,favorable,1,880,14.666666666666666,14.666666666666666,2026-01-01T14:40:00Z,92.04521854680931,92.03779160344409,NORMAL,NORMAL,689.9670723150822,6.786061951567305,5.0,0.7996066891435106,654.8508775855447,271.1082633204156,243.99743698837403,1.0,3,-3.0480175570805272,M5,nan,M5,M5,3,247.04545454545456,-3.0480175570805272,0.2540014630900439,17.75,0.0,,requested_mode_matches_applied_mode
threshold,favorable,1,885,14.75,14.75,2026-01-01T14:45:00Z,92.03779160344409,92.0175403854111,NORMAL,NORMAL,674.6429479776288,6.703270924499655,5.0,0.8025408445173625,640.72558954565,265.2603940718991,238.7343546647092,1.0,3,-8.31109988074536,M5,nan,M5,M5,3,247.04545454545456,-8.31109988074536,0.69259165672878,17.75,0.0,,requested_mode_matches_applied_mode
threshold,favorable,1,890,14.833333333333334,14.833333333333334,2026-01-01T14:50:00Z,92.0175403854111,91.98415927223284,NORMAL,NORMAL,658.9927952185128,6.622048961921699,5.0,0.8054631642354486,626.263676052333,259.2731618856659,233.34584569709932,1.0,3,-13.69960884835524,M5,nan,M5,M5,3,247.04545454545456,-13.69960884835524,1.14163407069627,17.75,0.0,,requested_mode_matches_applied_mode
threshold,favorable,1,895,14.916666666666666,14.916666666666666,2026-01-01T14:55:00Z,91.98415927223284,91.93735355172979,NORMAL,NORMAL,643.0294905340589,6.5424347210886555,5.0,0.8083919969153075,611.4771520424041,253.15154094555527,227.83638685099976,1.0,3,-19.209067694454802,M5,nan,M5,M5,3,247.04545454545456,-19.209067694454802,1.6007556412045667,17.75,0.0,,requested_mode_matches_applied_mode
threshold,favorable,1,900,15.0,15.0,2026-01-01T15:00:00Z,91.93735355172979,91.87683978863,NORMAL,NORMAL,626.7662576171249,6.464466094067264,5.0,0.8113588998863571,596.3784384575899,246.90067352144226,222.21060616929805,1.0,3,-24.834848376156515,M5,nan,M5,M5,3,247.04545454545456,-24.834848376156515,2.0695706980130426,17.75,0.0,,requested_mode_matches_applied_mode
threshold,favorable,1,905,15.083333333333334,15.083333333333334,2026-01-01T15:05:00Z,91.87683978863,91.80234619357611,NORMAL,NORMAL,610.2166679019552,6.388180189701221,5.0,0.8142906705672339,580.9803626820795,240.52587015038097,216.47328313534288,1.0,3,-30.57217141011168,M5,nan,M5,M5,3,247.04545454545456,-30.57217141011168,2.54768095084264,17.75,0.0,,requested_mode_matches_applied_mode
threshold,favorable,1,910,15.166666666666666,15.166666666666666,2026-01-01T15:10:00Z,91.80234619357611,91.71361299308353,NORMAL,NORMAL,593.3946419372819,6.313613315949381,5.0,0.8172185555909258,565.2961595901701,234.03261007033043,210.62934906329738,1.0,3,-36.41610548215718,M5,nan,M5,M5,3,247.04545454545456,-36.41610548215718,3.0346754568464314,17.75,0.0,,requested_mode_matches_applied_mode
threshold,favorable,1,915,15.25,15.25,2026-01-01T15:15:00Z,91.71361299308353,91.61039280113337,NORMAL,NORMAL,576.3144517357055,6.240800962605114,5.0,0.8201255007015377,549.3394733470398,227.4265419656745,204.68388776910703,1.0,3,-42.36156677634753,M5,nan,M5,M5,3,247.04545454545456,-42.36156677634753,3.5301305646956274,17.75,0.0,,requested_mode_matches_applied_mode
threshold,favorable,1,920,15.333333333333334,15.333333333333334,2026-01-01T15:20:00Z,91.61039280113337,91.4924509932367,NORMAL,NORMAL,558.9907242729154,6.1697777844051105,5.0,0.8229857485331671,533.1243601306087,220.713485094072,198.64213658466483,1.0,3,-48.403317960789735,M5,nan,M5,M5,3,247.04545454545456,-48.403317960789735,4.033609830065811,17.75,0.0,,requested_mode_matches_applied_mode
threshold,favorable,1,925,15.416666666666666,15.416666666666666,2026-01-01T15:25:00Z,91.4924509932367,91.35956608398604,NORMAL,NORMAL,541.438446341245,6.100577584535593,5.0,0.8258185637270934,516.6652919725813,213.89943087664867,192.5094877889838,1.0,3,-54.53596675647077,M5,nan,M5,M5,3,247.04545454545456,-54.53596675647077,4.544663896372564,17.75,0.0,,requested_mode_matches_applied_mode
threshold,favorable,1,930,15.5,15.5,2026-01-01T15:30:00Z,91.35956608398604,91.21153010932328,NORMAL,NORMAL,523.6729709998184,6.033233298543825,5.0,0.8285803351923104,499.9771619534423,206.99054504872515,186.29149054385263,1.0,3,-60.75396400160193,M5,nan,M5,M5,3,247.04545454545456,-60.75396400160193,5.062830333466827,17.75,0.0,,requested_mode_matches_applied_mode
threshold,favorable,1,935,15.583333333333334,15.583333333333334,2026-01-01T15:35:00Z,91.21153010932328,91.04814901500731,NORMAL,NORMAL,505.710025909864,5.967776978662586,5.0,0.8312889720456396,483.0752910310859,199.99317048686956,179.9938534381826,1.0,3,-67.05160110727195,M5,nan,M5,M5,3,247.04545454545456,-67.05160110727195,5.587633425605995,17.75,0.0,,requested_mode_matches_applied_mode
threshold,favorable,1,940,15.666666666666666,15.666666666666666,2026-01-01T15:40:00Z,91.04814901500731,90.8692430530688,NORMAL,NORMAL,487.5657239010052,5.904239778555042,5.0,0.8302841729050014,465.97543683813296,192.91383085098707,173.62244776588835,1.0,3,-73.42300677956621,M5,nan,M5,M5,3,247.04545454545456,-73.42300677956621,6.118583898297183,17.75,0.0,,requested_mode_matches_applied_mode
threshold,favorable,1,945,15.75,15.75,2026-01-01T15:45:00Z,90.8692430530688,90.67464718840581,NORMAL,NORMAL,469.2565761854894,5.842651938487274,5.0,0.8274963514905577,448.693804851754,185.75923520862617,167.18331168776356,1.0,3,-79.862142857691,M5,nan,M5,M5,3,247.04545454545456,-79.862142857691,6.6551785714742495,17.75,0.0,,requested_mode_matches_applied_mode
threshold,favorable,1,950,15.833333333333334,15.833333333333334,2026-01-01T15:50:00Z,90.67464718840581,90.4642115181193,NORMAL,NORMAL,450.7995087264755,5.7830427709355705,5.0,0.8245733013945693,431.24706242586086,178.53628384430638,160.68265545987575,1.0,3,-86.36279908557881,M5,nan,M5,M5,3,247.04545454545456,-86.36279908557881,7.1968999237982345,17.75,0.0,,requested_mode_matches_applied_mode
threshold,favorable,1,955,15.916666666666666,15.916666666666666,2026-01-01T15:55:00Z,90.4642115181193,90.23780170673035,NORMAL,NORMAL,432.2118823790218,5.725440646635267,5.0,0.8215464956986438,413.65235628403485,171.25207550159044,154.1268679514314,1.0,3,-92.91858659402317,M5,nan,M5,M5,3,247.04545454545456,-92.91858659402317,7.7432155495019295,17.75,0.0,,requested_mode_matches_applied_mode
threshold,favorable,1,960,16.0,16.0,2026-01-01T16:00:00Z,90.23780170673035,89.99529944108961,NORMAL,NORMAL,413.5115175656589,5.669872981077807,5.0,0.8184009505775675,395.9273342095838,163.9139163627677,147.52252472649093,1.0,3,-99.52292981896363,M5,nan,M5,M5,3,247.04545454545456,-99.52292981896363,8.293577484913635,17.75,0.0,,requested_mode_matches_applied_mode
threshold,favorable,1,965,16.083333333333332,16.083333333333332,2026-01-01T16:05:00Z,89.99529944108961,89.736602909619,NORMAL,NORMAL,394.71672443236906,5.616366221462464,5.0,0.815157351176453,378.0901718462571,156.52933114435044,140.8763980299154,1.0,3,-106.16905651553915,M5,nan,M5,M5,3,247.04545454545456,-106.16905651553915,8.847421376294928,17.75,0.0,,requested_mode_matches_applied_mode
threshold,favorable,1,970,16.166666666666668,16.166666666666668,2026-01-01T16:10:00Z,89.736602909619,89.46162731156343,NORMAL,NORMAL,375.8463396692638,5.564945834108891,5.0,0.8118252167295231,360.1596057527072,149.10607678162077,134.1954691034587,1.0,3,-112.84998544199587,M5,nan,M5,M5,3,247.04545454545456,-112.84998544199587,9.404165453499655,17.75,0.0,,requested_mode_matches_applied_mode
threshold,favorable,1,975,16.25,16.25,2026-01-01T16:15:00Z,89.46162731156343,89.170305403241,NORMAL,NORMAL,356.91977149263414,5.515636292336559,5.0,0.8083822745038085,342.1549741544048,141.65215929992357,127.48694336993121,1.0,3,-119.55851117552335,M5,nan,M5,M5,3,247.04545454545456,-119.55851117552335,9.963209264626945,17.75,0.0,,requested_mode_matches_applied_mode
threshold,favorable,1,980,16.333333333333332,16.333333333333332,2026-01-01T16:20:00Z,89.170305403241,88.86258808995208,NORMAL,NORMAL,337.9570546987933,5.4684610648167515,5.0,0.722208617556011,324.09626723478954,134.17585463520285,120.75826917168257,1.0,3,-126.28718537377199,M5,nan,M5,M5,3,247.04545454545456,-126.28718537377199,10.523932114481,17.75,0.0,,requested_mode_matches_applied_mode
threshold,favorable,1,985,16.416666666666668,16.416666666666668,2026-01-01T16:25:00Z,88.86258808995208,88.53844507436496,NORMAL,NORMAL,318.97891825487966,5.423442604402765,5.0,0.6162454645911674,306.00418934110604,126.6857343872179,114.01716094849611,1.0,3,-133.02829359695846,M5,nan,M5,M5,3,247.04545454545456,-133.02829359695846,11.085691133079871,17.75,0.0,,requested_mode_matches_applied_mode
threshold,favorable,1,990,16.5,16.5,2026-01-01T16:30:00Z,88.53844507436496,88.19786557500981,NORMAL,NORMAL,300.00686864544207,5.380602337443566,5.0,0.5351734369171967,287.90023620532116,119.19069778900297,107.27162801010267,1.0,3,-139.77382653535187,M5,nan,M5,M5,3,247.04545454545456,-139.77382653535187,11.647818877945989,17.75,0.0,,requested_mode_matches_applied_mode
threshold,favorable,1,995,16.583333333333332,16.583333333333332,2026-01-01T16:35:00Z,88.19786557500981,87.84085913223542,NORMAL,NORMAL,281.06329323248895,5.339960653586008,5.0,0.47408775329714137,269.80679127977294,111.70001158982599,100.53001043084339,1.0,3,-146.51544411461117,M5,nan,M5,M5,3,247.04545454545456,-146.51544411461117,12.209620342884264,17.75,0.0,,requested_mode_matches_applied_mode
threshold,favorable,1,1000,16.666666666666668,16.666666666666668,2026-01-01T16:40:00Z,87.84085913223542,87.46745652397527,NORMAL,NORMAL,262.1715893417329,5.301536896070457,5.0,0.4283989006969946,251.74724668675816,104.22336012831789,93.8010241154861,1.0,3,-153.24443042996847,M5,nan,M5,M5,3,247.04545454545456,-153.24443042996847,12.770369202497372,17.75,0.0,,requested_mode_matches_applied_mode
threshold,favorable,1,1005,16.75,16.75,2026-01-01T16:45:00Z,87.46745652397527,87.07771082047421,NORMAL,NORMAL,243.35632686206708,5.265349352524472,5.0,0.3919867297835145,233.7461562764977,96.77090869847005,87.09381782862305,1.0,3,-159.9516367168315,M5,nan,M5,M5,3,247.04545454545456,-159.9516367168315,13.329303059735958,17.75,0.0,,requested_mode_matches_applied_mode
threshold,favorable,1,1010,16.833333333333332,16.833333333333332,2026-01-01T16:50:00Z,87.07771082047421,86.67169861656473,NORMAL,NORMAL,224.64345516120912,5.231415246258867,5.0,0.3614141431001966,215.82943118893948,89.35338451222094,80.41804606099885,1.0,3,-166.6274084844557,M5,nan,M5,M5,3,247.04545454545456,-166.6274084844557,13.885617373704642,17.75,0.0,,requested_mode_matches_applied_mode
threshold,favorable,1,1015,16.916666666666668,16.916666666666668,2026-01-01T16:55:00Z,86.67169861656473,86.24952149343447,NORMAL,NORMAL,206.06056960308908,5.199750728070357,5.0,0.33465048736205183,198.02459262693716,81.982181347552,73.7839632127968,1.0,3,-173.26149133265776,M5,nan,M5,M5,3,247.04545454545456,-173.26149133265776,14.438457611054812,17.75,0.0,,requested_mode_matches_applied_mode
threshold,favorable,1,1020,17.0,17.0,2026-01-01T17:00:00Z,86.24952149343447,85.81130778114603,NORMAL,NORMAL,187.63725978314915,5.1703708685546585,5.0,0.322132502826504,180.36110311936253,74.66949669141609,67.20254702227447,1.0,3,-179.8429075231801,M5,nan,M5,M5,3,247.04545454545456,-179.8429075231801,14.986908960265007,17.75,0.0,,requested_mode_matches_applied_mode
threshold,favorable,1,1025,17.083333333333332,17.083333333333332,2026-01-01T17:05:00Z,85.81130778114603,85.35721472183995,NORMAL,NORMAL,169.40557230493567,5.143289650933694,5.0,0.3155874071223793,162.8708078535871,67.42851445138507,60.685663006246564,1.0,3,-186.359791539208,M5,nan,M5,M5,3,247.04545454545456,-186.359791539208,15.529982628267334,17.75,0.0,,requested_mode_matches_applied_mode
threshold,favorable,1,1030,17.166666666666668,17.166666666666668,2026-01-01T17:10:00Z,85.35721472183995,84.88743117736885,NORMAL,NORMAL,151.40063826014514,5.118519964400333,5.0,0.3086917018058028,145.58853433846386,60.27365321612404,54.24628789451164,1.0,3,-192.79916665094294,M5,nan,M5,M5,3,247.04545454545456,-192.79916665094294,16.06659722091191,17.75,0.0,,requested_mode_matches_applied_mode
threshold,favorable,1,1035,17.25,17.25,2026-01-01T17:15:00Z,84.88743117736885,84.40218109439654,NORMAL,NORMAL,133.66154473278382,5.096073597983849,5.0,0.30814814814814806,128.55292671394525,53.22091165957333,47.898820493616,1.0,3,-199.14663405183856,M4,nan,M4,M5,3,247.04545454545456,-199.14663405183856,16.595552837653212,17.75,0.0,,new_candidate_started
threshold,favorable,1,1040,17.333333333333332,17.333333333333332,2026-01-01T17:20:00Z,84.40218109439654,84.09832117829309,NORMAL,NORMAL,116.23258091314466,5.07596123493896,5.0,0.30814814814814806,111.80764035100444,46.28836310531584,41.659526794784256,1.0,3,-205.3859277506703,M4,nan,M4,M4,2,166.36363636363637,-124.70410956885212,10.392009130737677,11.833333333333332,0.0,poor_tracking_condition,safety_reduction_applied_immediately
threshold,favorable,1,1045,17.416666666666668,17.416666666666668,2026-01-01T17:25:00Z,84.09832117829309,83.77956767892066,NORMAL,NORMAL,99.16508446154606,5.058192447661196,5.0,0.30814814814814806,95.40311385183298,39.496889134658865,35.54720022119298,1.0,3,-130.8164361424434,M4,nan,M4,M4,2,166.36363636363637,-130.8164361424434,10.901369678536948,11.833333333333332,0.0,poor_tracking_condition,requested_mode_matches_applied_mode
threshold,favorable,1,1050,17.5,17.5,2026-01-01T17:30:00Z,83.77956767892066,83.44628441619108,NORMAL,NORMAL,82.52030182257455,5.042775693130948,5.0,0.30814814814814806,79.39931653091924,32.871317043800566,29.58418533942051,1.0,3,-136.77945102421586,M4,nan,M4,M4,2,166.36363636363637,-136.77945102421586,11.398287585351321,11.833333333333332,0.0,poor_tracking_condition,requested_mode_matches_applied_mode
threshold,favorable,1,1055,17.583333333333332,17.583333333333332,2026-01-01T17:35:00Z,83.44628441619108,83.09890240277431,NORMAL,NORMAL,66.37407973352572,5.029718308888402,5.0,0.30814814814814806,63.870257802990714,26.44228673043816,23.798058057394343,1.0,3,-142.56557830624203,M4,nan,M4,M4,2,166.36363636363637,-142.56557830624203,11.880464858853502,11.833333333333332,0.0,poor_tracking_condition,requested_mode_matches_applied_mode
threshold,favorable,1,1060,17.666666666666668,17.666666666666668,2026-01-01T17:40:00Z,83.09890240277431,82.73793983918493,NORMAL,NORMAL,50.82516711459033,5.0190265095412725,5.0,0.30814814814814806,48.91197065634037,20.249555851724914,18.22460026655242,1.0,3,-148.13903609708396,M4,nan,M4,M4,2,166.36363636363637,-148.13903609708396,12.344919674756996,11.833333333333332,0.0,poor_tracking_condition,requested_mode_matches_applied_mode
threshold,favorable,1,1065,17.75,17.75,2026-01-01T17:45:00Z,82.73793983918493,82.36403637712344,NORMAL,NORMAL,36.01155199257773,5.010705383806982,5.0,0.30814814814814806,34.65822741171432,14.34850614844973,12.913655533604757,1.0,3,-153.44998083003162,M4,nan,M4,M4,2,166.36363636363637,-153.44998083003162,12.787498402502635,11.833333333333332,0.0,poor_tracking_condition,requested_mode_matches_applied_mode
threshold,favorable,1,1070,17.833333333333332,17.833333333333332,2026-01-01T17:50:00Z,82.36403637712344,81.97802037917607,NORMAL,NORMAL,22.14823277430465,5.004758892090711,5.0,0.30814814814814806,21.316883537394926,8.8251897844815,7.94267080603335,1.0,3,-158.420965557603,M4,nan,M4,M4,2,166.36363636363637,-158.420965557603,13.20174712980025,11.833333333333332,0.0,poor_tracking_condition,requested_mode_matches_applied_mode
threshold,favorable,1,1075,17.916666666666668,17.916666666666668,2026-01-01T17:55:00Z,81.97802037917607,81.58107762972178,NORMAL,NORMAL,9.643332015559634,5.0011898646004544,5.0,0.30814814814814806,9.28162100803068,3.842591097324701,3.458331987592231,1.0,3,-162.90530437604414,M4,nan,M4,M4,2,166.36363636363637,-162.90530437604414,13.575442031337012,11.833333333333332,0.0,poor_tracking_condition,requested_mode_matches_applied_mode
threshold,favorable,1,1080,18.0,18.0,2026-01-01T18:00:00Z,81.58107762972178,81.17570814540491,NORMAL,NORMAL,7.64428072237531e-17,5.0,5.0,0.30814814814814806,7.357620195286237e-17,3.046054760848502e-17,2.7414492847636518e-17,1.0,3,-166.36363636363637,M4,nan,M4,M4,2,166.36363636363637,-166.36363636363637,13.863636363636363,11.833333333333332,0.0,poor_tracking_condition,requested_mode_matches_applied_mode
threshold,favorable,1,1085,18.083333333333332,18.083333333333332,2026-01-01T18:05:00Z,81.17570814540491,80.77033866108806,NORMAL,NORMAL,0.0,5.0011898646004544,5.0,0.30814814814814806,0.0,0.0,0.0,1.0,3,-166.36363636363637,M4,nan,M4,M4,2,166.36363636363637,-166.36363636363637,13.863636363636363,11.833333333333332,0.0,poor_tracking_condition,requested_mode_matches_applied_mode
threshold,favorable,1,1090,18.166666666666668,18.166666666666668,2026-01-01T18:10:00Z,80.77033866108806,80.36496917677121,NORMAL,NORMAL,0.0,5.004758892090711,5.0,0.30814814814814806,0.0,0.0,0.0,1.0,3,-166.36363636363637,M4,nan,M4,M4,2,166.36363636363637,-166.36363636363637,13.863636363636363,11.833333333333332,0.0,poor_tracking_condition,requested_mode_matches_applied_mode
threshold,favorable,1,1095,18.25,18.25,2026-01-01T18:15:00Z,80.36496917677121,79.95959969245436,NORMAL,NORMAL,0.0,5.010705383806982,5.0,0.30814814814814806,0.0,0.0,0.0,1.0,3,-166.36363636363637,M4,nan,M4,M4,2,166.36363636363637,-166.36363636363637,13.863636363636363,11.833333333333332,0.0,poor_tracking_condition,requested_mode_matches_applied_mode
threshold,favorable,1,1100,18.333333333333332,18.333333333333332,2026-01-01T18:20:00Z,79.95959969245436,79.5542302081375,NORMAL,NORMAL,0.0,5.0190265095412725,5.0,0.30814814814814806,0.0,0.0,0.0,1.0,3,-166.36363636363637,M4,nan,M4,M4,2,166.36363636363637,-166.36363636363637,13.863636363636363,11.833333333333332,0.0,poor_tracking_condition,requested_mode_matches_applied_mode
threshold,favorable,1,1105,18.416666666666668,18.416666666666668,2026-01-01T18:25:00Z,79.5542302081375,79.14886072382065,NORMAL,NORMAL,0.0,5.029718308888402,5.0,0.30814814814814806,0.0,0.0,0.0,1.0,3,-166.36363636363637,M4,nan,M4,M4,2,166.36363636363637,-166.36363636363637,13.863636363636363,11.833333333333332,0.0,poor_tracking_condition,requested_mode_matches_applied_mode
threshold,favorable,1,1110,18.5,18.5,2026-01-01T18:30:00Z,79.14886072382065,78.74349123950378,NORMAL,NORMAL,0.0,5.042775693130947,5.0,0.30814814814814806,0.0,0.0,0.0,1.0,3,-166.36363636363637,M4,nan,M4,M4,2,166.36363636363637,-166.36363636363637,13.863636363636363,11.833333333333332,0.0,poor_tracking_condition,requested_mode_matches_applied_mode
threshold,favorable,1,1115,18.583333333333332,18.583333333333332,2026-01-01T18:35:00Z,78.74349123950378,78.33812175518692,NORMAL,NORMAL,0.0,5.058192447661195,5.0,0.30814814814814806,0.0,0.0,0.0,1.0,3,-166.36363636363637,M4,nan,M4,M4,2,166.36363636363637,-166.36363636363637,13.863636363636363,11.833333333333332,0.0,poor_tracking_condition,requested_mode_matches_applied_mode
threshold,favorable,1,1120,18.666666666666668,18.666666666666668,2026-01-01T18:40:00Z,78.33812175518692,77.93275227087007,NORMAL,NORMAL,0.0,5.07596123493896,5.0,0.30814814814814806,0.0,0.0,0.0,1.0,3,-166.36363636363637,M4,nan,M4,M4,2,166.36363636363637,-166.36363636363637,13.863636363636363,11.833333333333332,0.0,poor_tracking_condition,requested_mode_matches_applied_mode
threshold,favorable,1,1125,18.75,18.75,2026-01-01T18:45:00Z,77.93275227087007,77.5273827865532,NORMAL,NORMAL,0.0,5.096073597983848,5.0,0.30814814814814806,0.0,0.0,0.0,1.0,3,-166.36363636363637,M4,nan,M4,M4,2,166.36363636363637,-166.36363636363637,13.863636363636363,11.833333333333332,0.0,poor_tracking_condition,requested_mode_matches_applied_mode
threshold,favorable,1,1130,18.833333333333332,18.833333333333332,2026-01-01T18:50:00Z,77.5273827865532,77.12201330223635,NORMAL,NORMAL,0.0,5.118519964400333,5.0,0.30814814814814806,0.0,0.0,0.0,1.0,3,-166.36363636363637,M4,nan,M4,M4,2,166.36363636363637,-166.36363636363637,13.863636363636363,11.833333333333332,0.0,poor_tracking_condition,requested_mode_matches_applied_mode
threshold,favorable,1,1135,18.916666666666668,18.916666666666668,2026-01-01T18:55:00Z,77.12201330223635,76.7166438179195,NORMAL,NORMAL,0.0,5.143289650933693,5.0,0.30814814814814806,0.0,0.0,0.0,1.0,3,-166.36363636363637,M4,nan,M4,M4,2,166.36363636363637,-166.36363636363637,13.863636363636363,11.833333333333332,0.0,poor_tracking_condition,requested_mode_matches_applied_mode
threshold,favorable,1,1140,19.0,19.0,2026-01-01T19:00:00Z,76.7166438179195,76.31127433360265,NORMAL,NORMAL,0.0,5.170370868554658,5.0,0.30814814814814806,0.0,0.0,0.0,1.0,3,-166.36363636363637,M4,nan,M4,M4,2,166.36363636363637,-166.36363636363637,13.863636363636363,11.833333333333332,0.0,poor_tracking_condition,requested_mode_matches_applied_mode
threshold,favorable,1,1145,19.083333333333332,19.083333333333332,2026-01-01T19:05:00Z,76.31127433360265,75.90590484928579,NORMAL,NORMAL,0.0,5.199750728070357,5.0,0.30814814814814806,0.0,0.0,0.0,1.0,3,-166.36363636363637,M4,nan,M4,M4,2,166.36363636363637,-166.36363636363637,13.863636363636363,11.833333333333332,0.0,poor_tracking_condition,requested_mode_matches_applied_mode
threshold,favorable,1,1150,19.166666666666668,19.166666666666668,2026-01-01T19:10:00Z,75.90590484928579,75.50053536496893,NORMAL,NORMAL,0.0,5.231415246258866,5.0,0.30814814814814806,0.0,0.0,0.0,1.0,3,-166.36363636363637,M4,nan,M4,M4,2,166.36363636363637,-166.36363636363637,13.863636363636363,11.833333333333332,0.0,poor_tracking_condition,requested_mode_matches_applied_mode
threshold,favorable,1,1155,19.25,19.25,2026-01-01T19:15:00Z,75.50053536496893,75.09516588065208,NORMAL,NORMAL,0.0,5.2653493525244714,5.0,0.30814814814814806,0.0,0.0,0.0,1.0,3,-166.36363636363637,M4,nan,M4,M4,2,166.36363636363637,-166.36363636363637,13.863636363636363,11.833333333333332,0.0,poor_tracking_condition,requested_mode_matches_applied_mode
threshold,favorable,1,1160,19.333333333333332,19.333333333333332,2026-01-01T19:20:00Z,75.09516588065208,74.68979639633521,NORMAL,NORMAL,0.0,5.301536896070457,5.0,0.30814814814814806,0.0,0.0,0.0,1.0,3,-166.36363636363637,M4,nan,M4,M4,2,166.36363636363637,-166.36363636363637,13.863636363636363,11.833333333333332,0.0,poor_tracking_condition,requested_mode_matches_applied_mode
threshold,favorable,1,1165,19.416666666666668,19.416666666666668,2026-01-01T19:25:00Z,74.68979639633521,74.28442691201836,NORMAL,NORMAL,0.0,5.339960653586007,5.0,0.30814814814814806,0.0,0.0,0.0,1.0,3,-166.36363636363637,M4,nan,M4,M4,2,166.36363636363637,-166.36363636363637,13.863636363636363,11.833333333333332,0.0,poor_tracking_condition,requested_mode_matches_applied_mode
threshold,favorable,1,1170,19.5,19.5,2026-01-01T19:30:00Z,74.28442691201836,73.87905742770151,NORMAL,NORMAL,0.0,5.380602337443565,5.0,0.30814814814814806,0.0,0.0,0.0,1.0,3,-166.36363636363637,M4,nan,M4,M4,2,166.36363636363637,-166.36363636363637,13.863636363636363,11.833333333333332,0.0,poor_tracking_condition,requested_mode_matches_applied_mode
threshold,favorable,1,1175,19.583333333333332,19.583333333333332,2026-01-01T19:35:00Z,73.87905742770151,73.47368794338466,NORMAL,NORMAL,0.0,5.423442604402764,5.0,0.30814814814814806,0.0,0.0,0.0,1.0,3,-166.36363636363637,M4,nan,M4,M4,2,166.36363636363637,-166.36363636363637,13.863636363636363,11.833333333333332,0.0,poor_tracking_condition,requested_mode_matches_applied_mode
threshold,favorable,1,1180,19.666666666666668,19.666666666666668,2026-01-01T19:40:00Z,73.47368794338466,73.0683184590678,NORMAL,NORMAL,0.0,5.468461064816751,5.0,0.30814814814814806,0.0,0.0,0.0,1.0,3,-166.36363636363637,M4,nan,M4,M4,2,166.36363636363637,-166.36363636363637,13.863636363636363,11.833333333333332,0.0,poor_tracking_condition,requested_mode_matches_applied_mode
threshold,favorable,1,1185,19.75,19.75,2026-01-01T19:45:00Z,73.0683184590678,72.66294897475093,NORMAL,NORMAL,0.0,5.515636292336558,5.0,0.30814814814814806,0.0,0.0,0.0,1.0,3,-166.36363636363637,M4,nan,M4,M4,2,166.36363636363637,-166.36363636363637,13.863636363636363,11.833333333333332,0.0,poor_tracking_condition,requested_mode_matches_applied_mode
threshold,favorable,1,1190,19.833333333333332,19.833333333333332,2026-01-01T19:50:00Z,72.66294897475093,72.25757949043408,NORMAL,NORMAL,0.0,5.56494583410889,5.0,0.30814814814814806,0.0,0.0,0.0,1.0,3,-166.36363636363637,M4,nan,M4,M4,2,166.36363636363637,-166.36363636363637,13.863636363636363,11.833333333333332,0.0,poor_tracking_condition,requested_mode_matches_applied_mode
threshold,favorable,1,1195,19.916666666666668,19.916666666666668,2026-01-01T19:55:00Z,72.25757949043408,71.85221000611722,NORMAL,NORMAL,0.0,5.616366221462463,5.0,0.30814814814814806,0.0,0.0,0.0,1.0,3,-166.36363636363637,M4,nan,M4,M4,2,166.36363636363637,-166.36363636363637,13.863636363636363,11.833333333333332,0.0,poor_tracking_condition,requested_mode_matches_applied_mode
threshold,favorable,1,1200,20.0,20.0,2026-01-01T20:00:00Z,71.85221000611722,71.44684052180037,NORMAL,NORMAL,0.0,5.669872981077807,5.0,0.30814814814814806,0.0,0.0,0.0,0.75,2,-166.36363636363637,M4,nan,M4,M4,2,166.36363636363637,-166.36363636363637,13.863636363636363,11.833333333333332,0.0,poor_tracking_condition,requested_mode_matches_applied_mode
threshold,favorable,1,1205,20.083333333333332,20.083333333333332,2026-01-01T20:05:00Z,71.44684052180037,71.04147103748352,NORMAL,NORMAL,0.0,5.725440646635266,5.0,0.30814814814814806,0.0,0.0,0.0,0.75,2,-166.36363636363637,M4,nan,M4,M4,2,166.36363636363637,-166.36363636363637,13.863636363636363,11.833333333333332,0.0,poor_tracking_condition,requested_mode_matches_applied_mode
threshold,favorable,1,1210,20.166666666666668,20.166666666666668,2026-01-01T20:10:00Z,71.04147103748352,70.63610155316665,NORMAL,NORMAL,0.0,5.783042770935571,5.0,0.30814814814814806,0.0,0.0,0.0,0.75,2,-166.36363636363637,M4,nan,M4,M4,2,166.36363636363637,-166.36363636363637,13.863636363636363,11.833333333333332,0.0,poor_tracking_condition,requested_mode_matches_applied_mode
threshold,favorable,1,1215,20.25,20.25,2026-01-01T20:15:00Z,70.63610155316665,70.2307320688498,NORMAL,NORMAL,0.0,5.842651938487273,5.0,0.30814814814814806,0.0,0.0,0.0,0.75,2,-166.36363636363637,M4,nan,M4,M4,2,166.36363636363637,-166.36363636363637,13.863636363636363,11.833333333333332,0.0,poor_tracking_condition,requested_mode_matches_applied_mode
threshold,favorable,1,1220,20.333333333333332,20.333333333333332,2026-01-01T20:20:00Z,70.2307320688498,69.82536258453295,NORMAL,NORMAL,0.0,5.904239778555041,5.0,0.30814814814814806,0.0,0.0,0.0,0.75,2,-166.36363636363637,M4,nan,M4,M4,2,166.36363636363637,-166.36363636363637,13.863636363636363,11.833333333333332,0.0,poor_tracking_condition,requested_mode_matches_applied_mode
threshold,favorable,1,1225,20.416666666666668,20.416666666666668,2026-01-01T20:25:00Z,69.82536258453295,69.41999310021609,NORMAL,NORMAL,0.0,5.967776978662585,5.0,0.30814814814814806,0.0,0.0,0.0,0.75,2,-166.36363636363637,M4,nan,M4,M4,2,166.36363636363637,-166.36363636363637,13.863636363636363,11.833333333333332,0.0,poor_tracking_condition,requested_mode_matches_applied_mode
threshold,favorable,1,1230,20.5,20.5,2026-01-01T20:30:00Z,69.41999310021609,69.01462361589923,NORMAL,NORMAL,0.0,6.033233298543822,5.0,0.30814814814814806,0.0,0.0,0.0,0.75,2,-166.36363636363637,M4,nan,M4,M4,2,166.36363636363637,-166.36363636363637,13.863636363636363,11.833333333333332,0.0,poor_tracking_condition,requested_mode_matches_applied_mode
threshold,favorable,1,1235,20.583333333333332,20.583333333333332,2026-01-01T20:35:00Z,69.01462361589923,68.60925413158238,NORMAL,NORMAL,0.0,6.100577584535592,5.0,0.30814814814814806,0.0,0.0,0.0,0.75,2,-166.36363636363637,M4,nan,M4,M4,2,166.36363636363637,-166.36363636363637,13.863636363636363,11.833333333333332,0.0,poor_tracking_condition,requested_mode_matches_applied_mode
threshold,favorable,1,1240,20.666666666666668,20.666666666666668,2026-01-01T20:40:00Z,68.60925413158238,68.20388464726551,NORMAL,NORMAL,0.0,6.16977778440511,5.0,0.30814814814814806,0.0,0.0,0.0,0.75,2,-166.36363636363637,M4,nan,M4,M4,2,166.36363636363637,-166.36363636363637,13.863636363636363,11.833333333333332,0.0,poor_tracking_condition,requested_mode_matches_applied_mode
threshold,favorable,1,1245,20.75,20.75,2026-01-01T20:45:00Z,68.20388464726551,67.79851516294866,NORMAL,NORMAL,0.0,6.240800962605114,5.0,0.30814814814814806,0.0,0.0,0.0,0.75,2,-166.36363636363637,M4,nan,M4,M4,2,166.36363636363637,-166.36363636363637,13.863636363636363,11.833333333333332,0.0,poor_tracking_condition,requested_mode_matches_applied_mode
threshold,favorable,1,1250,20.833333333333332,20.833333333333332,2026-01-01T20:50:00Z,67.79851516294866,67.39314567863181,NORMAL,NORMAL,0.0,6.313613315949379,5.0,0.30814814814814806,0.0,0.0,0.0,0.75,2,-166.36363636363637,M4,nan,M4,M4,2,166.36363636363637,-166.36363636363637,13.863636363636363,11.833333333333332,0.0,poor_tracking_condition,requested_mode_matches_applied_mode
threshold,favorable,1,1255,20.916666666666668,20.916666666666668,2026-01-01T20:55:00Z,67.39314567863181,66.98777619431495,NORMAL,NORMAL,0.0,6.388180189701223,5.0,0.30814814814814806,0.0,0.0,0.0,0.75,2,-166.36363636363637,M4,nan,M4,M4,2,166.36363636363637,-166.36363636363637,13.863636363636363,11.833333333333332,0.0,poor_tracking_condition,requested_mode_matches_applied_mode
threshold,favorable,1,1260,21.0,21.0,2026-01-01T21:00:00Z,66.98777619431495,66.5824067099981,NORMAL,NORMAL,0.0,6.464466094067261,5.0,0.30814814814814806,0.0,0.0,0.0,0.75,2,-166.36363636363637,M4,nan,M4,M4,2,166.36363636363637,-166.36363636363637,13.863636363636363,11.833333333333332,0.0,poor_tracking_condition,requested_mode_matches_applied_mode
threshold,favorable,1,1265,21.083333333333332,21.083333333333332,2026-01-01T21:05:00Z,66.5824067099981,66.17703722568123,NORMAL,NORMAL,0.0,6.54243472108865,5.0,0.30814814814814806,0.0,0.0,0.0,0.75,2,-166.36363636363637,M4,nan,M4,M4,2,166.36363636363637,-166.36363636363637,13.863636363636363,11.833333333333332,0.0,poor_tracking_condition,requested_mode_matches_applied_mode
threshold,favorable,1,1270,21.166666666666668,21.166666666666668,2026-01-01T21:10:00Z,66.17703722568123,65.77166774136438,NORMAL,NORMAL,0.0,6.622048961921701,5.0,0.30814814814814806,0.0,0.0,0.0,0.75,2,-166.36363636363637,M4,nan,M4,M4,2,166.36363636363637,-166.36363636363637,13.863636363636363,11.833333333333332,0.0,poor_tracking_condition,requested_mode_matches_applied_mode
threshold,favorable,1,1275,21.25,21.25,2026-01-01T21:15:00Z,65.77166774136438,65.36629825704752,NORMAL,NORMAL,0.0,6.703270924499656,5.0,0.30814814814814806,0.0,0.0,0.0,0.75,2,-166.36363636363637,M4,nan,M4,M4,2,166.36363636363637,-166.36363636363637,13.863636363636363,11.833333333333332,0.0,poor_tracking_condition,requested_mode_matches_applied_mode
threshold,favorable,1,1280,21.333333333333332,21.333333333333332,2026-01-01T21:20:00Z,65.36629825704752,64.96092877273067,NORMAL,NORMAL,0.0,6.7860619515673015,5.0,0.30814814814814806,0.0,0.0,0.0,0.75,2,-166.36363636363637,M4,nan,M4,M4,2,166.36363636363637,-166.36363636363637,13.863636363636363,11.833333333333332,0.0,poor_tracking_condition,requested_mode_matches_applied_mode
threshold,favorable,1,1285,21.416666666666668,21.416666666666668,2026-01-01T21:25:00Z,64.96092877273067,64.75215241263852,NORMAL,NORMAL,0.0,6.870382639079705,5.0,0.30814814814814806,0.0,0.0,0.0,0.75,2,-166.36363636363637,M3,nan,M3,M3,1,85.68181818181819,-85.68181818181819,7.140151515151516,5.916666666666666,0.0,poor_tracking_condition,safety_reduction_applied_immediately
threshold,favorable,1,1290,21.5,21.5,2026-01-01T21:30:00Z,64.75215241263852,64.54337605254636,NORMAL,NORMAL,0.0,6.956192854956395,5.0,0.30814814814814806,0.0,0.0,0.0,0.75,2,-85.68181818181819,M3,nan,M3,M3,1,85.68181818181819,-85.68181818181819,7.140151515151516,5.916666666666666,0.0,poor_tracking_condition,requested_mode_matches_applied_mode
threshold,favorable,1,1295,21.583333333333332,21.583333333333332,2026-01-01T21:35:00Z,64.54337605254636,64.33459969245422,NORMAL,NORMAL,0.0,7.043451758182085,5.0,0.30814814814814806,0.0,0.0,0.0,0.75,2,-85.68181818181819,M3,nan,M3,M3,1,85.68181818181819,-85.68181818181819,7.140151515151516,5.916666666666666,0.0,poor_tracking_condition,requested_mode_matches_applied_mode
threshold,favorable,1,1300,21.666666666666668,21.666666666666668,2026-01-01T21:40:00Z,64.33459969245422,64.12582333236206,NORMAL,NORMAL,0.0,7.132117818244767,5.0,0.30814814814814806,0.0,0.0,0.0,0.75,2,-85.68181818181819,M3,nan,M3,M3,1,85.68181818181819,-85.68181818181819,7.140151515151516,5.916666666666666,0.0,poor_tracking_condition,requested_mode_matches_applied_mode
threshold,favorable,1,1305,21.75,21.75,2026-01-01T21:45:00Z,64.12582333236206,63.91704697226991,NORMAL,NORMAL,0.0,7.222148834901985,5.0,0.30814814814814806,0.0,0.0,0.0,0.75,2,-85.68181818181819,M3,nan,M3,M3,1,85.68181818181819,-85.68181818181819,7.140151515151516,5.916666666666666,0.0,poor_tracking_condition,requested_mode_matches_applied_mode
threshold,favorable,1,1310,21.833333333333332,21.833333333333332,2026-01-01T21:50:00Z,63.91704697226991,63.70827061217776,NORMAL,NORMAL,0.0,7.313501958265875,5.0,0.30814814814814806,0.0,0.0,0.0,0.75,2,-85.68181818181819,M3,nan,M3,M3,1,85.68181818181819,-85.68181818181819,7.140151515151516,5.916666666666666,0.0,poor_tracking_condition,requested_mode_matches_applied_mode
threshold,favorable,1,1315,21.916666666666668,21.916666666666668,2026-01-01T21:55:00Z,63.70827061217776,63.49949425208561,NORMAL,NORMAL,0.0,7.406133709197393,5.0,0.30814814814814806,0.0,0.0,0.0,0.75,2,-85.68181818181819,M3,nan,M3,M3,1,85.68181818181819,-85.68181818181819,7.140151515151516,5.916666666666666,0.0,poor_tracking_condition,requested_mode_matches_applied_mode
threshold,favorable,1,1320,22.0,22.0,2026-01-01T22:00:00Z,63.49949425208561,63.29071789199346,NORMAL,NORMAL,0.0,7.499999999999998,5.0,0.30814814814814806,0.0,0.0,0.0,0.75,2,-85.68181818181819,M3,nan,M3,M3,1,85.68181818181819,-85.68181818181819,7.140151515151516,5.916666666666666,0.0,poor_tracking_condition,requested_mode_matches_applied_mode
threshold,favorable,1,1325,22.083333333333332,22.083333333333332,2026-01-01T22:05:00Z,63.29071789199346,63.08194153190131,NORMAL,NORMAL,0.0,7.595056155403061,5.0,0.30814814814814806,0.0,0.0,0.0,0.75,2,-85.68181818181819,M3,nan,M3,M3,1,85.68181818181819,-85.68181818181819,7.140151515151516,5.916666666666666,0.0,poor_tracking_condition,requested_mode_matches_applied_mode
threshold,favorable,1,1330,22.166666666666668,22.166666666666668,2026-01-01T22:10:00Z,63.08194153190131,62.87316517180915,NORMAL,NORMAL,0.0,7.691256933824832,5.0,0.30814814814814806,0.0,0.0,0.0,0.75,2,-85.68181818181819,M3,nan,M3,M3,1,85.68181818181819,-85.68181818181819,7.140151515151516,5.916666666666666,0.0,poor_tracking_condition,requested_mode_matches_applied_mode
threshold,favorable,1,1335,22.25,22.25,2026-01-01T22:15:00Z,62.87316517180915,62.664388811717004,NORMAL,NORMAL,0.0,7.788556548904992,5.0,0.30814814814814806,0.0,0.0,0.0,0.75,2,-85.68181818181819,M3,nan,M3,M3,1,85.68181818181819,-85.68181818181819,7.140151515151516,5.916666666666666,0.0,poor_tracking_condition,requested_mode_matches_applied_mode
threshold,favorable,1,1340,22.333333333333332,22.333333333333332,2026-01-01T22:20:00Z,62.664388811717004,62.45561245162485,NORMAL,NORMAL,0.0,7.8869086912965,5.0,0.30814814814814806,0.0,0.0,0.0,0.75,2,-85.68181818181819,M3,nan,M3,M3,1,85.68181818181819,-85.68181818181819,7.140151515151516,5.916666666666666,0.0,poor_tracking_condition,requested_mode_matches_applied_mode
threshold,favorable,1,1345,22.416666666666668,22.416666666666668,2026-01-01T22:25:00Z,62.45561245162485,62.2468360915327,NORMAL,NORMAL,0.0,7.986266550706317,5.0,0.30814814814814806,0.0,0.0,0.0,0.75,2,-85.68181818181819,M3,nan,M3,M3,1,85.68181818181819,-85.68181818181819,7.140151515151516,5.916666666666666,0.0,poor_tracking_condition,requested_mode_matches_applied_mode
threshold,favorable,1,1350,22.5,22.5,2026-01-01T22:30:00Z,62.2468360915327,62.03805973144055,NORMAL,NORMAL,0.0,8.086582838174552,5.0,0.30814814814814806,0.0,0.0,0.0,0.75,2,-85.68181818181819,M3,nan,M3,M3,1,85.68181818181819,-85.68181818181819,7.140151515151516,5.916666666666666,0.0,poor_tracking_condition,requested_mode_matches_applied_mode
threshold,favorable,1,1355,22.583333333333332,22.583333333333332,2026-01-01T22:35:00Z,62.03805973144055,61.829283371348396,NORMAL,NORMAL,0.0,8.187809808581491,5.0,0.30814814814814806,0.0,0.0,0.0,0.75,2,-85.68181818181819,M3,nan,M3,M3,1,85.68181818181819,-85.68181818181819,7.140151515151516,5.916666666666666,0.0,poor_tracking_condition,requested_mode_matches_applied_mode
threshold,favorable,1,1360,22.666666666666668,22.666666666666668,2026-01-01T22:40:00Z,61.829283371348396,61.62050701125625,NORMAL,NORMAL,0.0,8.289899283371657,5.0,0.30814814814814806,0.0,0.0,0.0,0.75,2,-85.68181818181819,M3,nan,M3,M3,1,85.68181818181819,-85.68181818181819,7.140151515151516,5.916666666666666,0.0,poor_tracking_condition,requested_mode_matches_applied_mode
threshold,favorable,1,1365,22.75,22.75,2026-01-01T22:45:00Z,61.62050701125625,61.4117306511641,NORMAL,NORMAL,0.0,8.39280267348419,5.0,0.30814814814814806,0.0,0.0,0.0,0.75,2,-85.68181818181819,M3,nan,M3,M3,1,85.68181818181819,-85.68181818181819,7.140151515151516,5.916666666666666,0.0,poor_tracking_condition,requested_mode_matches_applied_mode
threshold,favorable,1,1370,22.833333333333332,22.833333333333332,2026-01-01T22:50:00Z,61.4117306511641,61.20295429107195,NORMAL,NORMAL,0.0,8.49647100247863,5.0,0.30814814814814806,0.0,0.0,0.0,0.75,2,-85.68181818181819,M3,nan,M3,M3,1,85.68181818181819,-85.68181818181819,7.140151515151516,5.916666666666666,0.0,poor_tracking_condition,requested_mode_matches_applied_mode
threshold,favorable,1,1375,22.916666666666668,22.916666666666668,2026-01-01T22:55:00Z,61.20295429107195,60.994177930979795,NORMAL,NORMAL,0.0,8.600854929845038,5.0,0.30814814814814806,0.0,0.0,0.0,0.75,2,-85.68181818181819,M3,nan,M3,M3,1,85.68181818181819,-85.68181818181819,7.140151515151516,5.916666666666666,0.0,poor_tracking_condition,requested_mode_matches_applied_mode
threshold,favorable,1,1380,23.0,23.0,2026-01-01T23:00:00Z,60.994177930979795,60.78540157088764,NORMAL,NORMAL,0.0,8.705904774487392,5.0,0.30814814814814806,0.0,0.0,0.0,0.35,1,-85.68181818181819,M3,nan,M3,M3,1,85.68181818181819,-85.68181818181819,7.140151515151516,5.916666666666666,0.0,poor_tracking_condition,requested_mode_matches_applied_mode
threshold,favorable,1,1385,23.083333333333332,23.083333333333332,2026-01-01T23:05:00Z,60.78540157088764,60.57662521079549,NORMAL,NORMAL,0.0,8.811570538369129,5.0,0.30814814814814806,0.0,0.0,0.0,0.35,1,-85.68181818181819,M3,nan,M3,M3,1,85.68181818181819,-85.68181818181819,7.140151515151516,5.916666666666666,0.0,poor_tracking_condition,requested_mode_matches_applied_mode
threshold,favorable,1,1390,23.166666666666668,23.166666666666668,2026-01-01T23:10:00Z,60.57662521079549,60.367848850703346,NORMAL,NORMAL,0.0,8.917801930309485,5.0,0.30814814814814806,0.0,0.0,0.0,0.35,1,-85.68181818181819,M3,nan,M3,M3,1,85.68181818181819,-85.68181818181819,7.140151515151516,5.916666666666666,0.0,poor_tracking_condition,requested_mode_matches_applied_mode
threshold,favorable,1,1395,23.25,23.25,2026-01-01T23:15:00Z,60.367848850703346,60.159072490611194,NORMAL,NORMAL,0.0,9.024548389919357,5.0,0.30814814814814806,0.0,0.0,0.0,0.35,1,-85.68181818181819,M3,nan,M3,M3,1,85.68181818181819,-85.68181818181819,7.140151515151516,5.916666666666666,0.0,poor_tracking_condition,requested_mode_matches_applied_mode
threshold,favorable,1,1400,23.333333333333332,23.333333333333332,2026-01-01T23:20:00Z,60.159072490611194,59.950296130519035,NORMAL,NORMAL,0.0,9.131759111665348,5.0,0.30814814814814806,0.0,0.0,0.0,0.35,1,-85.68181818181819,M3,nan,M3,M3,1,85.68181818181819,-85.68181818181819,7.140151515151516,5.916666666666666,0.0,poor_tracking_condition,requested_mode_matches_applied_mode
threshold,favorable,1,1405,23.416666666666668,23.416666666666668,2026-01-01T23:25:00Z,59.950296130519035,59.74151977042688,NORMAL,NORMAL,0.0,9.239383069050414,5.0,0.30814814814814806,0.0,0.0,0.0,0.35,1,-85.68181818181819,M3,nan,M3,M3,1,85.68181818181819,-85.68181818181819,7.140151515151516,5.916666666666666,0.0,poor_tracking_condition,requested_mode_matches_applied_mode
threshold,favorable,1,1410,23.5,23.5,2026-01-01T23:30:00Z,59.74151977042688,59.53274341033473,NORMAL,NORMAL,0.0,9.34736903889974,5.0,0.30814814814814806,0.0,0.0,0.0,0.35,1,-85.68181818181819,M3,nan,M3,M3,1,85.68181818181819,-85.68181818181819,7.140151515151516,5.916666666666666,0.0,poor_tracking_condition,requested_mode_matches_applied_mode
threshold,favorable,1,1415,23.583333333333332,23.583333333333332,2026-01-01T23:35:00Z,59.53274341033473,59.32396705024259,NORMAL,NORMAL,0.0,9.455665625740174,5.0,0.30814814814814806,0.0,0.0,0.0,0.35,1,-85.68181818181819,M3,nan,M3,M3,1,85.68181818181819,-85.68181818181819,7.140151515151516,5.916666666666666,0.0,poor_tracking_condition,requested_mode_matches_applied_mode
threshold,favorable,1,1420,23.666666666666668,23.666666666666668,2026-01-01T23:40:00Z,59.32396705024259,59.115190690150435,NORMAL,NORMAL,0.0,9.564221286261713,5.0,0.30814814814814806,0.0,0.0,0.0,0.35,1,-85.68181818181819,M3,nan,M3,M3,1,85.68181818181819,-85.68181818181819,7.140151515151516,5.916666666666666,0.0,poor_tracking_condition,requested_mode_matches_applied_mode
threshold,favorable,1,1425,23.75,23.75,2026-01-01T23:45:00Z,59.115190690150435,58.90641433005828,NORMAL,NORMAL,0.0,9.672984353849285,5.0,0.30814814814814806,0.0,0.0,0.0,0.35,1,-85.68181818181819,M3,nan,M3,M3,1,85.68181818181819,-85.68181818181819,7.140151515151516,5.916666666666666,0.0,poor_tracking_condition,requested_mode_matches_applied_mode
threshold,favorable,1,1430,23.833333333333332,23.833333333333332,2026-01-01T23:50:00Z,58.90641433005828,58.69763796996613,NORMAL,NORMAL,0.0,9.781903063173319,5.0,0.30814814814814806,0.0,0.0,0.0,0.35,1,-85.68181818181819,M3,nan,M3,M3,1,85.68181818181819,-85.68181818181819,7.140151515151516,5.916666666666666,0.0,poor_tracking_condition,requested_mode_matches_applied_mode
threshold,favorable,1,1435,23.916666666666668,23.916666666666668,2026-01-01T23:55:00Z,58.69763796996613,58.48886160987398,NORMAL,NORMAL,0.0,9.890925574827195,5.0,0.30814814814814806,0.0,0.0,0.0,0.35,1,-85.68181818181819,M3,nan,M3,M3,1,85.68181818181819,-85.68181818181819,7.140151515151516,5.916666666666666,0.0,poor_tracking_condition,requested_mode_matches_applied_mode
