strategy,scenario,day,time_min,time_h,time_of_day_h,timestamp,soc_before_percent,soc_after_percent,battery_protection_before,battery_protection_after,shortwave_radiation_wm2,cloud_cover_percent,precipitation_probability_percent,weather_index,local_irradiance_wm2,pv_raw_power_w,pv_delivered_power_w,demand_index,demand_requested_outputs,p_net_predecision_w,raw_mode,centroid,requested_mode,applied_mode,active_outputs,final_station_load_w,battery_requested_power_w,battery_external_discharge_wh_step,ev_useful_wh_step,pv_curtailed_wh_step,blocked_reasons,stabilization_reason
fis,persistent-low-generation,1,0,0.0,0.0,2026-01-01T00:00:00Z,80.0,79.98781676413255,NORMAL,NORMAL,0.0,85.0,70.0,0.16787878787878788,0.0,0.0,0.0,0.2,0,-5.0,M1,1.0,M1,M1,0,5.0,-5.0,0.41666666666666663,0.0,0.0,,initialized_from_first_valid_decision
fis,persistent-low-generation,1,5,0.08333333333333333,0.08333333333333333,2026-01-01T00:05:00Z,79.98781676413255,79.9756335282651,NORMAL,NORMAL,0.0,85.0,70.0,0.16787878787878788,0.0,0.0,0.0,0.2,0,-5.0,M1,0.9999999999999998,M1,M1,0,5.0,-5.0,0.41666666666666663,0.0,0.0,,requested_mode_matches_applied_mode
fis,persistent-low-generation,1,10,0.16666666666666666,0.16666666666666666,2026-01-01T00:10:00Z,79.9756335282651,79.96345029239765,NORMAL,NORMAL,0.0,85.0,70.0,0.16787878787878788,0.0,0.0,0.0,0.2,0,-5.0,M1,1.0,M1,M1,0,5.0,-5.0,0.41666666666666663,0.0,0.0,,requested_mode_matches_applied_mode
fis,persistent-low-generation,1,15,0.25,0.25,2026-01-01T00:15:00Z,79.96345029239765,79.95126705653021,NORMAL,NORMAL,0.0,85.0,70.0,0.16787878787878788,0.0,0.0,0.0,0.2,0,-5.0,M1,1.0,M1,M1,0,5.0,-5.0,0.41666666666666663,0.0,0.0,,requested_mode_matches_applied_mode
fis,persistent-low-generation,1,20,0.3333333333333333,0.3333333333333333,2026-01-01T00:20:00Z,79.95126705653021,79.93908382066276,NORMAL,NORMAL,0.0,85.0,70.0,0.16787878787878788,0.0,0.0,0.0,0.2,0,-5.0,M1,1.0,M1,M1,0,5.0,-5.0,0.41666666666666663,0.0,0.0,,requested_mode_matches_applied_mode
fis,persistent-low-generation,1,25,0.4166666666666667,0.4166666666666667,2026-01-01T00:25:00Z,79.93908382066276,79.92690058479532,NORMAL,NORMAL,0.0,85.0,70.0,0.16787878787878788,0.0,0.0,0.0,0.2,0,-5.0,M1,1.0,M1,M1,0,5.0,-5.0,0.41666666666666663,0.0,0.0,,requested_mode_matches_applied_mode
fis,persistent-low-generation,1,30,0.5,0.5,2026-01-01T00:30:00Z,79.92690058479532,79.91471734892787,NORMAL,NORMAL,0.0,85.0,70.0,0.16787878787878788,0.0,0.0,0.0,0.2,0,-5.0,M1,1.0,M1,M1,0,5.0,-5.0,0.41666666666666663,0.0,0.0,,requested_mode_matches_applied_mode
fis,persistent-low-generation,1,35,0.5833333333333334,0.5833333333333334,2026-01-01T00:35:00Z,79.91471734892787,79.90253411306043,NORMAL,NORMAL,0.0,85.0,70.0,0.16787878787878788,0.0,0.0,0.0,0.2,0,-5.0,M1,0.9999999999999998,M1,M1,0,5.0,-5.0,0.41666666666666663,0.0,0.0,,requested_mode_matches_applied_mode
fis,persistent-low-generation,1,40,0.6666666666666666,0.6666666666666666,2026-01-01T00:40:00Z,79.90253411306043,79.89035087719299,NORMAL,NORMAL,0.0,85.0,70.0,0.16787878787878788,0.0,0.0,0.0,0.2,0,-5.0,M1,1.0,M1,M1,0,5.0,-5.0,0.41666666666666663,0.0,0.0,,requested_mode_matches_applied_mode
fis,persistent-low-generation,1,45,0.75,0.75,2026-01-01T00:45:00Z,79.89035087719299,79.87816764132555,NORMAL,NORMAL,0.0,85.0,70.0,0.16787878787878788,0.0,0.0,0.0,0.2,0,-5.0,M1,1.0,M1,M1,0,5.0,-5.0,0.41666666666666663,0.0,0.0,,requested_mode_matches_applied_mode
fis,persistent-low-generation,1,50,0.8333333333333334,0.8333333333333334,2026-01-01T00:50:00Z,79.87816764132555,79.8659844054581,NORMAL,NORMAL,0.0,85.0,70.0,0.16787878787878788,0.0,0.0,0.0,0.2,0,-5.0,M1,1.0,M1,M1,0,5.0,-5.0,0.41666666666666663,0.0,0.0,,requested_mode_matches_applied_mode
fis,persistent-low-generation,1,55,0.9166666666666666,0.9166666666666666,2026-01-01T00:55:00Z,79.8659844054581,79.85380116959065,NORMAL,NORMAL,0.0,85.0,70.0,0.16787878787878788,0.0,0.0,0.0,0.2,0,-5.0,M1,1.0,M1,M1,0,5.0,-5.0,0.41666666666666663,0.0,0.0,,requested_mode_matches_applied_mode
fis,persistent-low-generation,1,60,1.0,1.0,2026-01-01T01:00:00Z,79.85380116959065,79.8416179337232,NORMAL,NORMAL,0.0,85.0,70.0,0.16787878787878788,0.0,0.0,0.0,0.2,0,-5.0,M1,1.0,M1,M1,0,5.0,-5.0,0.41666666666666663,0.0,0.0,,requested_mode_matches_applied_mode
fis,persistent-low-generation,1,65,1.0833333333333333,1.0833333333333333,2026-01-01T01:05:00Z,79.8416179337232,79.82943469785576,NORMAL,NORMAL,0.0,85.0,70.0,0.16787878787878788,0.0,0.0,0.0,0.2,0,-5.0,M1,0.9999999999999998,M1,M1,0,5.0,-5.0,0.41666666666666663,0.0,0.0,,requested_mode_matches_applied_mode
fis,persistent-low-generation,1,70,1.1666666666666667,1.1666666666666667,2026-01-01T01:10:00Z,79.82943469785576,79.8172514619883,NORMAL,NORMAL,0.0,85.0,70.0,0.16787878787878788,0.0,0.0,0.0,0.2,0,-5.0,M1,1.0,M1,M1,0,5.0,-5.0,0.41666666666666663,0.0,0.0,,requested_mode_matches_applied_mode
fis,persistent-low-generation,1,75,1.25,1.25,2026-01-01T01:15:00Z,79.8172514619883,79.80506822612087,NORMAL,NORMAL,0.0,85.0,70.0,0.16787878787878788,0.0,0.0,0.0,0.2,0,-5.0,M1,1.0,M1,M1,0,5.0,-5.0,0.41666666666666663,0.0,0.0,,requested_mode_matches_applied_mode
fis,persistent-low-generation,1,80,1.3333333333333333,1.3333333333333333,2026-01-01T01:20:00Z,79.80506822612087,79.79288499025341,NORMAL,NORMAL,0.0,85.0,70.0,0.16787878787878788,0.0,0.0,0.0,0.2,0,-5.0,M1,1.0,M1,M1,0,5.0,-5.0,0.41666666666666663,0.0,0.0,,requested_mode_matches_applied_mode
fis,persistent-low-generation,1,85,1.4166666666666667,1.4166666666666667,2026-01-01T01:25:00Z,79.79288499025341,79.78070175438597,NORMAL,NORMAL,0.0,85.0,70.0,0.16787878787878788,0.0,0.0,0.0,0.2,0,-5.0,M1,1.0,M1,M1,0,5.0,-5.0,0.41666666666666663,0.0,0.0,,requested_mode_matches_applied_mode
fis,persistent-low-generation,1,90,1.5,1.5,2026-01-01T01:30:00Z,79.78070175438597,79.76851851851852,NORMAL,NORMAL,0.0,85.0,70.0,0.16787878787878788,0.0,0.0,0.0,0.2,0,-5.0,M1,1.0,M1,M1,0,5.0,-5.0,0.41666666666666663,0.0,0.0,,requested_mode_matches_applied_mode
fis,persistent-low-generation,1,95,1.5833333333333333,1.5833333333333333,2026-01-01T01:35:00Z,79.76851851851852,79.75633528265108,NORMAL,NORMAL,0.0,85.0,70.0,0.16787878787878788,0.0,0.0,0.0,0.2,0,-5.0,M1,0.9999999999999998,M1,M1,0,5.0,-5.0,0.41666666666666663,0.0,0.0,,requested_mode_matches_applied_mode
fis,persistent-low-generation,1,100,1.6666666666666667,1.6666666666666667,2026-01-01T01:40:00Z,79.75633528265108,79.74415204678363,NORMAL,NORMAL,0.0,85.0,70.0,0.16787878787878788,0.0,0.0,0.0,0.2,0,-5.0,M1,1.0000000000000002,M1,M1,0,5.0,-5.0,0.41666666666666663,0.0,0.0,,requested_mode_matches_applied_mode
fis,persistent-low-generation,1,105,1.75,1.75,2026-01-01T01:45:00Z,79.74415204678363,79.73196881091619,NORMAL,NORMAL,0.0,85.0,70.0,0.16787878787878788,0.0,0.0,0.0,0.2,0,-5.0,M1,1.0,M1,M1,0,5.0,-5.0,0.41666666666666663,0.0,0.0,,requested_mode_matches_applied_mode
fis,persistent-low-generation,1,110,1.8333333333333333,1.8333333333333333,2026-01-01T01:50:00Z,79.73196881091619,79.71978557504873,NORMAL,NORMAL,0.0,85.0,70.0,0.16787878787878788,0.0,0.0,0.0,0.2,0,-5.0,M1,1.0,M1,M1,0,5.0,-5.0,0.41666666666666663,0.0,0.0,,requested_mode_matches_applied_mode
fis,persistent-low-generation,1,115,1.9166666666666667,1.9166666666666667,2026-01-01T01:55:00Z,79.71978557504873,79.7076023391813,NORMAL,NORMAL,0.0,85.0,70.0,0.16787878787878788,0.0,0.0,0.0,0.2,0,-5.0,M1,1.0000000000000002,M1,M1,0,5.0,-5.0,0.41666666666666663,0.0,0.0,,requested_mode_matches_applied_mode
fis,persistent-low-generation,1,120,2.0,2.0,2026-01-01T02:00:00Z,79.7076023391813,79.69541910331385,NORMAL,NORMAL,0.0,85.0,70.0,0.16787878787878788,0.0,0.0,0.0,0.2,0,-5.0,M1,1.0,M1,M1,0,5.0,-5.0,0.41666666666666663,0.0,0.0,,requested_mode_matches_applied_mode
fis,persistent-low-generation,1,125,2.0833333333333335,2.0833333333333335,2026-01-01T02:05:00Z,79.69541910331385,79.68323586744641,NORMAL,NORMAL,0.0,85.0,70.0,0.16787878787878788,0.0,0.0,0.0,0.2,0,-5.0,M1,1.0,M1,M1,0,5.0,-5.0,0.41666666666666663,0.0,0.0,,requested_mode_matches_applied_mode
fis,persistent-low-generation,1,130,2.1666666666666665,2.1666666666666665,2026-01-01T02:10:00Z,79.68323586744641,79.67105263157896,NORMAL,NORMAL,0.0,85.0,70.0,0.16787878787878788,0.0,0.0,0.0,0.2,0,-5.0,M1,0.9999999999999998,M1,M1,0,5.0,-5.0,0.41666666666666663,0.0,0.0,,requested_mode_matches_applied_mode
fis,persistent-low-generation,1,135,2.25,2.25,2026-01-01T02:15:00Z,79.67105263157896,79.65886939571152,NORMAL,NORMAL,0.0,85.0,70.0,0.16787878787878788,0.0,0.0,0.0,0.2,0,-5.0,M1,1.0000000000000002,M1,M1,0,5.0,-5.0,0.41666666666666663,0.0,0.0,,requested_mode_matches_applied_mode
fis,persistent-low-generation,1,140,2.3333333333333335,2.3333333333333335,2026-01-01T02:20:00Z,79.65886939571152,79.64668615984407,NORMAL,NORMAL,0.0,85.0,70.0,0.16787878787878788,0.0,0.0,0.0,0.2,0,-5.0,M1,1.0,M1,M1,0,5.0,-5.0,0.41666666666666663,0.0,0.0,,requested_mode_matches_applied_mode
fis,persistent-low-generation,1,145,2.4166666666666665,2.4166666666666665,2026-01-01T02:25:00Z,79.64668615984407,79.63450292397663,NORMAL,NORMAL,0.0,85.0,70.0,0.16787878787878788,0.0,0.0,0.0,0.2,0,-5.0,M1,1.0,M1,M1,0,5.0,-5.0,0.41666666666666663,0.0,0.0,,requested_mode_matches_applied_mode
fis,persistent-low-generation,1,150,2.5,2.5,2026-01-01T02:30:00Z,79.63450292397663,79.62231968810917,NORMAL,NORMAL,0.0,85.0,70.0,0.16787878787878788,0.0,0.0,0.0,0.2,0,-5.0,M1,1.0,M1,M1,0,5.0,-5.0,0.41666666666666663,0.0,0.0,,requested_mode_matches_applied_mode
fis,persistent-low-generation,1,155,2.5833333333333335,2.5833333333333335,2026-01-01T02:35:00Z,79.62231968810917,79.61013645224173,NORMAL,NORMAL,0.0,85.0,70.0,0.16787878787878788,0.0,0.0,0.0,0.2,0,-5.0,M1,1.0,M1,M1,0,5.0,-5.0,0.41666666666666663,0.0,0.0,,requested_mode_matches_applied_mode
fis,persistent-low-generation,1,160,2.6666666666666665,2.6666666666666665,2026-01-01T02:40:00Z,79.61013645224173,79.59795321637428,NORMAL,NORMAL,0.0,85.0,70.0,0.16787878787878788,0.0,0.0,0.0,0.2,0,-5.0,M1,0.9999999999999998,M1,M1,0,5.0,-5.0,0.41666666666666663,0.0,0.0,,requested_mode_matches_applied_mode
fis,persistent-low-generation,1,165,2.75,2.75,2026-01-01T02:45:00Z,79.59795321637428,79.58576998050684,NORMAL,NORMAL,0.0,85.0,70.0,0.16787878787878788,0.0,0.0,0.0,0.2,0,-5.0,M1,1.0000000000000002,M1,M1,0,5.0,-5.0,0.41666666666666663,0.0,0.0,,requested_mode_matches_applied_mode
fis,persistent-low-generation,1,170,2.8333333333333335,2.8333333333333335,2026-01-01T02:50:00Z,79.58576998050684,79.57358674463939,NORMAL,NORMAL,0.0,85.0,70.0,0.16787878787878788,0.0,0.0,0.0,0.2,0,-5.0,M1,1.0,M1,M1,0,5.0,-5.0,0.41666666666666663,0.0,0.0,,requested_mode_matches_applied_mode
fis,persistent-low-generation,1,175,2.9166666666666665,2.9166666666666665,2026-01-01T02:55:00Z,79.57358674463939,79.56140350877195,NORMAL,NORMAL,0.0,85.0,70.0,0.16787878787878788,0.0,0.0,0.0,0.2,0,-5.0,M1,1.0,M1,M1,0,5.0,-5.0,0.41666666666666663,0.0,0.0,,requested_mode_matches_applied_mode
fis,persistent-low-generation,1,180,3.0,3.0,2026-01-01T03:00:00Z,79.56140350877195,79.54922027290449,NORMAL,NORMAL,0.0,85.0,70.0,0.16787878787878788,0.0,0.0,0.0,0.2,0,-5.0,M1,1.0,M1,M1,0,5.0,-5.0,0.41666666666666663,0.0,0.0,,requested_mode_matches_applied_mode
fis,persistent-low-generation,1,185,3.0833333333333335,3.0833333333333335,2026-01-01T03:05:00Z,79.54922027290449,79.53703703703705,NORMAL,NORMAL,0.0,85.0,70.0,0.16787878787878788,0.0,0.0,0.0,0.2,0,-5.0,M1,1.0,M1,M1,0,5.0,-5.0,0.41666666666666663,0.0,0.0,,requested_mode_matches_applied_mode
fis,persistent-low-generation,1,190,3.1666666666666665,3.1666666666666665,2026-01-01T03:10:00Z,79.53703703703705,79.5248538011696,NORMAL,NORMAL,0.0,85.0,70.0,0.16787878787878788,0.0,0.0,0.0,0.2,0,-5.0,M1,0.9999999999999998,M1,M1,0,5.0,-5.0,0.41666666666666663,0.0,0.0,,requested_mode_matches_applied_mode
fis,persistent-low-generation,1,195,3.25,3.25,2026-01-01T03:15:00Z,79.5248538011696,79.51267056530216,NORMAL,NORMAL,0.0,85.0,70.0,0.16787878787878788,0.0,0.0,0.0,0.2,0,-5.0,M1,1.0000000000000002,M1,M1,0,5.0,-5.0,0.41666666666666663,0.0,0.0,,requested_mode_matches_applied_mode
fis,persistent-low-generation,1,200,3.3333333333333335,3.3333333333333335,2026-01-01T03:20:00Z,79.51267056530216,79.50048732943472,NORMAL,NORMAL,0.0,85.0,70.0,0.16787878787878788,0.0,0.0,0.0,0.2,0,-5.0,M1,1.0,M1,M1,0,5.0,-5.0,0.41666666666666663,0.0,0.0,,requested_mode_matches_applied_mode
fis,persistent-low-generation,1,205,3.4166666666666665,3.4166666666666665,2026-01-01T03:25:00Z,79.50048732943472,79.48830409356728,NORMAL,NORMAL,0.0,85.0,70.0,0.16787878787878788,0.0,0.0,0.0,0.2,0,-5.0,M1,0.9999999999999998,M1,M1,0,5.0,-5.0,0.41666666666666663,0.0,0.0,,requested_mode_matches_applied_mode
fis,persistent-low-generation,1,210,3.5,3.5,2026-01-01T03:30:00Z,79.48830409356728,79.47612085769983,NORMAL,NORMAL,0.0,85.0,70.0,0.16787878787878788,0.0,0.0,0.0,0.2,0,-5.0,M1,1.0000000000000002,M1,M1,0,5.0,-5.0,0.41666666666666663,0.0,0.0,,requested_mode_matches_applied_mode
fis,persistent-low-generation,1,215,3.5833333333333335,3.5833333333333335,2026-01-01T03:35:00Z,79.47612085769983,79.46393762183239,NORMAL,NORMAL,0.0,85.0,70.0,0.16787878787878788,0.0,0.0,0.0,0.2,0,-5.0,M1,1.0,M1,M1,0,5.0,-5.0,0.41666666666666663,0.0,0.0,,requested_mode_matches_applied_mode
fis,persistent-low-generation,1,220,3.6666666666666665,3.6666666666666665,2026-01-01T03:40:00Z,79.46393762183239,79.45175438596493,NORMAL,NORMAL,0.0,85.0,70.0,0.16787878787878788,0.0,0.0,0.0,0.2,0,-5.0,M1,0.9999999999999998,M1,M1,0,5.0,-5.0,0.41666666666666663,0.0,0.0,,requested_mode_matches_applied_mode
fis,persistent-low-generation,1,225,3.75,3.75,2026-01-01T03:45:00Z,79.45175438596493,79.43957115009749,NORMAL,NORMAL,0.0,85.0,70.0,0.16787878787878788,0.0,0.0,0.0,0.2,0,-5.0,M1,1.0000000000000002,M1,M1,0,5.0,-5.0,0.41666666666666663,0.0,0.0,,requested_mode_matches_applied_mode
fis,persistent-low-generation,1,230,3.8333333333333335,3.8333333333333335,2026-01-01T03:50:00Z,79.43957115009749,79.42738791423004,NORMAL,NORMAL,0.0,85.0,70.0,0.16787878787878788,0.0,0.0,0.0,0.2,0,-5.0,M1,1.0,M1,M1,0,5.0,-5.0,0.41666666666666663,0.0,0.0,,requested_mode_matches_applied_mode
fis,persistent-low-generation,1,235,3.9166666666666665,3.9166666666666665,2026-01-01T03:55:00Z,79.42738791423004,79.4152046783626,NORMAL,NORMAL,0.0,85.0,70.0,0.16787878787878788,0.0,0.0,0.0,0.2,0,-5.0,M1,0.9999999999999998,M1,M1,0,5.0,-5.0,0.41666666666666663,0.0,0.0,,requested_mode_matches_applied_mode
fis,persistent-low-generation,1,240,4.0,4.0,2026-01-01T04:00:00Z,79.4152046783626,79.40302144249515,NORMAL,NORMAL,0.0,85.0,70.0,0.16787878787878788,0.0,0.0,0.0,0.2,0,-5.0,M1,1.0000000000000002,M1,M1,0,5.0,-5.0,0.41666666666666663,0.0,0.0,,requested_mode_matches_applied_mode
fis,persistent-low-generation,1,245,4.083333333333333,4.083333333333333,2026-01-01T04:05:00Z,79.40302144249515,79.3908382066277,NORMAL,NORMAL,0.0,85.0,70.0,0.16787878787878788,0.0,0.0,0.0,0.2,0,-5.0,M1,1.0,M1,M1,0,5.0,-5.0,0.41666666666666663,0.0,0.0,,requested_mode_matches_applied_mode
fis,persistent-low-generation,1,250,4.166666666666667,4.166666666666667,2026-01-01T04:10:00Z,79.3908382066277,79.37865497076025,NORMAL,NORMAL,0.0,85.0,70.0,0.16787878787878788,0.0,0.0,0.0,0.2,0,-5.0,M1,0.9999999999999998,M1,M1,0,5.0,-5.0,0.41666666666666663,0.0,0.0,,requested_mode_matches_applied_mode
fis,persistent-low-generation,1,255,4.25,4.25,2026-01-01T04:15:00Z,79.37865497076025,79.36647173489281,NORMAL,NORMAL,0.0,85.0,70.0,0.16787878787878788,0.0,0.0,0.0,0.2,0,-5.0,M1,1.0000000000000002,M1,M1,0,5.0,-5.0,0.41666666666666663,0.0,0.0,,requested_mode_matches_applied_mode
fis,persistent-low-generation,1,260,4.333333333333333,4.333333333333333,2026-01-01T04:20:00Z,79.36647173489281,79.35428849902536,NORMAL,NORMAL,0.0,85.0,70.0,0.16787878787878788,0.0,0.0,0.0,0.2,0,-5.0,M1,1.0,M1,M1,0,5.0,-5.0,0.41666666666666663,0.0,0.0,,requested_mode_matches_applied_mode
fis,persistent-low-generation,1,265,4.416666666666667,4.416666666666667,2026-01-01T04:25:00Z,79.35428849902536,79.34210526315792,NORMAL,NORMAL,0.0,85.0,70.0,0.16787878787878788,0.0,0.0,0.0,0.2,0,-5.0,M1,0.9999999999999998,M1,M1,0,5.0,-5.0,0.41666666666666663,0.0,0.0,,requested_mode_matches_applied_mode
fis,persistent-low-generation,1,270,4.5,4.5,2026-01-01T04:30:00Z,79.34210526315792,79.32992202729046,NORMAL,NORMAL,0.0,85.0,70.0,0.16787878787878788,0.0,0.0,0.0,0.2,0,-5.0,M1,1.0000000000000002,M1,M1,0,5.0,-5.0,0.41666666666666663,0.0,0.0,,requested_mode_matches_applied_mode
fis,persistent-low-generation,1,275,4.583333333333333,4.583333333333333,2026-01-01T04:35:00Z,79.32992202729046,79.31773879142304,NORMAL,NORMAL,0.0,85.0,70.0,0.16787878787878788,0.0,0.0,0.0,0.2,0,-5.0,M1,0.9999999999999998,M1,M1,0,5.0,-5.0,0.41666666666666663,0.0,0.0,,requested_mode_matches_applied_mode
fis,persistent-low-generation,1,280,4.666666666666667,4.666666666666667,2026-01-01T04:40:00Z,79.31773879142304,79.30555555555559,NORMAL,NORMAL,0.0,85.0,70.0,0.16787878787878788,0.0,0.0,0.0,0.2,0,-5.0,M1,0.9999999999999998,M1,M1,0,5.0,-5.0,0.41666666666666663,0.0,0.0,,requested_mode_matches_applied_mode
fis,persistent-low-generation,1,285,4.75,4.75,2026-01-01T04:45:00Z,79.30555555555559,79.29337231968815,NORMAL,NORMAL,0.0,85.0,70.0,0.16787878787878788,0.0,0.0,0.0,0.2,0,-5.0,M1,1.0000000000000004,M1,M1,0,5.0,-5.0,0.41666666666666663,0.0,0.0,,requested_mode_matches_applied_mode
fis,persistent-low-generation,1,290,4.833333333333333,4.833333333333333,2026-01-01T04:50:00Z,79.29337231968815,79.28118908382069,NORMAL,NORMAL,0.0,85.0,70.0,0.16787878787878788,0.0,0.0,0.0,0.2,0,-5.0,M1,1.0000000000000002,M1,M1,0,5.0,-5.0,0.41666666666666663,0.0,0.0,,requested_mode_matches_applied_mode
fis,persistent-low-generation,1,295,4.916666666666667,4.916666666666667,2026-01-01T04:55:00Z,79.28118908382069,79.26900584795325,NORMAL,NORMAL,0.0,85.0,70.0,0.16787878787878788,0.0,0.0,0.0,0.2,0,-5.0,M1,0.9999999999999998,M1,M1,0,5.0,-5.0,0.41666666666666663,0.0,0.0,,requested_mode_matches_applied_mode
fis,persistent-low-generation,1,300,5.0,5.0,2026-01-01T05:00:00Z,79.26900584795325,79.2568226120858,NORMAL,NORMAL,0.0,85.0,70.0,0.16787878787878788,0.0,0.0,0.0,0.2,0,-5.0,M1,0.9999999999999996,M1,M1,0,5.0,-5.0,0.41666666666666663,0.0,0.0,,requested_mode_matches_applied_mode
fis,persistent-low-generation,1,305,5.083333333333333,5.083333333333333,2026-01-01T05:05:00Z,79.2568226120858,79.24463937621836,NORMAL,NORMAL,0.0,85.0,70.0,0.16787878787878788,0.0,0.0,0.0,0.2,0,-5.0,M1,1.0,M1,M1,0,5.0,-5.0,0.41666666666666663,0.0,0.0,,requested_mode_matches_applied_mode
fis,persistent-low-generation,1,310,5.166666666666667,5.166666666666667,2026-01-01T05:10:00Z,79.24463937621836,79.2324561403509,NORMAL,NORMAL,0.0,85.0,70.0,0.16787878787878788,0.0,0.0,0.0,0.2,0,-5.0,M1,0.9999999999999998,M1,M1,0,5.0,-5.0,0.41666666666666663,0.0,0.0,,requested_mode_matches_applied_mode
fis,persistent-low-generation,1,315,5.25,5.25,2026-01-01T05:15:00Z,79.2324561403509,79.22027290448347,NORMAL,NORMAL,0.0,85.0,70.0,0.16787878787878788,0.0,0.0,0.0,0.2,0,-5.0,M1,1.0000000000000002,M1,M1,0,5.0,-5.0,0.41666666666666663,0.0,0.0,,requested_mode_matches_applied_mode
fis,persistent-low-generation,1,320,5.333333333333333,5.333333333333333,2026-01-01T05:20:00Z,79.22027290448347,79.20808966861601,NORMAL,NORMAL,0.0,85.0,70.0,0.16787878787878788,0.0,0.0,0.0,0.2,0,-5.0,M1,1.0,M1,M1,0,5.0,-5.0,0.41666666666666663,0.0,0.0,,requested_mode_matches_applied_mode
fis,persistent-low-generation,1,325,5.416666666666667,5.416666666666667,2026-01-01T05:25:00Z,79.20808966861601,79.19590643274857,NORMAL,NORMAL,0.0,85.0,70.0,0.16787878787878788,0.0,0.0,0.0,0.2,0,-5.0,M1,0.9999999999999998,M1,M1,0,5.0,-5.0,0.41666666666666663,0.0,0.0,,requested_mode_matches_applied_mode
fis,persistent-low-generation,1,330,5.5,5.5,2026-01-01T05:30:00Z,79.19590643274857,79.18372319688112,NORMAL,NORMAL,0.0,85.0,70.0,0.16787878787878788,0.0,0.0,0.0,0.7,2,-5.0,M2,1.9144905821686096,M1,M1,0,5.0,-5.0,0.41666666666666663,0.0,0.0,poor_tracking_condition,requested_mode_matches_applied_mode
fis,persistent-low-generation,1,335,5.583333333333333,5.583333333333333,2026-01-01T05:35:00Z,79.18372319688112,79.17153996101366,NORMAL,NORMAL,0.0,85.0,70.0,0.16787878787878788,0.0,0.0,0.0,0.7,2,-5.0,M2,1.9145310155244142,M1,M1,0,5.0,-5.0,0.41666666666666663,0.0,0.0,poor_tracking_condition,requested_mode_matches_applied_mode
fis,persistent-low-generation,1,340,5.666666666666667,5.666666666666667,2026-01-01T05:40:00Z,79.17153996101366,79.15935672514622,NORMAL,NORMAL,0.0,85.0,70.0,0.16787878787878788,0.0,0.0,0.0,0.7,2,-5.0,M2,1.9145714524558235,M1,M1,0,5.0,-5.0,0.41666666666666663,0.0,0.0,poor_tracking_condition,requested_mode_matches_applied_mode
fis,persistent-low-generation,1,345,5.75,5.75,2026-01-01T05:45:00Z,79.15935672514622,79.14717348927877,NORMAL,NORMAL,0.0,85.0,70.0,0.16787878787878788,0.0,0.0,0.0,0.7,2,-5.0,M2,1.914611892963313,M1,M1,0,5.0,-5.0,0.41666666666666663,0.0,0.0,poor_tracking_condition,requested_mode_matches_applied_mode
fis,persistent-low-generation,1,350,5.833333333333333,5.833333333333333,2026-01-01T05:50:00Z,79.14717348927877,79.13499025341133,NORMAL,NORMAL,0.0,85.0,70.0,0.16787878787878788,0.0,0.0,0.0,0.7,2,-5.0,M2,1.9146523370473552,M1,M1,0,5.0,-5.0,0.41666666666666663,0.0,0.0,poor_tracking_condition,requested_mode_matches_applied_mode
fis,persistent-low-generation,1,355,5.916666666666667,5.916666666666667,2026-01-01T05:55:00Z,79.13499025341133,79.12280701754388,NORMAL,NORMAL,0.0,85.0,70.0,0.16787878787878788,0.0,0.0,0.0,0.7,2,-5.0,M2,1.9147002472800372,M1,M1,0,5.0,-5.0,0.41666666666666663,0.0,0.0,poor_tracking_condition,requested_mode_matches_applied_mode
fis,persistent-low-generation,1,360,6.0,6.0,2026-01-01T06:00:00Z,79.12280701754388,79.11062378167645,NORMAL,NORMAL,0.0,85.0,70.0,0.16787878787878788,0.0,0.0,0.0,0.7,2,-5.0,M2,1.914752257521176,M1,M1,0,5.0,-5.0,0.41666666666666663,0.0,0.0,poor_tracking_condition,requested_mode_matches_applied_mode
fis,persistent-low-generation,1,365,6.083333333333333,6.083333333333333,2026-01-01T06:05:00Z,79.11062378167645,79.10013780396523,NORMAL,NORMAL,4.8216660077797915,85.0,70.0,0.16787878787878788,1.7478539278201746,0.7739497192387732,0.6965547473148959,0.7,2,-4.303445252685104,M2,1.9148042736772988,M1,M1,0,5.0,-4.303445252685104,0.3586204377237586,0.0,0.0,poor_tracking_condition,requested_mode_matches_applied_mode
fis,persistent-low-generation,1,370,6.166666666666667,6.166666666666667,2026-01-01T06:10:00Z,79.10013780396523,79.09185272992208,NORMAL,NORMAL,11.074116387152303,85.0,70.0,0.16787878787878788,4.0143671903427105,1.7775617918837523,1.599805612695377,0.7,2,-3.400194387304623,M2,1.914849048150444,M1,M1,0,5.0,-3.400194387304623,0.28334953227538523,0.0,0.0,poor_tracking_condition,requested_mode_matches_applied_mode
fis,persistent-low-generation,1,375,6.25,6.25,2026-01-01T06:15:00Z,79.09185272992208,79.0860076456644,NORMAL,NORMAL,18.005775996288847,85.0,70.0,0.16787878787878788,6.5270937986547075,2.8901971340443047,2.6011774206398743,0.7,2,-2.3988225793601257,M2,1.914884428001388,M1,M1,0,5.0,-2.3988225793601257,0.1999018816133438,0.0,0.0,poor_tracking_condition,requested_mode_matches_applied_mode
fis,persistent-low-generation,1,380,6.333333333333333,6.333333333333333,2026-01-01T06:20:00Z,79.0860076456644,79.08276980639717,NORMAL,NORMAL,25.412583557295157,85.0,70.0,0.16787878787878788,9.212061539519496,4.079100849699233,3.67119076472931,0.7,2,-1.3288092352706902,M2,1.9149093899810583,M1,M1,0,5.0,-1.3288092352706902,0.11073410293922417,0.0,0.0,poor_tracking_condition,requested_mode_matches_applied_mode
fis,persistent-low-generation,1,385,6.416666666666667,6.416666666666667,2026-01-01T06:25:00Z,79.08276980639717,79.0822686268986,NORMAL,NORMAL,33.18703986676286,85.0,70.0,0.16787878787878788,12.030301951701539,5.327017704213441,4.794315933792097,0.7,2,-0.20568406620790292,M2,1.9149232180631186,M1,M1,0,5.0,-0.20568406620790292,0.017140338850658576,0.0,0.0,poor_tracking_condition,requested_mode_matches_applied_mode
fis,persistent-low-generation,1,390,6.5,6.5,2026-01-01T06:30:00Z,79.0822686268986,79.08426984733855,NORMAL,NORMAL,41.260150911287276,85.0,70.0,0.16787878787878788,14.95680470534164,6.622873123525278,5.96058581117275,0.7,2,0.9605858111727503,M2,1.9149253585252053,M1,M1,0,5.0,0.9605858111727503,0.0,0.0,0.0,poor_tracking_condition,requested_mode_matches_applied_mode
fis,persistent-low-generation,1,395,6.583333333333333,6.583333333333333,2026-01-01T06:35:00Z,79.08426984733855,79.08877582148345,NORMAL,NORMAL,49.58254223077287,85.0,70.0,0.16787878787878788,17.97367155865517,7.958741766172509,7.162867589555258,0.7,2,2.1628675895552583,M2,1.914916811674233,M1,M1,0,5.0,2.1628675895552583,0.0,0.0,0.0,poor_tracking_condition,requested_mode_matches_applied_mode
fis,persistent-low-generation,1,400,6.666666666666667,6.666666666666667,2026-01-01T06:40:00Z,79.08877582148345,79.09585016049672,NORMAL,NORMAL,58.11629045657219,85.0,70.0,0.16787878787878788,21.067155290507422,9.328536362636687,8.395682726373018,0.7,2,3.3956827263730176,M2,1.9148975680572144,M1,M1,0,5.0,3.3956827263730176,0.0,0.0,0.0,poor_tracking_condition,requested_mode_matches_applied_mode
fis,persistent-low-generation,1,405,6.75,6.75,2026-01-01T06:45:00Z,79.09585016049672,79.10554725900454,NORMAL,NORMAL,66.83077236639176,85.0,70.0,0.16787878787878788,24.226154982817015,10.727341426391375,9.654607283752238,0.7,2,4.654607283752238,M2,1.9148673573840809,M1,M1,0,5.0,4.654607283752238,0.0,0.0,0.0,poor_tracking_condition,requested_mode_matches_applied_mode
fis,persistent-low-generation,1,410,6.833333333333333,6.833333333333333,2026-01-01T06:50:00Z,79.10554725900454,79.11791378619756,NORMAL,NORMAL,75.70031913007261,85.0,70.0,0.16787878787878788,27.441365684651327,12.151036725163607,10.935933052647247,0.7,2,5.935933052647247,M2,1.9148259495663147,M1,M1,0,5.0,5.935933052647247,0.0,0.0,0.0,poor_tracking_condition,requested_mode_matches_applied_mode
fis,persistent-low-generation,1,415,6.916666666666667,6.916666666666667,2026-01-01T06:55:00Z,79.11791378619756,79.1329897465045,NORMAL,NORMAL,84.7027861524679,85.0,70.0,0.16787878787878788,30.704759980269614,13.596067719263385,12.236460947337047,0.7,2,7.236460947337047,M2,1.9147731483935517,M1,M1,0,5.0,7.236460947337047,0.0,0.0,0.0,poor_tracking_condition,requested_mode_matches_applied_mode
fis,persistent-low-generation,1,420,7.0,7.0,2026-01-01T07:00:00Z,79.1329897465045,79.1508092624198,NORMAL,NORMAL,93.81862989157445,85.0,70.0,0.16787878787878788,34.00925333569574,15.059297377046073,13.553367639341467,1.0,3,8.553367639341467,M2,2.0000000000000004,M1,M1,0,5.0,8.553367639341467,0.0,0.0,0.0,poor_tracking_condition,requested_mode_matches_applied_mode
fis,persistent-low-generation,1,425,7.083333333333333,7.083333333333333,2026-01-01T07:05:00Z,79.1508092624198,79.17140116981237,NORMAL,NORMAL,103.03028480154445,85.0,70.0,0.16787878787878788,37.34847824055987,16.53790616491991,14.88411554842792,1.0,3,9.88411554842792,M2,2.000000000000001,M1,M1,0,5.0,9.88411554842792,0.0,0.0,1.1102230246251565e-16,poor_tracking_condition,requested_mode_matches_applied_mode
fis,persistent-low-generation,1,430,7.166666666666667,7.166666666666667,2026-01-01T07:10:00Z,79.17140116981237,79.19478948208807,NORMAL,NORMAL,112.32172758060445,85.0,70.0,0.16787878787878788,40.71662624796912,18.029322102600723,16.226389892340652,1.0,3,11.226389892340652,M2,2.0,M1,M1,0,5.0,11.226389892340652,0.0,0.0,1.1102230246251565e-16,poor_tracking_condition,requested_mode_matches_applied_mode
fis,persistent-low-generation,1,435,7.25,7.25,2026-01-01T07:15:00Z,79.19478948208807,79.22099375992728,NORMAL,NORMAL,121.67816343103348,85.0,70.0,0.16787878787878788,44.108334243749646,19.531170403132343,17.57805336281911,1.0,3,12.578053362819109,M2,2.0000000000000004,M1,M1,0,5.0,12.578053362819109,0.0,0.0,0.0,poor_tracking_condition,requested_mode_matches_applied_mode
fis,persistent-low-generation,1,440,7.333333333333333,7.333333333333333,2026-01-01T07:20:00Z,79.22099375992728,79.25002941138236,NORMAL,NORMAL,131.08579467086636,85.0,70.0,0.16787878787878788,47.518600568189065,21.041236331594117,18.937112698434706,1.0,3,13.937112698434706,M2,1.9999999999999996,M1,M1,0,5.0,13.937112698434706,0.0,0.0,0.0,poor_tracking_condition,requested_mode_matches_applied_mode
fis,persistent-low-generation,1,445,7.416666666666667,7.416666666666667,2026-01-01T07:25:00Z,79.25002941138236,79.28190793957182,NORMAL,NORMAL,140.53164661624442,85.0,70.0,0.16787878787878788,50.942721898388605,22.557437256606473,20.301693530945826,1.0,3,15.301693530945826,M2,1.9999999999999996,M1,M1,0,5.0,15.301693530945826,0.0,0.0,0.0,poor_tracking_condition,requested_mode_matches_applied_mode
fis,persistent-low-generation,1,450,7.5,7.5,2026-01-01T07:30:00Z,79.28190793957182,79.31663715026825,NORMAL,NORMAL,150.00343432272098,85.0,70.0,0.16787878787878788,54.376244941986364,24.07780126031156,21.670021134280404,1.0,3,16.670021134280404,M2,1.9999999999999996,M1,M1,0,5.0,16.670021134280404,0.0,0.0,0.0,poor_tracking_condition,requested_mode_matches_applied_mode
fis,persistent-low-generation,1,455,7.583333333333333,7.583333333333333,2026-01-01T07:35:00Z,79.31663715026825,79.35422132834879,NORMAL,NORMAL,159.4894591274398,85.0,70.0,0.16787878787878788,57.81492893369693,25.600450531841002,23.0404054786569,1.0,3,18.0404054786569,M2,2.0000000000000004,M1,M1,0,5.0,18.0404054786569,0.0,0.0,0.0,poor_tracking_condition,requested_mode_matches_applied_mode
fis,persistent-low-generation,1,460,7.666666666666667,7.666666666666667,2026-01-01T07:40:00Z,79.35422132834879,79.39466138977741,NORMAL,NORMAL,168.97852734939661,85.0,70.0,0.16787878787878788,61.25471616415628,27.1235883174884,24.41122948573956,1.0,3,19.41122948573956,M2,2.0,M1,M1,0,5.0,19.41122948573956,0.0,0.0,0.0,poor_tracking_condition,requested_mode_matches_applied_mode
fis,persistent-low-generation,1,465,7.75,7.75,2026-01-01T07:45:00Z,79.39466138977741,79.43795501416182,NORMAL,NORMAL,178.45988574631707,85.0,70.0,0.16787878787878788,64.69170858303994,28.645488560570083,25.780939704513074,1.0,3,20.780939704513074,M2,2.0000000000000004,M1,M1,0,5.0,20.780939704513074,0.0,0.0,0.0,poor_tracking_condition,requested_mode_matches_applied_mode
fis,persistent-low-generation,1,470,7.833333333333333,7.833333333333333,2026-01-01T07:50:00Z,79.43795501416182,79.48409676175642,NORMAL,NORMAL,187.9231698346319,85.0,70.0,0.16787878787878788,68.12214906505407,30.164487606005945,27.148038845405353,1.0,3,22.148038845405353,M2,2.0,M1,M1,0,5.0,22.148038845405353,0.0,0.0,0.0,poor_tracking_condition,requested_mode_matches_applied_mode
fis,persistent-low-generation,1,475,7.916666666666667,7.916666666666667,2026-01-01T07:55:00Z,79.48409676175642,79.53307817792312,NORMAL,NORMAL,197.35836221618453,85.0,70.0,0.16787878787878788,71.5424063033669,31.678977511130867,28.511079760017783,1.0,3,23.511079760017783,M2,2.0000000000000004,M1,M1,0,5.0,23.511079760017783,0.0,0.0,0.0,poor_tracking_condition,requested_mode_matches_applied_mode
fis,persistent-low-generation,1,480,8.0,8.0,2026-01-01T08:00:00Z,79.53307817792312,79.58488788742089,NORMAL,NORMAL,206.75575878282945,85.0,70.0,0.16787878787878788,74.94896255877568,33.187400621025866,29.86866055892328,1.0,3,24.86866055892328,M2,2.000000000000001,M1,M1,0,5.0,24.86866055892328,0.0,0.0,0.0,poor_tracking_condition,requested_mode_matches_applied_mode
fis,persistent-low-generation,1,485,8.083333333333334,8.083333333333334,2026-01-01T08:05:00Z,79.58488788742089,79.63951168041052,NORMAL,NORMAL,216.1059411895107,85.0,70.0,0.16787878787878788,78.33840368119763,34.68824515003431,31.219420635030882,1.0,3,26.219420635030882,M2,2.0000000000000004,M1,M1,0,5.0,26.219420635030882,0.0,0.0,0.0,poor_tracking_condition,requested_mode_matches_applied_mode
fis,persistent-low-generation,1,490,8.166666666666666,8.166666666666666,2026-01-01T08:10:00Z,79.63951168041052,79.69693259169063,NORMAL,NORMAL,225.39975436323758,85.0,70.0,0.16787878787878788,81.70741095667363,36.18004157161508,32.56203741445357,1.0,3,27.56203741445357,M2,2.000000000000001,M1,M1,0,5.0,27.56203741445357,0.0,0.0,0.0,poor_tracking_condition,requested_mode_matches_applied_mode
fis,persistent-low-generation,1,495,8.25,8.25,2026-01-01T08:15:00Z,79.69693259169063,79.75713097439248,NORMAL,NORMAL,234.6282880927447,85.0,70.0,0.16787878787878788,85.05275443361997,37.66135966320692,33.895223696886234,1.0,3,28.895223696886234,M2,2.0000000000000004,M1,M1,0,5.0,28.895223696886234,0.0,0.0,0.0,poor_tracking_condition,requested_mode_matches_applied_mode
fis,persistent-low-generation,1,500,8.333333333333334,8.333333333333334,2026-01-01T08:20:00Z,79.75713097439248,79.82008456913702,NORMAL,NORMAL,243.78286195050265,85.0,70.0,0.16787878787878788,88.37128745705722,39.130806085984936,35.217725477386445,1.0,3,30.217725477386445,M2,2.000000000000001,M1,M1,0,5.0,30.217725477386445,0.0,0.0,0.0,poor_tracking_condition,requested_mode_matches_applied_mode
fis,persistent-low-generation,1,505,8.416666666666666,8.416666666666666,2026-01-01T08:25:00Z,79.82008456913702,79.88576856947873,NORMAL,NORMAL,252.85501295493205,85.0,70.0,0.16787878787878788,91.65994219616287,40.58702240446092,36.52832016401483,1.0,3,31.52832016401483,M2,2.000000000000001,M1,M1,0,5.0,31.52832016401483,0.0,0.0,0.0,poor_tracking_condition,requested_mode_matches_applied_mode
fis,persistent-low-generation,1,510,8.5,8.5,2026-01-01T08:30:00Z,79.88576856947873,79.95415568431835,NORMAL,NORMAL,261.8364854999091,85.0,70.0,0.16787878787878788,94.91572599371706,42.02868347001791,37.82581512301612,1.0,3,32.82581512301612,M2,2.000000000000001,M1,M1,0,5.0,32.82581512301612,0.0,0.0,0.0,poor_tracking_condition,requested_mode_matches_applied_mode
fis,persistent-low-generation,1,515,8.583333333333334,8.583333333333334,2026-01-01T08:35:00Z,79.95415568431835,80.02521619785274,NORMAL,NORMAL,270.71922317062246,85.0,70.0,0.16787878787878788,98.13571839935065,43.454496107232465,39.10904649650922,1.0,3,34.10904649650922,M2,2.000000000000001,M1,M1,0,5.0,34.10904649650922,0.0,0.0,0.0,poor_tracking_condition,requested_mode_matches_applied_mode
fis,persistent-low-generation,1,520,8.666666666666666,8.666666666666666,2026-01-01T08:40:00Z,80.02521619785274,80.09891802753609,NORMAL,NORMAL,279.4953621364576,85.0,70.0,0.16787878787878788,101.31706877446588,44.86319805333349,40.376878248000146,1.0,3,35.376878248000146,M2,2.000000000000001,M1,M1,0,5.0,35.376878248000146,0.0,0.0,0.0,poor_tracking_condition,requested_mode_matches_applied_mode
fis,persistent-low-generation,1,525,8.75,8.75,2026-01-01T08:45:00Z,80.09891802753609,80.175226780451,NORMAL,NORMAL,288.1572258678527,85.0,70.0,0.16787878787878788,104.4569943770966,46.25355711017838,41.62820139916054,1.0,3,36.62820139916054,M2,2.000000000000001,M1,M1,0,5.0,36.62820139916054,0.0,0.0,0.0,poor_tracking_condition,requested_mode_matches_applied_mode
fis,persistent-low-generation,1,530,8.833333333333334,8.833333333333334,2026-01-01T08:50:00Z,80.175226780451,80.25410580842549,NORMAL,NORMAL,296.69732096864084,85.0,70.0,0.16787878787878788,107.55277885113232,47.62437047528139,42.86193342775325,1.0,3,37.86193342775325,M2,2.000000000000001,M1,M1,0,5.0,37.86193342775325,0.0,0.0,0.0,poor_tracking_condition,requested_mode_matches_applied_mode
fis,persistent-low-generation,1,535,8.916666666666666,8.916666666666666,2026-01-01T08:55:00Z,80.25410580842549,80.33551626217907,NORMAL,NORMAL,305.1083339509776,85.0,70.0,0.16787878787878788,110.6017710572294,48.97446422414117,44.07701780172706,1.0,3,39.07701780172706,M2,2.000000000000001,M1,M1,0,5.0,39.07701780172706,0.0,0.0,0.0,poor_tracking_condition,requested_mode_matches_applied_mode
fis,persistent-low-generation,1,540,9.0,9.0,2026-01-01T09:00:00Z,80.33551626217907,80.41941714473874,NORMAL,NORMAL,313.38312880856245,85.0,70.0,0.16787878787878788,113.6013841931039,50.302692920706406,45.272423628635764,1.0,3,40.272423628635764,M2,2.000000000000001,M1,M1,0,5.0,40.272423628635764,0.0,0.0,0.0,poor_tracking_condition,requested_mode_matches_applied_mode
fis,persistent-low-generation,1,545,9.083333333333334,9.083333333333334,2026-01-01T09:05:00Z,80.41941714473874,80.50576536432807,NORMAL,NORMAL,321.5147452670294,85.0,70.0,0.16787878787878788,116.54909515929818,51.607939336537235,46.447145402883514,1.0,3,41.447145402883514,M2,2.000000000000001,M1,M1,0,5.0,41.447145402883514,0.0,0.0,0.0,poor_tracking_condition,requested_mode_matches_applied_mode
fis,persistent-low-generation,1,550,9.166666666666666,9.166666666666666,2026-01-01T09:10:00Z,80.50576536432807,80.59451578690313,NORMAL,NORMAL,329.4963976092564,85.0,70.0,0.16787878787878788,119.44244413335547,52.8891142622498,47.60020283602482,1.0,3,42.60020283602482,M2,2.000000000000001,M1,M1,0,5.0,42.60020283602482,0.0,0.0,0.0,poor_tracking_condition,requested_mode_matches_applied_mode
fis,persistent-low-generation,1,555,9.25,9.25,2026-01-01T09:15:00Z,80.59451578690313,80.68562128848143,NORMAL,NORMAL,337.3214739888143,85.0,70.0,0.16787878787878788,122.2790343209452,54.14515639731453,48.730640757583075,1.0,3,43.730640757583075,M2,2.000000000000001,M1,M1,0,5.0,43.730640757583075,0.0,0.0,0.0,poor_tracking_condition,requested_mode_matches_applied_mode
fis,persistent-low-generation,1,560,9.333333333333334,9.333333333333334,2026-01-01T09:20:00Z,80.68562128848143,80.77903280738913,NORMAL,NORMAL,344.9835361575411,85.0,70.0,0.16787878787878788,125.05653185710867,55.37503230632772,49.837529075694945,1.0,3,44.837529075694945,M2,2.000000000000001,M1,M1,0,5.0,44.837529075694945,0.0,0.0,4.440892098500626e-16,poor_tracking_condition,requested_mode_matches_applied_mode
fis,persistent-low-generation,1,565,9.416666666666666,9.416666666666666,2026-01-01T09:25:00Z,80.77903280738913,80.87469939653167,NORMAL,NORMAL,352.47631954379665,85.0,70.0,0.16787878787878788,127.7726658346263,56.57773643157252,50.91996278841527,1.0,3,45.91996278841527,M2,2.000000000000001,M1,M1,0,5.0,45.91996278841527,0.0,0.0,0.0,poor_tracking_condition,requested_mode_matches_applied_mode
fis,persistent-low-generation,1,570,9.5,9.5,2026-01-01T09:30:00Z,80.87469939653167,80.97256827577708,NORMAL,NORMAL,359.7937336267778,85.0,70.0,0.16787878787878788,130.42522843970696,57.75229115310224,51.97706203779202,1.0,3,46.97706203779202,M2,2.000000000000001,M1,M1,0,5.0,46.97706203779202,0.0,0.0,0.0,poor_tracking_condition,requested_mode_matches_applied_mode
fis,persistent-low-generation,1,575,9.583333333333334,9.583333333333334,2026-01-01T09:35:00Z,80.97256827577708,81.07258488452683,NORMAL,NORMAL,366.9298625596508,85.0,70.0,0.16787878787878788,133.01207517787344,58.897746888762356,53.00797219988612,1.0,3,48.00797219988612,M2,2.000000000000001,M1,M1,0,5.0,48.00797219988612,0.0,0.0,0.0,poor_tracking_condition,requested_mode_matches_applied_mode
fis,persistent-low-generation,1,580,9.666666666666666,9.666666666666666,2026-01-01T09:40:00Z,81.07258488452683,81.17469293453685,NORMAL,NORMAL,373.8789660004802,85.0,70.0,0.16787878787878788,135.53112517517408,60.01318222756708,54.01186400481037,1.0,3,49.01186400481037,M2,2.000000000000001,M1,M1,0,5.0,49.01186400481037,0.0,0.0,0.0,poor_tracking_condition,requested_mode_matches_applied_mode
fis,persistent-low-generation,1,585,9.75,9.75,2026-01-01T09:45:00Z,81.17469293453685,81.27883446304024,NORMAL,NORMAL,380.63548011518435,85.0,70.0,0.16787878787878788,137.98036154175435,61.09770409068883,54.98793368161995,1.0,3,49.98793368161995,M2,2.000000000000001,M1,M1,0,5.0,49.98793368161995,0.0,0.0,0.0,poor_tracking_condition,requested_mode_matches_applied_mode
fis,persistent-low-generation,1,590,9.833333333333334,9.833333333333334,2026-01-01T09:50:00Z,81.27883446304024,81.38494988621426,NORMAL,NORMAL,387.1940187212154,85.0,70.0,0.16787878787878788,140.3578317864406,62.150447915035905,55.93540312353232,1.0,3,50.93540312353232,M2,2.000000000000001,M1,M1,0,5.0,50.93540312353232,0.0,0.0,0.0,poor_tracking_condition,requested_mode_matches_applied_mode
fis,persistent-low-generation,1,595,9.916666666666666,9.916666666666666,2026-01-01T09:55:00Z,81.38494988621426,81.49297805302572,NORMAL,NORMAL,393.5493745444713,85.0,70.0,0.16787878787878788,142.66164827237085,63.17057785500582,56.85352006950524,1.0,3,51.85352006950524,M2,2.000000000000001,M1,M1,0,5.0,51.85352006950524,0.0,0.0,0.0,poor_tracking_condition,requested_mode_matches_applied_mode
fis,persistent-low-generation,1,600,10.0,10.0,2026-01-01T10:00:00Z,81.49297805302572,81.60285629948129,NORMAL,NORMAL,399.6965205652085,85.0,70.0,0.16787878787878788,144.8899887048881,64.15728699852446,57.74155829867201,0.95,3,52.74155829867201,M2,2.000000000000001,M1,M1,0,5.0,52.74155829867201,0.0,0.0,0.0,poor_tracking_condition,requested_mode_matches_applied_mode
fis,persistent-low-generation,1,605,10.083333333333334,10.083333333333334,2026-01-01T10:05:00Z,81.60285629948129,81.71452050330326,NORMAL,NORMAL,405.6306114315386,85.0,70.0,0.16787878787878788,147.04109664393278,65.10979759393342,58.59881783454008,0.95,3,53.59881783454008,M2,2.000000000000001,M1,M1,0,5.0,53.59881783454008,0.0,0.0,0.0,poor_tracking_condition,requested_mode_matches_applied_mode
fis,persistent-low-generation,1,610,10.166666666666666,10.166666666666666,2026-01-01T10:10:00Z,81.71452050330326,81.82790513904536,NORMAL,NORMAL,411.3469849215116,85.0,70.0,0.16787878787878788,149.11328203404798,66.02736128467643,59.42462515620879,0.95,3,54.42462515620879,M2,2.000000000000001,M1,M1,0,5.0,54.42462515620879,0.0,0.0,0.0,poor_tracking_condition,requested_mode_matches_applied_mode
fis,persistent-low-generation,1,615,10.25,10.25,2026-01-01T10:15:00Z,81.82790513904536,81.9429433336582,NORMAL,NORMAL,416.8411634369035,85.0,70.0,0.16787878787878788,151.10492174587753,66.90925934907456,60.218333414167105,0.95,3,55.218333414167105,M2,2.000000000000001,M1,M1,0,5.0,55.218333414167105,0.0,0.0,0.0,poor_tracking_condition,requested_mode_matches_applied_mode
fis,persistent-low-generation,1,620,10.333333333333334,10.333333333333334,2026-01-01T10:20:00Z,81.9429433336582,82.05956692250925,NORMAL,NORMAL,422.1088555136517,85.0,70.0,0.16787878787878788,153.01446012369877,67.75480294277381,60.97932264849643,0.95,3,55.97932264849643,M2,2.000000000000001,M1,M1,0,5.0,55.97932264849643,0.0,0.0,0.0,poor_tracking_condition,requested_mode_matches_applied_mode
fis,persistent-low-generation,1,625,10.416666666666666,10.416666666666666,2026-01-01T10:25:00Z,82.05956692250925,82.17770650585827,NORMAL,NORMAL,427.1459573354957,85.0,70.0,0.16787878787878788,154.8404095341172,68.56333334170711,61.7070000075364,0.95,3,56.7070000075364,M2,2.0000000000000004,M1,M1,0,5.0,56.7070000075364,0.0,0.0,0.0,poor_tracking_condition,requested_mode_matches_applied_mode
fis,persistent-low-generation,1,630,10.5,10.5,2026-01-01T10:30:00Z,82.17770650585827,82.29729150578594,NORMAL,NORMAL,431.9485542387826,85.0,70.0,0.16787878787878788,156.5813509115587,69.33422218363819,62.40079996527437,0.95,3,57.40079996527437,M2,2.000000000000001,M1,M1,0,5.0,57.40079996527437,0.0,0.0,0.0,poor_tracking_condition,requested_mode_matches_applied_mode
fis,persistent-low-generation,1,635,10.583333333333334,10.583333333333334,2026-01-01T10:35:00Z,82.29729150578594,82.41825022356905,NORMAL,NORMAL,436.5129221976478,85.0,70.0,0.16787878787878788,158.23593429664734,70.06687170655545,63.0601845358999,0.95,3,58.0601845358999,M2,2.0,M1,M1,0,5.0,58.0601845358999,0.0,0.0,0.0,poor_tracking_condition,requested_mode_matches_applied_mode
fis,persistent-low-generation,1,640,10.666666666666666,10.666666666666666,2026-01-01T10:40:00Z,82.41825022356905,82.5405098974943,NORMAL,NORMAL,440.8355292798796,85.0,70.0,0.16787878787878788,159.80287936395638,70.76071498235987,63.68464348412389,0.95,3,58.68464348412389,M2,2.0000000000000004,M1,M1,0,5.0,58.68464348412389,0.0,0.0,0.0,poor_tracking_condition,requested_mode_matches_applied_mode
fis,persistent-low-generation,1,645,10.75,10.75,2026-01-01T10:45:00Z,82.5405098974943,82.66399676109847,NORMAL,NORMAL,444.91303706475765,85.0,70.0,0.16787878787878788,161.28097593597465,71.41521614444957,64.27369453000462,0.95,3,59.27369453000462,M2,2.0000000000000004,M1,M1,0,5.0,59.27369453000462,0.0,0.0,0.0,poor_tracking_condition,requested_mode_matches_applied_mode
fis,persistent-low-generation,1,650,10.833333333333334,10.833333333333334,2026-01-01T10:50:00Z,82.66399676109847,82.78863610182171,NORMAL,NORMAL,448.7423020150338,85.0,70.0,0.16787878787878788,162.66908448044975,72.02987060794315,64.82688354714884,0.95,3,59.82688354714884,M2,2.0000000000000004,M1,M1,0,5.0,59.82688354714884,0.0,0.0,0.0,poor_tracking_condition,requested_mode_matches_applied_mode
fis,persistent-low-generation,1,655,10.916666666666666,10.916666666666666,2026-01-01T10:55:00Z,82.78863610182171,82.91435232005769,NORMAL,NORMAL,452.3203767960078,85.0,70.0,0.16787878787878788,163.96613658855284,72.60420528141118,65.34378475327007,0.95,3,60.34378475327007,M2,2.0000000000000004,M1,M1,0,5.0,60.34378475327007,0.0,0.0,0.0,poor_tracking_condition,requested_mode_matches_applied_mode
fis,persistent-low-generation,1,660,11.0,11.0,2026-01-01T11:00:00Z,82.91435232005769,83.04106898858308,NORMAL,NORMAL,455.64451153536436,85.0,70.0,0.16787878787878788,165.1711354315696,73.13777876909901,65.82400089218912,0.95,3,60.82400089218912,M2,2.0,M1,M1,0,5.0,60.82400089218912,0.0,0.0,0.0,poor_tracking_condition,requested_mode_matches_applied_mode
fis,persistent-low-generation,1,665,11.083333333333334,11.083333333333334,2026-01-01T11:05:00Z,83.04106898858308,83.16870891234653,NORMAL,NORMAL,458.71215501807666,85.0,70.0,0.16787878787878788,166.28315619405282,73.63018156272658,66.26716340645392,0.95,3,61.26716340645392,M2,1.9999999999999991,M1,M1,0,5.0,61.26716340645392,0.0,0.0,0.0,poor_tracking_condition,requested_mode_matches_applied_mode
fis,persistent-low-generation,1,670,11.166666666666666,11.166666666666666,2026-01-01T11:10:00Z,83.16870891234653,83.29719418859621,NORMAL,NORMAL,461.52095581127423,85.0,70.0,0.16787878787878788,167.30134648158693,74.08103622204669,66.67293259984203,0.95,3,61.67293259984203,M2,2.000000000000002,M1,M1,0,5.0,61.67293259984203,0.0,0.0,0.0,poor_tracking_condition,requested_mode_matches_applied_mode
fis,persistent-low-generation,1,675,11.25,11.25,2026-01-01T11:15:00Z,83.29719418859621,83.42644626732347,NORMAL,NORMAL,464.06876331450326,85.0,70.0,0.16787878787878788,168.22492670150746,74.48999754342749,67.04099778908474,0.95,3,62.04099778908474,M2,2.0,M1,M1,0,5.0,62.04099778908474,0.0,0.0,0.0,poor_tracking_condition,requested_mode_matches_applied_mode
fis,persistent-low-generation,1,680,11.333333333333334,11.333333333333334,2026-01-01T11:20:00Z,83.42644626732347,83.55638601199892,NORMAL,NORMAL,466.3536287313086,85.0,70.0,0.16787878787878788,169.0531904150994,74.85675271580602,67.37107744422542,0.95,3,62.37107744422542,M2,1.9999999999999996,M1,M1,0,5.0,62.37107744422542,0.0,0.0,0.0,poor_tracking_condition,requested_mode_matches_applied_mode
fis,persistent-low-generation,1,685,11.416666666666666,11.416666666666666,2026-01-01T11:25:00Z,83.55638601199892,83.6869337605762,NORMAL,NORMAL,468.37380595852005,85.0,70.0,0.16787878787878788,169.78550465996355,75.18102146343188,67.6629193170887,0.95,3,62.662919317088694,M2,2.0000000000000018,M1,M1,0,5.0,62.662919317088694,0.0,0.0,0.0,poor_tracking_condition,requested_mode_matches_applied_mode
fis,persistent-low-generation,1,690,11.5,11.5,2026-01-01T11:30:00Z,83.6869337605762,83.81800938673744,NORMAL,NORMAL,470.1277523900539,85.0,70.0,0.16787878787878788,170.42131024139456,75.46255617488951,67.91630055740056,0.95,3,62.91630055740056,M2,2.0000000000000004,M1,M1,0,5.0,62.91630055740056,0.0,0.0,0.0,poor_tracking_condition,requested_mode_matches_applied_mode
fis,persistent-low-generation,1,695,11.583333333333334,11.583333333333334,2026-01-01T11:35:00Z,83.81800938673744,83.94953236135444,NORMAL,NORMAL,471.61412963244163,85.0,70.0,0.16787878787878788,170.9601219917601,75.70114201795137,68.13102781615623,0.95,3,63.131027816156234,M2,2.0000000000000004,M1,M1,0,5.0,63.131027816156234,0.0,0.0,0.0,poor_tracking_condition,requested_mode_matches_applied_mode
fis,persistent-low-generation,1,700,11.666666666666666,11.666666666666666,2026-01-01T11:40:00Z,83.94953236135444,84.08142181413753,NORMAL,NORMAL,472.8318041296715,85.0,70.0,0.16787878787878788,171.40152899700595,75.89659703987422,68.3069373358868,0.95,3,63.3069373358868,M2,2.000000000000001,M1,M1,0,5.0,63.3069373358868,0.0,0.0,0.0,poor_tracking_condition,requested_mode_matches_applied_mode
fis,persistent-low-generation,1,705,11.75,11.75,2026-01-01T11:45:00Z,84.08142181413753,84.21359659544488,NORMAL,NORMAL,473.77984769529087,85.0,70.0,0.16787878787878788,171.74519478954295,76.04877225280961,68.44389502752865,0.95,3,63.443895027528654,M2,2.0,M1,M1,0,5.0,63.443895027528654,0.0,0.0,0.0,poor_tracking_condition,requested_mode_matches_applied_mode
fis,persistent-low-generation,1,710,11.833333333333334,11.833333333333334,2026-01-01T11:50:00Z,84.21359659544488,84.34597533822331,NORMAL,NORMAL,474.457537950053,85.0,70.0,0.16787878787878788,171.99085750689423,76.15755170405276,68.54179653364749,0.95,3,63.541796533647485,M2,2.000000000000002,M1,M1,0,5.0,63.541796533647485,0.0,0.0,0.0,poor_tracking_condition,requested_mode_matches_applied_mode
fis,persistent-low-generation,1,715,11.916666666666666,11.916666666666666,2026-01-01T11:55:00Z,84.34597533822331,84.4784765200521,NORMAL,NORMAL,474.86435866372636,85.0,70.0,0.16787878787878788,172.13833001560081,76.22285253090804,68.60056727781723,0.95,3,63.600567277817234,M2,2.0000000000000018,M1,M1,0,5.0,63.600567277817234,0.0,0.0,0.0,poor_tracking_condition,requested_mode_matches_applied_mode
fis,persistent-low-generation,1,720,12.0,12.0,2026-01-01T12:00:00Z,84.4784765200521,84.61101852526042,NORMAL,NORMAL,475.0,85.0,70.0,0.16787878787878788,172.18750000000003,76.24462500000001,68.62016250000002,0.95,3,63.62016250000002,M2,2.0000000000000013,M1,M1,0,5.0,63.62016250000002,0.0,0.0,0.0,poor_tracking_condition,requested_mode_matches_applied_mode
fis,persistent-low-generation,1,725,12.083333333333334,12.083333333333334,2026-01-01T12:05:00Z,84.61101852526042,84.74351970708919,NORMAL,NORMAL,474.86435866372636,85.0,70.0,0.16787878787878788,172.13833001560081,76.22285253090804,68.60056727781723,0.95,3,63.600567277817234,M2,2.0000000000000018,M1,M1,0,5.0,63.600567277817234,0.0,0.0,0.0,poor_tracking_condition,requested_mode_matches_applied_mode
fis,persistent-low-generation,1,730,12.166666666666666,12.166666666666666,2026-01-01T12:10:00Z,84.74351970708919,84.87589844986762,NORMAL,NORMAL,474.457537950053,85.0,70.0,0.16787878787878788,171.99085750689423,76.15755170405276,68.54179653364749,0.95,3,63.541796533647485,M2,2.000000000000002,M1,M1,0,5.0,63.541796533647485,0.0,0.0,0.0,poor_tracking_condition,requested_mode_matches_applied_mode
fis,persistent-low-generation,1,735,12.25,12.25,2026-01-01T12:15:00Z,84.87589844986762,85.00807323117498,NORMAL,NORMAL,473.77984769529087,85.0,70.0,0.16787878787878788,171.74519478954295,76.04877225280961,68.44389502752865,0.95,3,63.443895027528654,M2,2.0,M1,M1,0,5.0,63.443895027528654,0.0,0.0,0.0,poor_tracking_condition,requested_mode_matches_applied_mode
fis,persistent-low-generation,1,740,12.333333333333334,12.333333333333334,2026-01-01T12:20:00Z,85.00807323117498,85.13996268395806,NORMAL,NORMAL,472.8318041296715,85.0,70.0,0.16787878787878788,171.40152899700595,75.89659703987422,68.3069373358868,0.95,3,63.3069373358868,M2,2.001827755502564,M1,M1,0,5.0,63.3069373358868,0.0,0.0,0.0,poor_tracking_condition,requested_mode_matches_applied_mode
fis,persistent-low-generation,1,745,12.416666666666666,12.416666666666666,2026-01-01T12:25:00Z,85.13996268395806,85.27148565857506,NORMAL,NORMAL,471.61412963244163,85.0,70.0,0.16787878787878788,170.9601219917601,75.70114201795137,68.13102781615623,0.95,3,63.131027816156234,M2,2.0312064855006478,M1,M1,0,5.0,63.131027816156234,0.0,0.0,0.0,poor_tracking_condition,requested_mode_matches_applied_mode
fis,persistent-low-generation,1,750,12.5,12.5,2026-01-01T12:30:00Z,85.27148565857506,85.40256128473632,NORMAL,NORMAL,470.12775239005396,85.0,70.0,0.16787878787878788,170.4213102413946,75.46255617488953,67.91630055740058,0.95,3,62.916300557400575,M2,2.059532312397303,M1,M1,0,5.0,62.916300557400575,0.0,0.0,0.0,poor_tracking_condition,requested_mode_matches_applied_mode
fis,persistent-low-generation,1,755,12.583333333333334,12.583333333333334,2026-01-01T12:35:00Z,85.40256128473632,85.5331090333136,NORMAL,NORMAL,468.37380595852005,85.0,70.0,0.16787878787878788,169.78550465996355,75.18102146343188,67.6629193170887,0.95,3,62.662919317088694,M2,2.086827133345331,M1,M1,0,5.0,62.662919317088694,0.0,0.0,0.0,poor_tracking_condition,requested_mode_matches_applied_mode
fis,persistent-low-generation,1,760,12.666666666666666,12.666666666666666,2026-01-01T12:40:00Z,85.5331090333136,85.66304877798905,NORMAL,NORMAL,466.3536287313086,85.0,70.0,0.16787878787878788,169.0531904150994,74.85675271580602,67.37107744422542,0.95,3,62.37107744422542,M2,2.1130954683376517,M1,M1,0,5.0,62.37107744422542,0.0,0.0,0.0,poor_tracking_condition,requested_mode_matches_applied_mode
fis,persistent-low-generation,1,765,12.75,12.75,2026-01-01T12:45:00Z,85.66304877798905,85.79230085671632,NORMAL,NORMAL,464.06876331450326,85.0,70.0,0.16787878787878788,168.22492670150746,74.48999754342749,67.04099778908474,0.95,3,62.04099778908474,M2,2.1383856270802712,M1,M1,0,5.0,62.04099778908474,0.0,0.0,0.0,poor_tracking_condition,requested_mode_matches_applied_mode
fis,persistent-low-generation,1,770,12.833333333333334,12.833333333333334,2026-01-01T12:50:00Z,85.79230085671632,85.92078613296599,NORMAL,NORMAL,461.52095581127423,85.0,70.0,0.16787878787878788,167.30134648158693,74.08103622204669,66.67293259984203,0.95,3,61.67293259984203,M2,2.1627210123268297,M1,M1,0,5.0,61.67293259984203,0.0,0.0,0.0,poor_tracking_condition,requested_mode_matches_applied_mode
fis,persistent-low-generation,1,775,12.916666666666666,12.916666666666666,2026-01-01T12:55:00Z,85.92078613296599,86.04842605672943,NORMAL,NORMAL,458.71215501807666,85.0,70.0,0.16787878787878788,166.28315619405282,73.63018156272658,66.26716340645392,0.95,3,61.26716340645392,M2,2.186126632948989,M1,M1,0,5.0,61.26716340645392,0.0,0.0,0.0,poor_tracking_condition,requested_mode_matches_applied_mode
fis,persistent-low-generation,1,780,13.0,13.0,2026-01-01T13:00:00Z,86.04842605672943,86.17514272525483,NORMAL,NORMAL,455.64451153536436,85.0,70.0,0.16787878787878788,165.1711354315696,73.13777876909901,65.82400089218912,1.0,3,60.82400089218912,M2,2.2086299394268107,M1,M1,0,5.0,60.82400089218912,0.0,0.0,0.0,poor_tracking_condition,requested_mode_matches_applied_mode
fis,persistent-low-generation,1,785,13.083333333333334,13.083333333333334,2026-01-01T13:05:00Z,86.17514272525483,86.3008589434908,NORMAL,NORMAL,452.3203767960078,85.0,70.0,0.16787878787878788,163.96613658855284,72.60420528141118,65.34378475327007,1.0,3,60.34378475327007,M2,2.2302678361366133,M1,M1,0,5.0,60.34378475327007,0.0,0.0,0.0,poor_tracking_condition,requested_mode_matches_applied_mode
fis,persistent-low-generation,1,790,13.166666666666666,13.166666666666666,2026-01-01T13:10:00Z,86.3008589434908,86.42549828421404,NORMAL,NORMAL,448.7423020150338,85.0,70.0,0.16787878787878788,162.66908448044975,72.02987060794315,64.82688354714884,1.0,3,59.82688354714884,M2,2.251086044934458,M1,M1,0,5.0,59.82688354714884,0.0,0.0,0.0,poor_tracking_condition,requested_mode_matches_applied_mode
fis,persistent-low-generation,1,795,13.25,13.25,2026-01-01T13:15:00Z,86.42549828421404,86.5489851478182,NORMAL,NORMAL,444.9130370647577,85.0,70.0,0.16787878787878788,161.28097593597468,71.41521614444959,64.27369453000463,1.0,3,59.27369453000463,M2,2.2710683340938775,M1,M1,0,5.0,59.27369453000463,0.0,0.0,0.0,poor_tracking_condition,requested_mode_matches_applied_mode
fis,persistent-low-generation,1,800,13.333333333333334,13.333333333333334,2026-01-01T13:20:00Z,86.5489851478182,86.67124482174346,NORMAL,NORMAL,440.83552927987967,85.0,70.0,0.16787878787878788,159.8028793639564,70.76071498235989,63.684643484123896,1.0,3,58.684643484123896,M2,2.290303650407427,M1,M1,0,5.0,58.684643484123896,0.0,0.0,0.0,poor_tracking_condition,requested_mode_matches_applied_mode
fis,persistent-low-generation,1,805,13.416666666666666,13.416666666666666,2026-01-01T13:25:00Z,86.67124482174346,86.79220353952657,NORMAL,NORMAL,436.51292219764787,85.0,70.0,0.16787878787878788,158.23593429664737,70.06687170655545,63.0601845358999,1.0,3,58.0601845358999,M2,2.3087876562121767,M1,M1,0,5.0,58.0601845358999,0.0,0.0,0.0,poor_tracking_condition,requested_mode_matches_applied_mode
fis,persistent-low-generation,1,810,13.5,13.5,2026-01-01T13:30:00Z,86.79220353952657,86.91178853945424,NORMAL,NORMAL,431.9485542387826,85.0,70.0,0.16787878787878788,156.5813509115587,69.33422218363819,62.40079996527437,1.0,3,57.40079996527437,M2,2.326582940733847,M1,M1,0,5.0,57.40079996527437,0.0,0.0,0.0,poor_tracking_condition,requested_mode_matches_applied_mode
fis,persistent-low-generation,1,815,13.583333333333334,13.583333333333334,2026-01-01T13:35:00Z,86.91178853945424,87.02992812280328,NORMAL,NORMAL,427.1459573354958,85.0,70.0,0.16787878787878788,154.84040953411724,68.56333334170712,61.70700000753641,1.0,3,56.70700000753641,M2,2.343692581598602,M1,M1,0,5.0,56.70700000753641,0.0,0.0,0.0,poor_tracking_condition,requested_mode_matches_applied_mode
fis,persistent-low-generation,1,820,13.666666666666666,13.666666666666666,2026-01-01T13:40:00Z,87.02992812280328,87.1465517116543,NORMAL,NORMAL,422.10885551365175,85.0,70.0,0.16787878787878788,153.01446012369877,67.75480294277381,60.97932264849643,1.0,3,55.97932264849643,M2,2.360120926350148,M1,M1,0,5.0,55.97932264849643,0.0,0.0,0.0,poor_tracking_condition,requested_mode_matches_applied_mode
fis,persistent-low-generation,1,825,13.75,13.75,2026-01-01T13:45:00Z,87.1465517116543,87.26158990626715,NORMAL,NORMAL,416.8411634369035,85.0,70.0,0.16787878787878788,151.10492174587753,66.90925934907456,60.218333414167105,1.0,3,55.218333414167105,M2,2.3757989510576625,M1,M1,0,5.0,55.218333414167105,0.0,0.0,0.0,poor_tracking_condition,requested_mode_matches_applied_mode
fis,persistent-low-generation,1,830,13.833333333333334,13.833333333333334,2026-01-01T13:50:00Z,87.26158990626715,87.37497454200924,NORMAL,NORMAL,411.3469849215117,85.0,70.0,0.16787878787878788,149.113282034048,66.02736128467645,59.424625156208805,1.0,3,54.424625156208805,M2,2.390643888583686,M1,M1,0,5.0,54.424625156208805,0.0,0.0,0.0,poor_tracking_condition,requested_mode_matches_applied_mode
fis,persistent-low-generation,1,835,13.916666666666666,13.916666666666666,2026-01-01T13:55:00Z,87.37497454200924,87.48663874583121,NORMAL,NORMAL,405.6306114315386,85.0,70.0,0.16787878787878788,147.04109664393278,65.10979759393342,58.59881783454008,1.0,3,53.59881783454008,M2,2.4047005513475552,M1,M1,0,5.0,53.59881783454008,0.0,0.0,0.0,poor_tracking_condition,requested_mode_matches_applied_mode
fis,persistent-low-generation,1,840,14.0,14.0,2026-01-01T14:00:00Z,87.48663874583121,87.59651699228678,NORMAL,NORMAL,399.69652056520863,85.0,70.0,0.16787878787878788,144.88998870488814,64.15728699852447,57.741558298672025,1.0,3,52.741558298672025,M2,2.4179849032762677,M1,M1,0,5.0,52.741558298672025,0.0,0.0,0.0,poor_tracking_condition,requested_mode_matches_applied_mode
fis,persistent-low-generation,1,845,14.083333333333334,14.083333333333334,2026-01-01T14:05:00Z,87.59651699228678,87.70454515909825,NORMAL,NORMAL,393.5493745444712,85.0,70.0,0.16787878787878788,142.66164827237083,63.1705778550058,56.85352006950522,1.0,3,51.85352006950522,M2,2.4305350090411344,M1,M1,0,5.0,51.85352006950522,0.0,0.0,0.0,poor_tracking_condition,requested_mode_matches_applied_mode
fis,persistent-low-generation,1,850,14.166666666666666,14.166666666666666,2026-01-01T14:10:00Z,87.70454515909825,87.81066058227228,NORMAL,NORMAL,387.1940187212154,85.0,70.0,0.16787878787878788,140.3578317864406,62.150447915035905,55.93540312353232,1.0,3,50.93540312353232,M2,2.442375528341737,M1,M1,0,5.0,50.93540312353232,0.0,0.0,0.0,poor_tracking_condition,requested_mode_matches_applied_mode
fis,persistent-low-generation,1,855,14.25,14.25,2026-01-01T14:15:00Z,87.81066058227228,87.91480211077565,NORMAL,NORMAL,380.63548011518446,85.0,70.0,0.16787878787878788,137.98036154175438,61.097704090688836,54.98793368161996,1.0,3,49.98793368161996,M2,2.4535484557555467,M1,M1,0,5.0,49.98793368161996,0.0,0.0,0.0,poor_tracking_condition,requested_mode_matches_applied_mode
fis,persistent-low-generation,1,860,14.333333333333334,14.333333333333334,2026-01-01T14:20:00Z,87.91480211077565,88.01691016078567,NORMAL,NORMAL,373.8789660004804,85.0,70.0,0.16787878787878788,135.53112517517414,60.01318222756711,54.0118640048104,1.0,3,49.0118640048104,M2,2.4640950198021185,M1,M1,0,5.0,49.0118640048104,0.0,0.0,0.0,poor_tracking_condition,requested_mode_matches_applied_mode
fis,persistent-low-generation,1,865,14.416666666666666,14.416666666666666,2026-01-01T14:25:00Z,88.01691016078567,88.11692676953544,NORMAL,NORMAL,366.92986255965087,85.0,70.0,0.16787878787878788,133.01207517787347,58.89774688876237,53.00797219988613,1.0,3,48.00797219988613,M2,2.4740460834333518,M1,M1,0,5.0,48.00797219988613,0.0,0.0,0.0,poor_tracking_condition,requested_mode_matches_applied_mode
fis,persistent-low-generation,1,870,14.5,14.5,2026-01-01T14:30:00Z,88.11692676953544,88.21479564878084,NORMAL,NORMAL,359.7937336267778,85.0,70.0,0.16787878787878788,130.42522843970696,57.75229115310224,51.97706203779202,1.0,3,46.97706203779202,M2,2.483431126933673,M1,M1,0,5.0,46.97706203779202,0.0,0.0,0.0,poor_tracking_condition,requested_mode_matches_applied_mode
fis,persistent-low-generation,1,875,14.583333333333334,14.583333333333334,2026-01-01T14:35:00Z,88.21479564878084,88.31046223792337,NORMAL,NORMAL,352.47631954379665,85.0,70.0,0.16787878787878788,127.7726658346263,56.57773643157252,50.91996278841527,1.0,3,45.91996278841527,M2,2.4922783750557183,M1,M1,0,5.0,45.91996278841527,0.0,0.0,0.0,poor_tracking_condition,requested_mode_matches_applied_mode
fis,persistent-low-generation,1,880,14.666666666666666,14.666666666666666,2026-01-01T14:40:00Z,88.31046223792337,88.40387375683108,NORMAL,NORMAL,344.9835361575411,85.0,70.0,0.16787878787878788,125.05653185710867,55.37503230632772,49.837529075694945,1.0,3,44.837529075694945,M3,2.500614914094851,M3,M1,0,5.0,44.837529075694945,0.0,0.0,4.440892098500626e-16,poor_tracking_condition,new_candidate_started
fis,persistent-low-generation,1,885,14.75,14.75,2026-01-01T14:45:00Z,88.40387375683108,88.49497925840937,NORMAL,NORMAL,337.3214739888144,85.0,70.0,0.16787878787878788,122.27903432094523,54.145156397314544,48.73064075758309,1.0,3,43.73064075758309,M3,2.50846679977049,M3,M1,0,5.0,43.73064075758309,0.0,0.0,0.0,poor_tracking_condition,waiting_for_candidate_confirmation
fis,persistent-low-generation,1,890,14.833333333333334,14.833333333333334,2026-01-01T14:50:00Z,88.49497925840937,88.40218779801513,NORMAL,NORMAL,329.4963976092564,85.0,70.0,0.16787878787878788,119.44244413335547,52.8891142622498,47.60020283602482,1.0,3,42.60020283602482,M3,2.515847755496775,M3,M3,1,85.68181818181819,-38.08161534579337,3.1734679454827806,5.916666666666666,0.0,poor_tracking_condition,candidate_confirmed_and_dwell_satisfied
fis,persistent-low-generation,1,895,14.916666666666666,14.916666666666666,2026-01-01T14:55:00Z,88.40218779801513,88.30658674348558,NORMAL,NORMAL,321.51474526702947,85.0,70.0,0.16787878787878788,116.54909515929819,51.60793933653724,46.44714540288352,1.0,3,-39.234672778934666,M3,2.508329519097136,M3,M3,1,85.68181818181819,-39.234672778934666,3.269556064911222,5.916666666666666,0.0,poor_tracking_condition,requested_mode_matches_applied_mode
fis,persistent-low-generation,1,900,15.0,15.0,2026-01-01T15:00:00Z,88.30658674348558,88.20812330646515,NORMAL,NORMAL,313.38312880856245,85.0,70.0,0.16787878787878788,113.6013841931039,50.302692920706406,45.272423628635764,1.0,3,-40.40939455318242,M3,2.5002869928205445,M3,M3,1,85.68181818181819,-40.40939455318242,3.367449546098535,5.916666666666666,0.0,poor_tracking_condition,requested_mode_matches_applied_mode
fis,persistent-low-generation,1,905,15.083333333333334,15.083333333333334,2026-01-01T15:05:00Z,88.20812330646515,88.28953376021875,NORMAL,NORMAL,305.1083339509776,85.0,70.0,0.16787878787878788,110.6017710572294,48.97446422414117,44.07701780172706,1.0,3,-41.60480038009113,M2,2.49169176551996,M1,M1,0,5.0,39.07701780172706,0.0,0.0,0.0,poor_tracking_condition,safety_reduction_applied_immediately
fis,persistent-low-generation,1,910,15.166666666666666,15.166666666666666,2026-01-01T15:10:00Z,88.28953376021875,88.36841278819324,NORMAL,NORMAL,296.69732096864095,85.0,70.0,0.16787878787878788,107.55277885113236,47.62437047528141,42.86193342775327,1.0,3,37.86193342775327,M2,2.4988180498272063,M1,M1,0,5.0,37.86193342775327,0.0,0.0,0.0,poor_tracking_condition,requested_mode_matches_applied_mode
fis,persistent-low-generation,1,915,15.25,15.25,2026-01-01T15:15:00Z,88.36841278819324,88.44472154110815,NORMAL,NORMAL,288.15722586785273,85.0,70.0,0.16787878787878788,104.45699437709663,46.25355711017839,41.62820139916055,1.0,3,36.62820139916055,M3,2.505501296186962,M3,M1,0,5.0,36.62820139916055,0.0,0.0,0.0,poor_tracking_condition,new_candidate_started
fis,persistent-low-generation,1,920,15.333333333333334,15.333333333333334,2026-01-01T15:20:00Z,88.44472154110815,88.5184233707915,NORMAL,NORMAL,279.4953621364577,85.0,70.0,0.16787878787878788,101.31706877446592,44.863198053333505,40.37687824800015,1.0,3,35.37687824800015,M3,2.511785161133267,M3,M1,0,5.0,35.37687824800015,0.0,0.0,0.0,poor_tracking_condition,waiting_for_candidate_confirmation
fis,persistent-low-generation,1,925,15.416666666666666,15.416666666666666,2026-01-01T15:25:00Z,88.5184233707915,88.40494195830291,NORMAL,NORMAL,270.7192231706225,85.0,70.0,0.16787878787878788,98.13571839935068,43.45449610723247,39.10904649650923,1.0,3,34.10904649650923,M3,2.5176935576319543,M3,M3,1,85.68181818181819,-46.57277168530896,3.88106430710908,5.916666666666666,0.0,poor_tracking_condition,candidate_confirmed_and_dwell_satisfied
fis,persistent-low-generation,1,930,15.5,15.5,2026-01-01T15:30:00Z,88.40494195830291,88.2883337637152,NORMAL,NORMAL,261.8364854999092,85.0,70.0,0.16787878787878788,94.9157259937171,42.02868347001793,37.82581512301614,1.0,3,-47.856003058802045,M3,2.5085537659351553,M3,M3,1,85.68181818181819,-47.856003058802045,3.98800025490017,5.916666666666666,0.0,poor_tracking_condition,requested_mode_matches_applied_mode
fis,persistent-low-generation,1,935,15.583333333333334,15.583333333333334,2026-01-01T15:35:00Z,88.2883337637152,88.3540177640569,NORMAL,NORMAL,252.855012954932,85.0,70.0,0.16787878787878788,91.65994219616286,40.58702240446092,36.52832016401483,1.0,3,-49.15349801780336,M2,2.4987134968442053,M1,M1,0,5.0,31.52832016401483,0.0,0.0,0.0,poor_tracking_condition,safety_reduction_applied_immediately
fis,persistent-low-generation,1,940,15.666666666666666,15.666666666666666,2026-01-01T15:40:00Z,88.3540177640569,88.41697135880145,NORMAL,NORMAL,243.7828619505026,85.0,70.0,0.16787878787878788,88.3712874570572,39.13080608598493,35.21772547738644,1.0,3,30.217725477386438,M3,2.504290485273751,M3,M1,0,5.0,30.217725477386438,0.0,0.0,0.0,poor_tracking_condition,new_candidate_started
fis,persistent-low-generation,1,945,15.75,15.75,2026-01-01T15:45:00Z,88.41697135880145,88.4771697415033,NORMAL,NORMAL,234.6282880927447,85.0,70.0,0.16787878787878788,85.05275443361997,37.66135966320692,33.895223696886234,1.0,3,28.895223696886234,M3,2.5095324234556124,M3,M1,0,5.0,28.895223696886234,0.0,0.0,0.0,poor_tracking_condition,waiting_for_candidate_confirmation
fis,persistent-low-generation,1,950,15.833333333333334,15.833333333333334,2026-01-01T15:50:00Z,88.4771697415033,88.34773557784013,NORMAL,NORMAL,225.39975436323775,85.0,70.0,0.16787878787878788,81.7074109566737,36.18004157161511,32.5620374144536,1.0,3,27.5620374144536,M3,2.5144106588174164,M3,M3,1,85.68181818181819,-53.11978076736459,4.426648397280382,5.916666666666666,0.0,poor_tracking_condition,candidate_confirmed_and_dwell_satisfied
fis,persistent-low-generation,1,955,15.916666666666666,15.916666666666666,2026-01-01T15:55:00Z,88.34773557784013,88.2150299307963,NORMAL,NORMAL,216.1059411895109,85.0,70.0,0.16787878787878788,78.33840368119772,34.688245150034355,31.21942063503092,1.0,3,-54.462397546787265,M3,2.5037614556026297,M3,M3,1,85.68181818181819,-54.462397546787265,4.538533128898939,5.916666666666666,0.0,poor_tracking_condition,requested_mode_matches_applied_mode
fis,persistent-low-generation,1,960,16.0,16.0,2026-01-01T16:00:00Z,88.2150299307963,88.26683964029407,NORMAL,NORMAL,206.75575878282945,85.0,70.0,0.16787878787878788,74.94896255877568,33.187400621025866,29.86866055892328,1.0,3,-55.813157622894906,M2,2.4922989640381292,M1,M1,0,5.0,24.86866055892328,0.0,0.0,0.0,poor_tracking_condition,safety_reduction_applied_immediately
fis,persistent-low-generation,1,965,16.083333333333332,16.083333333333332,2026-01-01T16:05:00Z,88.26683964029407,88.31582105646076,NORMAL,NORMAL,197.35836221618453,85.0,70.0,0.16787878787878788,71.5424063033669,31.678977511130867,28.511079760017783,1.0,3,23.511079760017783,M2,2.4968382926933006,M1,M1,0,5.0,23.511079760017783,0.0,0.0,0.0,poor_tracking_condition,requested_mode_matches_applied_mode
fis,persistent-low-generation,1,970,16.166666666666668,16.166666666666668,2026-01-01T16:10:00Z,88.31582105646076,88.36196280405537,NORMAL,NORMAL,187.9231698346319,85.0,70.0,0.16787878787878788,68.12214906505407,30.164487606005945,27.148038845405353,1.0,3,22.148038845405353,M3,2.501068109259466,M3,M1,0,5.0,22.148038845405353,0.0,0.0,0.0,poor_tracking_condition,new_candidate_started
fis,persistent-low-generation,1,975,16.25,16.25,2026-01-01T16:15:00Z,88.36196280405537,88.40525642843977,NORMAL,NORMAL,178.45988574631707,85.0,70.0,0.16787878787878788,64.69170858303994,28.645488560570083,25.780939704513074,1.0,3,20.780939704513074,M3,2.504959010153368,M3,M1,0,5.0,20.780939704513074,0.0,0.0,0.0,poor_tracking_condition,waiting_for_candidate_confirmation
fis,persistent-low-generation,1,980,16.333333333333332,16.333333333333332,2026-01-01T16:20:00Z,88.40525642843977,88.25596162167544,NORMAL,NORMAL,168.97852734939664,85.0,70.0,0.16787878787878788,61.25471616415629,27.123588317488405,24.411229485739565,1.0,3,19.411229485739565,M3,2.508579366159884,M3,M3,1,85.68181818181819,-61.27058869607862,5.105882391339884,5.916666666666666,0.0,poor_tracking_condition,candidate_confirmed_and_dwell_satisfied
fis,persistent-low-generation,1,985,16.416666666666668,16.416666666666668,2026-01-01T16:25:00Z,88.25596162167544,88.29354579975599,NORMAL,NORMAL,159.48945912743983,85.0,70.0,0.16787878787878788,57.81492893369695,25.60045053184101,23.040405478656908,1.0,3,-62.64141270316128,M2,2.495887479144923,M1,M1,0,5.0,18.040405478656908,0.0,0.0,0.0,poor_tracking_condition,safety_reduction_applied_immediately
fis,persistent-low-generation,1,990,16.5,16.5,2026-01-01T16:30:00Z,88.29354579975599,88.32827501045242,NORMAL,NORMAL,150.00343432272103,85.0,70.0,0.16787878787878788,54.37624494198638,24.077801260311567,21.67002113428041,1.0,3,16.67002113428041,M2,2.4991675040525805,M1,M1,0,5.0,16.67002113428041,0.0,0.0,0.0,poor_tracking_condition,requested_mode_matches_applied_mode
fis,persistent-low-generation,1,995,16.583333333333332,16.583333333333332,2026-01-01T16:35:00Z,88.32827501045242,88.36015353864188,NORMAL,NORMAL,140.53164661624447,85.0,70.0,0.16787878787878788,50.942721898388626,22.55743725660648,20.301693530945833,1.0,3,15.301693530945833,M3,2.5021202824382955,M3,M1,0,5.0,15.301693530945833,0.0,0.0,0.0,poor_tracking_condition,new_candidate_started
fis,persistent-low-generation,1,1000,16.666666666666668,16.666666666666668,2026-01-01T16:40:00Z,88.36015353864188,88.38918919009694,NORMAL,NORMAL,131.08579467086645,85.0,70.0,0.16787878787878788,47.51860056818909,21.04123633159413,18.937112698434717,1.0,3,13.937112698434717,M3,2.5048068244634667,M3,M1,0,5.0,13.937112698434717,0.0,0.0,0.0,poor_tracking_condition,waiting_for_candidate_confirmation
fis,persistent-low-generation,1,1005,16.75,16.75,2026-01-01T16:45:00Z,88.38918919009694,88.22324434404675,NORMAL,NORMAL,121.67816343103354,85.0,70.0,0.16787878787878788,44.10833424374967,19.53117040313235,17.578053362819116,1.0,3,12.578053362819116,M3,2.507245412424082,M3,M3,1,85.68181818181819,-68.10376481899907,5.675313734916589,5.916666666666666,0.0,poor_tracking_condition,candidate_confirmed_and_dwell_satisfied
fis,persistent-low-generation,1,1010,16.833333333333332,16.833333333333332,2026-01-01T16:50:00Z,88.22324434404675,88.24663265632248,NORMAL,NORMAL,112.32172758060456,85.0,70.0,0.16787878787878788,40.71662624796916,18.029322102600744,16.22638989234067,1.0,3,-69.45542828947751,M2,2.4930205011245685,M1,M1,0,5.0,11.22638989234067,0.0,0.0,0.0,poor_tracking_condition,safety_reduction_applied_immediately
fis,persistent-low-generation,1,1015,16.916666666666668,16.916666666666668,2026-01-01T16:55:00Z,88.24663265632248,88.26722456371502,NORMAL,NORMAL,103.03028480154454,85.0,70.0,0.16787878787878788,37.3484782405599,16.537906164919924,14.884115548427932,1.0,3,9.884115548427932,M2,2.495071104851279,M1,M1,0,5.0,9.884115548427932,0.0,0.0,0.0,poor_tracking_condition,requested_mode_matches_applied_mode
fis,persistent-low-generation,1,1020,17.0,17.0,2026-01-01T17:00:00Z,88.26722456371502,88.28504407963032,NORMAL,NORMAL,93.81862989157457,85.0,70.0,0.16787878787878788,34.00925333569579,15.059297377046093,13.553367639341484,1.0,3,8.553367639341484,M2,2.4968719156238453,M1,M1,0,5.0,8.553367639341484,0.0,0.0,0.0,poor_tracking_condition,requested_mode_matches_applied_mode
fis,persistent-low-generation,1,1025,17.083333333333332,17.083333333333332,2026-01-01T17:05:00Z,88.28504407963032,88.30012003993728,NORMAL,NORMAL,84.70278615246784,85.0,70.0,0.16787878787878788,30.704759980269596,13.596067719263376,12.236460947337038,1.0,3,7.236460947337038,M2,2.4984267994035294,M1,M1,0,5.0,7.236460947337038,0.0,0.0,0.0,poor_tracking_condition,requested_mode_matches_applied_mode
fis,persistent-low-generation,1,1030,17.166666666666668,17.166666666666668,2026-01-01T17:10:00Z,88.30012003993728,88.3124865671303,NORMAL,NORMAL,75.70031913007257,85.0,70.0,0.16787878787878788,27.44136568465131,12.1510367251636,10.93593305264724,1.0,3,5.93593305264724,M2,2.49973949938588,M1,M1,0,5.0,5.93593305264724,0.0,0.0,0.0,poor_tracking_condition,requested_mode_matches_applied_mode
fis,persistent-low-generation,1,1035,17.25,17.25,2026-01-01T17:15:00Z,88.3124865671303,88.32218366563812,NORMAL,NORMAL,66.83077236639191,85.0,70.0,0.16787878787878788,24.22615498281707,10.7273414263914,9.65460728375226,1.0,3,4.654607283752259,M3,2.5007861437750183,M3,M1,0,5.0,4.654607283752259,0.0,0.0,0.0,poor_tracking_condition,new_candidate_started
fis,persistent-low-generation,1,1040,17.333333333333332,17.333333333333332,2026-01-01T17:20:00Z,88.32218366563812,88.3292580046514,NORMAL,NORMAL,58.11629045657233,85.0,70.0,0.16787878787878788,21.067155290507472,9.32853636263671,8.395682726373039,1.0,3,3.395682726373039,M3,2.5016058393619276,M3,M1,0,5.0,3.395682726373039,0.0,0.0,0.0,poor_tracking_condition,waiting_for_candidate_confirmation
fis,persistent-low-generation,1,1045,17.416666666666668,17.416666666666668,2026-01-01T17:25:00Z,88.3292580046514,88.13793502562542,NORMAL,NORMAL,49.58254223077303,85.0,70.0,0.16787878787878788,17.973671558655226,7.958741766172534,7.1628675895552805,1.0,3,2.1628675895552805,M3,2.5022032678788566,M3,M3,1,85.68181818181819,-78.51895059226291,6.543245882688575,5.916666666666666,0.0,poor_tracking_condition,candidate_confirmed_and_dwell_satisfied
fis,persistent-low-generation,1,1050,17.5,17.5,2026-01-01T17:30:00Z,88.13793502562542,88.13993624606535,NORMAL,NORMAL,41.260150911287276,85.0,70.0,0.16787878787878788,14.95680470534164,6.622873123525278,5.96058581117275,1.0,3,-79.72123237064544,M2,2.485346504636776,M1,M1,0,5.0,0.9605858111727503,0.0,0.0,0.0,poor_tracking_condition,safety_reduction_applied_immediately
fis,persistent-low-generation,1,1055,17.583333333333332,17.583333333333332,2026-01-01T17:35:00Z,88.13993624606535,88.1394350665668,NORMAL,NORMAL,33.18703986676286,85.0,70.0,0.16787878787878788,12.030301951701539,5.327017704213441,4.794315933792097,1.0,3,-0.20568406620790292,M2,2.485528708785634,M1,M1,0,5.0,-0.20568406620790292,0.017140338850658576,0.0,0.0,poor_tracking_condition,requested_mode_matches_applied_mode
fis,persistent-low-generation,1,1060,17.666666666666668,17.666666666666668,2026-01-01T17:40:00Z,88.1394350665668,88.13619722729956,NORMAL,NORMAL,25.412583557295164,85.0,70.0,0.16787878787878788,9.212061539519498,4.079100849699234,3.6711907647293107,1.0,3,-1.3288092352706893,M2,2.4854830822529386,M1,M1,0,5.0,-1.3288092352706893,0.1107341029392241,0.0,0.0,poor_tracking_condition,requested_mode_matches_applied_mode
fis,persistent-low-generation,1,1065,17.75,17.75,2026-01-01T17:45:00Z,88.13619722729956,88.13035214304186,NORMAL,NORMAL,18.005775996288865,85.0,70.0,0.16787878787878788,6.527093798654715,2.890197134044308,2.601177420639877,1.0,3,-2.398822579360123,M2,2.4851882485849477,M1,M1,0,5.0,-2.398822579360123,0.19990188161334357,0.0,0.0,poor_tracking_condition,requested_mode_matches_applied_mode
fis,persistent-low-generation,1,1070,17.833333333333332,17.833333333333332,2026-01-01T17:50:00Z,88.13035214304186,88.12206706899873,NORMAL,NORMAL,11.074116387152324,85.0,70.0,0.16787878787878788,4.0143671903427185,1.7775617918837558,1.5998056126953804,1.0,3,-3.4001943873046194,M2,2.48465571162694,M1,M1,0,5.0,-3.4001943873046194,0.28334953227538495,0.0,0.0,poor_tracking_condition,requested_mode_matches_applied_mode
fis,persistent-low-generation,1,1075,17.916666666666668,17.916666666666668,2026-01-01T17:55:00Z,88.12206706899873,88.11158109128752,NORMAL,NORMAL,4.821666007779817,85.0,70.0,0.16787878787878788,1.747853927820184,0.7739497192387774,0.6965547473148997,1.0,3,-4.3034452526851,M2,2.483900228989526,M1,M1,0,5.0,-4.3034452526851,0.35862043772375835,0.0,0.0,poor_tracking_condition,requested_mode_matches_applied_mode
fis,persistent-low-generation,1,1080,18.0,18.0,2026-01-01T18:00:00Z,88.11158109128752,88.09939785542007,NORMAL,NORMAL,3.822140361187655e-17,85.0,70.0,0.16787878787878788,1.3855258809305252e-17,6.1351086007603655e-18,5.521597740684329e-18,1.0,3,-5.0,M2,2.4829429740549034,M1,M1,0,5.0,-5.0,0.41666666666666663,0.0,0.0,poor_tracking_condition,requested_mode_matches_applied_mode
fis,persistent-low-generation,1,1085,18.083333333333332,18.083333333333332,2026-01-01T18:05:00Z,88.09939785542007,88.08721461955263,NORMAL,NORMAL,0.0,85.0,70.0,0.16787878787878788,0.0,0.0,0.0,1.0,3,-5.0,M2,2.481827828020642,M1,M1,0,5.0,-5.0,0.41666666666666663,0.0,0.0,poor_tracking_condition,requested_mode_matches_applied_mode
fis,persistent-low-generation,1,1090,18.166666666666668,18.166666666666668,2026-01-01T18:10:00Z,88.08721461955263,88.07503138368517,NORMAL,NORMAL,0.0,85.0,70.0,0.16787878787878788,0.0,0.0,0.0,1.0,3,-5.0,M2,2.4806834821689367,M1,M1,0,5.0,-5.0,0.41666666666666663,0.0,0.0,poor_tracking_condition,requested_mode_matches_applied_mode
fis,persistent-low-generation,1,1095,18.25,18.25,2026-01-01T18:15:00Z,88.07503138368517,88.06284814781773,NORMAL,NORMAL,0.0,85.0,70.0,0.16787878787878788,0.0,0.0,0.0,1.0,3,-5.0,M2,2.479537409878954,M1,M1,0,5.0,-5.0,0.41666666666666663,0.0,0.0,poor_tracking_condition,requested_mode_matches_applied_mode
fis,persistent-low-generation,1,1100,18.333333333333332,18.333333333333332,2026-01-01T18:20:00Z,88.06284814781773,88.05066491195028,NORMAL,NORMAL,0.0,85.0,70.0,0.16787878787878788,0.0,0.0,0.0,1.0,3,-5.0,M2,2.4783896072408775,M1,M1,0,5.0,-5.0,0.41666666666666663,0.0,0.0,poor_tracking_condition,requested_mode_matches_applied_mode
fis,persistent-low-generation,1,1105,18.416666666666668,18.416666666666668,2026-01-01T18:25:00Z,88.05066491195028,88.03848167608284,NORMAL,NORMAL,0.0,85.0,70.0,0.16787878787878788,0.0,0.0,0.0,1.0,3,-5.0,M2,2.4772400703329716,M1,M1,0,5.0,-5.0,0.41666666666666663,0.0,0.0,poor_tracking_condition,requested_mode_matches_applied_mode
fis,persistent-low-generation,1,1110,18.5,18.5,2026-01-01T18:30:00Z,88.03848167608284,88.02629844021538,NORMAL,NORMAL,0.0,85.0,70.0,0.16787878787878788,0.0,0.0,0.0,1.0,3,-5.0,M2,2.4760887952216843,M1,M1,0,5.0,-5.0,0.41666666666666663,0.0,0.0,poor_tracking_condition,requested_mode_matches_applied_mode
fis,persistent-low-generation,1,1115,18.583333333333332,18.583333333333332,2026-01-01T18:35:00Z,88.02629844021538,88.01411520434795,NORMAL,NORMAL,0.0,85.0,70.0,0.16787878787878788,0.0,0.0,0.0,1.0,3,-5.0,M2,2.474935777961547,M1,M1,0,5.0,-5.0,0.41666666666666663,0.0,0.0,poor_tracking_condition,requested_mode_matches_applied_mode
fis,persistent-low-generation,1,1120,18.666666666666668,18.666666666666668,2026-01-01T18:40:00Z,88.01411520434795,88.00193196848049,NORMAL,NORMAL,0.0,85.0,70.0,0.16787878787878788,0.0,0.0,0.0,1.0,3,-5.0,M2,2.473781014595153,M1,M1,0,5.0,-5.0,0.41666666666666663,0.0,0.0,poor_tracking_condition,requested_mode_matches_applied_mode
fis,persistent-low-generation,1,1125,18.75,18.75,2026-01-01T18:45:00Z,88.00193196848049,87.98974873261305,NORMAL,NORMAL,0.0,85.0,70.0,0.16787878787878788,0.0,0.0,0.0,1.0,3,-5.0,M2,2.472624501153086,M1,M1,0,5.0,-5.0,0.41666666666666663,0.0,0.0,poor_tracking_condition,requested_mode_matches_applied_mode
fis,persistent-low-generation,1,1130,18.833333333333332,18.833333333333332,2026-01-01T18:50:00Z,87.98974873261305,87.9775654967456,NORMAL,NORMAL,0.0,85.0,70.0,0.16787878787878788,0.0,0.0,0.0,1.0,3,-5.0,M2,2.47144154127589,M1,M1,0,5.0,-5.0,0.41666666666666663,0.0,0.0,poor_tracking_condition,requested_mode_matches_applied_mode
fis,persistent-low-generation,1,1135,18.916666666666668,18.916666666666668,2026-01-01T18:55:00Z,87.9775654967456,87.96538226087817,NORMAL,NORMAL,0.0,85.0,70.0,0.16787878787878788,0.0,0.0,0.0,1.0,3,-5.0,M2,2.470252086694741,M1,M1,0,5.0,-5.0,0.41666666666666663,0.0,0.0,poor_tracking_condition,requested_mode_matches_applied_mode
fis,persistent-low-generation,1,1140,19.0,19.0,2026-01-01T19:00:00Z,87.96538226087817,87.95319902501072,NORMAL,NORMAL,0.0,85.0,70.0,0.16787878787878788,0.0,0.0,0.0,1.0,3,-5.0,M2,2.469060779513185,M1,M1,0,5.0,-5.0,0.41666666666666663,0.0,0.0,poor_tracking_condition,requested_mode_matches_applied_mode
fis,persistent-low-generation,1,1145,19.083333333333332,19.083333333333332,2026-01-01T19:05:00Z,87.95319902501072,87.94101578914328,NORMAL,NORMAL,0.0,85.0,70.0,0.16787878787878788,0.0,0.0,0.0,1.0,3,-5.0,M2,2.467867615399701,M1,M1,0,5.0,-5.0,0.41666666666666663,0.0,0.0,poor_tracking_condition,requested_mode_matches_applied_mode
fis,persistent-low-generation,1,1150,19.166666666666668,19.166666666666668,2026-01-01T19:10:00Z,87.94101578914328,87.92883255327583,NORMAL,NORMAL,0.0,85.0,70.0,0.16787878787878788,0.0,0.0,0.0,1.0,3,-5.0,M2,2.4666725900091877,M1,M1,0,5.0,-5.0,0.41666666666666663,0.0,0.0,poor_tracking_condition,requested_mode_matches_applied_mode
fis,persistent-low-generation,1,1155,19.25,19.25,2026-01-01T19:15:00Z,87.92883255327583,87.91664931740839,NORMAL,NORMAL,0.0,85.0,70.0,0.16787878787878788,0.0,0.0,0.0,1.0,3,-5.0,M2,2.4654756989829854,M1,M1,0,5.0,-5.0,0.41666666666666663,0.0,0.0,poor_tracking_condition,requested_mode_matches_applied_mode
fis,persistent-low-generation,1,1160,19.333333333333332,19.333333333333332,2026-01-01T19:20:00Z,87.91664931740839,87.90446608154093,NORMAL,NORMAL,0.0,85.0,70.0,0.16787878787878788,0.0,0.0,0.0,1.0,3,-5.0,M2,2.464276937948833,M1,M1,0,5.0,-5.0,0.41666666666666663,0.0,0.0,poor_tracking_condition,requested_mode_matches_applied_mode
fis,persistent-low-generation,1,1165,19.416666666666668,19.416666666666668,2026-01-01T19:25:00Z,87.90446608154093,87.89228284567349,NORMAL,NORMAL,0.0,85.0,70.0,0.16787878787878788,0.0,0.0,0.0,1.0,3,-5.0,M2,2.4630763025207796,M1,M1,0,5.0,-5.0,0.41666666666666663,0.0,0.0,poor_tracking_condition,requested_mode_matches_applied_mode
fis,persistent-low-generation,1,1170,19.5,19.5,2026-01-01T19:30:00Z,87.89228284567349,87.88009960980604,NORMAL,NORMAL,0.0,85.0,70.0,0.16787878787878788,0.0,0.0,0.0,1.0,3,-5.0,M2,2.4618549659115856,M1,M1,0,5.0,-5.0,0.41666666666666663,0.0,0.0,poor_tracking_condition,requested_mode_matches_applied_mode
fis,persistent-low-generation,1,1175,19.583333333333332,19.583333333333332,2026-01-01T19:35:00Z,87.88009960980604,87.8679163739386,NORMAL,NORMAL,0.0,85.0,70.0,0.16787878787878788,0.0,0.0,0.0,1.0,3,-5.0,M2,2.460620776195871,M1,M1,0,5.0,-5.0,0.41666666666666663,0.0,0.0,poor_tracking_condition,requested_mode_matches_applied_mode
fis,persistent-low-generation,1,1180,19.666666666666668,19.666666666666668,2026-01-01T19:40:00Z,87.8679163739386,87.85573313807114,NORMAL,NORMAL,0.0,85.0,70.0,0.16787878787878788,0.0,0.0,0.0,1.0,3,-5.0,M2,2.45938460429068,M1,M1,0,5.0,-5.0,0.41666666666666663,0.0,0.0,poor_tracking_condition,requested_mode_matches_applied_mode
fis,persistent-low-generation,1,1185,19.75,19.75,2026-01-01T19:45:00Z,87.85573313807114,87.8435499022037,NORMAL,NORMAL,0.0,85.0,70.0,0.16787878787878788,0.0,0.0,0.0,1.0,3,-5.0,M2,2.458146445416846,M1,M1,0,5.0,-5.0,0.41666666666666663,0.0,0.0,poor_tracking_condition,requested_mode_matches_applied_mode
fis,persistent-low-generation,1,1190,19.833333333333332,19.833333333333332,2026-01-01T19:50:00Z,87.8435499022037,87.83136666633625,NORMAL,NORMAL,0.0,85.0,70.0,0.16787878787878788,0.0,0.0,0.0,1.0,3,-5.0,M2,2.4569062947799365,M1,M1,0,5.0,-5.0,0.41666666666666663,0.0,0.0,poor_tracking_condition,requested_mode_matches_applied_mode
fis,persistent-low-generation,1,1195,19.916666666666668,19.916666666666668,2026-01-01T19:55:00Z,87.83136666633625,87.81918343046881,NORMAL,NORMAL,0.0,85.0,70.0,0.16787878787878788,0.0,0.0,0.0,1.0,3,-5.0,M2,2.455664147569972,M1,M1,0,5.0,-5.0,0.41666666666666663,0.0,0.0,poor_tracking_condition,requested_mode_matches_applied_mode
fis,persistent-low-generation,1,1200,20.0,20.0,2026-01-01T20:00:00Z,87.81918343046881,87.80700019460136,NORMAL,NORMAL,0.0,85.0,70.0,0.16787878787878788,0.0,0.0,0.0,0.75,2,-5.0,M2,2.445765551477684,M1,M1,0,5.0,-5.0,0.41666666666666663,0.0,0.0,poor_tracking_condition,requested_mode_matches_applied_mode
fis,persistent-low-generation,1,1205,20.083333333333332,20.083333333333332,2026-01-01T20:05:00Z,87.80700019460136,87.79481695873392,NORMAL,NORMAL,0.0,85.0,70.0,0.16787878787878788,0.0,0.0,0.0,0.75,2,-5.0,M2,2.4444925242850997,M1,M1,0,5.0,-5.0,0.41666666666666663,0.0,0.0,poor_tracking_condition,requested_mode_matches_applied_mode
fis,persistent-low-generation,1,1210,20.166666666666668,20.166666666666668,2026-01-01T20:10:00Z,87.79481695873392,87.78263372286646,NORMAL,NORMAL,0.0,85.0,70.0,0.16787878787878788,0.0,0.0,0.0,0.75,2,-5.0,M2,2.4432043277325515,M1,M1,0,5.0,-5.0,0.41666666666666663,0.0,0.0,poor_tracking_condition,requested_mode_matches_applied_mode
fis,persistent-low-generation,1,1215,20.25,20.25,2026-01-01T20:15:00Z,87.78263372286646,87.77045048699902,NORMAL,NORMAL,0.0,85.0,70.0,0.16787878787878788,0.0,0.0,0.0,0.75,2,-5.0,M2,2.441896297277267,M1,M1,0,5.0,-5.0,0.41666666666666663,0.0,0.0,poor_tracking_condition,requested_mode_matches_applied_mode
fis,persistent-low-generation,1,1220,20.333333333333332,20.333333333333332,2026-01-01T20:20:00Z,87.77045048699902,87.75826725113158,NORMAL,NORMAL,0.0,85.0,70.0,0.16787878787878788,0.0,0.0,0.0,0.75,2,-5.0,M2,2.4405860669412203,M1,M1,0,5.0,-5.0,0.41666666666666663,0.0,0.0,poor_tracking_condition,requested_mode_matches_applied_mode
fis,persistent-low-generation,1,1225,20.416666666666668,20.416666666666668,2026-01-01T20:25:00Z,87.75826725113158,87.74608401526415,NORMAL,NORMAL,0.0,85.0,70.0,0.16787878787878788,0.0,0.0,0.0,0.75,2,-5.0,M2,2.43927363117001,M1,M1,0,5.0,-5.0,0.41666666666666663,0.0,0.0,poor_tracking_condition,requested_mode_matches_applied_mode
fis,persistent-low-generation,1,1230,20.5,20.5,2026-01-01T20:30:00Z,87.74608401526415,87.73390077939669,NORMAL,NORMAL,0.0,85.0,70.0,0.16787878787878788,0.0,0.0,0.0,0.75,2,-5.0,M2,2.4379589843904905,M1,M1,0,5.0,-5.0,0.41666666666666663,0.0,0.0,poor_tracking_condition,requested_mode_matches_applied_mode
fis,persistent-low-generation,1,1235,20.583333333333332,20.583333333333332,2026-01-01T20:35:00Z,87.73390077939669,87.72171754352925,NORMAL,NORMAL,0.0,85.0,70.0,0.16787878787878788,0.0,0.0,0.0,0.75,2,-5.0,M2,2.436642121010815,M1,M1,0,5.0,-5.0,0.41666666666666663,0.0,0.0,poor_tracking_condition,requested_mode_matches_applied_mode
fis,persistent-low-generation,1,1240,20.666666666666668,20.666666666666668,2026-01-01T20:40:00Z,87.72171754352925,87.7095343076618,NORMAL,NORMAL,0.0,85.0,70.0,0.16787878787878788,0.0,0.0,0.0,0.75,2,-5.0,M2,2.4353230354201805,M1,M1,0,5.0,-5.0,0.41666666666666663,0.0,0.0,poor_tracking_condition,requested_mode_matches_applied_mode
fis,persistent-low-generation,1,1245,20.75,20.75,2026-01-01T20:45:00Z,87.7095343076618,87.69735107179436,NORMAL,NORMAL,0.0,85.0,70.0,0.16787878787878788,0.0,0.0,0.0,0.75,2,-5.0,M2,2.4340017219888477,M1,M1,0,5.0,-5.0,0.41666666666666663,0.0,0.0,poor_tracking_condition,requested_mode_matches_applied_mode
fis,persistent-low-generation,1,1250,20.833333333333332,20.833333333333332,2026-01-01T20:50:00Z,87.69735107179436,87.6851678359269,NORMAL,NORMAL,0.0,85.0,70.0,0.16787878787878788,0.0,0.0,0.0,0.75,2,-5.0,M2,2.4326713982359545,M1,M1,0,5.0,-5.0,0.41666666666666663,0.0,0.0,poor_tracking_condition,requested_mode_matches_applied_mode
fis,persistent-low-generation,1,1255,20.916666666666668,20.916666666666668,2026-01-01T20:55:00Z,87.6851678359269,87.67298460005946,NORMAL,NORMAL,0.0,85.0,70.0,0.16787878787878788,0.0,0.0,0.0,0.75,2,-5.0,M2,2.431314378442217,M1,M1,0,5.0,-5.0,0.41666666666666663,0.0,0.0,poor_tracking_condition,requested_mode_matches_applied_mode
fis,persistent-low-generation,1,1260,21.0,21.0,2026-01-01T21:00:00Z,87.67298460005946,87.66080136419201,NORMAL,NORMAL,0.0,85.0,70.0,0.16787878787878788,0.0,0.0,0.0,0.75,2,-5.0,M2,2.429955006750478,M1,M1,0,5.0,-5.0,0.41666666666666663,0.0,0.0,poor_tracking_condition,requested_mode_matches_applied_mode
fis,persistent-low-generation,1,1265,21.083333333333332,21.083333333333332,2026-01-01T21:05:00Z,87.66080136419201,87.64861812832457,NORMAL,NORMAL,0.0,85.0,70.0,0.16787878787878788,0.0,0.0,0.0,0.75,2,-5.0,M2,2.4285932770411924,M1,M1,0,5.0,-5.0,0.41666666666666663,0.0,0.0,poor_tracking_condition,requested_mode_matches_applied_mode
fis,persistent-low-generation,1,1270,21.166666666666668,21.166666666666668,2026-01-01T21:10:00Z,87.64861812832457,87.63643489245712,NORMAL,NORMAL,0.0,85.0,70.0,0.16787878787878788,0.0,0.0,0.0,0.75,2,-5.0,M2,2.427229183173582,M1,M1,0,5.0,-5.0,0.41666666666666663,0.0,0.0,poor_tracking_condition,requested_mode_matches_applied_mode
fis,persistent-low-generation,1,1275,21.25,21.25,2026-01-01T21:15:00Z,87.63643489245712,87.62425165658966,NORMAL,NORMAL,0.0,85.0,70.0,0.16787878787878788,0.0,0.0,0.0,0.75,2,-5.0,M2,2.425862718985478,M1,M1,0,5.0,-5.0,0.41666666666666663,0.0,0.0,poor_tracking_condition,requested_mode_matches_applied_mode
fis,persistent-low-generation,1,1280,21.333333333333332,21.333333333333332,2026-01-01T21:20:00Z,87.62425165658966,87.61206842072222,NORMAL,NORMAL,0.0,85.0,70.0,0.16787878787878788,0.0,0.0,0.0,0.75,2,-5.0,M2,2.4244938782933922,M1,M1,0,5.0,-5.0,0.41666666666666663,0.0,0.0,poor_tracking_condition,requested_mode_matches_applied_mode
fis,persistent-low-generation,1,1285,21.416666666666668,21.416666666666668,2026-01-01T21:25:00Z,87.61206842072222,87.59988518485477,NORMAL,NORMAL,0.0,85.0,70.0,0.16787878787878788,0.0,0.0,0.0,0.75,2,-5.0,M2,2.4231226548922074,M1,M1,0,5.0,-5.0,0.41666666666666663,0.0,0.0,poor_tracking_condition,requested_mode_matches_applied_mode
fis,persistent-low-generation,1,1290,21.5,21.5,2026-01-01T21:30:00Z,87.59988518485477,87.58770194898733,NORMAL,NORMAL,0.0,85.0,70.0,0.16787878787878788,0.0,0.0,0.0,0.75,2,-5.0,M2,2.421748744710638,M1,M1,0,5.0,-5.0,0.41666666666666663,0.0,0.0,poor_tracking_condition,requested_mode_matches_applied_mode
fis,persistent-low-generation,1,1295,21.583333333333332,21.583333333333332,2026-01-01T21:35:00Z,87.58770194898733,87.5755187131199,NORMAL,NORMAL,0.0,85.0,70.0,0.16787878787878788,0.0,0.0,0.0,0.75,2,-5.0,M2,2.4203410760876314,M1,M1,0,5.0,-5.0,0.41666666666666663,0.0,0.0,poor_tracking_condition,requested_mode_matches_applied_mode
fis,persistent-low-generation,1,1300,21.666666666666668,21.666666666666668,2026-01-01T21:40:00Z,87.5755187131199,87.56333547725245,NORMAL,NORMAL,0.0,85.0,70.0,0.16787878787878788,0.0,0.0,0.0,0.75,2,-5.0,M2,2.41893089417673,M1,M1,0,5.0,-5.0,0.41666666666666663,0.0,0.0,poor_tracking_condition,requested_mode_matches_applied_mode
fis,persistent-low-generation,1,1305,21.75,21.75,2026-01-01T21:45:00Z,87.56333547725245,87.55115224138501,NORMAL,NORMAL,0.0,85.0,70.0,0.16787878787878788,0.0,0.0,0.0,0.75,2,-5.0,M2,2.4175181922409736,M1,M1,0,5.0,-5.0,0.41666666666666663,0.0,0.0,poor_tracking_condition,requested_mode_matches_applied_mode
fis,persistent-low-generation,1,1310,21.833333333333332,21.833333333333332,2026-01-01T21:50:00Z,87.55115224138501,87.53896900551756,NORMAL,NORMAL,0.0,85.0,70.0,0.16787878787878788,0.0,0.0,0.0,0.75,2,-5.0,M2,2.416102963519328,M1,M1,0,5.0,-5.0,0.41666666666666663,0.0,0.0,poor_tracking_condition,requested_mode_matches_applied_mode
fis,persistent-low-generation,1,1315,21.916666666666668,21.916666666666668,2026-01-01T21:55:00Z,87.53896900551756,87.52678576965012,NORMAL,NORMAL,0.0,85.0,70.0,0.16787878787878788,0.0,0.0,0.0,0.75,2,-5.0,M2,2.414685201226529,M1,M1,0,5.0,-5.0,0.41666666666666663,0.0,0.0,poor_tracking_condition,requested_mode_matches_applied_mode
fis,persistent-low-generation,1,1320,22.0,22.0,2026-01-01T22:00:00Z,87.52678576965012,87.51460253378266,NORMAL,NORMAL,0.0,85.0,70.0,0.16787878787878788,0.0,0.0,0.0,0.75,2,-5.0,M2,2.4132648985529803,M1,M1,0,5.0,-5.0,0.41666666666666663,0.0,0.0,poor_tracking_condition,requested_mode_matches_applied_mode
fis,persistent-low-generation,1,1325,22.083333333333332,22.083333333333332,2026-01-01T22:05:00Z,87.51460253378266,87.50241929791521,NORMAL,NORMAL,0.0,85.0,70.0,0.16787878787878788,0.0,0.0,0.0,0.75,2,-5.0,M2,2.411842048664744,M1,M1,0,5.0,-5.0,0.41666666666666663,0.0,0.0,poor_tracking_condition,requested_mode_matches_applied_mode
fis,persistent-low-generation,1,1330,22.166666666666668,22.166666666666668,2026-01-01T22:10:00Z,87.50241929791521,87.49023606204777,NORMAL,NORMAL,0.0,85.0,70.0,0.16787878787878788,0.0,0.0,0.0,0.75,2,-5.0,M2,2.4104166447032633,M1,M1,0,5.0,-5.0,0.41666666666666663,0.0,0.0,poor_tracking_condition,requested_mode_matches_applied_mode
fis,persistent-low-generation,1,1335,22.25,22.25,2026-01-01T22:15:00Z,87.49023606204777,87.47805282618032,NORMAL,NORMAL,0.0,85.0,70.0,0.16787878787878788,0.0,0.0,0.0,0.75,2,-5.0,M2,2.408962939291511,M1,M1,0,5.0,-5.0,0.41666666666666663,0.0,0.0,poor_tracking_condition,requested_mode_matches_applied_mode
fis,persistent-low-generation,1,1340,22.333333333333332,22.333333333333332,2026-01-01T22:20:00Z,87.47805282618032,87.46586959031288,NORMAL,NORMAL,0.0,85.0,70.0,0.16787878787878788,0.0,0.0,0.0,0.75,2,-5.0,M2,2.4075001827991325,M1,M1,0,5.0,-5.0,0.41666666666666663,0.0,0.0,poor_tracking_condition,requested_mode_matches_applied_mode
fis,persistent-low-generation,1,1345,22.416666666666668,22.416666666666668,2026-01-01T22:25:00Z,87.46586959031288,87.45368635444542,NORMAL,NORMAL,0.0,85.0,70.0,0.16787878787878788,0.0,0.0,0.0,0.75,2,-5.0,M2,2.4060347341940957,M1,M1,0,5.0,-5.0,0.41666666666666663,0.0,0.0,poor_tracking_condition,requested_mode_matches_applied_mode
fis,persistent-low-generation,1,1350,22.5,22.5,2026-01-01T22:30:00Z,87.45368635444542,87.44150311857798,NORMAL,NORMAL,0.0,85.0,70.0,0.16787878787878788,0.0,0.0,0.0,0.75,2,-5.0,M2,2.404566586037548,M1,M1,0,5.0,-5.0,0.41666666666666663,0.0,0.0,poor_tracking_condition,requested_mode_matches_applied_mode
fis,persistent-low-generation,1,1355,22.583333333333332,22.583333333333332,2026-01-01T22:35:00Z,87.44150311857798,87.42931988271053,NORMAL,NORMAL,0.0,85.0,70.0,0.16787878787878788,0.0,0.0,0.0,0.75,2,-5.0,M2,2.4030957308632193,M1,M1,0,5.0,-5.0,0.41666666666666663,0.0,0.0,poor_tracking_condition,requested_mode_matches_applied_mode
fis,persistent-low-generation,1,1360,22.666666666666668,22.666666666666668,2026-01-01T22:40:00Z,87.42931988271053,87.41713664684309,NORMAL,NORMAL,0.0,85.0,70.0,0.16787878787878788,0.0,0.0,0.0,0.75,2,-5.0,M2,2.401622161177266,M1,M1,0,5.0,-5.0,0.41666666666666663,0.0,0.0,poor_tracking_condition,requested_mode_matches_applied_mode
fis,persistent-low-generation,1,1365,22.75,22.75,2026-01-01T22:45:00Z,87.41713664684309,87.40495341097564,NORMAL,NORMAL,0.0,85.0,70.0,0.16787878787878788,0.0,0.0,0.0,0.75,2,-5.0,M2,2.40014586945814,M1,M1,0,5.0,-5.0,0.41666666666666663,0.0,0.0,poor_tracking_condition,requested_mode_matches_applied_mode
fis,persistent-low-generation,1,1370,22.833333333333332,22.833333333333332,2026-01-01T22:50:00Z,87.40495341097564,87.3927701751082,NORMAL,NORMAL,0.0,85.0,70.0,0.16787878787878788,0.0,0.0,0.0,0.75,2,-5.0,M2,2.3986668481565685,M1,M1,0,5.0,-5.0,0.41666666666666663,0.0,0.0,poor_tracking_condition,requested_mode_matches_applied_mode
fis,persistent-low-generation,1,1375,22.916666666666668,22.916666666666668,2026-01-01T22:55:00Z,87.3927701751082,87.38058693924074,NORMAL,NORMAL,0.0,85.0,70.0,0.16787878787878788,0.0,0.0,0.0,0.75,2,-5.0,M2,2.3971657460612628,M1,M1,0,5.0,-5.0,0.41666666666666663,0.0,0.0,poor_tracking_condition,requested_mode_matches_applied_mode
fis,persistent-low-generation,1,1380,23.0,23.0,2026-01-01T23:00:00Z,87.38058693924074,87.36840370337332,NORMAL,NORMAL,0.0,85.0,70.0,0.16787878787878788,0.0,0.0,0.0,0.35,1,-5.0,M2,1.780487804878042,M1,M1,0,5.0,-5.0,0.41666666666666663,0.0,0.0,poor_tracking_condition,requested_mode_matches_applied_mode
fis,persistent-low-generation,1,1385,23.083333333333332,23.083333333333332,2026-01-01T23:05:00Z,87.36840370337332,87.35622046750586,NORMAL,NORMAL,0.0,85.0,70.0,0.16787878787878788,0.0,0.0,0.0,0.35,1,-5.0,M2,1.780487804878042,M1,M1,0,5.0,-5.0,0.41666666666666663,0.0,0.0,poor_tracking_condition,requested_mode_matches_applied_mode
fis,persistent-low-generation,1,1390,23.166666666666668,23.166666666666668,2026-01-01T23:10:00Z,87.35622046750586,87.34403723163842,NORMAL,NORMAL,0.0,85.0,70.0,0.16787878787878788,0.0,0.0,0.0,0.35,1,-5.0,M2,1.780487804878042,M1,M1,0,5.0,-5.0,0.41666666666666663,0.0,0.0,poor_tracking_condition,requested_mode_matches_applied_mode
fis,persistent-low-generation,1,1395,23.25,23.25,2026-01-01T23:15:00Z,87.34403723163842,87.33185399577097,NORMAL,NORMAL,0.0,85.0,70.0,0.16787878787878788,0.0,0.0,0.0,0.35,1,-5.0,M2,1.780487804878042,M1,M1,0,5.0,-5.0,0.41666666666666663,0.0,0.0,poor_tracking_condition,requested_mode_matches_applied_mode
fis,persistent-low-generation,1,1400,23.333333333333332,23.333333333333332,2026-01-01T23:20:00Z,87.33185399577097,87.31967075990353,NORMAL,NORMAL,0.0,85.0,70.0,0.16787878787878788,0.0,0.0,0.0,0.35,1,-5.0,M2,1.780487804878042,M1,M1,0,5.0,-5.0,0.41666666666666663,0.0,0.0,poor_tracking_condition,requested_mode_matches_applied_mode
fis,persistent-low-generation,1,1405,23.416666666666668,23.416666666666668,2026-01-01T23:25:00Z,87.31967075990353,87.30748752403608,NORMAL,NORMAL,0.0,85.0,70.0,0.16787878787878788,0.0,0.0,0.0,0.35,1,-5.0,M2,1.780487804878042,M1,M1,0,5.0,-5.0,0.41666666666666663,0.0,0.0,poor_tracking_condition,requested_mode_matches_applied_mode
fis,persistent-low-generation,1,1410,23.5,23.5,2026-01-01T23:30:00Z,87.30748752403608,87.29530428816864,NORMAL,NORMAL,0.0,85.0,70.0,0.16787878787878788,0.0,0.0,0.0,0.35,1,-5.0,M2,1.780487804878042,M1,M1,0,5.0,-5.0,0.41666666666666663,0.0,0.0,poor_tracking_condition,requested_mode_matches_applied_mode
fis,persistent-low-generation,1,1415,23.583333333333332,23.583333333333332,2026-01-01T23:35:00Z,87.29530428816864,87.28312105230118,NORMAL,NORMAL,0.0,85.0,70.0,0.16787878787878788,0.0,0.0,0.0,0.35,1,-5.0,M2,1.780487804878042,M1,M1,0,5.0,-5.0,0.41666666666666663,0.0,0.0,poor_tracking_condition,requested_mode_matches_applied_mode
fis,persistent-low-generation,1,1420,23.666666666666668,23.666666666666668,2026-01-01T23:40:00Z,87.28312105230118,87.27093781643374,NORMAL,NORMAL,0.0,85.0,70.0,0.16787878787878788,0.0,0.0,0.0,0.35,1,-5.0,M2,1.780487804878042,M1,M1,0,5.0,-5.0,0.41666666666666663,0.0,0.0,poor_tracking_condition,requested_mode_matches_applied_mode
fis,persistent-low-generation,1,1425,23.75,23.75,2026-01-01T23:45:00Z,87.27093781643374,87.25875458056629,NORMAL,NORMAL,0.0,85.0,70.0,0.16787878787878788,0.0,0.0,0.0,0.35,1,-5.0,M2,1.780487804878042,M1,M1,0,5.0,-5.0,0.41666666666666663,0.0,0.0,poor_tracking_condition,requested_mode_matches_applied_mode
fis,persistent-low-generation,1,1430,23.833333333333332,23.833333333333332,2026-01-01T23:50:00Z,87.25875458056629,87.24657134469885,NORMAL,NORMAL,0.0,85.0,70.0,0.16787878787878788,0.0,0.0,0.0,0.35,1,-5.0,M2,1.780487804878042,M1,M1,0,5.0,-5.0,0.41666666666666663,0.0,0.0,poor_tracking_condition,requested_mode_matches_applied_mode
fis,persistent-low-generation,1,1435,23.916666666666668,23.916666666666668,2026-01-01T23:55:00Z,87.24657134469885,87.2343881088314,NORMAL,NORMAL,0.0,85.0,70.0,0.16787878787878788,0.0,0.0,0.0,0.35,1,-5.0,M2,1.780487804878042,M1,M1,0,5.0,-5.0,0.41666666666666663,0.0,0.0,poor_tracking_condition,requested_mode_matches_applied_mode
fis,persistent-low-generation,2,1440,24.0,0.0,2026-01-02T00:00:00Z,87.2343881088314,87.22220487296396,NORMAL,NORMAL,0.0,85.0,70.0,0.16787878787878788,0.0,0.0,0.0,0.2,0,-5.0,M1,1.0,M1,M1,0,5.0,-5.0,0.41666666666666663,0.0,0.0,,requested_mode_matches_applied_mode
fis,persistent-low-generation,2,1445,24.083333333333332,0.08333333333333333,2026-01-02T00:05:00Z,87.22220487296396,87.2100216370965,NORMAL,NORMAL,0.0,85.0,70.0,0.16787878787878788,0.0,0.0,0.0,0.2,0,-5.0,M1,1.0,M1,M1,0,5.0,-5.0,0.41666666666666663,0.0,0.0,,requested_mode_matches_applied_mode
fis,persistent-low-generation,2,1450,24.166666666666668,0.16666666666666666,2026-01-02T00:10:00Z,87.2100216370965,87.19783840122906,NORMAL,NORMAL,0.0,85.0,70.0,0.16787878787878788,0.0,0.0,0.0,0.2,0,-5.0,M1,1.0,M1,M1,0,5.0,-5.0,0.41666666666666663,0.0,0.0,,requested_mode_matches_applied_mode
fis,persistent-low-generation,2,1455,24.25,0.25,2026-01-02T00:15:00Z,87.19783840122906,87.18565516536162,NORMAL,NORMAL,0.0,85.0,70.0,0.16787878787878788,0.0,0.0,0.0,0.2,0,-5.0,M1,1.0,M1,M1,0,5.0,-5.0,0.41666666666666663,0.0,0.0,,requested_mode_matches_applied_mode
fis,persistent-low-generation,2,1460,24.333333333333332,0.3333333333333333,2026-01-02T00:20:00Z,87.18565516536162,87.17347192949418,NORMAL,NORMAL,0.0,85.0,70.0,0.16787878787878788,0.0,0.0,0.0,0.2,0,-5.0,M1,1.0,M1,M1,0,5.0,-5.0,0.41666666666666663,0.0,0.0,,requested_mode_matches_applied_mode
fis,persistent-low-generation,2,1465,24.416666666666668,0.4166666666666667,2026-01-02T00:25:00Z,87.17347192949418,87.16128869362673,NORMAL,NORMAL,0.0,85.0,70.0,0.16787878787878788,0.0,0.0,0.0,0.2,0,-5.0,M1,1.0,M1,M1,0,5.0,-5.0,0.41666666666666663,0.0,0.0,,requested_mode_matches_applied_mode
fis,persistent-low-generation,2,1470,24.5,0.5,2026-01-02T00:30:00Z,87.16128869362673,87.14910545775929,NORMAL,NORMAL,0.0,85.0,70.0,0.16787878787878788,0.0,0.0,0.0,0.2,0,-5.0,M1,1.0,M1,M1,0,5.0,-5.0,0.41666666666666663,0.0,0.0,,requested_mode_matches_applied_mode
fis,persistent-low-generation,2,1475,24.583333333333332,0.5833333333333334,2026-01-02T00:35:00Z,87.14910545775929,87.13692222189184,NORMAL,NORMAL,0.0,85.0,70.0,0.16787878787878788,0.0,0.0,0.0,0.2,0,-5.0,M1,1.0,M1,M1,0,5.0,-5.0,0.41666666666666663,0.0,0.0,,requested_mode_matches_applied_mode
fis,persistent-low-generation,2,1480,24.666666666666668,0.6666666666666666,2026-01-02T00:40:00Z,87.13692222189184,87.1247389860244,NORMAL,NORMAL,0.0,85.0,70.0,0.16787878787878788,0.0,0.0,0.0,0.2,0,-5.0,M1,1.0,M1,M1,0,5.0,-5.0,0.41666666666666663,0.0,0.0,,requested_mode_matches_applied_mode
fis,persistent-low-generation,2,1485,24.75,0.75,2026-01-02T00:45:00Z,87.1247389860244,87.11255575015694,NORMAL,NORMAL,0.0,85.0,70.0,0.16787878787878788,0.0,0.0,0.0,0.2,0,-5.0,M1,1.0,M1,M1,0,5.0,-5.0,0.41666666666666663,0.0,0.0,,requested_mode_matches_applied_mode
fis,persistent-low-generation,2,1490,24.833333333333332,0.8333333333333334,2026-01-02T00:50:00Z,87.11255575015694,87.1003725142895,NORMAL,NORMAL,0.0,85.0,70.0,0.16787878787878788,0.0,0.0,0.0,0.2,0,-5.0,M1,1.0,M1,M1,0,5.0,-5.0,0.41666666666666663,0.0,0.0,,requested_mode_matches_applied_mode
fis,persistent-low-generation,2,1495,24.916666666666668,0.9166666666666666,2026-01-02T00:55:00Z,87.1003725142895,87.08818927842205,NORMAL,NORMAL,0.0,85.0,70.0,0.16787878787878788,0.0,0.0,0.0,0.2,0,-5.0,M1,1.0,M1,M1,0,5.0,-5.0,0.41666666666666663,0.0,0.0,,requested_mode_matches_applied_mode
fis,persistent-low-generation,2,1500,25.0,1.0,2026-01-02T01:00:00Z,87.08818927842205,87.07600604255461,NORMAL,NORMAL,0.0,85.0,70.0,0.16787878787878788,0.0,0.0,0.0,0.2,0,-5.0,M1,1.0,M1,M1,0,5.0,-5.0,0.41666666666666663,0.0,0.0,,requested_mode_matches_applied_mode
fis,persistent-low-generation,2,1505,25.083333333333332,1.0833333333333333,2026-01-02T01:05:00Z,87.07600604255461,87.06382280668716,NORMAL,NORMAL,0.0,85.0,70.0,0.16787878787878788,0.0,0.0,0.0,0.2,0,-5.0,M1,1.0,M1,M1,0,5.0,-5.0,0.41666666666666663,0.0,0.0,,requested_mode_matches_applied_mode
fis,persistent-low-generation,2,1510,25.166666666666668,1.1666666666666667,2026-01-02T01:10:00Z,87.06382280668716,87.05163957081972,NORMAL,NORMAL,0.0,85.0,70.0,0.16787878787878788,0.0,0.0,0.0,0.2,0,-5.0,M1,1.0,M1,M1,0,5.0,-5.0,0.41666666666666663,0.0,0.0,,requested_mode_matches_applied_mode
fis,persistent-low-generation,2,1515,25.25,1.25,2026-01-02T01:15:00Z,87.05163957081972,87.03945633495226,NORMAL,NORMAL,0.0,85.0,70.0,0.16787878787878788,0.0,0.0,0.0,0.2,0,-5.0,M1,1.0,M1,M1,0,5.0,-5.0,0.41666666666666663,0.0,0.0,,requested_mode_matches_applied_mode
fis,persistent-low-generation,2,1520,25.333333333333332,1.3333333333333333,2026-01-02T01:20:00Z,87.03945633495226,87.02727309908482,NORMAL,NORMAL,0.0,85.0,70.0,0.16787878787878788,0.0,0.0,0.0,0.2,0,-5.0,M1,1.0,M1,M1,0,5.0,-5.0,0.41666666666666663,0.0,0.0,,requested_mode_matches_applied_mode
fis,persistent-low-generation,2,1525,25.416666666666668,1.4166666666666667,2026-01-02T01:25:00Z,87.02727309908482,87.01508986321737,NORMAL,NORMAL,0.0,85.0,70.0,0.16787878787878788,0.0,0.0,0.0,0.2,0,-5.0,M1,1.0,M1,M1,0,5.0,-5.0,0.41666666666666663,0.0,0.0,,requested_mode_matches_applied_mode
fis,persistent-low-generation,2,1530,25.5,1.5,2026-01-02T01:30:00Z,87.01508986321737,87.00290662734993,NORMAL,NORMAL,0.0,85.0,70.0,0.16787878787878788,0.0,0.0,0.0,0.2,0,-5.0,M1,1.0,M1,M1,0,5.0,-5.0,0.41666666666666663,0.0,0.0,,requested_mode_matches_applied_mode
fis,persistent-low-generation,2,1535,25.583333333333332,1.5833333333333333,2026-01-02T01:35:00Z,87.00290662734993,86.99072339148248,NORMAL,NORMAL,0.0,85.0,70.0,0.16787878787878788,0.0,0.0,0.0,0.2,0,-5.0,M1,1.0,M1,M1,0,5.0,-5.0,0.41666666666666663,0.0,0.0,,requested_mode_matches_applied_mode
fis,persistent-low-generation,2,1540,25.666666666666668,1.6666666666666667,2026-01-02T01:40:00Z,86.99072339148248,86.97854015561505,NORMAL,NORMAL,0.0,85.0,70.0,0.16787878787878788,0.0,0.0,0.0,0.2,0,-5.0,M1,1.0,M1,M1,0,5.0,-5.0,0.41666666666666663,0.0,0.0,,requested_mode_matches_applied_mode
fis,persistent-low-generation,2,1545,25.75,1.75,2026-01-02T01:45:00Z,86.97854015561505,86.9663569197476,NORMAL,NORMAL,0.0,85.0,70.0,0.16787878787878788,0.0,0.0,0.0,0.2,0,-5.0,M1,1.0,M1,M1,0,5.0,-5.0,0.41666666666666663,0.0,0.0,,requested_mode_matches_applied_mode
fis,persistent-low-generation,2,1550,25.833333333333332,1.8333333333333333,2026-01-02T01:50:00Z,86.9663569197476,86.95417368388016,NORMAL,NORMAL,0.0,85.0,70.0,0.16787878787878788,0.0,0.0,0.0,0.2,0,-5.0,M1,1.0,M1,M1,0,5.0,-5.0,0.41666666666666663,0.0,0.0,,requested_mode_matches_applied_mode
fis,persistent-low-generation,2,1555,25.916666666666668,1.9166666666666667,2026-01-02T01:55:00Z,86.95417368388016,86.9419904480127,NORMAL,NORMAL,0.0,85.0,70.0,0.16787878787878788,0.0,0.0,0.0,0.2,0,-5.0,M1,1.0,M1,M1,0,5.0,-5.0,0.41666666666666663,0.0,0.0,,requested_mode_matches_applied_mode
fis,persistent-low-generation,2,1560,26.0,2.0,2026-01-02T02:00:00Z,86.9419904480127,86.92980721214526,NORMAL,NORMAL,0.0,85.0,70.0,0.16787878787878788,0.0,0.0,0.0,0.2,0,-5.0,M1,1.0,M1,M1,0,5.0,-5.0,0.41666666666666663,0.0,0.0,,requested_mode_matches_applied_mode
fis,persistent-low-generation,2,1565,26.083333333333332,2.0833333333333335,2026-01-02T02:05:00Z,86.92980721214526,86.91762397627781,NORMAL,NORMAL,0.0,85.0,70.0,0.16787878787878788,0.0,0.0,0.0,0.2,0,-5.0,M1,1.0,M1,M1,0,5.0,-5.0,0.41666666666666663,0.0,0.0,,requested_mode_matches_applied_mode
fis,persistent-low-generation,2,1570,26.166666666666668,2.1666666666666665,2026-01-02T02:10:00Z,86.91762397627781,86.90544074041037,NORMAL,NORMAL,0.0,85.0,70.0,0.16787878787878788,0.0,0.0,0.0,0.2,0,-5.0,M1,1.0,M1,M1,0,5.0,-5.0,0.41666666666666663,0.0,0.0,,requested_mode_matches_applied_mode
fis,persistent-low-generation,2,1575,26.25,2.25,2026-01-02T02:15:00Z,86.90544074041037,86.89325750454292,NORMAL,NORMAL,0.0,85.0,70.0,0.16787878787878788,0.0,0.0,0.0,0.2,0,-5.0,M1,1.0,M1,M1,0,5.0,-5.0,0.41666666666666663,0.0,0.0,,requested_mode_matches_applied_mode
fis,persistent-low-generation,2,1580,26.333333333333332,2.3333333333333335,2026-01-02T02:20:00Z,86.89325750454292,86.88107426867548,NORMAL,NORMAL,0.0,85.0,70.0,0.16787878787878788,0.0,0.0,0.0,0.2,0,-5.0,M1,1.0,M1,M1,0,5.0,-5.0,0.41666666666666663,0.0,0.0,,requested_mode_matches_applied_mode
fis,persistent-low-generation,2,1585,26.416666666666668,2.4166666666666665,2026-01-02T02:25:00Z,86.88107426867548,86.86889103280802,NORMAL,NORMAL,0.0,85.0,70.0,0.16787878787878788,0.0,0.0,0.0,0.2,0,-5.0,M1,1.0,M1,M1,0,5.0,-5.0,0.41666666666666663,0.0,0.0,,requested_mode_matches_applied_mode
fis,persistent-low-generation,2,1590,26.5,2.5,2026-01-02T02:30:00Z,86.86889103280802,86.85670779694058,NORMAL,NORMAL,0.0,85.0,70.0,0.16787878787878788,0.0,0.0,0.0,0.2,0,-5.0,M1,1.0,M1,M1,0,5.0,-5.0,0.41666666666666663,0.0,0.0,,requested_mode_matches_applied_mode
fis,persistent-low-generation,2,1595,26.583333333333332,2.5833333333333335,2026-01-02T02:35:00Z,86.85670779694058,86.84452456107313,NORMAL,NORMAL,0.0,85.0,70.0,0.16787878787878788,0.0,0.0,0.0,0.2,0,-5.0,M1,1.0,M1,M1,0,5.0,-5.0,0.41666666666666663,0.0,0.0,,requested_mode_matches_applied_mode
fis,persistent-low-generation,2,1600,26.666666666666668,2.6666666666666665,2026-01-02T02:40:00Z,86.84452456107313,86.83234132520569,NORMAL,NORMAL,0.0,85.0,70.0,0.16787878787878788,0.0,0.0,0.0,0.2,0,-5.0,M1,1.0,M1,M1,0,5.0,-5.0,0.41666666666666663,0.0,0.0,,requested_mode_matches_applied_mode
fis,persistent-low-generation,2,1605,26.75,2.75,2026-01-02T02:45:00Z,86.83234132520569,86.82015808933824,NORMAL,NORMAL,0.0,85.0,70.0,0.16787878787878788,0.0,0.0,0.0,0.2,0,-5.0,M1,1.0,M1,M1,0,5.0,-5.0,0.41666666666666663,0.0,0.0,,requested_mode_matches_applied_mode
fis,persistent-low-generation,2,1610,26.833333333333332,2.8333333333333335,2026-01-02T02:50:00Z,86.82015808933824,86.8079748534708,NORMAL,NORMAL,0.0,85.0,70.0,0.16787878787878788,0.0,0.0,0.0,0.2,0,-5.0,M1,1.0,M1,M1,0,5.0,-5.0,0.41666666666666663,0.0,0.0,,requested_mode_matches_applied_mode
fis,persistent-low-generation,2,1615,26.916666666666668,2.9166666666666665,2026-01-02T02:55:00Z,86.8079748534708,86.79579161760336,NORMAL,NORMAL,0.0,85.0,70.0,0.16787878787878788,0.0,0.0,0.0,0.2,0,-5.0,M1,1.0,M1,M1,0,5.0,-5.0,0.41666666666666663,0.0,0.0,,requested_mode_matches_applied_mode
fis,persistent-low-generation,2,1620,27.0,3.0,2026-01-02T03:00:00Z,86.79579161760336,86.78360838173592,NORMAL,NORMAL,0.0,85.0,70.0,0.16787878787878788,0.0,0.0,0.0,0.2,0,-5.0,M1,1.0,M1,M1,0,5.0,-5.0,0.41666666666666663,0.0,0.0,,requested_mode_matches_applied_mode
fis,persistent-low-generation,2,1625,27.083333333333332,3.0833333333333335,2026-01-02T03:05:00Z,86.78360838173592,86.77142514586846,NORMAL,NORMAL,0.0,85.0,70.0,0.16787878787878788,0.0,0.0,0.0,0.2,0,-5.0,M1,1.0,M1,M1,0,5.0,-5.0,0.41666666666666663,0.0,0.0,,requested_mode_matches_applied_mode
fis,persistent-low-generation,2,1630,27.166666666666668,3.1666666666666665,2026-01-02T03:10:00Z,86.77142514586846,86.75924191000102,NORMAL,NORMAL,0.0,85.0,70.0,0.16787878787878788,0.0,0.0,0.0,0.2,0,-5.0,M1,1.0,M1,M1,0,5.0,-5.0,0.41666666666666663,0.0,0.0,,requested_mode_matches_applied_mode
fis,persistent-low-generation,2,1635,27.25,3.25,2026-01-02T03:15:00Z,86.75924191000102,86.74705867413357,NORMAL,NORMAL,0.0,85.0,70.0,0.16787878787878788,0.0,0.0,0.0,0.2,0,-5.0,M1,1.0,M1,M1,0,5.0,-5.0,0.41666666666666663,0.0,0.0,,requested_mode_matches_applied_mode
fis,persistent-low-generation,2,1640,27.333333333333332,3.3333333333333335,2026-01-02T03:20:00Z,86.74705867413357,86.73487543826613,NORMAL,NORMAL,0.0,85.0,70.0,0.16787878787878788,0.0,0.0,0.0,0.2,0,-5.0,M1,1.0,M1,M1,0,5.0,-5.0,0.41666666666666663,0.0,0.0,,requested_mode_matches_applied_mode
fis,persistent-low-generation,2,1645,27.416666666666668,3.4166666666666665,2026-01-02T03:25:00Z,86.73487543826613,86.72269220239868,NORMAL,NORMAL,0.0,85.0,70.0,0.16787878787878788,0.0,0.0,0.0,0.2,0,-5.0,M1,1.0,M1,M1,0,5.0,-5.0,0.41666666666666663,0.0,0.0,,requested_mode_matches_applied_mode
fis,persistent-low-generation,2,1650,27.5,3.5,2026-01-02T03:30:00Z,86.72269220239868,86.71050896653124,NORMAL,NORMAL,0.0,85.0,70.0,0.16787878787878788,0.0,0.0,0.0,0.2,0,-5.0,M1,1.0,M1,M1,0,5.0,-5.0,0.41666666666666663,0.0,0.0,,requested_mode_matches_applied_mode
fis,persistent-low-generation,2,1655,27.583333333333332,3.5833333333333335,2026-01-02T03:35:00Z,86.71050896653124,86.69832573066378,NORMAL,NORMAL,0.0,85.0,70.0,0.16787878787878788,0.0,0.0,0.0,0.2,0,-5.0,M1,1.0,M1,M1,0,5.0,-5.0,0.41666666666666663,0.0,0.0,,requested_mode_matches_applied_mode
fis,persistent-low-generation,2,1660,27.666666666666668,3.6666666666666665,2026-01-02T03:40:00Z,86.69832573066378,86.68614249479633,NORMAL,NORMAL,0.0,85.0,70.0,0.16787878787878788,0.0,0.0,0.0,0.2,0,-5.0,M1,1.0,M1,M1,0,5.0,-5.0,0.41666666666666663,0.0,0.0,,requested_mode_matches_applied_mode
fis,persistent-low-generation,2,1665,27.75,3.75,2026-01-02T03:45:00Z,86.68614249479633,86.67395925892889,NORMAL,NORMAL,0.0,85.0,70.0,0.16787878787878788,0.0,0.0,0.0,0.2,0,-5.0,M1,1.0,M1,M1,0,5.0,-5.0,0.41666666666666663,0.0,0.0,,requested_mode_matches_applied_mode
fis,persistent-low-generation,2,1670,27.833333333333332,3.8333333333333335,2026-01-02T03:50:00Z,86.67395925892889,86.66177602306144,NORMAL,NORMAL,0.0,85.0,70.0,0.16787878787878788,0.0,0.0,0.0,0.2,0,-5.0,M1,1.0,M1,M1,0,5.0,-5.0,0.41666666666666663,0.0,0.0,,requested_mode_matches_applied_mode
fis,persistent-low-generation,2,1675,27.916666666666668,3.9166666666666665,2026-01-02T03:55:00Z,86.66177602306144,86.649592787194,NORMAL,NORMAL,0.0,85.0,70.0,0.16787878787878788,0.0,0.0,0.0,0.2,0,-5.0,M1,1.0,M1,M1,0,5.0,-5.0,0.41666666666666663,0.0,0.0,,requested_mode_matches_applied_mode
fis,persistent-low-generation,2,1680,28.0,4.0,2026-01-02T04:00:00Z,86.649592787194,86.63740955132654,NORMAL,NORMAL,0.0,85.0,70.0,0.16787878787878788,0.0,0.0,0.0,0.2,0,-5.0,M1,1.0,M1,M1,0,5.0,-5.0,0.41666666666666663,0.0,0.0,,requested_mode_matches_applied_mode
fis,persistent-low-generation,2,1685,28.083333333333332,4.083333333333333,2026-01-02T04:05:00Z,86.63740955132654,86.6252263154591,NORMAL,NORMAL,0.0,85.0,70.0,0.16787878787878788,0.0,0.0,0.0,0.2,0,-5.0,M1,1.0,M1,M1,0,5.0,-5.0,0.41666666666666663,0.0,0.0,,requested_mode_matches_applied_mode
fis,persistent-low-generation,2,1690,28.166666666666668,4.166666666666667,2026-01-02T04:10:00Z,86.6252263154591,86.61304307959165,NORMAL,NORMAL,0.0,85.0,70.0,0.16787878787878788,0.0,0.0,0.0,0.2,0,-5.0,M1,1.0,M1,M1,0,5.0,-5.0,0.41666666666666663,0.0,0.0,,requested_mode_matches_applied_mode
fis,persistent-low-generation,2,1695,28.25,4.25,2026-01-02T04:15:00Z,86.61304307959165,86.60085984372421,NORMAL,NORMAL,0.0,85.0,70.0,0.16787878787878788,0.0,0.0,0.0,0.2,0,-5.0,M1,1.0,M1,M1,0,5.0,-5.0,0.41666666666666663,0.0,0.0,,requested_mode_matches_applied_mode
fis,persistent-low-generation,2,1700,28.333333333333332,4.333333333333333,2026-01-02T04:20:00Z,86.60085984372421,86.58867660785677,NORMAL,NORMAL,0.0,85.0,70.0,0.16787878787878788,0.0,0.0,0.0,0.2,0,-5.0,M1,1.0,M1,M1,0,5.0,-5.0,0.41666666666666663,0.0,0.0,,requested_mode_matches_applied_mode
fis,persistent-low-generation,2,1705,28.416666666666668,4.416666666666667,2026-01-02T04:25:00Z,86.58867660785677,86.57649337198933,NORMAL,NORMAL,0.0,85.0,70.0,0.16787878787878788,0.0,0.0,0.0,0.2,0,-5.0,M1,1.0,M1,M1,0,5.0,-5.0,0.41666666666666663,0.0,0.0,,requested_mode_matches_applied_mode
fis,persistent-low-generation,2,1710,28.5,4.5,2026-01-02T04:30:00Z,86.57649337198933,86.56431013612188,NORMAL,NORMAL,0.0,85.0,70.0,0.16787878787878788,0.0,0.0,0.0,0.2,0,-5.0,M1,1.0,M1,M1,0,5.0,-5.0,0.41666666666666663,0.0,0.0,,requested_mode_matches_applied_mode
fis,persistent-low-generation,2,1715,28.583333333333332,4.583333333333333,2026-01-02T04:35:00Z,86.56431013612188,86.55212690025444,NORMAL,NORMAL,0.0,85.0,70.0,0.16787878787878788,0.0,0.0,0.0,0.2,0,-5.0,M1,1.0,M1,M1,0,5.0,-5.0,0.41666666666666663,0.0,0.0,,requested_mode_matches_applied_mode
fis,persistent-low-generation,2,1720,28.666666666666668,4.666666666666667,2026-01-02T04:40:00Z,86.55212690025444,86.53994366438698,NORMAL,NORMAL,0.0,85.0,70.0,0.16787878787878788,0.0,0.0,0.0,0.2,0,-5.0,M1,1.0,M1,M1,0,5.0,-5.0,0.41666666666666663,0.0,0.0,,requested_mode_matches_applied_mode
fis,persistent-low-generation,2,1725,28.75,4.75,2026-01-02T04:45:00Z,86.53994366438698,86.52776042851954,NORMAL,NORMAL,0.0,85.0,70.0,0.16787878787878788,0.0,0.0,0.0,0.2,0,-5.0,M1,1.0,M1,M1,0,5.0,-5.0,0.41666666666666663,0.0,0.0,,requested_mode_matches_applied_mode
fis,persistent-low-generation,2,1730,28.833333333333332,4.833333333333333,2026-01-02T04:50:00Z,86.52776042851954,86.51557719265209,NORMAL,NORMAL,0.0,85.0,70.0,0.16787878787878788,0.0,0.0,0.0,0.2,0,-5.0,M1,1.0,M1,M1,0,5.0,-5.0,0.41666666666666663,0.0,0.0,,requested_mode_matches_applied_mode
fis,persistent-low-generation,2,1735,28.916666666666668,4.916666666666667,2026-01-02T04:55:00Z,86.51557719265209,86.50339395678465,NORMAL,NORMAL,0.0,85.0,70.0,0.16787878787878788,0.0,0.0,0.0,0.2,0,-5.0,M1,1.0,M1,M1,0,5.0,-5.0,0.41666666666666663,0.0,0.0,,requested_mode_matches_applied_mode
fis,persistent-low-generation,2,1740,29.0,5.0,2026-01-02T05:00:00Z,86.50339395678465,86.4912107209172,NORMAL,NORMAL,0.0,85.0,70.0,0.16787878787878788,0.0,0.0,0.0,0.2,0,-5.0,M1,1.0,M1,M1,0,5.0,-5.0,0.41666666666666663,0.0,0.0,,requested_mode_matches_applied_mode
fis,persistent-low-generation,2,1745,29.083333333333332,5.083333333333333,2026-01-02T05:05:00Z,86.4912107209172,86.47902748504976,NORMAL,NORMAL,0.0,85.0,70.0,0.16787878787878788,0.0,0.0,0.0,0.2,0,-5.0,M1,1.0,M1,M1,0,5.0,-5.0,0.41666666666666663,0.0,0.0,,requested_mode_matches_applied_mode
fis,persistent-low-generation,2,1750,29.166666666666668,5.166666666666667,2026-01-02T05:10:00Z,86.47902748504976,86.4668442491823,NORMAL,NORMAL,0.0,85.0,70.0,0.16787878787878788,0.0,0.0,0.0,0.2,0,-5.0,M1,1.0,M1,M1,0,5.0,-5.0,0.41666666666666663,0.0,0.0,,requested_mode_matches_applied_mode
fis,persistent-low-generation,2,1755,29.25,5.25,2026-01-02T05:15:00Z,86.4668442491823,86.45466101331486,NORMAL,NORMAL,0.0,85.0,70.0,0.16787878787878788,0.0,0.0,0.0,0.2,0,-5.0,M1,1.0,M1,M1,0,5.0,-5.0,0.41666666666666663,0.0,0.0,,requested_mode_matches_applied_mode
fis,persistent-low-generation,2,1760,29.333333333333332,5.333333333333333,2026-01-02T05:20:00Z,86.45466101331486,86.44247777744741,NORMAL,NORMAL,0.0,85.0,70.0,0.16787878787878788,0.0,0.0,0.0,0.2,0,-5.0,M1,1.0,M1,M1,0,5.0,-5.0,0.41666666666666663,0.0,0.0,,requested_mode_matches_applied_mode
fis,persistent-low-generation,2,1765,29.416666666666668,5.416666666666667,2026-01-02T05:25:00Z,86.44247777744741,86.43029454157997,NORMAL,NORMAL,0.0,85.0,70.0,0.16787878787878788,0.0,0.0,0.0,0.2,0,-5.0,M1,1.0,M1,M1,0,5.0,-5.0,0.41666666666666663,0.0,0.0,,requested_mode_matches_applied_mode
fis,persistent-low-generation,2,1770,29.5,5.5,2026-01-02T05:30:00Z,86.43029454157997,86.41811130571251,NORMAL,NORMAL,0.0,85.0,70.0,0.16787878787878788,0.0,0.0,0.0,0.7,2,-5.0,M2,2.216369093744206,M1,M1,0,5.0,-5.0,0.41666666666666663,0.0,0.0,poor_tracking_condition,requested_mode_matches_applied_mode
fis,persistent-low-generation,2,1775,29.583333333333332,5.583333333333333,2026-01-02T05:35:00Z,86.41811130571251,86.40592806984509,NORMAL,NORMAL,0.0,85.0,70.0,0.16787878787878788,0.0,0.0,0.0,0.7,2,-5.0,M2,2.2142222435383987,M1,M1,0,5.0,-5.0,0.41666666666666663,0.0,0.0,poor_tracking_condition,requested_mode_matches_applied_mode
fis,persistent-low-generation,2,1780,29.666666666666668,5.666666666666667,2026-01-02T05:40:00Z,86.40592806984509,86.39374483397764,NORMAL,NORMAL,0.0,85.0,70.0,0.16787878787878788,0.0,0.0,0.0,0.7,2,-5.0,M2,2.2120703739960175,M1,M1,0,5.0,-5.0,0.41666666666666663,0.0,0.0,poor_tracking_condition,requested_mode_matches_applied_mode
fis,persistent-low-generation,2,1785,29.75,5.75,2026-01-02T05:45:00Z,86.39374483397764,86.3815615981102,NORMAL,NORMAL,0.0,85.0,70.0,0.16787878787878788,0.0,0.0,0.0,0.7,2,-5.0,M2,2.209907458541315,M1,M1,0,5.0,-5.0,0.41666666666666663,0.0,0.0,poor_tracking_condition,requested_mode_matches_applied_mode
fis,persistent-low-generation,2,1790,29.833333333333332,5.833333333333333,2026-01-02T05:50:00Z,86.3815615981102,86.36937836224274,NORMAL,NORMAL,0.0,85.0,70.0,0.16787878787878788,0.0,0.0,0.0,0.7,2,-5.0,M2,2.2077337729348194,M1,M1,0,5.0,-5.0,0.41666666666666663,0.0,0.0,poor_tracking_condition,requested_mode_matches_applied_mode
fis,persistent-low-generation,2,1795,29.916666666666668,5.916666666666667,2026-01-02T05:55:00Z,86.36937836224274,86.3571951263753,NORMAL,NORMAL,0.0,85.0,70.0,0.16787878787878788,0.0,0.0,0.0,0.7,2,-5.0,M2,2.2055549873649825,M1,M1,0,5.0,-5.0,0.41666666666666663,0.0,0.0,poor_tracking_condition,requested_mode_matches_applied_mode
fis,persistent-low-generation,2,1800,30.0,6.0,2026-01-02T06:00:00Z,86.3571951263753,86.34501189050785,NORMAL,NORMAL,0.0,85.0,70.0,0.16787878787878788,0.0,0.0,0.0,0.7,2,-5.0,M2,2.203371083862213,M1,M1,0,5.0,-5.0,0.41666666666666663,0.0,0.0,poor_tracking_condition,requested_mode_matches_applied_mode
fis,persistent-low-generation,2,1805,30.083333333333332,6.083333333333333,2026-01-02T06:05:00Z,86.34501189050785,86.33452591279664,NORMAL,NORMAL,4.8216660077797915,85.0,70.0,0.16787878787878788,1.7478539278201746,0.7739497192387732,0.6965547473148959,0.7,2,-4.303445252685104,M2,2.2011820443723806,M1,M1,0,5.0,-4.303445252685104,0.3586204377237586,0.0,0.0,poor_tracking_condition,requested_mode_matches_applied_mode
fis,persistent-low-generation,2,1810,30.166666666666668,6.166666666666667,2026-01-02T06:10:00Z,86.33452591279664,86.32624083875349,NORMAL,NORMAL,11.074116387152303,85.0,70.0,0.16787878787878788,4.0143671903427105,1.7775617918837523,1.599805612695377,0.7,2,-3.400194387304623,M2,2.199293835627708,M1,M1,0,5.0,-3.400194387304623,0.28334953227538523,0.0,0.0,poor_tracking_condition,requested_mode_matches_applied_mode
fis,persistent-low-generation,2,1815,30.25,6.25,2026-01-02T06:15:00Z,86.32624083875349,86.32039575449579,NORMAL,NORMAL,18.005775996288847,85.0,70.0,0.16787878787878788,6.5270937986547075,2.8901971340443047,2.6011774206398743,0.7,2,-2.3988225793601257,M2,2.1977992355738327,M1,M1,0,5.0,-2.3988225793601257,0.1999018816133438,0.0,0.0,poor_tracking_condition,requested_mode_matches_applied_mode
fis,persistent-low-generation,2,1820,30.333333333333332,6.333333333333333,2026-01-02T06:20:00Z,86.32039575449579,86.31715791522856,NORMAL,NORMAL,25.412583557295157,85.0,70.0,0.16787878787878788,9.212061539519496,4.079100849699233,3.67119076472931,0.7,2,-1.3288092352706902,M2,2.1967433601939317,M1,M1,0,5.0,-1.3288092352706902,0.11073410293922417,0.0,0.0,poor_tracking_condition,requested_mode_matches_applied_mode
fis,persistent-low-generation,2,1825,30.416666666666668,6.416666666666667,2026-01-02T06:25:00Z,86.31715791522856,86.31665673573,NORMAL,NORMAL,33.18703986676286,85.0,70.0,0.16787878787878788,12.030301951701539,5.327017704213441,4.794315933792097,0.7,2,-0.20568406620790292,M2,2.1961579520583636,M1,M1,0,5.0,-0.20568406620790292,0.017140338850658576,0.0,0.0,poor_tracking_condition,requested_mode_matches_applied_mode
fis,persistent-low-generation,2,1830,30.5,6.5,2026-01-02T06:30:00Z,86.31665673573,86.31865795616996,NORMAL,NORMAL,41.260150911287276,85.0,70.0,0.16787878787878788,14.95680470534164,6.622873123525278,5.96058581117275,0.7,2,0.9605858111727503,M2,2.196067304963028,M1,M1,0,5.0,0.9605858111727503,0.0,0.0,0.0,poor_tracking_condition,requested_mode_matches_applied_mode
fis,persistent-low-generation,2,1835,30.583333333333332,6.583333333333333,2026-01-02T06:35:00Z,86.31865795616996,86.32316393031485,NORMAL,NORMAL,49.58254223077287,85.0,70.0,0.16787878787878788,17.97367155865517,7.958741766172509,7.162867589555258,0.7,2,2.1628675895552583,M2,2.1964292082137997,M1,M1,0,5.0,2.1628675895552583,0.0,0.0,0.0,poor_tracking_condition,requested_mode_matches_applied_mode
fis,persistent-low-generation,2,1840,30.666666666666668,6.666666666666667,2026-01-02T06:40:00Z,86.32316393031485,86.33023826932812,NORMAL,NORMAL,58.11629045657219,85.0,70.0,0.16787878787878788,21.067155290507422,9.328536362636687,8.395682726373018,0.7,2,3.3956827263730176,M2,2.1972435614567134,M1,M1,0,5.0,3.3956827263730176,0.0,0.0,0.0,poor_tracking_condition,requested_mode_matches_applied_mode
fis,persistent-low-generation,2,1845,30.75,6.75,2026-01-02T06:45:00Z,86.33023826932812,86.33993536783593,NORMAL,NORMAL,66.83077236639176,85.0,70.0,0.16787878787878788,24.226154982817015,10.727341426391375,9.654607283752238,0.7,2,4.654607283752238,M2,2.1985206577207297,M1,M1,0,5.0,4.654607283752238,0.0,0.0,0.0,poor_tracking_condition,requested_mode_matches_applied_mode
fis,persistent-low-generation,2,1850,30.833333333333332,6.833333333333333,2026-01-02T06:50:00Z,86.33993536783593,86.35230189502896,NORMAL,NORMAL,75.70031913007261,85.0,70.0,0.16787878787878788,27.441365684651327,12.151036725163607,10.935933052647247,0.7,2,5.935933052647247,M2,2.200268393043729,M1,M1,0,5.0,5.935933052647247,0.0,0.0,0.0,poor_tracking_condition,requested_mode_matches_applied_mode
fis,persistent-low-generation,2,1855,30.916666666666668,6.916666666666667,2026-01-02T06:55:00Z,86.35230189502896,86.36737785533592,NORMAL,NORMAL,84.7027861524679,85.0,70.0,0.16787878787878788,30.704759980269614,13.596067719263385,12.236460947337047,0.7,2,7.236460947337047,M2,2.2024925040272447,M1,M1,0,5.0,7.236460947337047,0.0,0.0,0.0,poor_tracking_condition,requested_mode_matches_applied_mode
fis,persistent-low-generation,2,1860,31.0,7.0,2026-01-02T07:00:00Z,86.36737785533592,86.38519737125122,NORMAL,NORMAL,93.81862989157445,85.0,70.0,0.16787878787878788,34.00925333569574,15.059297377046073,13.553367639341467,1.0,3,8.553367639341467,M2,2.260995491423801,M1,M1,0,5.0,8.553367639341467,0.0,0.0,0.0,poor_tracking_condition,requested_mode_matches_applied_mode
fis,persistent-low-generation,2,1865,31.083333333333332,7.083333333333333,2026-01-02T07:05:00Z,86.38519737125122,86.40578927864377,NORMAL,NORMAL,103.03028480154445,85.0,70.0,0.16787878787878788,37.34847824055987,16.53790616491991,14.88411554842792,1.0,3,9.88411554842792,M2,2.263869511969415,M1,M1,0,5.0,9.88411554842792,0.0,0.0,1.1102230246251565e-16,poor_tracking_condition,requested_mode_matches_applied_mode
fis,persistent-low-generation,2,1870,31.166666666666668,7.166666666666667,2026-01-02T07:10:00Z,86.40578927864377,86.42917759091948,NORMAL,NORMAL,112.32172758060445,85.0,70.0,0.16787878787878788,40.71662624796912,18.029322102600723,16.226389892340652,1.0,3,11.226389892340652,M2,2.267174126977268,M1,M1,0,5.0,11.226389892340652,0.0,0.0,1.1102230246251565e-16,poor_tracking_condition,requested_mode_matches_applied_mode
fis,persistent-low-generation,2,1875,31.25,7.25,2026-01-02T07:15:00Z,86.42917759091948,86.45538186875869,NORMAL,NORMAL,121.67816343103348,85.0,70.0,0.16787878787878788,44.108334243749646,19.531170403132343,17.57805336281911,1.0,3,12.578053362819109,M2,2.2708978395532227,M1,M1,0,5.0,12.578053362819109,0.0,0.0,0.0,poor_tracking_condition,requested_mode_matches_applied_mode
fis,persistent-low-generation,2,1880,31.333333333333332,7.333333333333333,2026-01-02T07:20:00Z,86.45538186875869,86.48441752021375,NORMAL,NORMAL,131.08579467086636,85.0,70.0,0.16787878787878788,47.518600568189065,21.041236331594117,18.937112698434706,1.0,3,13.937112698434706,M2,2.2750515065945636,M1,M1,0,5.0,13.937112698434706,0.0,0.0,0.0,poor_tracking_condition,requested_mode_matches_applied_mode
fis,persistent-low-generation,2,1885,31.416666666666668,7.416666666666667,2026-01-02T07:25:00Z,86.48441752021375,86.51629604840323,NORMAL,NORMAL,140.53164661624442,85.0,70.0,0.16787878787878788,50.942721898388605,22.557437256606473,20.301693530945826,1.0,3,15.301693530945826,M2,2.279631447381908,M1,M1,0,5.0,15.301693530945826,0.0,0.0,0.0,poor_tracking_condition,requested_mode_matches_applied_mode
fis,persistent-low-generation,2,1890,31.5,7.5,2026-01-02T07:30:00Z,86.51629604840323,86.55102525909965,NORMAL,NORMAL,150.00343432272098,85.0,70.0,0.16787878787878788,54.376244941986364,24.07780126031156,21.670021134280404,1.0,3,16.670021134280404,M2,2.2846183420094324,M1,M1,0,5.0,16.670021134280404,0.0,0.0,0.0,poor_tracking_condition,requested_mode_matches_applied_mode
fis,persistent-low-generation,2,1895,31.583333333333332,7.583333333333333,2026-01-02T07:35:00Z,86.55102525909965,86.5886094371802,NORMAL,NORMAL,159.4894591274398,85.0,70.0,0.16787878787878788,57.81492893369693,25.600450531841002,23.0404054786569,1.0,3,18.0404054786569,M2,2.290004345838245,M1,M1,0,5.0,18.0404054786569,0.0,0.0,0.0,poor_tracking_condition,requested_mode_matches_applied_mode
fis,persistent-low-generation,2,1900,31.666666666666668,7.666666666666667,2026-01-02T07:40:00Z,86.5886094371802,86.62904949860882,NORMAL,NORMAL,168.97852734939661,85.0,70.0,0.16787878787878788,61.25471616415628,27.1235883174884,24.41122948573956,1.0,3,19.41122948573956,M2,2.295796103783799,M1,M1,0,5.0,19.41122948573956,0.0,0.0,0.0,poor_tracking_condition,requested_mode_matches_applied_mode
fis,persistent-low-generation,2,1905,31.75,7.75,2026-01-02T07:45:00Z,86.62904949860882,86.67234312299323,NORMAL,NORMAL,178.45988574631707,85.0,70.0,0.16787878787878788,64.69170858303994,28.645488560570083,25.780939704513074,1.0,3,20.780939704513074,M2,2.301959995018737,M1,M1,0,5.0,20.780939704513074,0.0,0.0,0.0,poor_tracking_condition,requested_mode_matches_applied_mode
fis,persistent-low-generation,2,1910,31.833333333333332,7.833333333333333,2026-01-02T07:50:00Z,86.67234312299323,86.71848487058782,NORMAL,NORMAL,187.9231698346319,85.0,70.0,0.16787878787878788,68.12214906505407,30.164487606005945,27.148038845405353,1.0,3,22.148038845405353,M2,2.3085000350275275,M1,M1,0,5.0,22.148038845405353,0.0,0.0,0.0,poor_tracking_condition,requested_mode_matches_applied_mode
fis,persistent-low-generation,2,1915,31.916666666666668,7.916666666666667,2026-01-02T07:55:00Z,86.71848487058782,86.76746628675451,NORMAL,NORMAL,197.35836221618453,85.0,70.0,0.16787878787878788,71.5424063033669,31.678977511130867,28.511079760017783,1.0,3,23.511079760017783,M2,2.315400150606336,M1,M1,0,5.0,23.511079760017783,0.0,0.0,0.0,poor_tracking_condition,requested_mode_matches_applied_mode
fis,persistent-low-generation,2,1920,32.0,8.0,2026-01-02T08:00:00Z,86.76746628675451,86.81927599625229,NORMAL,NORMAL,206.75575878282945,85.0,70.0,0.16787878787878788,74.94896255877568,33.187400621025866,29.86866055892328,1.0,3,24.86866055892328,M2,2.3226393004448465,M1,M1,0,5.0,24.86866055892328,0.0,0.0,0.0,poor_tracking_condition,requested_mode_matches_applied_mode
fis,persistent-low-generation,2,1925,32.083333333333336,8.083333333333334,2026-01-02T08:05:00Z,86.81927599625229,86.87389978924193,NORMAL,NORMAL,216.1059411895107,85.0,70.0,0.16787878787878788,78.33840368119763,34.68824515003431,31.219420635030882,1.0,3,26.219420635030882,M2,2.33021344304809,M1,M1,0,5.0,26.219420635030882,0.0,0.0,0.0,poor_tracking_condition,requested_mode_matches_applied_mode
fis,persistent-low-generation,2,1930,32.166666666666664,8.166666666666666,2026-01-02T08:10:00Z,86.87389978924193,86.93132070052205,NORMAL,NORMAL,225.39975436323758,85.0,70.0,0.16787878787878788,81.70741095667363,36.18004157161508,32.56203741445357,1.0,3,27.56203741445357,M2,2.3380967925525367,M1,M1,0,5.0,27.56203741445357,0.0,0.0,0.0,poor_tracking_condition,requested_mode_matches_applied_mode
fis,persistent-low-generation,2,1935,32.25,8.25,2026-01-02T08:15:00Z,86.93132070052205,86.99151908322388,NORMAL,NORMAL,234.6282880927447,85.0,70.0,0.16787878787878788,85.05275443361997,37.66135966320692,33.895223696886234,1.0,3,28.895223696886234,M2,2.34627797741188,M1,M1,0,5.0,28.895223696886234,0.0,0.0,0.0,poor_tracking_condition,requested_mode_matches_applied_mode
fis,persistent-low-generation,2,1940,32.333333333333336,8.333333333333334,2026-01-02T08:20:00Z,86.99151908322388,87.05447267796842,NORMAL,NORMAL,243.78286195050265,85.0,70.0,0.16787878787878788,88.37128745705722,39.130806085984936,35.217725477386445,1.0,3,30.217725477386445,M2,2.354746130022804,M1,M1,0,5.0,30.217725477386445,0.0,0.0,0.0,poor_tracking_condition,requested_mode_matches_applied_mode
fis,persistent-low-generation,2,1945,32.416666666666664,8.416666666666666,2026-01-02T08:25:00Z,87.05447267796842,87.12015667831012,NORMAL,NORMAL,252.85501295493205,85.0,70.0,0.16787878787878788,91.65994219616287,40.58702240446092,36.52832016401483,1.0,3,31.52832016401483,M2,2.3634116826182843,M1,M1,0,5.0,31.52832016401483,0.0,0.0,0.0,poor_tracking_condition,requested_mode_matches_applied_mode
fis,persistent-low-generation,2,1950,32.5,8.5,2026-01-02T08:30:00Z,87.12015667831012,87.18854379314975,NORMAL,NORMAL,261.8364854999091,85.0,70.0,0.16787878787878788,94.91572599371706,42.02868347001791,37.82581512301612,1.0,3,32.82581512301612,M2,2.3722854893888736,M1,M1,0,5.0,32.82581512301612,0.0,0.0,0.0,poor_tracking_condition,requested_mode_matches_applied_mode
fis,persistent-low-generation,2,1955,32.583333333333336,8.583333333333334,2026-01-02T08:35:00Z,87.18854379314975,87.25960430668415,NORMAL,NORMAL,270.71922317062246,85.0,70.0,0.16787878787878788,98.13571839935065,43.454496107232465,39.10904649650922,1.0,3,34.10904649650922,M2,2.3812947736540777,M1,M1,0,5.0,34.10904649650922,0.0,0.0,0.0,poor_tracking_condition,requested_mode_matches_applied_mode
fis,persistent-low-generation,2,1960,32.666666666666664,8.666666666666666,2026-01-02T08:40:00Z,87.25960430668415,87.33330613636748,NORMAL,NORMAL,279.4953621364576,85.0,70.0,0.16787878787878788,101.31706877446588,44.86319805333349,40.376878248000146,1.0,3,35.376878248000146,M2,2.3903920131448197,M1,M1,0,5.0,35.376878248000146,0.0,0.0,0.0,poor_tracking_condition,requested_mode_matches_applied_mode
fis,persistent-low-generation,2,1965,32.75,8.75,2026-01-02T08:45:00Z,87.33330613636748,87.4096148892824,NORMAL,NORMAL,288.1572258678527,85.0,70.0,0.16787878787878788,104.4569943770966,46.25355711017838,41.62820139916054,1.0,3,36.62820139916054,M2,2.399600686422615,M1,M1,0,5.0,36.62820139916054,0.0,0.0,0.0,poor_tracking_condition,requested_mode_matches_applied_mode
fis,persistent-low-generation,2,1970,32.833333333333336,8.833333333333334,2026-01-02T08:50:00Z,87.4096148892824,87.48849391725689,NORMAL,NORMAL,296.69732096864084,85.0,70.0,0.16787878787878788,107.55277885113232,47.62437047528139,42.86193342775325,1.0,3,37.86193342775325,M2,2.4088904703862934,M1,M1,0,5.0,37.86193342775325,0.0,0.0,0.0,poor_tracking_condition,requested_mode_matches_applied_mode
fis,persistent-low-generation,2,1975,32.916666666666664,8.916666666666666,2026-01-02T08:55:00Z,87.48849391725689,87.56990437101047,NORMAL,NORMAL,305.1083339509776,85.0,70.0,0.16787878787878788,110.6017710572294,48.97446422414117,44.07701780172706,1.0,3,39.07701780172706,M2,2.418202666818027,M1,M1,0,5.0,39.07701780172706,0.0,0.0,0.0,poor_tracking_condition,requested_mode_matches_applied_mode
fis,persistent-low-generation,2,1980,33.0,9.0,2026-01-02T09:00:00Z,87.56990437101047,87.65380525357014,NORMAL,NORMAL,313.38312880856245,85.0,70.0,0.16787878787878788,113.6013841931039,50.302692920706406,45.272423628635764,1.0,3,40.272423628635764,M2,2.42752191862919,M1,M1,0,5.0,40.272423628635764,0.0,0.0,0.0,poor_tracking_condition,requested_mode_matches_applied_mode
fis,persistent-low-generation,2,1985,33.083333333333336,9.083333333333334,2026-01-02T09:05:00Z,87.65380525357014,87.74015347315948,NORMAL,NORMAL,321.5147452670294,85.0,70.0,0.16787878787878788,116.54909515929818,51.607939336537235,46.447145402883514,1.0,3,41.447145402883514,M2,2.436846659641451,M1,M1,0,5.0,41.447145402883514,0.0,0.0,0.0,poor_tracking_condition,requested_mode_matches_applied_mode
fis,persistent-low-generation,2,1990,33.166666666666664,9.166666666666666,2026-01-02T09:10:00Z,87.74015347315948,87.82890389573453,NORMAL,NORMAL,329.4963976092564,85.0,70.0,0.16787878787878788,119.44244413335547,52.8891142622498,47.60020283602482,1.0,3,42.60020283602482,M2,2.44615159815138,M1,M1,0,5.0,42.60020283602482,0.0,0.0,0.0,poor_tracking_condition,requested_mode_matches_applied_mode
fis,persistent-low-generation,2,1995,33.25,9.25,2026-01-02T09:15:00Z,87.82890389573453,87.92000939731284,NORMAL,NORMAL,337.3214739888143,85.0,70.0,0.16787878787878788,122.2790343209452,54.14515639731453,48.730640757583075,1.0,3,43.730640757583075,M2,2.4554128116820744,M1,M1,0,5.0,43.730640757583075,0.0,0.0,0.0,poor_tracking_condition,requested_mode_matches_applied_mode
fis,persistent-low-generation,2,2000,33.333333333333336,9.333333333333334,2026-01-02T09:20:00Z,87.92000939731284,88.01342091622054,NORMAL,NORMAL,344.9835361575411,85.0,70.0,0.16787878787878788,125.05653185710867,55.37503230632772,49.837529075694945,1.0,3,44.837529075694945,M2,2.4646077376800197,M1,M1,0,5.0,44.837529075694945,0.0,0.0,4.440892098500626e-16,poor_tracking_condition,requested_mode_matches_applied_mode
fis,persistent-low-generation,2,2005,33.416666666666664,9.416666666666666,2026-01-02T09:25:00Z,88.01342091622054,88.10908750536308,NORMAL,NORMAL,352.47631954379665,85.0,70.0,0.16787878787878788,127.7726658346263,56.57773643157252,50.91996278841527,1.0,3,45.91996278841527,M2,2.4737151552294323,M1,M1,0,5.0,45.91996278841527,0.0,0.0,0.0,poor_tracking_condition,requested_mode_matches_applied_mode
fis,persistent-low-generation,2,2010,33.5,9.5,2026-01-02T09:30:00Z,88.10908750536308,88.20695638460847,NORMAL,NORMAL,359.7937336267778,85.0,70.0,0.16787878787878788,130.42522843970696,57.75229115310224,51.97706203779202,1.0,3,46.97706203779202,M2,2.4827151590327725,M1,M1,0,5.0,46.97706203779202,0.0,0.0,0.0,poor_tracking_condition,requested_mode_matches_applied_mode
fis,persistent-low-generation,2,2015,33.583333333333336,9.583333333333334,2026-01-02T09:35:00Z,88.20695638460847,88.30697299335823,NORMAL,NORMAL,366.9298625596508,85.0,70.0,0.16787878787878788,133.01207517787344,58.897746888762356,53.00797219988612,1.0,3,48.00797219988612,M2,2.491589126838522,M1,M1,0,5.0,48.00797219988612,0.0,0.0,0.0,poor_tracking_condition,requested_mode_matches_applied_mode
fis,persistent-low-generation,2,2020,33.666666666666664,9.666666666666666,2026-01-02T09:40:00Z,88.30697299335823,88.40908104336826,NORMAL,NORMAL,373.8789660004802,85.0,70.0,0.16787878787878788,135.53112517517408,60.01318222756708,54.01186400481037,1.0,3,49.01186400481037,M3,2.500319681421209,M3,M1,0,5.0,49.01186400481037,0.0,0.0,0.0,poor_tracking_condition,new_candidate_started
fis,persistent-low-generation,2,2025,33.75,9.75,2026-01-02T09:45:00Z,88.40908104336826,88.51322257187164,NORMAL,NORMAL,380.63548011518435,85.0,70.0,0.16787878787878788,137.98036154175435,61.09770409068883,54.98793368161995,1.0,3,49.98793368161995,M3,2.5088906481367856,M3,M1,0,5.0,49.98793368161995,0.0,0.0,0.0,poor_tracking_condition,waiting_for_candidate_confirmation
fis,persistent-low-generation,2,2030,33.833333333333336,9.833333333333334,2026-01-02T09:50:00Z,88.51322257187164,88.44074105369842,NORMAL,NORMAL,387.1940187212154,85.0,70.0,0.16787878787878788,140.3578317864406,62.150447915035905,55.93540312353232,1.0,3,50.93540312353232,M3,2.5172870089920463,M3,M3,1,85.68181818181819,-29.74641505828587,2.4788679215238223,5.916666666666666,0.0,poor_tracking_condition,candidate_confirmed_and_dwell_satisfied
fis,persistent-low-generation,2,2035,33.916666666666664,9.916666666666666,2026-01-02T09:55:00Z,88.44074105369842,88.37049666258655,NORMAL,NORMAL,393.5493745444713,85.0,70.0,0.16787878787878788,142.66164827237085,63.17057785500582,56.85352006950524,1.0,3,-28.82829811231295,M3,2.5114624467668234,M3,M3,1,85.68181818181819,-28.82829811231295,2.402358176026079,5.916666666666666,0.0,poor_tracking_condition,requested_mode_matches_applied_mode
fis,persistent-low-generation,2,2040,34.0,10.0,2026-01-02T10:00:00Z,88.37049666258655,88.30241610731572,NORMAL,NORMAL,399.6965205652085,85.0,70.0,0.16787878787878788,144.8899887048881,64.15728699852446,57.74155829867201,0.95,3,-27.940259883146176,M3,2.505676415023004,M3,M3,1,85.68181818181819,-27.940259883146176,2.328354990262181,5.916666666666666,0.0,poor_tracking_condition,requested_mode_matches_applied_mode
fis,persistent-low-generation,2,2045,34.083333333333336,10.083333333333334,2026-01-02T10:05:00Z,88.30241610731572,88.41408031113768,NORMAL,NORMAL,405.6306114315386,85.0,70.0,0.16787878787878788,147.04109664393278,65.10979759393342,58.59881783454008,0.95,3,-27.08300034727811,M2,2.4999339381353276,M1,M1,0,5.0,53.59881783454008,0.0,0.0,0.0,poor_tracking_condition,safety_reduction_applied_immediately
fis,persistent-low-generation,2,2050,34.166666666666664,10.166666666666666,2026-01-02T10:10:00Z,88.41408031113768,88.52746494687979,NORMAL,NORMAL,411.3469849215116,85.0,70.0,0.16787878787878788,149.11328203404798,66.02736128467643,59.42462515620879,0.95,3,54.42462515620879,M3,2.509297338178837,M3,M1,0,5.0,54.42462515620879,0.0,0.0,0.0,poor_tracking_condition,new_candidate_started
fis,persistent-low-generation,2,2055,34.25,10.25,2026-01-02T10:15:00Z,88.52746494687979,88.64250314149263,NORMAL,NORMAL,416.8411634369035,85.0,70.0,0.16787878787878788,151.10492174587753,66.90925934907456,60.218333414167105,0.95,3,55.218333414167105,M3,2.5184304340991397,M3,M1,0,5.0,55.218333414167105,0.0,0.0,0.0,poor_tracking_condition,waiting_for_candidate_confirmation
fis,persistent-low-generation,2,2060,34.333333333333336,10.333333333333334,2026-01-02T10:20:00Z,88.64250314149263,88.58231187557321,NORMAL,NORMAL,422.1088555136517,85.0,70.0,0.16787878787878788,153.01446012369877,67.75480294277381,60.97932264849643,0.95,3,55.97932264849643,M3,2.5273254996678785,M3,M3,1,85.68181818181819,-24.70249553332176,2.0585412944434798,5.916666666666666,0.0,poor_tracking_condition,candidate_confirmed_and_dwell_satisfied
fis,persistent-low-generation,2,2065,34.416666666666664,10.416666666666666,2026-01-02T10:25:00Z,88.58231187557321,88.52389370263394,NORMAL,NORMAL,427.1459573354957,85.0,70.0,0.16787878787878788,154.8404095341172,68.56333334170711,61.7070000075364,0.95,3,-23.974818174281786,M3,2.52302711938832,M3,M3,1,85.68181818181819,-23.974818174281786,1.9979015145234822,5.916666666666666,0.0,poor_tracking_condition,requested_mode_matches_applied_mode
fis,persistent-low-generation,2,2070,34.5,10.5,2026-01-02T10:30:00Z,88.52389370263394,88.46716607540066,NORMAL,NORMAL,431.9485542387826,85.0,70.0,0.16787878787878788,156.5813509115587,69.33422218363819,62.40079996527437,0.95,3,-23.281018216543814,M3,2.518761012112654,M3,M3,1,85.68181818181819,-23.281018216543814,1.940084851378651,5.916666666666666,0.0,poor_tracking_condition,requested_mode_matches_applied_mode
fis,persistent-low-generation,2,2075,34.583333333333336,10.583333333333334,2026-01-02T10:35:00Z,88.46716607540066,88.4120451357176,NORMAL,NORMAL,436.5129221976478,85.0,70.0,0.16787878787878788,158.23593429664734,70.06687170655545,63.0601845358999,0.95,3,-22.621633645918287,M3,2.5145784856498645,M3,M3,1,85.68181818181819,-22.621633645918287,1.8851361371598572,5.916666666666666,0.0,poor_tracking_condition,requested_mode_matches_applied_mode
fis,persistent-low-generation,2,2080,34.666666666666664,10.666666666666666,2026-01-02T10:40:00Z,88.4120451357176,88.35844578216572,NORMAL,NORMAL,440.8355292798796,85.0,70.0,0.16787878787878788,159.80287936395638,70.76071498235987,63.68464348412389,0.95,3,-21.997174697694298,M3,2.5105267707280547,M3,M3,1,85.68181818181819,-21.997174697694298,1.8330978914745248,5.916666666666666,0.0,poor_tracking_condition,requested_mode_matches_applied_mode
fis,persistent-low-generation,2,2085,34.75,10.75,2026-01-02T10:45:00Z,88.35844578216572,88.30628173817982,NORMAL,NORMAL,444.91303706475765,85.0,70.0,0.16787878787878788,161.28097593597465,71.41521614444957,64.27369453000462,0.95,3,-21.40812365181357,M3,2.506479051003838,M3,M3,1,85.68181818181819,-21.40812365181357,1.7840103043177973,5.916666666666666,0.0,poor_tracking_condition,requested_mode_matches_applied_mode
fis,persistent-low-generation,2,2090,34.833333333333336,10.833333333333334,2026-01-02T10:50:00Z,88.30628173817982,88.25546562064895,NORMAL,NORMAL,448.7423020150338,85.0,70.0,0.16787878787878788,162.66908448044975,72.02987060794315,64.82688354714884,0.95,3,-20.85493463466935,M3,2.5025736107187844,M3,M3,1,85.68181818181819,-20.85493463466935,1.7379112195557789,5.916666666666666,0.0,poor_tracking_condition,requested_mode_matches_applied_mode
fis,persistent-low-generation,2,2095,34.916666666666664,10.916666666666666,2026-01-02T10:55:00Z,88.25546562064895,88.38118183888493,NORMAL,NORMAL,452.3203767960078,85.0,70.0,0.16787878787878788,163.96613658855284,72.60420528141118,65.34378475327007,0.95,3,-20.338033428548115,M2,2.4986319931225247,M1,M1,0,5.0,60.34378475327007,0.0,0.0,0.0,poor_tracking_condition,safety_reduction_applied_immediately
fis,persistent-low-generation,2,2100,35.0,11.0,2026-01-02T11:00:00Z,88.38118183888493,88.50789850741032,NORMAL,NORMAL,455.64451153536436,85.0,70.0,0.16787878787878788,165.1711354315696,73.13777876909901,65.82400089218912,0.95,3,60.82400089218912,M3,2.508799123898889,M3,M1,0,5.0,60.82400089218912,0.0,0.0,0.0,poor_tracking_condition,new_candidate_started
fis,persistent-low-generation,2,2105,35.083333333333336,11.083333333333334,2026-01-02T11:05:00Z,88.50789850741032,88.63553843117376,NORMAL,NORMAL,458.71215501807666,85.0,70.0,0.16787878787878788,166.28315619405282,73.63018156272658,66.26716340645392,0.95,3,61.26716340645392,M3,2.519467057264479,M3,M1,0,5.0,61.26716340645392,0.0,0.0,0.0,poor_tracking_condition,waiting_for_candidate_confirmation
fis,persistent-low-generation,2,2110,35.166666666666664,11.166666666666666,2026-01-02T11:10:00Z,88.63553843117376,88.58922048384925,NORMAL,NORMAL,461.52095581127423,85.0,70.0,0.16787878787878788,167.30134648158693,74.08103622204669,66.67293259984203,0.95,3,61.67293259984203,M3,2.529664450786026,M3,M3,1,85.68181818181819,-19.00888558197616,1.584073798498013,5.916666666666666,0.0,poor_tracking_condition,candidate_confirmed_and_dwell_satisfied
fis,persistent-low-generation,2,2115,35.25,11.25,2026-01-02T11:15:00Z,88.58922048384925,88.54379938152779,NORMAL,NORMAL,464.06876331450326,85.0,70.0,0.16787878787878788,168.22492670150746,74.48999754342749,67.04099778908474,0.95,3,-18.640820392733445,M3,2.527753167833186,M3,M3,1,85.68181818181819,-18.640820392733445,1.5534016993944537,5.916666666666666,0.0,poor_tracking_condition,requested_mode_matches_applied_mode
fis,persistent-low-generation,2,2120,35.333333333333336,11.333333333333334,2026-01-02T11:20:00Z,88.54379938152779,88.49918256686504,NORMAL,NORMAL,466.3536287313086,85.0,70.0,0.16787878787878788,169.0531904150994,74.85675271580602,67.37107744422542,0.95,3,-18.310740737592766,M3,2.5245545548361052,M3,M3,1,85.68181818181819,-18.310740737592766,1.5258950614660638,5.916666666666666,0.0,poor_tracking_condition,requested_mode_matches_applied_mode
fis,persistent-low-generation,2,2125,35.416666666666664,11.416666666666666,2026-01-02T11:25:00Z,88.49918256686504,88.4552768678769,NORMAL,NORMAL,468.37380595852005,85.0,70.0,0.16787878787878788,169.78550465996355,75.18102146343188,67.6629193170887,0.95,3,-18.018898864729493,M3,2.521325384076783,M3,M3,1,85.68181818181819,-18.018898864729493,1.5015749053941243,5.916666666666666,0.0,poor_tracking_condition,requested_mode_matches_applied_mode
fis,persistent-low-generation,2,2130,35.5,11.5,2026-01-02T11:30:00Z,88.4552768678769,88.41198856957179,NORMAL,NORMAL,470.1277523900539,85.0,70.0,0.16787878787878788,170.42131024139456,75.46255617488951,67.91630055740056,0.95,3,-17.765517624417626,M3,2.5180324857571414,M3,M3,1,85.68181818181819,-17.765517624417626,1.480459802034802,5.916666666666666,0.0,poor_tracking_condition,requested_mode_matches_applied_mode
fis,persistent-low-generation,2,2135,35.583333333333336,11.583333333333334,2026-01-02T11:35:00Z,88.41198856957179,88.3692234858348,NORMAL,NORMAL,471.61412963244163,85.0,70.0,0.16787878787878788,170.9601219917601,75.70114201795137,68.13102781615623,0.95,3,-17.550790365661953,M3,2.5147250996900246,M3,M3,1,85.68181818181819,-17.550790365661953,1.4625658638051626,5.916666666666666,0.0,poor_tracking_condition,requested_mode_matches_applied_mode
fis,persistent-low-generation,2,2140,35.666666666666664,11.666666666666666,2026-01-02T11:40:00Z,88.3692234858348,88.32688703153185,NORMAL,NORMAL,472.8318041296715,85.0,70.0,0.16787878787878788,171.40152899700595,75.89659703987422,68.3069373358868,0.95,3,-17.374880845931386,M3,2.5113271757509734,M3,M3,1,85.68181818181819,-17.374880845931386,1.4479067371609489,5.916666666666666,0.0,poor_tracking_condition,requested_mode_matches_applied_mode
fis,persistent-low-generation,2,2145,35.75,11.75,2026-01-02T11:45:00Z,88.32688703153185,88.28488429480113,NORMAL,NORMAL,473.77984769529087,85.0,70.0,0.16787878787878788,171.74519478954295,76.04877225280961,68.44389502752865,0.95,3,-17.237923154289533,M3,2.507882014804276,M3,M3,1,85.68181818181819,-17.237923154289533,1.4364935961907943,5.916666666666666,0.0,poor_tracking_condition,requested_mode_matches_applied_mode
fis,persistent-low-generation,2,2150,35.833333333333336,11.833333333333334,2026-01-02T11:50:00Z,88.28488429480113,88.24312010949856,NORMAL,NORMAL,474.457537950053,85.0,70.0,0.16787878787878788,171.99085750689423,76.15755170405276,68.54179653364749,0.95,3,-17.140021648170702,M3,2.5043743558785034,M3,M3,1,85.68181818181819,-17.140021648170702,1.4283351373475583,5.916666666666666,0.0,poor_tracking_condition,requested_mode_matches_applied_mode
fis,persistent-low-generation,2,2155,35.916666666666664,11.916666666666666,2026-01-02T11:55:00Z,88.24312010949856,88.20149912776367,NORMAL,NORMAL,474.86435866372636,85.0,70.0,0.16787878787878788,172.13833001560081,76.22285253090804,68.60056727781723,0.95,3,-17.081250904000953,M3,2.5007621127117403,M3,M3,1,85.68181818181819,-17.081250904000953,1.4234375753334128,5.916666666666666,0.0,poor_tracking_condition,requested_mode_matches_applied_mode
fis,persistent-low-generation,2,2160,36.0,12.0,2026-01-02T12:00:00Z,88.20149912776367,88.334041132972,NORMAL,NORMAL,475.0,85.0,70.0,0.16787878787878788,172.18750000000003,76.24462500000001,68.62016250000002,0.95,3,-17.061655681818166,M2,2.497112900471755,M1,M1,0,5.0,63.62016250000002,0.0,0.0,0.0,poor_tracking_condition,safety_reduction_applied_immediately
fis,persistent-low-generation,2,2165,36.083333333333336,12.083333333333334,2026-01-02T12:05:00Z,88.334041132972,88.46654231480078,NORMAL,NORMAL,474.86435866372636,85.0,70.0,0.16787878787878788,172.13833001560081,76.22285253090804,68.60056727781723,0.95,3,63.600567277817234,M3,2.5073235965409553,M3,M1,0,5.0,63.600567277817234,0.0,0.0,0.0,poor_tracking_condition,new_candidate_started
fis,persistent-low-generation,2,2170,36.166666666666664,12.166666666666666,2026-01-02T12:10:00Z,88.46654231480078,88.5989210575792,NORMAL,NORMAL,474.457537950053,85.0,70.0,0.16787878787878788,171.99085750689423,76.15755170405276,68.54179653364749,0.95,3,63.541796533647485,M3,2.518273533496296,M3,M1,0,5.0,63.541796533647485,0.0,0.0,0.0,poor_tracking_condition,waiting_for_candidate_confirmation
fis,persistent-low-generation,2,2175,36.25,12.25,2026-01-02T12:15:00Z,88.5989210575792,88.55691832084847,NORMAL,NORMAL,473.77984769529087,85.0,70.0,0.16787878787878788,171.74519478954295,76.04877225280961,68.44389502752865,0.95,3,63.443895027528654,M3,2.528636489107473,M3,M3,1,85.68181818181819,-17.237923154289533,1.4364935961907943,5.916666666666666,0.0,poor_tracking_condition,candidate_confirmed_and_dwell_satisfied
fis,persistent-low-generation,2,2180,36.333333333333336,12.333333333333334,2026-01-02T12:20:00Z,88.55691832084847,88.51458186654554,NORMAL,NORMAL,472.8318041296715,85.0,70.0,0.16787878787878788,171.40152899700595,75.89659703987422,68.3069373358868,0.95,3,-17.374880845931386,M3,2.5264850869456574,M3,M3,1,85.68181818181819,-17.374880845931386,1.4479067371609489,5.916666666666666,0.0,poor_tracking_condition,requested_mode_matches_applied_mode
fis,persistent-low-generation,2,2185,36.416666666666664,12.416666666666666,2026-01-02T12:25:00Z,88.51458186654554,88.47181678280853,NORMAL,NORMAL,471.61412963244163,85.0,70.0,0.16787878787878788,170.9601219917601,75.70114201795137,68.13102781615623,0.95,3,-17.550790365661953,M3,2.5230061028794206,M3,M3,1,85.68181818181819,-17.550790365661953,1.4625658638051626,5.916666666666666,0.0,poor_tracking_condition,requested_mode_matches_applied_mode
fis,persistent-low-generation,2,2190,36.5,12.5,2026-01-02T12:30:00Z,88.47181678280853,88.42852848450342,NORMAL,NORMAL,470.12775239005396,85.0,70.0,0.16787878787878788,170.4213102413946,75.46255617488953,67.91630055740058,0.95,3,-17.765517624417612,M3,2.519372392154929,M3,M3,1,85.68181818181819,-17.765517624417612,1.480459802034801,5.916666666666666,0.0,poor_tracking_condition,requested_mode_matches_applied_mode
fis,persistent-low-generation,2,2195,36.583333333333336,12.583333333333334,2026-01-02T12:35:00Z,88.42852848450342,88.38462278551529,NORMAL,NORMAL,468.37380595852005,85.0,70.0,0.16787878787878788,169.78550465996355,75.18102146343188,67.6629193170887,0.95,3,-18.018898864729493,M3,2.5156036133164856,M3,M3,1,85.68181818181819,-18.018898864729493,1.5015749053941243,5.916666666666666,0.0,poor_tracking_condition,requested_mode_matches_applied_mode
fis,persistent-low-generation,2,2200,36.666666666666664,12.666666666666666,2026-01-02T12:40:00Z,88.38462278551529,88.34000597085254,NORMAL,NORMAL,466.3536287313086,85.0,70.0,0.16787878787878788,169.0531904150994,74.85675271580602,67.37107744422542,0.95,3,-18.310740737592766,M3,2.511732431174425,M3,M3,1,85.68181818181819,-18.310740737592766,1.5258950614660638,5.916666666666666,0.0,poor_tracking_condition,requested_mode_matches_applied_mode
fis,persistent-low-generation,2,2205,36.75,12.75,2026-01-02T12:45:00Z,88.34000597085254,88.29458486853108,NORMAL,NORMAL,464.06876331450326,85.0,70.0,0.16787878787878788,168.22492670150746,74.48999754342749,67.04099778908474,0.95,3,-18.640820392733445,M3,2.507646734622767,M3,M3,1,85.68181818181819,-18.640820392733445,1.5534016993944537,5.916666666666666,0.0,poor_tracking_condition,requested_mode_matches_applied_mode
fis,persistent-low-generation,2,2210,36.833333333333336,12.833333333333334,2026-01-02T12:50:00Z,88.29458486853108,88.24826692120655,NORMAL,NORMAL,461.52095581127423,85.0,70.0,0.16787878787878788,167.30134648158693,74.08103622204669,66.67293259984203,0.95,3,-19.00888558197616,M3,2.5034055981388423,M3,M3,1,85.68181818181819,-19.00888558197616,1.584073798498013,5.916666666666666,0.0,poor_tracking_condition,requested_mode_matches_applied_mode
fis,persistent-low-generation,2,2215,36.916666666666664,12.916666666666666,2026-01-02T12:55:00Z,88.24826692120655,88.37590684497002,NORMAL,NORMAL,458.71215501807666,85.0,70.0,0.16787878787878788,166.28315619405282,73.63018156272658,66.26716340645392,0.95,3,-19.41465477536427,M2,2.498973357503697,M1,M1,0,5.0,61.26716340645392,0.0,0.0,0.0,poor_tracking_condition,safety_reduction_applied_immediately
fis,persistent-low-generation,2,2220,37.0,13.0,2026-01-02T13:00:00Z,88.37590684497002,88.5026235134954,NORMAL,NORMAL,455.64451153536436,85.0,70.0,0.16787878787878788,165.1711354315696,73.13777876909901,65.82400089218912,1.0,3,60.82400089218912,M3,2.508355008249397,M3,M1,0,5.0,60.82400089218912,0.0,0.0,0.0,poor_tracking_condition,new_candidate_started
fis,persistent-low-generation,2,2225,37.083333333333336,13.083333333333334,2026-01-02T13:05:00Z,88.5026235134954,88.62833973173137,NORMAL,NORMAL,452.3203767960078,85.0,70.0,0.16787878787878788,163.96613658855284,72.60420528141118,65.34378475327007,1.0,3,60.34378475327007,M3,2.5183599590208887,M3,M1,0,5.0,60.34378475327007,0.0,0.0,0.0,poor_tracking_condition,waiting_for_candidate_confirmation
fis,persistent-low-generation,2,2230,37.166666666666664,13.166666666666666,2026-01-02T13:10:00Z,88.62833973173137,88.5775236142005,NORMAL,NORMAL,448.7423020150338,85.0,70.0,0.16787878787878788,162.66908448044975,72.02987060794315,64.82688354714884,1.0,3,59.82688354714884,M3,2.527766841410684,M3,M3,1,85.68181818181819,-20.85493463466935,1.7379112195557789,5.916666666666666,0.0,poor_tracking_condition,candidate_confirmed_and_dwell_satisfied
fis,persistent-low-generation,2,2235,37.25,13.25,2026-01-02T13:15:00Z,88.5775236142005,88.5253595702146,NORMAL,NORMAL,444.9130370647577,85.0,70.0,0.16787878787878788,161.28097593597468,71.41521614444959,64.27369453000463,1.0,3,-21.408123651813554,M3,2.524113328320477,M3,M3,1,85.68181818181819,-21.408123651813554,1.7840103043177962,5.916666666666666,0.0,poor_tracking_condition,requested_mode_matches_applied_mode
fis,persistent-low-generation,2,2240,37.333333333333336,13.333333333333334,2026-01-02T13:20:00Z,88.5253595702146,88.47176021666273,NORMAL,NORMAL,440.83552927987967,85.0,70.0,0.16787878787878788,159.8028793639564,70.76071498235989,63.684643484123896,1.0,3,-21.99717469769429,M3,2.5196302212336565,M3,M3,1,85.68181818181819,-21.99717469769429,1.8330978914745242,5.916666666666666,0.0,poor_tracking_condition,requested_mode_matches_applied_mode
fis,persistent-low-generation,2,2245,37.416666666666664,13.416666666666666,2026-01-02T13:25:00Z,88.47176021666273,88.41663927697968,NORMAL,NORMAL,436.51292219764787,85.0,70.0,0.16787878787878788,158.23593429664737,70.06687170655545,63.0601845358999,1.0,3,-22.621633645918287,M3,2.5149498644916917,M3,M3,1,85.68181818181819,-22.621633645918287,1.8851361371598572,5.916666666666666,0.0,poor_tracking_condition,requested_mode_matches_applied_mode
fis,persistent-low-generation,2,2250,37.5,13.5,2026-01-02T13:30:00Z,88.41663927697968,88.3599116497464,NORMAL,NORMAL,431.9485542387826,85.0,70.0,0.16787878787878788,156.5813509115587,69.33422218363819,62.40079996527437,1.0,3,-23.281018216543814,M3,2.510145570156466,M3,M3,1,85.68181818181819,-23.281018216543814,1.940084851378651,5.916666666666666,0.0,poor_tracking_condition,requested_mode_matches_applied_mode
fis,persistent-low-generation,2,2255,37.583333333333336,13.583333333333334,2026-01-02T13:35:00Z,88.3599116497464,88.30149347680711,NORMAL,NORMAL,427.1459573354958,85.0,70.0,0.16787878787878788,154.84040953411724,68.56333334170712,61.70700000753641,1.0,3,-23.97481817428178,M3,2.5051440553571815,M3,M3,1,85.68181818181819,-23.97481817428178,1.9979015145234815,5.916666666666666,0.0,poor_tracking_condition,requested_mode_matches_applied_mode
fis,persistent-low-generation,2,2260,37.666666666666664,13.666666666666666,2026-01-02T13:40:00Z,88.30149347680711,88.41811706565814,NORMAL,NORMAL,422.10885551365175,85.0,70.0,0.16787878787878788,153.01446012369877,67.75480294277381,60.97932264849643,1.0,3,-24.70249553332176,M2,2.499990962115948,M1,M1,0,5.0,55.97932264849643,0.0,0.0,0.0,poor_tracking_condition,safety_reduction_applied_immediately
fis,persistent-low-generation,2,2265,37.75,13.75,2026-01-02T13:45:00Z,88.41811706565814,88.53315526027099,NORMAL,NORMAL,416.8411634369035,85.0,70.0,0.16787878787878788,151.10492174587753,66.90925934907456,60.218333414167105,1.0,3,55.218333414167105,M3,2.5096558490844614,M3,M1,0,5.0,55.218333414167105,0.0,0.0,0.0,poor_tracking_condition,new_candidate_started
fis,persistent-low-generation,2,2270,37.833333333333336,13.833333333333334,2026-01-02T13:50:00Z,88.53315526027099,88.64653989601308,NORMAL,NORMAL,411.3469849215117,85.0,70.0,0.16787878787878788,149.113282034048,66.02736128467645,59.424625156208805,1.0,3,54.424625156208805,M3,2.51884394638447,M3,M1,0,5.0,54.424625156208805,0.0,0.0,0.0,poor_tracking_condition,waiting_for_candidate_confirmation
fis,persistent-low-generation,2,2275,37.916666666666664,13.916666666666666,2026-01-02T13:55:00Z,88.64653989601308,88.58054817976728,NORMAL,NORMAL,405.6306114315386,85.0,70.0,0.16787878787878788,147.04109664393278,65.10979759393342,58.59881783454008,1.0,3,53.59881783454008,M3,2.5275345420593354,M3,M3,1,85.68181818181819,-27.08300034727811,2.2569166956065088,5.916666666666666,0.0,poor_tracking_condition,candidate_confirmed_and_dwell_satisfied
fis,persistent-low-generation,2,2280,38.0,14.0,2026-01-02T14:00:00Z,88.58054817976728,88.51246762449647,NORMAL,NORMAL,399.69652056520863,85.0,70.0,0.16787878787878788,144.88998870488814,64.15728699852447,57.741558298672025,1.0,3,-27.94025988314616,M3,2.5225326989078565,M3,M3,1,85.68181818181819,-27.94025988314616,2.32835499026218,5.916666666666666,0.0,poor_tracking_condition,requested_mode_matches_applied_mode
fis,persistent-low-generation,2,2285,38.083333333333336,14.083333333333334,2026-01-02T14:05:00Z,88.51246762449647,88.44222323338458,NORMAL,NORMAL,393.5493745444712,85.0,70.0,0.16787878787878788,142.66164827237083,63.1705778550058,56.85352006950522,1.0,3,-28.828298112312964,M3,2.517227975902039,M3,M3,1,85.68181818181819,-28.828298112312964,2.4023581760260804,5.916666666666666,0.0,poor_tracking_condition,requested_mode_matches_applied_mode
fis,persistent-low-generation,2,2290,38.166666666666664,14.166666666666666,2026-01-02T14:10:00Z,88.44222323338458,88.36974171521136,NORMAL,NORMAL,387.1940187212154,85.0,70.0,0.16787878787878788,140.3578317864406,62.150447915035905,55.93540312353232,1.0,3,-29.74641505828587,M3,2.511582629479115,M3,M3,1,85.68181818181819,-29.74641505828587,2.4788679215238223,5.916666666666666,0.0,poor_tracking_condition,requested_mode_matches_applied_mode
fis,persistent-low-generation,2,2295,38.25,14.25,2026-01-02T14:15:00Z,88.36974171521136,88.29495154830055,NORMAL,NORMAL,380.63548011518446,85.0,70.0,0.16787878787878788,137.98036154175438,61.097704090688836,54.98793368161996,1.0,3,-30.69388450019823,M3,2.5056129775977385,M3,M3,1,85.68181818181819,-30.69388450019823,2.5578237083498525,5.916666666666666,0.0,poor_tracking_condition,requested_mode_matches_applied_mode
fis,persistent-low-generation,2,2300,38.333333333333336,14.333333333333334,2026-01-02T14:20:00Z,88.29495154830055,88.39705959831058,NORMAL,NORMAL,373.8789660004804,85.0,70.0,0.16787878787878788,135.53112517517414,60.01318222756711,54.0118640048104,1.0,3,-31.66995417700779,M2,2.499289908219785,M1,M1,0,5.0,49.0118640048104,0.0,0.0,0.0,poor_tracking_condition,safety_reduction_applied_immediately
fis,persistent-low-generation,2,2305,38.416666666666664,14.416666666666666,2026-01-02T14:25:00Z,88.39705959831058,88.49707620706033,NORMAL,NORMAL,366.92986255965087,85.0,70.0,0.16787878787878788,133.01207517787347,58.89774688876237,53.00797219988613,1.0,3,48.00797219988613,M3,2.507905046776345,M3,M1,0,5.0,48.00797219988613,0.0,0.0,0.0,poor_tracking_condition,new_candidate_started
fis,persistent-low-generation,2,2310,38.5,14.5,2026-01-02T14:30:00Z,88.49707620706033,88.59494508630573,NORMAL,NORMAL,359.7937336267778,85.0,70.0,0.16787878787878788,130.42522843970696,57.75229115310224,51.97706203779202,1.0,3,46.97706203779202,M3,2.5160167808521847,M3,M1,0,5.0,46.97706203779202,0.0,0.0,0.0,poor_tracking_condition,waiting_for_candidate_confirmation
fis,persistent-low-generation,2,2315,38.583333333333336,14.583333333333334,2026-01-02T14:35:00Z,88.59494508630573,88.51024270961614,NORMAL,NORMAL,352.47631954379665,85.0,70.0,0.16787878787878788,127.7726658346263,56.57773643157252,50.91996278841527,1.0,3,45.91996278841527,M3,2.523649623525754,M3,M3,1,85.68181818181819,-34.76185539340292,2.896821282783576,5.916666666666666,0.0,poor_tracking_condition,candidate_confirmed_and_dwell_satisfied
fis,persistent-low-generation,2,2320,38.666666666666664,14.666666666666666,2026-01-02T14:40:00Z,88.51024270961614,88.42290282387998,NORMAL,NORMAL,344.9835361575411,85.0,70.0,0.16787878787878788,125.05653185710867,55.37503230632772,49.837529075694945,1.0,3,-35.84428910612324,M3,2.517053971397912,M3,M3,1,85.68181818181819,-35.84428910612324,2.9870240921769367,5.916666666666666,0.0,poor_tracking_condition,requested_mode_matches_applied_mode
fis,persistent-low-generation,2,2325,38.75,14.75,2026-01-02T14:45:00Z,88.42290282387998,88.33286584185211,NORMAL,NORMAL,337.3214739888144,85.0,70.0,0.16787878787878788,122.27903432094523,54.145156397314544,48.73064075758309,1.0,3,-36.9511774242351,M3,2.51001450795667,M3,M3,1,85.68181818181819,-36.9511774242351,3.0792647853529247,5.916666666666666,0.0,poor_tracking_condition,requested_mode_matches_applied_mode
fis,persistent-low-generation,2,2330,38.833333333333336,14.833333333333334,2026-01-02T14:50:00Z,88.33286584185211,88.24007438145789,NORMAL,NORMAL,329.4963976092564,85.0,70.0,0.16787878787878788,119.44244413335547,52.8891142622498,47.60020283602482,1.0,3,-38.08161534579337,M3,2.502507766632843,M3,M3,1,85.68181818181819,-38.08161534579337,3.1734679454827806,5.916666666666666,0.0,poor_tracking_condition,requested_mode_matches_applied_mode
fis,persistent-low-generation,2,2335,38.916666666666664,14.916666666666666,2026-01-02T14:55:00Z,88.24007438145789,88.32642260104721,NORMAL,NORMAL,321.51474526702947,85.0,70.0,0.16787878787878788,116.54909515929819,51.60793933653724,46.44714540288352,1.0,3,-39.234672778934666,M2,2.4944966619703552,M1,M1,0,5.0,41.44714540288352,0.0,0.0,0.0,poor_tracking_condition,safety_reduction_applied_immediately
fis,persistent-low-generation,2,2340,39.0,15.0,2026-01-02T15:00:00Z,88.32642260104721,88.41032348360689,NORMAL,NORMAL,313.38312880856245,85.0,70.0,0.16787878787878788,113.6013841931039,50.302692920706406,45.272423628635764,1.0,3,40.272423628635764,M3,2.501963875024805,M3,M1,0,5.0,40.272423628635764,0.0,0.0,0.0,poor_tracking_condition,new_candidate_started
fis,persistent-low-generation,2,2345,39.083333333333336,15.083333333333334,2026-01-02T15:05:00Z,88.41032348360689,88.49173393736046,NORMAL,NORMAL,305.1083339509776,85.0,70.0,0.16787878787878788,110.6017710572294,48.97446422414117,44.07701780172706,1.0,3,39.07701780172706,M3,2.5089917412730616,M3,M1,0,5.0,39.07701780172706,0.0,0.0,0.0,poor_tracking_condition,waiting_for_candidate_confirmation
fis,persistent-low-generation,2,2350,39.166666666666664,15.166666666666666,2026-01-02T15:10:00Z,88.49173393736046,88.38739698620535,NORMAL,NORMAL,296.69732096864095,85.0,70.0,0.16787878787878788,107.55277885113236,47.62437047528141,42.86193342775327,1.0,3,37.86193342775327,M3,2.5155860892204833,M3,M3,1,85.68181818181819,-42.819884754064915,3.5683237295054093,5.916666666666666,0.0,poor_tracking_condition,candidate_confirmed_and_dwell_satisfied
fis,persistent-low-generation,2,2355,39.25,15.25,2026-01-02T15:15:00Z,88.38739698620535,88.28005386538989,NORMAL,NORMAL,288.15722586785273,85.0,70.0,0.16787878787878788,104.45699437709663,46.25355711017839,41.62820139916055,1.0,3,-44.053616782657635,M3,2.507095122765586,M3,M3,1,85.68181818181819,-44.053616782657635,3.671134731888136,5.916666666666666,0.0,poor_tracking_condition,requested_mode_matches_applied_mode
fis,persistent-low-generation,2,2360,39.333333333333336,15.333333333333334,2026-01-02T15:20:00Z,88.28005386538989,88.35375569507323,NORMAL,NORMAL,279.4953621364577,85.0,70.0,0.16787878787878788,101.31706877446592,44.863198053333505,40.37687824800015,1.0,3,-45.304939933818034,M2,2.497991690902545,M1,M1,0,5.0,35.37687824800015,0.0,0.0,0.0,poor_tracking_condition,safety_reduction_applied_immediately
fis,persistent-low-generation,2,2365,39.416666666666664,15.416666666666666,2026-01-02T15:25:00Z,88.35375569507323,88.42481620860762,NORMAL,NORMAL,270.7192231706225,85.0,70.0,0.16787878787878788,98.13571839935068,43.45449610723247,39.10904649650923,1.0,3,34.10904649650923,M3,2.5042684236398594,M3,M1,0,5.0,34.10904649650923,0.0,0.0,0.0,poor_tracking_condition,new_candidate_started
fis,persistent-low-generation,2,2370,39.5,15.5,2026-01-02T15:30:00Z,88.42481620860762,88.49320332344725,NORMAL,NORMAL,261.8364854999092,85.0,70.0,0.16787878787878788,94.9157259937171,42.02868347001793,37.82581512301614,1.0,3,32.82581512301614,M3,2.5101699532907302,M3,M1,0,5.0,32.82581512301614,0.0,0.0,0.0,poor_tracking_condition,waiting_for_candidate_confirmation
fis,persistent-low-generation,2,2375,39.583333333333336,15.583333333333334,2026-01-02T15:35:00Z,88.49320332344725,88.37343359143506,NORMAL,NORMAL,252.855012954932,85.0,70.0,0.16787878787878788,91.65994219616286,40.58702240446092,36.52832016401483,1.0,3,31.52832016401483,M3,2.5157045754573195,M3,M3,1,85.68181818181819,-49.15349801780336,4.096124834816946,5.916666666666666,0.0,poor_tracking_condition,candidate_confirmed_and_dwell_satisfied
fis,persistent-low-generation,2,2380,39.666666666666664,15.666666666666666,2026-01-02T15:40:00Z,88.37343359143506,88.2504704025841,NORMAL,NORMAL,243.7828619505026,85.0,70.0,0.16787878787878788,88.3712874570572,39.13080608598493,35.21772547738644,1.0,3,-50.46409270443175,M3,2.5059231508088082,M3,M3,1,85.68181818181819,-50.46409270443175,4.205341058702645,5.916666666666666,0.0,poor_tracking_condition,requested_mode_matches_applied_mode
fis,persistent-low-generation,2,2385,39.75,15.75,2026-01-02T15:45:00Z,88.2504704025841,88.31066878528594,NORMAL,NORMAL,234.6282880927447,85.0,70.0,0.16787878787878788,85.05275443361997,37.66135966320692,33.895223696886234,1.0,3,-51.78659448493195,M2,2.4954070518717173,M1,M1,0,5.0,28.895223696886234,0.0,0.0,0.0,poor_tracking_condition,safety_reduction_applied_immediately
fis,persistent-low-generation,2,2390,39.833333333333336,15.833333333333334,2026-01-02T15:50:00Z,88.31066878528594,88.36808969656606,NORMAL,NORMAL,225.39975436323775,85.0,70.0,0.16787878787878788,81.7074109566737,36.18004157161511,32.5620374144536,1.0,3,27.5620374144536,M3,2.5006323868783737,M3,M1,0,5.0,27.5620374144536,0.0,0.0,0.0,poor_tracking_condition,new_candidate_started
fis,persistent-low-generation,2,2395,39.916666666666664,15.916666666666666,2026-01-02T15:55:00Z,88.36808969656606,88.4227134895557,NORMAL,NORMAL,216.1059411895109,85.0,70.0,0.16787878787878788,78.33840368119772,34.688245150034355,31.21942063503092,1.0,3,26.21942063503092,M3,2.5054741414369004,M3,M1,0,5.0,26.21942063503092,0.0,0.0,0.0,poor_tracking_condition,waiting_for_candidate_confirmation
fis,persistent-low-generation,2,2400,40.0,16.0,2026-01-02T16:00:00Z,88.4227134895557,88.28671651679036,NORMAL,NORMAL,206.75575878282945,85.0,70.0,0.16787878787878788,74.94896255877568,33.187400621025866,29.86866055892328,1.0,3,24.86866055892328,M3,2.509999124478636,M3,M3,1,85.68181818181819,-55.813157622894906,4.6510964685745755,5.916666666666666,0.0,poor_tracking_condition,candidate_confirmed_and_dwell_satisfied
fis,persistent-low-generation,2,2405,40.083333333333336,16.083333333333332,2026-01-02T16:05:00Z,88.28671651679036,88.33569793295707,NORMAL,NORMAL,197.35836221618453,85.0,70.0,0.16787878787878788,71.5424063033669,31.678977511130867,28.511079760017783,1.0,3,-57.17073842180041,M2,2.4985725667330283,M1,M1,0,5.0,23.511079760017783,0.0,0.0,0.0,poor_tracking_condition,safety_reduction_applied_immediately
fis,persistent-low-generation,2,2410,40.166666666666664,16.166666666666668,2026-01-02T16:10:00Z,88.33569793295707,88.38183968055166,NORMAL,NORMAL,187.9231698346319,85.0,70.0,0.16787878787878788,68.12214906505407,30.164487606005945,27.148038845405353,1.0,3,22.148038845405353,M3,2.502746706273337,M3,M1,0,5.0,22.148038845405353,0.0,0.0,0.0,poor_tracking_condition,new_candidate_started
fis,persistent-low-generation,2,2415,40.25,16.25,2026-01-02T16:15:00Z,88.38183968055166,88.42513330493607,NORMAL,NORMAL,178.45988574631707,85.0,70.0,0.16787878787878788,64.69170858303994,28.645488560570083,25.780939704513074,1.0,3,20.780939704513074,M3,2.506628908787134,M3,M1,0,5.0,20.780939704513074,0.0,0.0,0.0,poor_tracking_condition,waiting_for_candidate_confirmation
fis,persistent-low-generation,2,2420,40.333333333333336,16.333333333333332,2026-01-02T16:20:00Z,88.42513330493607,88.27583849817175,NORMAL,NORMAL,168.97852734939664,85.0,70.0,0.16787878787878788,61.25471616415629,27.123588317488405,24.411229485739565,1.0,3,19.411229485739565,M3,2.5101957113881426,M3,M3,1,85.68181818181819,-61.27058869607862,5.105882391339884,5.916666666666666,0.0,poor_tracking_condition,candidate_confirmed_and_dwell_satisfied
fis,persistent-low-generation,2,2425,40.416666666666664,16.416666666666668,2026-01-02T16:25:00Z,88.27583849817175,88.3134226762523,NORMAL,NORMAL,159.48945912743983,85.0,70.0,0.16787878787878788,57.81492893369695,25.60045053184101,23.040405478656908,1.0,3,-62.64141270316128,M2,2.497623946615093,M1,M1,0,5.0,18.040405478656908,0.0,0.0,0.0,poor_tracking_condition,safety_reduction_applied_immediately
fis,persistent-low-generation,2,2430,40.5,16.5,2026-01-02T16:30:00Z,88.3134226762523,88.34815188694871,NORMAL,NORMAL,150.00343432272103,85.0,70.0,0.16787878787878788,54.37624494198638,24.077801260311567,21.67002113428041,1.0,3,16.67002113428041,M3,2.500865312171399,M3,M1,0,5.0,16.67002113428041,0.0,0.0,0.0,poor_tracking_condition,new_candidate_started
fis,persistent-low-generation,2,2435,40.583333333333336,16.583333333333332,2026-01-02T16:35:00Z,88.34815188694871,88.3800304151382,NORMAL,NORMAL,140.53164661624447,85.0,70.0,0.16787878787878788,50.942721898388626,22.55743725660648,20.301693530945833,1.0,3,15.301693530945833,M3,2.5037965250191716,M3,M1,0,5.0,15.301693530945833,0.0,0.0,0.0,poor_tracking_condition,waiting_for_candidate_confirmation
fis,persistent-low-generation,2,2440,40.666666666666664,16.666666666666668,2026-01-02T16:40:00Z,88.3800304151382,88.21739711717673,NORMAL,NORMAL,131.08579467086645,85.0,70.0,0.16787878787878788,47.51860056818909,21.04123633159413,18.937112698434717,1.0,3,13.937112698434717,M3,2.5064770628948145,M3,M3,1,85.68181818181819,-66.74470548338347,5.562058790281956,5.916666666666666,0.0,poor_tracking_condition,candidate_confirmed_and_dwell_satisfied
fis,persistent-low-generation,2,2445,40.75,16.75,2026-01-02T16:45:00Z,88.21739711717673,88.24360139501593,NORMAL,NORMAL,121.67816343103354,85.0,70.0,0.16787878787878788,44.10833424374967,19.53117040313235,17.578053362819116,1.0,3,-68.10376481899907,M2,2.492506963654908,M1,M1,0,5.0,12.578053362819116,0.0,0.0,0.0,poor_tracking_condition,safety_reduction_applied_immediately
fis,persistent-low-generation,2,2450,40.833333333333336,16.833333333333332,2026-01-02T16:50:00Z,88.24360139501593,88.26698970729163,NORMAL,NORMAL,112.32172758060456,85.0,70.0,0.16787878787878788,40.71662624796916,18.029322102600744,16.22638989234067,1.0,3,11.22638989234067,M2,2.4948056495090603,M1,M1,0,5.0,11.22638989234067,0.0,0.0,0.0,poor_tracking_condition,requested_mode_matches_applied_mode
fis,persistent-low-generation,2,2455,40.916666666666664,16.916666666666668,2026-01-02T16:55:00Z,88.26698970729163,88.2875816146842,NORMAL,NORMAL,103.03028480154454,85.0,70.0,0.16787878787878788,37.3484782405599,16.537906164919924,14.884115548427932,1.0,3,9.884115548427932,M2,2.496851401173639,M1,M1,0,5.0,9.884115548427932,0.0,0.0,0.0,poor_tracking_condition,requested_mode_matches_applied_mode
fis,persistent-low-generation,2,2460,41.0,17.0,2026-01-02T17:00:00Z,88.2875816146842,88.30540113059949,NORMAL,NORMAL,93.81862989157457,85.0,70.0,0.16787878787878788,34.00925333569579,15.059297377046093,13.553367639341484,1.0,3,8.553367639341484,M2,2.498647956373884,M1,M1,0,5.0,8.553367639341484,0.0,0.0,0.0,poor_tracking_condition,requested_mode_matches_applied_mode
fis,persistent-low-generation,2,2465,41.083333333333336,17.083333333333332,2026-01-02T17:05:00Z,88.30540113059949,88.32047709090645,NORMAL,NORMAL,84.70278615246784,85.0,70.0,0.16787878787878788,30.704759980269596,13.596067719263376,12.236460947337038,1.0,3,7.236460947337038,M3,2.5001866446600443,M3,M1,0,5.0,7.236460947337038,0.0,0.0,0.0,poor_tracking_condition,new_candidate_started
fis,persistent-low-generation,2,2470,41.166666666666664,17.166666666666668,2026-01-02T17:10:00Z,88.32047709090645,88.33284361809946,NORMAL,NORMAL,75.70031913007257,85.0,70.0,0.16787878787878788,27.44136568465131,12.1510367251636,10.93593305264724,1.0,3,5.93593305264724,M3,2.5014616476242977,M3,M1,0,5.0,5.93593305264724,0.0,0.0,0.0,poor_tracking_condition,waiting_for_candidate_confirmation
fis,persistent-low-generation,2,2475,41.25,17.25,2026-01-02T17:15:00Z,88.33284361809946,88.14759212955643,NORMAL,NORMAL,66.83077236639191,85.0,70.0,0.16787878787878788,24.22615498281707,10.7273414263914,9.65460728375226,1.0,3,4.654607283752259,M3,2.502505891343735,M3,M3,1,85.68181818181819,-76.02721089806593,6.335600908172161,5.916666666666666,0.0,poor_tracking_condition,candidate_confirmed_and_dwell_satisfied
fis,persistent-low-generation,2,2480,41.333333333333336,17.333333333333332,2026-01-02T17:20:00Z,88.14759212955643,88.15466646856972,NORMAL,NORMAL,58.11629045657233,85.0,70.0,0.16787878787878788,21.067155290507472,9.32853636263671,8.395682726373039,1.0,3,-77.28613545544515,M2,2.4862253458630184,M1,M1,0,5.0,3.395682726373039,0.0,0.0,0.0,poor_tracking_condition,safety_reduction_applied_immediately
fis,persistent-low-generation,2,2485,41.416666666666664,17.416666666666668,2026-01-02T17:25:00Z,88.15466646856972,88.1591724427146,NORMAL,NORMAL,49.58254223077303,85.0,70.0,0.16787878787878788,17.973671558655226,7.958741766172534,7.1628675895552805,1.0,3,2.1628675895552805,M2,2.486868496591691,M1,M1,0,5.0,2.1628675895552805,0.0,0.0,0.0,poor_tracking_condition,requested_mode_matches_applied_mode
fis,persistent-low-generation,2,2490,41.5,17.5,2026-01-02T17:30:00Z,88.1591724427146,88.16117366315456,NORMAL,NORMAL,41.260150911287276,85.0,70.0,0.16787878787878788,14.95680470534164,6.622873123525278,5.96058581117275,1.0,3,0.9605858111727503,M2,2.4872778642475293,M1,M1,0,5.0,0.9605858111727503,0.0,0.0,0.0,poor_tracking_condition,requested_mode_matches_applied_mode
fis,persistent-low-generation,2,2495,41.583333333333336,17.583333333333332,2026-01-02T17:35:00Z,88.16117366315456,88.16067248365599,NORMAL,NORMAL,33.18703986676286,85.0,70.0,0.16787878787878788,12.030301951701539,5.327017704213441,4.794315933792097,1.0,3,-0.20568406620790292,M2,2.4874596040574692,M1,M1,0,5.0,-0.20568406620790292,0.017140338850658576,0.0,0.0,poor_tracking_condition,requested_mode_matches_applied_mode
fis,persistent-low-generation,2,2500,41.666666666666664,17.666666666666668,2026-01-02T17:40:00Z,88.16067248365599,88.15743464438876,NORMAL,NORMAL,25.412583557295164,85.0,70.0,0.16787878787878788,9.212061539519498,4.079100849699234,3.6711907647293107,1.0,3,-1.3288092352706893,M2,2.4874140937966818,M1,M1,0,5.0,-1.3288092352706893,0.1107341029392241,0.0,0.0,poor_tracking_condition,requested_mode_matches_applied_mode
fis,persistent-low-generation,2,2505,41.75,17.75,2026-01-02T17:45:00Z,88.15743464438876,88.15158956013106,NORMAL,NORMAL,18.005775996288865,85.0,70.0,0.16787878787878788,6.527093798654715,2.890197134044308,2.601177420639877,1.0,3,-2.398822579360123,M2,2.4871200115492176,M1,M1,0,5.0,-2.398822579360123,0.19990188161334357,0.0,0.0,poor_tracking_condition,requested_mode_matches_applied_mode
fis,persistent-low-generation,2,2510,41.833333333333336,17.833333333333332,2026-01-02T17:50:00Z,88.15158956013106,88.14330448608793,NORMAL,NORMAL,11.074116387152324,85.0,70.0,0.16787878787878788,4.0143671903427185,1.7775617918837558,1.5998056126953804,1.0,3,-3.4001943873046194,M2,2.486588832198306,M1,M1,0,5.0,-3.4001943873046194,0.28334953227538495,0.0,0.0,poor_tracking_condition,requested_mode_matches_applied_mode
fis,persistent-low-generation,2,2515,41.916666666666664,17.916666666666668,2026-01-02T17:55:00Z,88.14330448608793,88.1328185083767,NORMAL,NORMAL,4.821666007779817,85.0,70.0,0.16787878787878788,1.747853927820184,0.7739497192387774,0.6965547473148997,1.0,3,-4.3034452526851,M2,2.4858352763449285,M1,M1,0,5.0,-4.3034452526851,0.35862043772375835,0.0,0.0,poor_tracking_condition,requested_mode_matches_applied_mode
fis,persistent-low-generation,2,2520,42.0,18.0,2026-01-02T18:00:00Z,88.1328185083767,88.12063527250926,NORMAL,NORMAL,3.822140361187655e-17,85.0,70.0,0.16787878787878788,1.3855258809305252e-17,6.1351086007603655e-18,5.521597740684329e-18,1.0,3,-5.0,M2,2.4848804641714906,M1,M1,0,5.0,-5.0,0.41666666666666663,0.0,0.0,poor_tracking_condition,requested_mode_matches_applied_mode
fis,persistent-low-generation,2,2525,42.083333333333336,18.083333333333332,2026-01-02T18:05:00Z,88.12063527250926,88.10845203664181,NORMAL,NORMAL,0.0,85.0,70.0,0.16787878787878788,0.0,0.0,0.0,1.0,3,-5.0,M2,2.4837695928696384,M1,M1,0,5.0,-5.0,0.41666666666666663,0.0,0.0,poor_tracking_condition,requested_mode_matches_applied_mode
fis,persistent-low-generation,2,2530,42.166666666666664,18.166666666666668,2026-01-02T18:10:00Z,88.10845203664181,88.09626880077437,NORMAL,NORMAL,0.0,85.0,70.0,0.16787878787878788,0.0,0.0,0.0,1.0,3,-5.0,M2,2.48265709141195,M1,M1,0,5.0,-5.0,0.41666666666666663,0.0,0.0,poor_tracking_condition,requested_mode_matches_applied_mode
fis,persistent-low-generation,2,2535,42.25,18.25,2026-01-02T18:15:00Z,88.09626880077437,88.08408556490691,NORMAL,NORMAL,0.0,85.0,70.0,0.16787878787878788,0.0,0.0,0.0,1.0,3,-5.0,M2,2.481534087011299,M1,M1,0,5.0,-5.0,0.41666666666666663,0.0,0.0,poor_tracking_condition,requested_mode_matches_applied_mode
fis,persistent-low-generation,2,2540,42.333333333333336,18.333333333333332,2026-01-02T18:20:00Z,88.08408556490691,88.07190232903947,NORMAL,NORMAL,0.0,85.0,70.0,0.16787878787878788,0.0,0.0,0.0,1.0,3,-5.0,M2,2.4803892981260987,M1,M1,0,5.0,-5.0,0.41666666666666663,0.0,0.0,poor_tracking_condition,requested_mode_matches_applied_mode
fis,persistent-low-generation,2,2545,42.416666666666664,18.416666666666668,2026-01-02T18:25:00Z,88.07190232903947,88.05971909317203,NORMAL,NORMAL,0.0,85.0,70.0,0.16787878787878788,0.0,0.0,0.0,1.0,3,-5.0,M2,2.479242781799597,M1,M1,0,5.0,-5.0,0.41666666666666663,0.0,0.0,poor_tracking_condition,requested_mode_matches_applied_mode
fis,persistent-low-generation,2,2550,42.5,18.5,2026-01-02T18:30:00Z,88.05971909317203,88.0475358573046,NORMAL,NORMAL,0.0,85.0,70.0,0.16787878787878788,0.0,0.0,0.0,1.0,3,-5.0,M2,2.4780945341188754,M1,M1,0,5.0,-5.0,0.41666666666666663,0.0,0.0,poor_tracking_condition,requested_mode_matches_applied_mode
fis,persistent-low-generation,2,2555,42.583333333333336,18.583333333333332,2026-01-02T18:35:00Z,88.0475358573046,88.03535262143714,NORMAL,NORMAL,0.0,85.0,70.0,0.16787878787878788,0.0,0.0,0.0,1.0,3,-5.0,M2,2.4769445511591948,M1,M1,0,5.0,-5.0,0.41666666666666663,0.0,0.0,poor_tracking_condition,requested_mode_matches_applied_mode
fis,persistent-low-generation,2,2560,42.666666666666664,18.666666666666668,2026-01-02T18:40:00Z,88.03535262143714,88.0231693855697,NORMAL,NORMAL,0.0,85.0,70.0,0.16787878787878788,0.0,0.0,0.0,1.0,3,-5.0,M2,2.4757928289839413,M1,M1,0,5.0,-5.0,0.41666666666666663,0.0,0.0,poor_tracking_condition,requested_mode_matches_applied_mode
fis,persistent-low-generation,2,2565,42.75,18.75,2026-01-02T18:45:00Z,88.0231693855697,88.01098614970225,NORMAL,NORMAL,0.0,85.0,70.0,0.16787878787878788,0.0,0.0,0.0,1.0,3,-5.0,M2,2.474639363644561,M1,M1,0,5.0,-5.0,0.41666666666666663,0.0,0.0,poor_tracking_condition,requested_mode_matches_applied_mode
fis,persistent-low-generation,2,2570,42.833333333333336,18.833333333333332,2026-01-02T18:50:00Z,88.01098614970225,87.99880291383481,NORMAL,NORMAL,0.0,85.0,70.0,0.16787878787878788,0.0,0.0,0.0,1.0,3,-5.0,M2,2.4734841511806205,M1,M1,0,5.0,-5.0,0.41666666666666663,0.0,0.0,poor_tracking_condition,requested_mode_matches_applied_mode
fis,persistent-low-generation,2,2575,42.916666666666664,18.916666666666668,2026-01-02T18:55:00Z,87.99880291383481,87.98661967796735,NORMAL,NORMAL,0.0,85.0,70.0,0.16787878787878788,0.0,0.0,0.0,1.0,3,-5.0,M2,2.472324307469009,M1,M1,0,5.0,-5.0,0.41666666666666663,0.0,0.0,poor_tracking_condition,requested_mode_matches_applied_mode
fis,persistent-low-generation,2,2580,43.0,19.0,2026-01-02T19:00:00Z,87.98661967796735,87.97443644209991,NORMAL,NORMAL,0.0,85.0,70.0,0.16787878787878788,0.0,0.0,0.0,1.0,3,-5.0,M2,2.4711362268819657,M1,M1,0,5.0,-5.0,0.41666666666666663,0.0,0.0,poor_tracking_condition,requested_mode_matches_applied_mode
fis,persistent-low-generation,2,2585,43.083333333333336,19.083333333333332,2026-01-02T19:05:00Z,87.97443644209991,87.96225320623246,NORMAL,NORMAL,0.0,85.0,70.0,0.16787878787878788,0.0,0.0,0.0,1.0,3,-5.0,M2,2.469946296904904,M1,M1,0,5.0,-5.0,0.41666666666666663,0.0,0.0,poor_tracking_condition,requested_mode_matches_applied_mode
fis,persistent-low-generation,2,2590,43.166666666666664,19.166666666666668,2026-01-02T19:10:00Z,87.96225320623246,87.95006997036502,NORMAL,NORMAL,0.0,85.0,70.0,0.16787878787878788,0.0,0.0,0.0,1.0,3,-5.0,M2,2.46875451321625,M1,M1,0,5.0,-5.0,0.41666666666666663,0.0,0.0,poor_tracking_condition,requested_mode_matches_applied_mode
fis,persistent-low-generation,2,2595,43.25,19.25,2026-01-02T19:15:00Z,87.95006997036502,87.93788673449757,NORMAL,NORMAL,0.0,85.0,70.0,0.16787878787878788,0.0,0.0,0.0,1.0,3,-5.0,M2,2.4675608714809822,M1,M1,0,5.0,-5.0,0.41666666666666663,0.0,0.0,poor_tracking_condition,requested_mode_matches_applied_mode
fis,persistent-low-generation,2,2600,43.333333333333336,19.333333333333332,2026-01-02T19:20:00Z,87.93788673449757,87.92570349863013,NORMAL,NORMAL,0.0,85.0,70.0,0.16787878787878788,0.0,0.0,0.0,1.0,3,-5.0,M2,2.466365367350529,M1,M1,0,5.0,-5.0,0.41666666666666663,0.0,0.0,poor_tracking_condition,requested_mode_matches_applied_mode
fis,persistent-low-generation,2,2605,43.416666666666664,19.416666666666668,2026-01-02T19:25:00Z,87.92570349863013,87.91352026276267,NORMAL,NORMAL,0.0,85.0,70.0,0.16787878787878788,0.0,0.0,0.0,1.0,3,-5.0,M2,2.4651679964627538,M1,M1,0,5.0,-5.0,0.41666666666666663,0.0,0.0,poor_tracking_condition,requested_mode_matches_applied_mode
fis,persistent-low-generation,2,2610,43.5,19.5,2026-01-02T19:30:00Z,87.91352026276267,87.90133702689523,NORMAL,NORMAL,0.0,85.0,70.0,0.16787878787878788,0.0,0.0,0.0,1.0,3,-5.0,M2,2.4639687544418747,M1,M1,0,5.0,-5.0,0.41666666666666663,0.0,0.0,poor_tracking_condition,requested_mode_matches_applied_mode
fis,persistent-low-generation,2,2615,43.583333333333336,19.583333333333332,2026-01-02T19:35:00Z,87.90133702689523,87.88915379102778,NORMAL,NORMAL,0.0,85.0,70.0,0.16787878787878788,0.0,0.0,0.0,1.0,3,-5.0,M2,2.4627676368984033,M1,M1,0,5.0,-5.0,0.41666666666666663,0.0,0.0,poor_tracking_condition,requested_mode_matches_applied_mode
fis,persistent-low-generation,2,2620,43.666666666666664,19.666666666666668,2026-01-02T19:40:00Z,87.88915379102778,87.87697055516034,NORMAL,NORMAL,0.0,85.0,70.0,0.16787878787878788,0.0,0.0,0.0,1.0,3,-5.0,M2,2.4615381744101192,M1,M1,0,5.0,-5.0,0.41666666666666663,0.0,0.0,poor_tracking_condition,requested_mode_matches_applied_mode
fis,persistent-low-generation,2,2625,43.75,19.75,2026-01-02T19:45:00Z,87.87697055516034,87.86478731929289,NORMAL,NORMAL,0.0,85.0,70.0,0.16787878787878788,0.0,0.0,0.0,1.0,3,-5.0,M2,2.4603034760583693,M1,M1,0,5.0,-5.0,0.41666666666666663,0.0,0.0,poor_tracking_condition,requested_mode_matches_applied_mode
fis,persistent-low-generation,2,2630,43.833333333333336,19.833333333333332,2026-01-02T19:50:00Z,87.86478731929289,87.85260408342546,NORMAL,NORMAL,0.0,85.0,70.0,0.16787878787878788,0.0,0.0,0.0,1.0,3,-5.0,M2,2.459066794291162,M1,M1,0,5.0,-5.0,0.41666666666666663,0.0,0.0,poor_tracking_condition,requested_mode_matches_applied_mode
fis,persistent-low-generation,2,2635,43.916666666666664,19.916666666666668,2026-01-02T19:55:00Z,87.85260408342546,87.84042084755801,NORMAL,NORMAL,0.0,85.0,70.0,0.16787878787878788,0.0,0.0,0.0,1.0,3,-5.0,M2,2.4578281243254394,M1,M1,0,5.0,-5.0,0.41666666666666663,0.0,0.0,poor_tracking_condition,requested_mode_matches_applied_mode
fis,persistent-low-generation,2,2640,44.0,20.0,2026-01-02T20:00:00Z,87.84042084755801,87.82823761169057,NORMAL,NORMAL,0.0,85.0,70.0,0.16787878787878788,0.0,0.0,0.0,0.75,2,-5.0,M2,2.4479796759197057,M1,M1,0,5.0,-5.0,0.41666666666666663,0.0,0.0,poor_tracking_condition,requested_mode_matches_applied_mode
fis,persistent-low-generation,2,2645,44.083333333333336,20.083333333333332,2026-01-02T20:05:00Z,87.82823761169057,87.81605437582311,NORMAL,NORMAL,0.0,85.0,70.0,0.16787878787878788,0.0,0.0,0.0,0.75,2,-5.0,M2,2.4467102746717,M1,M1,0,5.0,-5.0,0.41666666666666663,0.0,0.0,poor_tracking_condition,requested_mode_matches_applied_mode
fis,persistent-low-generation,2,2650,44.166666666666664,20.166666666666668,2026-01-02T20:10:00Z,87.81605437582311,87.80387113995567,NORMAL,NORMAL,0.0,85.0,70.0,0.16787878787878788,0.0,0.0,0.0,0.75,2,-5.0,M2,2.4454387952311136,M1,M1,0,5.0,-5.0,0.41666666666666663,0.0,0.0,poor_tracking_condition,requested_mode_matches_applied_mode
fis,persistent-low-generation,2,2655,44.25,20.25,2026-01-02T20:15:00Z,87.80387113995567,87.79168790408822,NORMAL,NORMAL,0.0,85.0,70.0,0.16787878787878788,0.0,0.0,0.0,0.75,2,-5.0,M2,2.4441652324902905,M1,M1,0,5.0,-5.0,0.41666666666666663,0.0,0.0,poor_tracking_condition,requested_mode_matches_applied_mode
fis,persistent-low-generation,2,2660,44.333333333333336,20.333333333333332,2026-01-02T20:20:00Z,87.79168790408822,87.77950466822078,NORMAL,NORMAL,0.0,85.0,70.0,0.16787878787878788,0.0,0.0,0.0,0.75,2,-5.0,M2,2.4428685922392703,M1,M1,0,5.0,-5.0,0.41666666666666663,0.0,0.0,poor_tracking_condition,requested_mode_matches_applied_mode
fis,persistent-low-generation,2,2665,44.416666666666664,20.416666666666668,2026-01-02T20:25:00Z,87.77950466822078,87.76732143235333,NORMAL,NORMAL,0.0,85.0,70.0,0.16787878787878788,0.0,0.0,0.0,0.75,2,-5.0,M2,2.4415599973114896,M1,M1,0,5.0,-5.0,0.41666666666666663,0.0,0.0,poor_tracking_condition,requested_mode_matches_applied_mode
fis,persistent-low-generation,2,2670,44.5,20.5,2026-01-02T20:30:00Z,87.76732143235333,87.75513819648589,NORMAL,NORMAL,0.0,85.0,70.0,0.16787878787878788,0.0,0.0,0.0,0.75,2,-5.0,M2,2.4402492010781707,M1,M1,0,5.0,-5.0,0.41666666666666663,0.0,0.0,poor_tracking_condition,requested_mode_matches_applied_mode
fis,persistent-low-generation,2,2675,44.583333333333336,20.583333333333332,2026-01-02T20:35:00Z,87.75513819648589,87.74295496061843,NORMAL,NORMAL,0.0,85.0,70.0,0.16787878787878788,0.0,0.0,0.0,0.75,2,-5.0,M2,2.4389361979801207,M1,M1,0,5.0,-5.0,0.41666666666666663,0.0,0.0,poor_tracking_condition,requested_mode_matches_applied_mode
fis,persistent-low-generation,2,2680,44.666666666666664,20.666666666666668,2026-01-02T20:40:00Z,87.74295496061843,87.730771724751,NORMAL,NORMAL,0.0,85.0,70.0,0.16787878787878788,0.0,0.0,0.0,0.75,2,-5.0,M2,2.4376209824394017,M1,M1,0,5.0,-5.0,0.41666666666666663,0.0,0.0,poor_tracking_condition,requested_mode_matches_applied_mode
fis,persistent-low-generation,2,2685,44.75,20.75,2026-01-02T20:45:00Z,87.730771724751,87.71858848888354,NORMAL,NORMAL,0.0,85.0,70.0,0.16787878787878788,0.0,0.0,0.0,0.75,2,-5.0,M2,2.4363035488592755,M1,M1,0,5.0,-5.0,0.41666666666666663,0.0,0.0,poor_tracking_condition,requested_mode_matches_applied_mode
fis,persistent-low-generation,2,2690,44.833333333333336,20.833333333333332,2026-01-02T20:50:00Z,87.71858848888354,87.7064052530161,NORMAL,NORMAL,0.0,85.0,70.0,0.16787878787878788,0.0,0.0,0.0,0.75,2,-5.0,M2,2.4349838916240945,M1,M1,0,5.0,-5.0,0.41666666666666663,0.0,0.0,poor_tracking_condition,requested_mode_matches_applied_mode
fis,persistent-low-generation,2,2695,44.916666666666664,20.916666666666668,2026-01-02T20:55:00Z,87.7064052530161,87.69422201714865,NORMAL,NORMAL,0.0,85.0,70.0,0.16787878787878788,0.0,0.0,0.0,0.75,2,-5.0,M2,2.433662005099254,M1,M1,0,5.0,-5.0,0.41666666666666663,0.0,0.0,poor_tracking_condition,requested_mode_matches_applied_mode
fis,persistent-low-generation,2,2700,45.0,21.0,2026-01-02T21:00:00Z,87.69422201714865,87.68203878128121,NORMAL,NORMAL,0.0,85.0,70.0,0.16787878787878788,0.0,0.0,0.0,0.75,2,-5.0,M2,2.432323095149979,M1,M1,0,5.0,-5.0,0.41666666666666663,0.0,0.0,poor_tracking_condition,requested_mode_matches_applied_mode
fis,persistent-low-generation,2,2705,45.083333333333336,21.083333333333332,2026-01-02T21:05:00Z,87.68203878128121,87.66985554541377,NORMAL,NORMAL,0.0,85.0,70.0,0.16787878787878788,0.0,0.0,0.0,0.75,2,-5.0,M2,2.430965471894491,M1,M1,0,5.0,-5.0,0.41666666666666663,0.0,0.0,poor_tracking_condition,requested_mode_matches_applied_mode
fis,persistent-low-generation,2,2710,45.166666666666664,21.166666666666668,2026-01-02T21:10:00Z,87.66985554541377,87.65767230954633,NORMAL,NORMAL,0.0,85.0,70.0,0.16787878787878788,0.0,0.0,0.0,0.75,2,-5.0,M2,2.429605495171357,M1,M1,0,5.0,-5.0,0.41666666666666663,0.0,0.0,poor_tracking_condition,requested_mode_matches_applied_mode
fis,persistent-low-generation,2,2715,45.25,21.25,2026-01-02T21:15:00Z,87.65767230954633,87.64548907367887,NORMAL,NORMAL,0.0,85.0,70.0,0.16787878787878788,0.0,0.0,0.0,0.75,2,-5.0,M2,2.4282431588555555,M1,M1,0,5.0,-5.0,0.41666666666666663,0.0,0.0,poor_tracking_condition,requested_mode_matches_applied_mode
fis,persistent-low-generation,2,2720,45.333333333333336,21.333333333333332,2026-01-02T21:20:00Z,87.64548907367887,87.63330583781143,NORMAL,NORMAL,0.0,85.0,70.0,0.16787878787878788,0.0,0.0,0.0,0.75,2,-5.0,M2,2.4268784568008264,M1,M1,0,5.0,-5.0,0.41666666666666663,0.0,0.0,poor_tracking_condition,requested_mode_matches_applied_mode
fis,persistent-low-generation,2,2725,45.416666666666664,21.416666666666668,2026-01-02T21:25:00Z,87.63330583781143,87.62112260194398,NORMAL,NORMAL,0.0,85.0,70.0,0.16787878787878788,0.0,0.0,0.0,0.75,2,-5.0,M2,2.4255113828395563,M1,M1,0,5.0,-5.0,0.41666666666666663,0.0,0.0,poor_tracking_condition,requested_mode_matches_applied_mode
fis,persistent-low-generation,2,2730,45.5,21.5,2026-01-02T21:30:00Z,87.62112260194398,87.60893936607654,NORMAL,NORMAL,0.0,85.0,70.0,0.16787878787878788,0.0,0.0,0.0,0.75,2,-5.0,M2,2.4241419307826497,M1,M1,0,5.0,-5.0,0.41666666666666663,0.0,0.0,poor_tracking_condition,requested_mode_matches_applied_mode
fis,persistent-low-generation,2,2735,45.583333333333336,21.583333333333332,2026-01-02T21:35:00Z,87.60893936607654,87.59675613020909,NORMAL,NORMAL,0.0,85.0,70.0,0.16787878787878788,0.0,0.0,0.0,0.75,2,-5.0,M2,2.4227700944194894,M1,M1,0,5.0,-5.0,0.41666666666666663,0.0,0.0,poor_tracking_condition,requested_mode_matches_applied_mode
fis,persistent-low-generation,2,2740,45.666666666666664,21.666666666666668,2026-01-02T21:40:00Z,87.59675613020909,87.58457289434165,NORMAL,NORMAL,0.0,85.0,70.0,0.16787878787878788,0.0,0.0,0.0,0.75,2,-5.0,M2,2.4213874487118545,M1,M1,0,5.0,-5.0,0.41666666666666663,0.0,0.0,poor_tracking_condition,requested_mode_matches_applied_mode
fis,persistent-low-generation,2,2745,45.75,21.75,2026-01-02T21:45:00Z,87.58457289434165,87.5723896584742,NORMAL,NORMAL,0.0,85.0,70.0,0.16787878787878788,0.0,0.0,0.0,0.75,2,-5.0,M2,2.4199791352356383,M1,M1,0,5.0,-5.0,0.41666666666666663,0.0,0.0,poor_tracking_condition,requested_mode_matches_applied_mode
fis,persistent-low-generation,2,2750,45.833333333333336,21.833333333333332,2026-01-02T21:50:00Z,87.5723896584742,87.56020642260675,NORMAL,NORMAL,0.0,85.0,70.0,0.16787878787878788,0.0,0.0,0.0,0.75,2,-5.0,M2,2.4185683067435795,M1,M1,0,5.0,-5.0,0.41666666666666663,0.0,0.0,poor_tracking_condition,requested_mode_matches_applied_mode
fis,persistent-low-generation,2,2755,45.916666666666664,21.916666666666668,2026-01-02T21:55:00Z,87.56020642260675,87.5480231867393,NORMAL,NORMAL,0.0,85.0,70.0,0.16787878787878788,0.0,0.0,0.0,0.75,2,-5.0,M2,2.4171549564925234,M1,M1,0,5.0,-5.0,0.41666666666666663,0.0,0.0,poor_tracking_condition,requested_mode_matches_applied_mode
fis,persistent-low-generation,2,2760,46.0,22.0,2026-01-02T22:00:00Z,87.5480231867393,87.53583995087186,NORMAL,NORMAL,0.0,85.0,70.0,0.16787878787878788,0.0,0.0,0.0,0.75,2,-5.0,M2,2.415739077715208,M1,M1,0,5.0,-5.0,0.41666666666666663,0.0,0.0,poor_tracking_condition,requested_mode_matches_applied_mode
fis,persistent-low-generation,2,2765,46.083333333333336,22.083333333333332,2026-01-02T22:05:00Z,87.53583995087186,87.5236567150044,NORMAL,NORMAL,0.0,85.0,70.0,0.16787878787878788,0.0,0.0,0.0,0.75,2,-5.0,M2,2.4143206636201513,M1,M1,0,5.0,-5.0,0.41666666666666663,0.0,0.0,poor_tracking_condition,requested_mode_matches_applied_mode
fis,persistent-low-generation,2,2770,46.166666666666664,22.166666666666668,2026-01-02T22:10:00Z,87.5236567150044,87.51147347913697,NORMAL,NORMAL,0.0,85.0,70.0,0.16787878787878788,0.0,0.0,0.0,0.75,2,-5.0,M2,2.412899707391512,M1,M1,0,5.0,-5.0,0.41666666666666663,0.0,0.0,poor_tracking_condition,requested_mode_matches_applied_mode
fis,persistent-low-generation,2,2775,46.25,22.25,2026-01-02T22:15:00Z,87.51147347913697,87.49929024326951,NORMAL,NORMAL,0.0,85.0,70.0,0.16787878787878788,0.0,0.0,0.0,0.75,2,-5.0,M2,2.41147620218901,M1,M1,0,5.0,-5.0,0.41666666666666663,0.0,0.0,poor_tracking_condition,requested_mode_matches_applied_mode
fis,persistent-low-generation,2,2780,46.333333333333336,22.333333333333332,2026-01-02T22:20:00Z,87.49929024326951,87.48710700740207,NORMAL,NORMAL,0.0,85.0,70.0,0.16787878787878788,0.0,0.0,0.0,0.75,2,-5.0,M2,2.410048272552778,M1,M1,0,5.0,-5.0,0.41666666666666663,0.0,0.0,poor_tracking_condition,requested_mode_matches_applied_mode
fis,persistent-low-generation,2,2785,46.416666666666664,22.416666666666668,2026-01-02T22:25:00Z,87.48710700740207,87.47492377153462,NORMAL,NORMAL,0.0,85.0,70.0,0.16787878787878788,0.0,0.0,0.0,0.75,2,-5.0,M2,2.4085875119480153,M1,M1,0,5.0,-5.0,0.41666666666666663,0.0,0.0,poor_tracking_condition,requested_mode_matches_applied_mode
fis,persistent-low-generation,2,2790,46.5,22.5,2026-01-02T22:30:00Z,87.47492377153462,87.4627405356672,NORMAL,NORMAL,0.0,85.0,70.0,0.16787878787878788,0.0,0.0,0.0,0.75,2,-5.0,M2,2.4071240647411978,M1,M1,0,5.0,-5.0,0.41666666666666663,0.0,0.0,poor_tracking_condition,requested_mode_matches_applied_mode
fis,persistent-low-generation,2,2795,46.583333333333336,22.583333333333332,2026-01-02T22:35:00Z,87.4627405356672,87.45055729979974,NORMAL,NORMAL,0.0,85.0,70.0,0.16787878787878788,0.0,0.0,0.0,0.75,2,-5.0,M2,2.4056579235137625,M1,M1,0,5.0,-5.0,0.41666666666666663,0.0,0.0,poor_tracking_condition,requested_mode_matches_applied_mode
fis,persistent-low-generation,2,2800,46.666666666666664,22.666666666666668,2026-01-02T22:40:00Z,87.45055729979974,87.4383740639323,NORMAL,NORMAL,0.0,85.0,70.0,0.16787878787878788,0.0,0.0,0.0,0.75,2,-5.0,M2,2.4041890808198856,M1,M1,0,5.0,-5.0,0.41666666666666663,0.0,0.0,poor_tracking_condition,requested_mode_matches_applied_mode
fis,persistent-low-generation,2,2805,46.75,22.75,2026-01-02T22:45:00Z,87.4383740639323,87.42619082806485,NORMAL,NORMAL,0.0,85.0,70.0,0.16787878787878788,0.0,0.0,0.0,0.75,2,-5.0,M2,2.4027175291861997,M1,M1,0,5.0,-5.0,0.41666666666666663,0.0,0.0,poor_tracking_condition,requested_mode_matches_applied_mode
fis,persistent-low-generation,2,2810,46.833333333333336,22.833333333333332,2026-01-02T22:50:00Z,87.42619082806485,87.41400759219741,NORMAL,NORMAL,0.0,85.0,70.0,0.16787878787878788,0.0,0.0,0.0,0.75,2,-5.0,M2,2.4012432611117642,M1,M1,0,5.0,-5.0,0.41666666666666663,0.0,0.0,poor_tracking_condition,requested_mode_matches_applied_mode
fis,persistent-low-generation,2,2815,46.916666666666664,22.916666666666668,2026-01-02T22:55:00Z,87.41400759219741,87.40182435632995,NORMAL,NORMAL,0.0,85.0,70.0,0.16787878787878788,0.0,0.0,0.0,0.75,2,-5.0,M2,2.3997662690679338,M1,M1,0,5.0,-5.0,0.41666666666666663,0.0,0.0,poor_tracking_condition,requested_mode_matches_applied_mode
fis,persistent-low-generation,2,2820,47.0,23.0,2026-01-02T23:00:00Z,87.40182435632995,87.38964112046251,NORMAL,NORMAL,0.0,85.0,70.0,0.16787878787878788,0.0,0.0,0.0,0.35,1,-5.0,M2,1.780487804878042,M1,M1,0,5.0,-5.0,0.41666666666666663,0.0,0.0,poor_tracking_condition,requested_mode_matches_applied_mode
fis,persistent-low-generation,2,2825,47.083333333333336,23.083333333333332,2026-01-02T23:05:00Z,87.38964112046251,87.37745788459506,NORMAL,NORMAL,0.0,85.0,70.0,0.16787878787878788,0.0,0.0,0.0,0.35,1,-5.0,M2,1.780487804878042,M1,M1,0,5.0,-5.0,0.41666666666666663,0.0,0.0,poor_tracking_condition,requested_mode_matches_applied_mode
fis,persistent-low-generation,2,2830,47.166666666666664,23.166666666666668,2026-01-02T23:10:00Z,87.37745788459506,87.3652746487276,NORMAL,NORMAL,0.0,85.0,70.0,0.16787878787878788,0.0,0.0,0.0,0.35,1,-5.0,M2,1.780487804878042,M1,M1,0,5.0,-5.0,0.41666666666666663,0.0,0.0,poor_tracking_condition,requested_mode_matches_applied_mode
fis,persistent-low-generation,2,2835,47.25,23.25,2026-01-02T23:15:00Z,87.3652746487276,87.35309141286017,NORMAL,NORMAL,0.0,85.0,70.0,0.16787878787878788,0.0,0.0,0.0,0.35,1,-5.0,M2,1.780487804878042,M1,M1,0,5.0,-5.0,0.41666666666666663,0.0,0.0,poor_tracking_condition,requested_mode_matches_applied_mode
fis,persistent-low-generation,2,2840,47.333333333333336,23.333333333333332,2026-01-02T23:20:00Z,87.35309141286017,87.34090817699271,NORMAL,NORMAL,0.0,85.0,70.0,0.16787878787878788,0.0,0.0,0.0,0.35,1,-5.0,M2,1.780487804878042,M1,M1,0,5.0,-5.0,0.41666666666666663,0.0,0.0,poor_tracking_condition,requested_mode_matches_applied_mode
fis,persistent-low-generation,2,2845,47.416666666666664,23.416666666666668,2026-01-02T23:25:00Z,87.34090817699271,87.32872494112527,NORMAL,NORMAL,0.0,85.0,70.0,0.16787878787878788,0.0,0.0,0.0,0.35,1,-5.0,M2,1.780487804878042,M1,M1,0,5.0,-5.0,0.41666666666666663,0.0,0.0,poor_tracking_condition,requested_mode_matches_applied_mode
fis,persistent-low-generation,2,2850,47.5,23.5,2026-01-02T23:30:00Z,87.32872494112527,87.31654170525782,NORMAL,NORMAL,0.0,85.0,70.0,0.16787878787878788,0.0,0.0,0.0,0.35,1,-5.0,M2,1.780487804878042,M1,M1,0,5.0,-5.0,0.41666666666666663,0.0,0.0,poor_tracking_condition,requested_mode_matches_applied_mode
fis,persistent-low-generation,2,2855,47.583333333333336,23.583333333333332,2026-01-02T23:35:00Z,87.31654170525782,87.30435846939038,NORMAL,NORMAL,0.0,85.0,70.0,0.16787878787878788,0.0,0.0,0.0,0.35,1,-5.0,M2,1.780487804878042,M1,M1,0,5.0,-5.0,0.41666666666666663,0.0,0.0,poor_tracking_condition,requested_mode_matches_applied_mode
fis,persistent-low-generation,2,2860,47.666666666666664,23.666666666666668,2026-01-02T23:40:00Z,87.30435846939038,87.29217523352293,NORMAL,NORMAL,0.0,85.0,70.0,0.16787878787878788,0.0,0.0,0.0,0.35,1,-5.0,M2,1.780487804878042,M1,M1,0,5.0,-5.0,0.41666666666666663,0.0,0.0,poor_tracking_condition,requested_mode_matches_applied_mode
fis,persistent-low-generation,2,2865,47.75,23.75,2026-01-02T23:45:00Z,87.29217523352293,87.2799919976555,NORMAL,NORMAL,0.0,85.0,70.0,0.16787878787878788,0.0,0.0,0.0,0.35,1,-5.0,M2,1.780487804878042,M1,M1,0,5.0,-5.0,0.41666666666666663,0.0,0.0,poor_tracking_condition,requested_mode_matches_applied_mode
fis,persistent-low-generation,2,2870,47.833333333333336,23.833333333333332,2026-01-02T23:50:00Z,87.2799919976555,87.26780876178805,NORMAL,NORMAL,0.0,85.0,70.0,0.16787878787878788,0.0,0.0,0.0,0.35,1,-5.0,M2,1.780487804878042,M1,M1,0,5.0,-5.0,0.41666666666666663,0.0,0.0,poor_tracking_condition,requested_mode_matches_applied_mode
fis,persistent-low-generation,2,2875,47.916666666666664,23.916666666666668,2026-01-02T23:55:00Z,87.26780876178805,87.2556255259206,NORMAL,NORMAL,0.0,85.0,70.0,0.16787878787878788,0.0,0.0,0.0,0.35,1,-5.0,M2,1.780487804878042,M1,M1,0,5.0,-5.0,0.41666666666666663,0.0,0.0,poor_tracking_condition,requested_mode_matches_applied_mode
fis,persistent-low-generation,3,2880,48.0,0.0,2026-01-03T00:00:00Z,87.2556255259206,87.24344229005315,NORMAL,NORMAL,0.0,85.0,70.0,0.16787878787878788,0.0,0.0,0.0,0.2,0,-5.0,M1,1.0,M1,M1,0,5.0,-5.0,0.41666666666666663,0.0,0.0,,requested_mode_matches_applied_mode
fis,persistent-low-generation,3,2885,48.083333333333336,0.08333333333333333,2026-01-03T00:05:00Z,87.24344229005315,87.23125905418571,NORMAL,NORMAL,0.0,85.0,70.0,0.16787878787878788,0.0,0.0,0.0,0.2,0,-5.0,M1,1.0,M1,M1,0,5.0,-5.0,0.41666666666666663,0.0,0.0,,requested_mode_matches_applied_mode
fis,persistent-low-generation,3,2890,48.166666666666664,0.16666666666666666,2026-01-03T00:10:00Z,87.23125905418571,87.21907581831826,NORMAL,NORMAL,0.0,85.0,70.0,0.16787878787878788,0.0,0.0,0.0,0.2,0,-5.0,M1,1.0,M1,M1,0,5.0,-5.0,0.41666666666666663,0.0,0.0,,requested_mode_matches_applied_mode
fis,persistent-low-generation,3,2895,48.25,0.25,2026-01-03T00:15:00Z,87.21907581831826,87.20689258245082,NORMAL,NORMAL,0.0,85.0,70.0,0.16787878787878788,0.0,0.0,0.0,0.2,0,-5.0,M1,1.0,M1,M1,0,5.0,-5.0,0.41666666666666663,0.0,0.0,,requested_mode_matches_applied_mode
fis,persistent-low-generation,3,2900,48.333333333333336,0.3333333333333333,2026-01-03T00:20:00Z,87.20689258245082,87.19470934658337,NORMAL,NORMAL,0.0,85.0,70.0,0.16787878787878788,0.0,0.0,0.0,0.2,0,-5.0,M1,1.0,M1,M1,0,5.0,-5.0,0.41666666666666663,0.0,0.0,,requested_mode_matches_applied_mode
fis,persistent-low-generation,3,2905,48.416666666666664,0.4166666666666667,2026-01-03T00:25:00Z,87.19470934658337,87.18252611071593,NORMAL,NORMAL,0.0,85.0,70.0,0.16787878787878788,0.0,0.0,0.0,0.2,0,-5.0,M1,1.0,M1,M1,0,5.0,-5.0,0.41666666666666663,0.0,0.0,,requested_mode_matches_applied_mode
fis,persistent-low-generation,3,2910,48.5,0.5,2026-01-03T00:30:00Z,87.18252611071593,87.17034287484847,NORMAL,NORMAL,0.0,85.0,70.0,0.16787878787878788,0.0,0.0,0.0,0.2,0,-5.0,M1,1.0,M1,M1,0,5.0,-5.0,0.41666666666666663,0.0,0.0,,requested_mode_matches_applied_mode
fis,persistent-low-generation,3,2915,48.583333333333336,0.5833333333333334,2026-01-03T00:35:00Z,87.17034287484847,87.15815963898103,NORMAL,NORMAL,0.0,85.0,70.0,0.16787878787878788,0.0,0.0,0.0,0.2,0,-5.0,M1,1.0,M1,M1,0,5.0,-5.0,0.41666666666666663,0.0,0.0,,requested_mode_matches_applied_mode
fis,persistent-low-generation,3,2920,48.666666666666664,0.6666666666666666,2026-01-03T00:40:00Z,87.15815963898103,87.14597640311358,NORMAL,NORMAL,0.0,85.0,70.0,0.16787878787878788,0.0,0.0,0.0,0.2,0,-5.0,M1,1.0,M1,M1,0,5.0,-5.0,0.41666666666666663,0.0,0.0,,requested_mode_matches_applied_mode
fis,persistent-low-generation,3,2925,48.75,0.75,2026-01-03T00:45:00Z,87.14597640311358,87.13379316724614,NORMAL,NORMAL,0.0,85.0,70.0,0.16787878787878788,0.0,0.0,0.0,0.2,0,-5.0,M1,1.0,M1,M1,0,5.0,-5.0,0.41666666666666663,0.0,0.0,,requested_mode_matches_applied_mode
fis,persistent-low-generation,3,2930,48.833333333333336,0.8333333333333334,2026-01-03T00:50:00Z,87.13379316724614,87.12160993137869,NORMAL,NORMAL,0.0,85.0,70.0,0.16787878787878788,0.0,0.0,0.0,0.2,0,-5.0,M1,1.0,M1,M1,0,5.0,-5.0,0.41666666666666663,0.0,0.0,,requested_mode_matches_applied_mode
fis,persistent-low-generation,3,2935,48.916666666666664,0.9166666666666666,2026-01-03T00:55:00Z,87.12160993137869,87.10942669551125,NORMAL,NORMAL,0.0,85.0,70.0,0.16787878787878788,0.0,0.0,0.0,0.2,0,-5.0,M1,1.0,M1,M1,0,5.0,-5.0,0.41666666666666663,0.0,0.0,,requested_mode_matches_applied_mode
fis,persistent-low-generation,3,2940,49.0,1.0,2026-01-03T01:00:00Z,87.10942669551125,87.09724345964379,NORMAL,NORMAL,0.0,85.0,70.0,0.16787878787878788,0.0,0.0,0.0,0.2,0,-5.0,M1,1.0,M1,M1,0,5.0,-5.0,0.41666666666666663,0.0,0.0,,requested_mode_matches_applied_mode
fis,persistent-low-generation,3,2945,49.083333333333336,1.0833333333333333,2026-01-03T01:05:00Z,87.09724345964379,87.08506022377635,NORMAL,NORMAL,0.0,85.0,70.0,0.16787878787878788,0.0,0.0,0.0,0.2,0,-5.0,M1,1.0,M1,M1,0,5.0,-5.0,0.41666666666666663,0.0,0.0,,requested_mode_matches_applied_mode
fis,persistent-low-generation,3,2950,49.166666666666664,1.1666666666666667,2026-01-03T01:10:00Z,87.08506022377635,87.07287698790891,NORMAL,NORMAL,0.0,85.0,70.0,0.16787878787878788,0.0,0.0,0.0,0.2,0,-5.0,M1,1.0,M1,M1,0,5.0,-5.0,0.41666666666666663,0.0,0.0,,requested_mode_matches_applied_mode
fis,persistent-low-generation,3,2955,49.25,1.25,2026-01-03T01:15:00Z,87.07287698790891,87.06069375204147,NORMAL,NORMAL,0.0,85.0,70.0,0.16787878787878788,0.0,0.0,0.0,0.2,0,-5.0,M1,1.0,M1,M1,0,5.0,-5.0,0.41666666666666663,0.0,0.0,,requested_mode_matches_applied_mode
fis,persistent-low-generation,3,2960,49.333333333333336,1.3333333333333333,2026-01-03T01:20:00Z,87.06069375204147,87.04851051617402,NORMAL,NORMAL,0.0,85.0,70.0,0.16787878787878788,0.0,0.0,0.0,0.2,0,-5.0,M1,1.0,M1,M1,0,5.0,-5.0,0.41666666666666663,0.0,0.0,,requested_mode_matches_applied_mode
fis,persistent-low-generation,3,2965,49.416666666666664,1.4166666666666667,2026-01-03T01:25:00Z,87.04851051617402,87.03632728030658,NORMAL,NORMAL,0.0,85.0,70.0,0.16787878787878788,0.0,0.0,0.0,0.2,0,-5.0,M1,1.0,M1,M1,0,5.0,-5.0,0.41666666666666663,0.0,0.0,,requested_mode_matches_applied_mode
fis,persistent-low-generation,3,2970,49.5,1.5,2026-01-03T01:30:00Z,87.03632728030658,87.02414404443913,NORMAL,NORMAL,0.0,85.0,70.0,0.16787878787878788,0.0,0.0,0.0,0.2,0,-5.0,M1,1.0,M1,M1,0,5.0,-5.0,0.41666666666666663,0.0,0.0,,requested_mode_matches_applied_mode
fis,persistent-low-generation,3,2975,49.583333333333336,1.5833333333333333,2026-01-03T01:35:00Z,87.02414404443913,87.01196080857169,NORMAL,NORMAL,0.0,85.0,70.0,0.16787878787878788,0.0,0.0,0.0,0.2,0,-5.0,M1,1.0,M1,M1,0,5.0,-5.0,0.41666666666666663,0.0,0.0,,requested_mode_matches_applied_mode
fis,persistent-low-generation,3,2980,49.666666666666664,1.6666666666666667,2026-01-03T01:40:00Z,87.01196080857169,86.99977757270423,NORMAL,NORMAL,0.0,85.0,70.0,0.16787878787878788,0.0,0.0,0.0,0.2,0,-5.0,M1,1.0,M1,M1,0,5.0,-5.0,0.41666666666666663,0.0,0.0,,requested_mode_matches_applied_mode
fis,persistent-low-generation,3,2985,49.75,1.75,2026-01-03T01:45:00Z,86.99977757270423,86.98759433683679,NORMAL,NORMAL,0.0,85.0,70.0,0.16787878787878788,0.0,0.0,0.0,0.2,0,-5.0,M1,1.0,M1,M1,0,5.0,-5.0,0.41666666666666663,0.0,0.0,,requested_mode_matches_applied_mode
fis,persistent-low-generation,3,2990,49.833333333333336,1.8333333333333333,2026-01-03T01:50:00Z,86.98759433683679,86.97541110096934,NORMAL,NORMAL,0.0,85.0,70.0,0.16787878787878788,0.0,0.0,0.0,0.2,0,-5.0,M1,1.0,M1,M1,0,5.0,-5.0,0.41666666666666663,0.0,0.0,,requested_mode_matches_applied_mode
fis,persistent-low-generation,3,2995,49.916666666666664,1.9166666666666667,2026-01-03T01:55:00Z,86.97541110096934,86.9632278651019,NORMAL,NORMAL,0.0,85.0,70.0,0.16787878787878788,0.0,0.0,0.0,0.2,0,-5.0,M1,1.0,M1,M1,0,5.0,-5.0,0.41666666666666663,0.0,0.0,,requested_mode_matches_applied_mode
fis,persistent-low-generation,3,3000,50.0,2.0,2026-01-03T02:00:00Z,86.9632278651019,86.95104462923445,NORMAL,NORMAL,0.0,85.0,70.0,0.16787878787878788,0.0,0.0,0.0,0.2,0,-5.0,M1,1.0,M1,M1,0,5.0,-5.0,0.41666666666666663,0.0,0.0,,requested_mode_matches_applied_mode
fis,persistent-low-generation,3,3005,50.083333333333336,2.0833333333333335,2026-01-03T02:05:00Z,86.95104462923445,86.938861393367,NORMAL,NORMAL,0.0,85.0,70.0,0.16787878787878788,0.0,0.0,0.0,0.2,0,-5.0,M1,1.0,M1,M1,0,5.0,-5.0,0.41666666666666663,0.0,0.0,,requested_mode_matches_applied_mode
fis,persistent-low-generation,3,3010,50.166666666666664,2.1666666666666665,2026-01-03T02:10:00Z,86.938861393367,86.92667815749955,NORMAL,NORMAL,0.0,85.0,70.0,0.16787878787878788,0.0,0.0,0.0,0.2,0,-5.0,M1,1.0,M1,M1,0,5.0,-5.0,0.41666666666666663,0.0,0.0,,requested_mode_matches_applied_mode
fis,persistent-low-generation,3,3015,50.25,2.25,2026-01-03T02:15:00Z,86.92667815749955,86.91449492163211,NORMAL,NORMAL,0.0,85.0,70.0,0.16787878787878788,0.0,0.0,0.0,0.2,0,-5.0,M1,1.0,M1,M1,0,5.0,-5.0,0.41666666666666663,0.0,0.0,,requested_mode_matches_applied_mode
fis,persistent-low-generation,3,3020,50.333333333333336,2.3333333333333335,2026-01-03T02:20:00Z,86.91449492163211,86.90231168576466,NORMAL,NORMAL,0.0,85.0,70.0,0.16787878787878788,0.0,0.0,0.0,0.2,0,-5.0,M1,1.0,M1,M1,0,5.0,-5.0,0.41666666666666663,0.0,0.0,,requested_mode_matches_applied_mode
fis,persistent-low-generation,3,3025,50.416666666666664,2.4166666666666665,2026-01-03T02:25:00Z,86.90231168576466,86.89012844989723,NORMAL,NORMAL,0.0,85.0,70.0,0.16787878787878788,0.0,0.0,0.0,0.2,0,-5.0,M1,1.0,M1,M1,0,5.0,-5.0,0.41666666666666663,0.0,0.0,,requested_mode_matches_applied_mode
fis,persistent-low-generation,3,3030,50.5,2.5,2026-01-03T02:30:00Z,86.89012844989723,86.87794521402978,NORMAL,NORMAL,0.0,85.0,70.0,0.16787878787878788,0.0,0.0,0.0,0.2,0,-5.0,M1,1.0,M1,M1,0,5.0,-5.0,0.41666666666666663,0.0,0.0,,requested_mode_matches_applied_mode
fis,persistent-low-generation,3,3035,50.583333333333336,2.5833333333333335,2026-01-03T02:35:00Z,86.87794521402978,86.86576197816234,NORMAL,NORMAL,0.0,85.0,70.0,0.16787878787878788,0.0,0.0,0.0,0.2,0,-5.0,M1,1.0,M1,M1,0,5.0,-5.0,0.41666666666666663,0.0,0.0,,requested_mode_matches_applied_mode
fis,persistent-low-generation,3,3040,50.666666666666664,2.6666666666666665,2026-01-03T02:40:00Z,86.86576197816234,86.85357874229489,NORMAL,NORMAL,0.0,85.0,70.0,0.16787878787878788,0.0,0.0,0.0,0.2,0,-5.0,M1,1.0,M1,M1,0,5.0,-5.0,0.41666666666666663,0.0,0.0,,requested_mode_matches_applied_mode
fis,persistent-low-generation,3,3045,50.75,2.75,2026-01-03T02:45:00Z,86.85357874229489,86.84139550642745,NORMAL,NORMAL,0.0,85.0,70.0,0.16787878787878788,0.0,0.0,0.0,0.2,0,-5.0,M1,1.0,M1,M1,0,5.0,-5.0,0.41666666666666663,0.0,0.0,,requested_mode_matches_applied_mode
fis,persistent-low-generation,3,3050,50.833333333333336,2.8333333333333335,2026-01-03T02:50:00Z,86.84139550642745,86.82921227055999,NORMAL,NORMAL,0.0,85.0,70.0,0.16787878787878788,0.0,0.0,0.0,0.2,0,-5.0,M1,1.0,M1,M1,0,5.0,-5.0,0.41666666666666663,0.0,0.0,,requested_mode_matches_applied_mode
fis,persistent-low-generation,3,3055,50.916666666666664,2.9166666666666665,2026-01-03T02:55:00Z,86.82921227055999,86.81702903469255,NORMAL,NORMAL,0.0,85.0,70.0,0.16787878787878788,0.0,0.0,0.0,0.2,0,-5.0,M1,1.0,M1,M1,0,5.0,-5.0,0.41666666666666663,0.0,0.0,,requested_mode_matches_applied_mode
fis,persistent-low-generation,3,3060,51.0,3.0,2026-01-03T03:00:00Z,86.81702903469255,86.8048457988251,NORMAL,NORMAL,0.0,85.0,70.0,0.16787878787878788,0.0,0.0,0.0,0.2,0,-5.0,M1,1.0,M1,M1,0,5.0,-5.0,0.41666666666666663,0.0,0.0,,requested_mode_matches_applied_mode
fis,persistent-low-generation,3,3065,51.083333333333336,3.0833333333333335,2026-01-03T03:05:00Z,86.8048457988251,86.79266256295766,NORMAL,NORMAL,0.0,85.0,70.0,0.16787878787878788,0.0,0.0,0.0,0.2,0,-5.0,M1,1.0,M1,M1,0,5.0,-5.0,0.41666666666666663,0.0,0.0,,requested_mode_matches_applied_mode
fis,persistent-low-generation,3,3070,51.166666666666664,3.1666666666666665,2026-01-03T03:10:00Z,86.79266256295766,86.7804793270902,NORMAL,NORMAL,0.0,85.0,70.0,0.16787878787878788,0.0,0.0,0.0,0.2,0,-5.0,M1,1.0,M1,M1,0,5.0,-5.0,0.41666666666666663,0.0,0.0,,requested_mode_matches_applied_mode
fis,persistent-low-generation,3,3075,51.25,3.25,2026-01-03T03:15:00Z,86.7804793270902,86.76829609122277,NORMAL,NORMAL,0.0,85.0,70.0,0.16787878787878788,0.0,0.0,0.0,0.2,0,-5.0,M1,1.0,M1,M1,0,5.0,-5.0,0.41666666666666663,0.0,0.0,,requested_mode_matches_applied_mode
fis,persistent-low-generation,3,3080,51.333333333333336,3.3333333333333335,2026-01-03T03:20:00Z,86.76829609122277,86.75611285535531,NORMAL,NORMAL,0.0,85.0,70.0,0.16787878787878788,0.0,0.0,0.0,0.2,0,-5.0,M1,1.0,M1,M1,0,5.0,-5.0,0.41666666666666663,0.0,0.0,,requested_mode_matches_applied_mode
fis,persistent-low-generation,3,3085,51.416666666666664,3.4166666666666665,2026-01-03T03:25:00Z,86.75611285535531,86.74392961948787,NORMAL,NORMAL,0.0,85.0,70.0,0.16787878787878788,0.0,0.0,0.0,0.2,0,-5.0,M1,1.0,M1,M1,0,5.0,-5.0,0.41666666666666663,0.0,0.0,,requested_mode_matches_applied_mode
fis,persistent-low-generation,3,3090,51.5,3.5,2026-01-03T03:30:00Z,86.74392961948787,86.73174638362042,NORMAL,NORMAL,0.0,85.0,70.0,0.16787878787878788,0.0,0.0,0.0,0.2,0,-5.0,M1,1.0,M1,M1,0,5.0,-5.0,0.41666666666666663,0.0,0.0,,requested_mode_matches_applied_mode
fis,persistent-low-generation,3,3095,51.583333333333336,3.5833333333333335,2026-01-03T03:35:00Z,86.73174638362042,86.71956314775298,NORMAL,NORMAL,0.0,85.0,70.0,0.16787878787878788,0.0,0.0,0.0,0.2,0,-5.0,M1,1.0,M1,M1,0,5.0,-5.0,0.41666666666666663,0.0,0.0,,requested_mode_matches_applied_mode
fis,persistent-low-generation,3,3100,51.666666666666664,3.6666666666666665,2026-01-03T03:40:00Z,86.71956314775298,86.70737991188552,NORMAL,NORMAL,0.0,85.0,70.0,0.16787878787878788,0.0,0.0,0.0,0.2,0,-5.0,M1,1.0,M1,M1,0,5.0,-5.0,0.41666666666666663,0.0,0.0,,requested_mode_matches_applied_mode
fis,persistent-low-generation,3,3105,51.75,3.75,2026-01-03T03:45:00Z,86.70737991188552,86.69519667601809,NORMAL,NORMAL,0.0,85.0,70.0,0.16787878787878788,0.0,0.0,0.0,0.2,0,-5.0,M1,1.0,M1,M1,0,5.0,-5.0,0.41666666666666663,0.0,0.0,,requested_mode_matches_applied_mode
fis,persistent-low-generation,3,3110,51.833333333333336,3.8333333333333335,2026-01-03T03:50:00Z,86.69519667601809,86.68301344015065,NORMAL,NORMAL,0.0,85.0,70.0,0.16787878787878788,0.0,0.0,0.0,0.2,0,-5.0,M1,1.0,M1,M1,0,5.0,-5.0,0.41666666666666663,0.0,0.0,,requested_mode_matches_applied_mode
fis,persistent-low-generation,3,3115,51.916666666666664,3.9166666666666665,2026-01-03T03:55:00Z,86.68301344015065,86.6708302042832,NORMAL,NORMAL,0.0,85.0,70.0,0.16787878787878788,0.0,0.0,0.0,0.2,0,-5.0,M1,1.0,M1,M1,0,5.0,-5.0,0.41666666666666663,0.0,0.0,,requested_mode_matches_applied_mode
fis,persistent-low-generation,3,3120,52.0,4.0,2026-01-03T04:00:00Z,86.6708302042832,86.65864696841575,NORMAL,NORMAL,0.0,85.0,70.0,0.16787878787878788,0.0,0.0,0.0,0.2,0,-5.0,M1,1.0,M1,M1,0,5.0,-5.0,0.41666666666666663,0.0,0.0,,requested_mode_matches_applied_mode
fis,persistent-low-generation,3,3125,52.083333333333336,4.083333333333333,2026-01-03T04:05:00Z,86.65864696841575,86.64646373254831,NORMAL,NORMAL,0.0,85.0,70.0,0.16787878787878788,0.0,0.0,0.0,0.2,0,-5.0,M1,1.0,M1,M1,0,5.0,-5.0,0.41666666666666663,0.0,0.0,,requested_mode_matches_applied_mode
fis,persistent-low-generation,3,3130,52.166666666666664,4.166666666666667,2026-01-03T04:10:00Z,86.64646373254831,86.63428049668086,NORMAL,NORMAL,0.0,85.0,70.0,0.16787878787878788,0.0,0.0,0.0,0.2,0,-5.0,M1,1.0,M1,M1,0,5.0,-5.0,0.41666666666666663,0.0,0.0,,requested_mode_matches_applied_mode
fis,persistent-low-generation,3,3135,52.25,4.25,2026-01-03T04:15:00Z,86.63428049668086,86.62209726081342,NORMAL,NORMAL,0.0,85.0,70.0,0.16787878787878788,0.0,0.0,0.0,0.2,0,-5.0,M1,1.0,M1,M1,0,5.0,-5.0,0.41666666666666663,0.0,0.0,,requested_mode_matches_applied_mode
fis,persistent-low-generation,3,3140,52.333333333333336,4.333333333333333,2026-01-03T04:20:00Z,86.62209726081342,86.60991402494597,NORMAL,NORMAL,0.0,85.0,70.0,0.16787878787878788,0.0,0.0,0.0,0.2,0,-5.0,M1,1.0,M1,M1,0,5.0,-5.0,0.41666666666666663,0.0,0.0,,requested_mode_matches_applied_mode
fis,persistent-low-generation,3,3145,52.416666666666664,4.416666666666667,2026-01-03T04:25:00Z,86.60991402494597,86.59773078907853,NORMAL,NORMAL,0.0,85.0,70.0,0.16787878787878788,0.0,0.0,0.0,0.2,0,-5.0,M1,1.0,M1,M1,0,5.0,-5.0,0.41666666666666663,0.0,0.0,,requested_mode_matches_applied_mode
fis,persistent-low-generation,3,3150,52.5,4.5,2026-01-03T04:30:00Z,86.59773078907853,86.58554755321107,NORMAL,NORMAL,0.0,85.0,70.0,0.16787878787878788,0.0,0.0,0.0,0.2,0,-5.0,M1,1.0,M1,M1,0,5.0,-5.0,0.41666666666666663,0.0,0.0,,requested_mode_matches_applied_mode
fis,persistent-low-generation,3,3155,52.583333333333336,4.583333333333333,2026-01-03T04:35:00Z,86.58554755321107,86.57336431734363,NORMAL,NORMAL,0.0,85.0,70.0,0.16787878787878788,0.0,0.0,0.0,0.2,0,-5.0,M1,1.0,M1,M1,0,5.0,-5.0,0.41666666666666663,0.0,0.0,,requested_mode_matches_applied_mode
fis,persistent-low-generation,3,3160,52.666666666666664,4.666666666666667,2026-01-03T04:40:00Z,86.57336431734363,86.56118108147618,NORMAL,NORMAL,0.0,85.0,70.0,0.16787878787878788,0.0,0.0,0.0,0.2,0,-5.0,M1,1.0,M1,M1,0,5.0,-5.0,0.41666666666666663,0.0,0.0,,requested_mode_matches_applied_mode
fis,persistent-low-generation,3,3165,52.75,4.75,2026-01-03T04:45:00Z,86.56118108147618,86.54899784560872,NORMAL,NORMAL,0.0,85.0,70.0,0.16787878787878788,0.0,0.0,0.0,0.2,0,-5.0,M1,1.0,M1,M1,0,5.0,-5.0,0.41666666666666663,0.0,0.0,,requested_mode_matches_applied_mode
fis,persistent-low-generation,3,3170,52.833333333333336,4.833333333333333,2026-01-03T04:50:00Z,86.54899784560872,86.53681460974128,NORMAL,NORMAL,0.0,85.0,70.0,0.16787878787878788,0.0,0.0,0.0,0.2,0,-5.0,M1,1.0,M1,M1,0,5.0,-5.0,0.41666666666666663,0.0,0.0,,requested_mode_matches_applied_mode
fis,persistent-low-generation,3,3175,52.916666666666664,4.916666666666667,2026-01-03T04:55:00Z,86.53681460974128,86.52463137387383,NORMAL,NORMAL,0.0,85.0,70.0,0.16787878787878788,0.0,0.0,0.0,0.2,0,-5.0,M1,1.0,M1,M1,0,5.0,-5.0,0.41666666666666663,0.0,0.0,,requested_mode_matches_applied_mode
fis,persistent-low-generation,3,3180,53.0,5.0,2026-01-03T05:00:00Z,86.52463137387383,86.51244813800639,NORMAL,NORMAL,0.0,85.0,70.0,0.16787878787878788,0.0,0.0,0.0,0.2,0,-5.0,M1,1.0,M1,M1,0,5.0,-5.0,0.41666666666666663,0.0,0.0,,requested_mode_matches_applied_mode
fis,persistent-low-generation,3,3185,53.083333333333336,5.083333333333333,2026-01-03T05:05:00Z,86.51244813800639,86.50026490213897,NORMAL,NORMAL,0.0,85.0,70.0,0.16787878787878788,0.0,0.0,0.0,0.2,0,-5.0,M1,1.0,M1,M1,0,5.0,-5.0,0.41666666666666663,0.0,0.0,,requested_mode_matches_applied_mode
fis,persistent-low-generation,3,3190,53.166666666666664,5.166666666666667,2026-01-03T05:10:00Z,86.50026490213897,86.48808166627151,NORMAL,NORMAL,0.0,85.0,70.0,0.16787878787878788,0.0,0.0,0.0,0.2,0,-5.0,M1,1.0,M1,M1,0,5.0,-5.0,0.41666666666666663,0.0,0.0,,requested_mode_matches_applied_mode
fis,persistent-low-generation,3,3195,53.25,5.25,2026-01-03T05:15:00Z,86.48808166627151,86.47589843040407,NORMAL,NORMAL,0.0,85.0,70.0,0.16787878787878788,0.0,0.0,0.0,0.2,0,-5.0,M1,1.0,M1,M1,0,5.0,-5.0,0.41666666666666663,0.0,0.0,,requested_mode_matches_applied_mode
fis,persistent-low-generation,3,3200,53.333333333333336,5.333333333333333,2026-01-03T05:20:00Z,86.47589843040407,86.46371519453662,NORMAL,NORMAL,0.0,85.0,70.0,0.16787878787878788,0.0,0.0,0.0,0.2,0,-5.0,M1,1.0,M1,M1,0,5.0,-5.0,0.41666666666666663,0.0,0.0,,requested_mode_matches_applied_mode
fis,persistent-low-generation,3,3205,53.416666666666664,5.416666666666667,2026-01-03T05:25:00Z,86.46371519453662,86.45153195866918,NORMAL,NORMAL,0.0,85.0,70.0,0.16787878787878788,0.0,0.0,0.0,0.2,0,-5.0,M1,1.0,M1,M1,0,5.0,-5.0,0.41666666666666663,0.0,0.0,,requested_mode_matches_applied_mode
fis,persistent-low-generation,3,3210,53.5,5.5,2026-01-03T05:30:00Z,86.45153195866918,86.43934872280172,NORMAL,NORMAL,0.0,85.0,70.0,0.16787878787878788,0.0,0.0,0.0,0.7,2,-5.0,M2,2.2200994641489578,M1,M1,0,5.0,-5.0,0.41666666666666663,0.0,0.0,poor_tracking_condition,requested_mode_matches_applied_mode
fis,persistent-low-generation,3,3215,53.583333333333336,5.583333333333333,2026-01-03T05:35:00Z,86.43934872280172,86.42716548693427,NORMAL,NORMAL,0.0,85.0,70.0,0.16787878787878788,0.0,0.0,0.0,0.7,2,-5.0,M2,2.217961321594917,M1,M1,0,5.0,-5.0,0.41666666666666663,0.0,0.0,poor_tracking_condition,requested_mode_matches_applied_mode
fis,persistent-low-generation,3,3220,53.666666666666664,5.666666666666667,2026-01-03T05:40:00Z,86.42716548693427,86.41498225106683,NORMAL,NORMAL,0.0,85.0,70.0,0.16787878787878788,0.0,0.0,0.0,0.7,2,-5.0,M2,2.2158181902287986,M1,M1,0,5.0,-5.0,0.41666666666666663,0.0,0.0,poor_tracking_condition,requested_mode_matches_applied_mode
fis,persistent-low-generation,3,3225,53.75,5.75,2026-01-03T05:45:00Z,86.41498225106683,86.40279901519938,NORMAL,NORMAL,0.0,85.0,70.0,0.16787878787878788,0.0,0.0,0.0,0.7,2,-5.0,M2,2.2136700525700284,M1,M1,0,5.0,-5.0,0.41666666666666663,0.0,0.0,poor_tracking_condition,requested_mode_matches_applied_mode
fis,persistent-low-generation,3,3230,53.833333333333336,5.833333333333333,2026-01-03T05:50:00Z,86.40279901519938,86.39061577933194,NORMAL,NORMAL,0.0,85.0,70.0,0.16787878787878788,0.0,0.0,0.0,0.7,2,-5.0,M2,2.2115168910562497,M1,M1,0,5.0,-5.0,0.41666666666666663,0.0,0.0,poor_tracking_condition,requested_mode_matches_applied_mode
fis,persistent-low-generation,3,3235,53.916666666666664,5.916666666666667,2026-01-03T05:55:00Z,86.39061577933194,86.37843254346448,NORMAL,NORMAL,0.0,85.0,70.0,0.16787878787878788,0.0,0.0,0.0,0.7,2,-5.0,M2,2.2093496704901447,M1,M1,0,5.0,-5.0,0.41666666666666663,0.0,0.0,poor_tracking_condition,requested_mode_matches_applied_mode
fis,persistent-low-generation,3,3240,54.0,6.0,2026-01-03T06:00:00Z,86.37843254346448,86.36624930759704,NORMAL,NORMAL,0.0,85.0,70.0,0.16787878787878788,0.0,0.0,0.0,0.7,2,-5.0,M2,2.2071746767560114,M1,M1,0,5.0,-5.0,0.41666666666666663,0.0,0.0,poor_tracking_condition,requested_mode_matches_applied_mode
fis,persistent-low-generation,3,3245,54.083333333333336,6.083333333333333,2026-01-03T06:05:00Z,86.36624930759704,86.35576332988583,NORMAL,NORMAL,4.8216660077797915,85.0,70.0,0.16787878787878788,1.7478539278201746,0.7739497192387732,0.6965547473148959,0.7,2,-4.303445252685104,M2,2.2049945784513616,M1,M1,0,5.0,-4.303445252685104,0.3586204377237586,0.0,0.0,poor_tracking_condition,requested_mode_matches_applied_mode
fis,persistent-low-generation,3,3250,54.166666666666664,6.166666666666667,2026-01-03T06:10:00Z,86.35576332988583,86.34747825584269,NORMAL,NORMAL,11.074116387152303,85.0,70.0,0.16787878787878788,4.0143671903427105,1.7775617918837523,1.599805612695377,0.7,2,-3.400194387304623,M2,2.203114090556222,M1,M1,0,5.0,-3.400194387304623,0.28334953227538523,0.0,0.0,poor_tracking_condition,requested_mode_matches_applied_mode
fis,persistent-low-generation,3,3255,54.25,6.25,2026-01-03T06:15:00Z,86.34747825584269,86.341633171585,NORMAL,NORMAL,18.005775996288847,85.0,70.0,0.16787878787878788,6.5270937986547075,2.8901971340443047,2.6011774206398743,0.7,2,-2.3988225793601257,M2,2.2016256074197065,M1,M1,0,5.0,-2.3988225793601257,0.1999018816133438,0.0,0.0,poor_tracking_condition,requested_mode_matches_applied_mode
fis,persistent-low-generation,3,3260,54.333333333333336,6.333333333333333,2026-01-03T06:20:00Z,86.341633171585,86.33839533231776,NORMAL,NORMAL,25.412583557295157,85.0,70.0,0.16787878787878788,9.212061539519496,4.079100849699233,3.67119076472931,0.7,2,-1.3288092352706902,M2,2.200574056341605,M1,M1,0,5.0,-1.3288092352706902,0.11073410293922417,0.0,0.0,poor_tracking_condition,requested_mode_matches_applied_mode
fis,persistent-low-generation,3,3265,54.416666666666664,6.416666666666667,2026-01-03T06:25:00Z,86.33839533231776,86.3378941528192,NORMAL,NORMAL,33.18703986676286,85.0,70.0,0.16787878787878788,12.030301951701539,5.327017704213441,4.794315933792097,0.7,2,-0.20568406620790292,M2,2.1999910467753687,M1,M1,0,5.0,-0.20568406620790292,0.017140338850658576,0.0,0.0,poor_tracking_condition,requested_mode_matches_applied_mode
fis,persistent-low-generation,3,3270,54.5,6.5,2026-01-03T06:30:00Z,86.3378941528192,86.33989537325914,NORMAL,NORMAL,41.260150911287276,85.0,70.0,0.16787878787878788,14.95680470534164,6.622873123525278,5.96058581117275,0.7,2,0.9605858111727503,M2,2.1999007711516914,M1,M1,0,5.0,0.9605858111727503,0.0,0.0,0.0,poor_tracking_condition,requested_mode_matches_applied_mode
fis,persistent-low-generation,3,3275,54.583333333333336,6.583333333333333,2026-01-03T06:35:00Z,86.33989537325914,86.34440134740406,NORMAL,NORMAL,49.58254223077287,85.0,70.0,0.16787878787878788,17.97367155865517,7.958741766172509,7.162867589555258,0.7,2,2.1628675895552583,M2,2.200261191430663,M1,M1,0,5.0,2.1628675895552583,0.0,0.0,0.0,poor_tracking_condition,requested_mode_matches_applied_mode
fis,persistent-low-generation,3,3280,54.666666666666664,6.666666666666667,2026-01-03T06:40:00Z,86.34440134740406,86.35147568641733,NORMAL,NORMAL,58.11629045657219,85.0,70.0,0.16787878787878788,21.067155290507422,9.328536362636687,8.395682726373018,0.7,2,3.3956827263730176,M2,2.2010722087432866,M1,M1,0,5.0,3.3956827263730176,0.0,0.0,0.0,poor_tracking_condition,requested_mode_matches_applied_mode
fis,persistent-low-generation,3,3285,54.75,6.75,2026-01-03T06:45:00Z,86.35147568641733,86.36117278492513,NORMAL,NORMAL,66.83077236639176,85.0,70.0,0.16787878787878788,24.226154982817015,10.727341426391375,9.654607283752238,0.7,2,4.654607283752238,M2,2.2023440764081212,M1,M1,0,5.0,4.654607283752238,0.0,0.0,0.0,poor_tracking_condition,requested_mode_matches_applied_mode
fis,persistent-low-generation,3,3290,54.833333333333336,6.833333333333333,2026-01-03T06:50:00Z,86.36117278492513,86.37353931211817,NORMAL,NORMAL,75.70031913007261,85.0,70.0,0.16787878787878788,27.441365684651327,12.151036725163607,10.935933052647247,0.7,2,5.935933052647247,M2,2.2040846620523737,M1,M1,0,5.0,5.935933052647247,0.0,0.0,0.0,poor_tracking_condition,requested_mode_matches_applied_mode
fis,persistent-low-generation,3,3295,54.916666666666664,6.916666666666667,2026-01-03T06:55:00Z,86.37353931211817,86.38861527242511,NORMAL,NORMAL,84.7027861524679,85.0,70.0,0.16787878787878788,30.704759980269614,13.596067719263385,12.236460947337047,0.7,2,7.236460947337047,M2,2.2062996842433886,M1,M1,0,5.0,7.236460947337047,0.0,0.0,0.0,poor_tracking_condition,requested_mode_matches_applied_mode
fis,persistent-low-generation,3,3300,55.0,7.0,2026-01-03T07:00:00Z,86.38861527242511,86.4064347883404,NORMAL,NORMAL,93.81862989157445,85.0,70.0,0.16787878787878788,34.00925333569574,15.059297377046073,13.553367639341467,1.0,3,8.553367639341467,M2,2.2644197217907145,M1,M1,0,5.0,8.553367639341467,0.0,0.0,0.0,poor_tracking_condition,requested_mode_matches_applied_mode
fis,persistent-low-generation,3,3305,55.083333333333336,7.083333333333333,2026-01-03T07:05:00Z,86.4064347883404,86.42702669573298,NORMAL,NORMAL,103.03028480154445,85.0,70.0,0.16787878787878788,37.34847824055987,16.53790616491991,14.88411554842792,1.0,3,9.88411554842792,M2,2.2672771087871624,M1,M1,0,5.0,9.88411554842792,0.0,0.0,1.1102230246251565e-16,poor_tracking_condition,requested_mode_matches_applied_mode
fis,persistent-low-generation,3,3310,55.166666666666664,7.166666666666667,2026-01-03T07:10:00Z,86.42702669573298,86.45041500800868,NORMAL,NORMAL,112.32172758060445,85.0,70.0,0.16787878787878788,40.71662624796912,18.029322102600723,16.226389892340652,1.0,3,11.226389892340652,M2,2.2705560378586997,M1,M1,0,5.0,11.226389892340652,0.0,0.0,1.1102230246251565e-16,poor_tracking_condition,requested_mode_matches_applied_mode
fis,persistent-low-generation,3,3315,55.25,7.25,2026-01-03T07:15:00Z,86.45041500800868,86.47661928584787,NORMAL,NORMAL,121.67816343103348,85.0,70.0,0.16787878787878788,44.108334243749646,19.531170403132343,17.57805336281911,1.0,3,12.578053362819109,M2,2.2742656905777685,M1,M1,0,5.0,12.578053362819109,0.0,0.0,0.0,poor_tracking_condition,requested_mode_matches_applied_mode
fis,persistent-low-generation,3,3320,55.333333333333336,7.333333333333333,2026-01-03T07:20:00Z,86.47661928584787,86.50565493730296,NORMAL,NORMAL,131.08579467086636,85.0,70.0,0.16787878787878788,47.518600568189065,21.041236331594117,18.937112698434706,1.0,3,13.937112698434706,M2,2.2784037088453952,M1,M1,0,5.0,13.937112698434706,0.0,0.0,0.0,poor_tracking_condition,requested_mode_matches_applied_mode
fis,persistent-low-generation,3,3325,55.416666666666664,7.416666666666667,2026-01-03T07:25:00Z,86.50565493730296,86.53753346549242,NORMAL,NORMAL,140.53164661624442,85.0,70.0,0.16787878787878788,50.942721898388605,22.557437256606473,20.301693530945826,1.0,3,15.301693530945826,M2,2.2829614351866776,M1,M1,0,5.0,15.301693530945826,0.0,0.0,0.0,poor_tracking_condition,requested_mode_matches_applied_mode
fis,persistent-low-generation,3,3330,55.5,7.5,2026-01-03T07:30:00Z,86.53753346549242,86.57226267618884,NORMAL,NORMAL,150.00343432272098,85.0,70.0,0.16787878787878788,54.376244941986364,24.07780126031156,21.670021134280404,1.0,3,16.670021134280404,M2,2.287915881074766,M1,M1,0,5.0,16.670021134280404,0.0,0.0,0.0,poor_tracking_condition,requested_mode_matches_applied_mode
fis,persistent-low-generation,3,3335,55.583333333333336,7.583333333333333,2026-01-03T07:35:00Z,86.57226267618884,86.60984685426938,NORMAL,NORMAL,159.4894591274398,85.0,70.0,0.16787878787878788,57.81492893369693,25.600450531841002,23.0404054786569,1.0,3,18.0404054786569,M2,2.293281756478374,M1,M1,0,5.0,18.0404054786569,0.0,0.0,0.0,poor_tracking_condition,requested_mode_matches_applied_mode
fis,persistent-low-generation,3,3340,55.666666666666664,7.666666666666667,2026-01-03T07:40:00Z,86.60984685426938,86.650286915698,NORMAL,NORMAL,168.97852734939661,85.0,70.0,0.16787878787878788,61.25471616415628,27.1235883174884,24.41122948573956,1.0,3,19.41122948573956,M2,2.299043308119544,M1,M1,0,5.0,19.41122948573956,0.0,0.0,0.0,poor_tracking_condition,requested_mode_matches_applied_mode
fis,persistent-low-generation,3,3345,55.75,7.75,2026-01-03T07:45:00Z,86.650286915698,86.69358054008241,NORMAL,NORMAL,178.45988574631707,85.0,70.0,0.16787878787878788,64.69170858303994,28.645488560570083,25.780939704513074,1.0,3,20.780939704513074,M2,2.305174350579354,M1,M1,0,5.0,20.780939704513074,0.0,0.0,0.0,poor_tracking_condition,requested_mode_matches_applied_mode
fis,persistent-low-generation,3,3350,55.833333333333336,7.833333333333333,2026-01-03T07:50:00Z,86.69358054008241,86.73972228767701,NORMAL,NORMAL,187.9231698346319,85.0,70.0,0.16787878787878788,68.12214906505407,30.164487606005945,27.148038845405353,1.0,3,22.148038845405353,M2,2.3116901984176743,M1,M1,0,5.0,22.148038845405353,0.0,0.0,0.0,poor_tracking_condition,requested_mode_matches_applied_mode
fis,persistent-low-generation,3,3355,55.916666666666664,7.916666666666667,2026-01-03T07:55:00Z,86.73972228767701,86.78870370384372,NORMAL,NORMAL,197.35836221618453,85.0,70.0,0.16787878787878788,71.5424063033669,31.678977511130867,28.511079760017783,1.0,3,23.511079760017783,M2,2.318546455530511,M1,M1,0,5.0,23.511079760017783,0.0,0.0,0.0,poor_tracking_condition,requested_mode_matches_applied_mode
fis,persistent-low-generation,3,3360,56.0,8.0,2026-01-03T08:00:00Z,86.78870370384372,86.84051341334148,NORMAL,NORMAL,206.75575878282945,85.0,70.0,0.16787878787878788,74.94896255877568,33.187400621025866,29.86866055892328,1.0,3,24.86866055892328,M2,2.325759040593256,M1,M1,0,5.0,24.86866055892328,0.0,0.0,0.0,poor_tracking_condition,requested_mode_matches_applied_mode
fis,persistent-low-generation,3,3365,56.083333333333336,8.083333333333334,2026-01-03T08:05:00Z,86.84051341334148,86.89513720633113,NORMAL,NORMAL,216.1059411895107,85.0,70.0,0.16787878787878788,78.33840368119763,34.68824515003431,31.219420635030882,1.0,3,26.219420635030882,M2,2.3332872348599634,M1,M1,0,5.0,26.219420635030882,0.0,0.0,0.0,poor_tracking_condition,requested_mode_matches_applied_mode
fis,persistent-low-generation,3,3370,56.166666666666664,8.166666666666666,2026-01-03T08:10:00Z,86.89513720633113,86.95255811761123,NORMAL,NORMAL,225.39975436323758,85.0,70.0,0.16787878787878788,81.70741095667363,36.18004157161508,32.56203741445357,1.0,3,27.56203741445357,M2,2.3411419122639687,M1,M1,0,5.0,27.56203741445357,0.0,0.0,0.0,poor_tracking_condition,requested_mode_matches_applied_mode
fis,persistent-low-generation,3,3375,56.25,8.25,2026-01-03T08:15:00Z,86.95255811761123,87.01275650031309,NORMAL,NORMAL,234.6282880927447,85.0,70.0,0.16787878787878788,85.05275443361997,37.66135966320692,33.895223696886234,1.0,3,28.895223696886234,M2,2.349275364965791,M1,M1,0,5.0,28.895223696886234,0.0,0.0,0.0,poor_tracking_condition,requested_mode_matches_applied_mode
fis,persistent-low-generation,3,3380,56.333333333333336,8.333333333333334,2026-01-03T08:20:00Z,87.01275650031309,87.07571009505763,NORMAL,NORMAL,243.78286195050265,85.0,70.0,0.16787878787878788,88.37128745705722,39.130806085984936,35.217725477386445,1.0,3,30.217725477386445,M2,2.3576898837472076,M1,M1,0,5.0,30.217725477386445,0.0,0.0,0.0,poor_tracking_condition,requested_mode_matches_applied_mode
fis,persistent-low-generation,3,3385,56.416666666666664,8.416666666666666,2026-01-03T08:25:00Z,87.07571009505763,87.14139409539933,NORMAL,NORMAL,252.85501295493205,85.0,70.0,0.16787878787878788,91.65994219616287,40.58702240446092,36.52832016401483,1.0,3,31.52832016401483,M2,2.366309322687244,M1,M1,0,5.0,31.52832016401483,0.0,0.0,0.0,poor_tracking_condition,requested_mode_matches_applied_mode
fis,persistent-low-generation,3,3390,56.5,8.5,2026-01-03T08:30:00Z,87.14139409539933,87.20978121023893,NORMAL,NORMAL,261.8364854999091,85.0,70.0,0.16787878787878788,94.91572599371706,42.02868347001791,37.82581512301612,1.0,3,32.82581512301612,M2,2.375094013615667,M1,M1,0,5.0,32.82581512301612,0.0,0.0,0.0,poor_tracking_condition,requested_mode_matches_applied_mode
fis,persistent-low-generation,3,3395,56.583333333333336,8.583333333333334,2026-01-03T08:35:00Z,87.20978121023893,87.28084172377334,NORMAL,NORMAL,270.71922317062246,85.0,70.0,0.16787878787878788,98.13571839935065,43.454496107232465,39.10904649650922,1.0,3,34.10904649650922,M2,2.3840459892147448,M1,M1,0,5.0,34.10904649650922,0.0,0.0,0.0,poor_tracking_condition,requested_mode_matches_applied_mode
fis,persistent-low-generation,3,3400,56.666666666666664,8.666666666666666,2026-01-03T08:40:00Z,87.28084172377334,87.35454355345666,NORMAL,NORMAL,279.4953621364576,85.0,70.0,0.16787878787878788,101.31706877446588,44.86319805333349,40.376878248000146,1.0,3,35.376878248000146,M2,2.3930819211473993,M1,M1,0,5.0,35.376878248000146,0.0,0.0,0.0,poor_tracking_condition,requested_mode_matches_applied_mode
fis,persistent-low-generation,3,3405,56.75,8.75,2026-01-03T08:45:00Z,87.35454355345666,87.4308523063716,NORMAL,NORMAL,288.1572258678527,85.0,70.0,0.16787878787878788,104.4569943770966,46.25355711017838,41.62820139916054,1.0,3,36.62820139916054,M2,2.402204036611869,M1,M1,0,5.0,36.62820139916054,0.0,0.0,0.0,poor_tracking_condition,requested_mode_matches_applied_mode
fis,persistent-low-generation,3,3410,56.833333333333336,8.833333333333334,2026-01-03T08:50:00Z,87.4308523063716,87.50973133434607,NORMAL,NORMAL,296.69732096864084,85.0,70.0,0.16787878787878788,107.55277885113232,47.62437047528139,42.86193342775325,1.0,3,37.86193342775325,M2,2.4114084585335216,M1,M1,0,5.0,37.86193342775325,0.0,0.0,0.0,poor_tracking_condition,requested_mode_matches_applied_mode
fis,persistent-low-generation,3,3415,56.916666666666664,8.916666666666666,2026-01-03T08:55:00Z,87.50973133434607,87.59114178809968,NORMAL,NORMAL,305.1083339509776,85.0,70.0,0.16787878787878788,110.6017710572294,48.97446422414117,44.07701780172706,1.0,3,39.07701780172706,M2,2.4206662673638006,M1,M1,0,5.0,39.07701780172706,0.0,0.0,0.0,poor_tracking_condition,requested_mode_matches_applied_mode
fis,persistent-low-generation,3,3420,57.0,9.0,2026-01-03T09:00:00Z,87.59114178809968,87.67504267065932,NORMAL,NORMAL,313.38312880856245,85.0,70.0,0.16787878787878788,113.6013841931039,50.302692920706406,45.272423628635764,1.0,3,40.272423628635764,M2,2.429927357474285,M1,M1,0,5.0,40.272423628635764,0.0,0.0,0.0,poor_tracking_condition,requested_mode_matches_applied_mode
fis,persistent-low-generation,3,3425,57.083333333333336,9.083333333333334,2026-01-03T09:05:00Z,87.67504267065932,87.76139089024868,NORMAL,NORMAL,321.5147452670294,85.0,70.0,0.16787878787878788,116.54909515929818,51.607939336537235,46.447145402883514,1.0,3,41.447145402883514,M2,2.4391703395956155,M1,M1,0,5.0,41.447145402883514,0.0,0.0,0.0,poor_tracking_condition,requested_mode_matches_applied_mode
fis,persistent-low-generation,3,3430,57.166666666666664,9.166666666666666,2026-01-03T09:10:00Z,87.76139089024868,87.85014131282372,NORMAL,NORMAL,329.4963976092564,85.0,70.0,0.16787878787878788,119.44244413335547,52.8891142622498,47.60020283602482,1.0,3,42.60020283602482,M2,2.4483950084318287,M1,M1,0,5.0,42.60020283602482,0.0,0.0,0.0,poor_tracking_condition,requested_mode_matches_applied_mode
fis,persistent-low-generation,3,3435,57.25,9.25,2026-01-03T09:15:00Z,87.85014131282372,87.94124681440204,NORMAL,NORMAL,337.3214739888143,85.0,70.0,0.16787878787878788,122.2790343209452,54.14515639731453,48.730640757583075,1.0,3,43.730640757583075,M2,2.4575774923622657,M1,M1,0,5.0,43.730640757583075,0.0,0.0,0.0,poor_tracking_condition,requested_mode_matches_applied_mode
fis,persistent-low-generation,3,3440,57.333333333333336,9.333333333333334,2026-01-03T09:20:00Z,87.94124681440204,88.03465833330974,NORMAL,NORMAL,344.9835361575411,85.0,70.0,0.16787878787878788,125.05653185710867,55.37503230632772,49.837529075694945,1.0,3,44.837529075694945,M2,2.466695268081174,M1,M1,0,5.0,44.837529075694945,0.0,0.0,4.440892098500626e-16,poor_tracking_condition,requested_mode_matches_applied_mode
fis,persistent-low-generation,3,3445,57.416666666666664,9.416666666666666,2026-01-03T09:25:00Z,88.03465833330974,88.13032492245227,NORMAL,NORMAL,352.47631954379665,85.0,70.0,0.16787878787878788,127.7726658346263,56.57773643157252,50.91996278841527,1.0,3,45.91996278841527,M2,2.4757271431350554,M1,M1,0,5.0,45.91996278841527,0.0,0.0,0.0,poor_tracking_condition,requested_mode_matches_applied_mode
fis,persistent-low-generation,3,3450,57.5,9.5,2026-01-03T09:30:00Z,88.13032492245227,88.22819380169767,NORMAL,NORMAL,359.7937336267778,85.0,70.0,0.16787878787878788,130.42522843970696,57.75229115310224,51.97706203779202,1.0,3,46.97706203779202,M2,2.4846532307234845,M1,M1,0,5.0,46.97706203779202,0.0,0.0,0.0,poor_tracking_condition,requested_mode_matches_applied_mode
fis,persistent-low-generation,3,3455,57.583333333333336,9.583333333333334,2026-01-03T09:35:00Z,88.22819380169767,88.32821041044744,NORMAL,NORMAL,366.9298625596508,85.0,70.0,0.16787878787878788,133.01207517787344,58.897746888762356,53.00797219988612,1.0,3,48.00797219988612,M2,2.4934549179347725,M1,M1,0,5.0,48.00797219988612,0.0,0.0,0.0,poor_tracking_condition,requested_mode_matches_applied_mode
fis,persistent-low-generation,3,3460,57.666666666666664,9.666666666666666,2026-01-03T09:40:00Z,88.32821041044744,88.43031846045746,NORMAL,NORMAL,373.8789660004802,85.0,70.0,0.16787878787878788,135.53112517517408,60.01318222756708,54.01186400481037,1.0,3,49.01186400481037,M3,2.5021148285135233,M3,M1,0,5.0,49.01186400481037,0.0,0.0,0.0,poor_tracking_condition,new_candidate_started
fis,persistent-low-generation,3,3465,57.75,9.75,2026-01-03T09:45:00Z,88.43031846045746,88.53445998896083,NORMAL,NORMAL,380.63548011518435,85.0,70.0,0.16787878787878788,137.98036154175435,61.09770409068883,54.98793368161995,1.0,3,49.98793368161995,M3,2.5106167811765783,M3,M1,0,5.0,49.98793368161995,0.0,0.0,0.0,poor_tracking_condition,waiting_for_candidate_confirmation
fis,persistent-low-generation,3,3470,57.833333333333336,9.833333333333334,2026-01-03T09:50:00Z,88.53445998896083,88.46197847078763,NORMAL,NORMAL,387.1940187212154,85.0,70.0,0.16787878787878788,140.3578317864406,62.150447915035905,55.93540312353232,1.0,3,50.93540312353232,M3,2.5189457444111336,M3,M3,1,85.68181818181819,-29.74641505828587,2.4788679215238223,5.916666666666666,0.0,poor_tracking_condition,candidate_confirmed_and_dwell_satisfied
fis,persistent-low-generation,3,3475,57.916666666666664,9.916666666666666,2026-01-03T09:55:00Z,88.46197847078763,88.39173407967574,NORMAL,NORMAL,393.5493745444713,85.0,70.0,0.16787878787878788,142.66164827237085,63.17057785500582,56.85352006950524,1.0,3,-28.82829811231295,M3,2.513182634062125,M3,M3,1,85.68181818181819,-28.82829811231295,2.402358176026079,5.916666666666666,0.0,poor_tracking_condition,requested_mode_matches_applied_mode
fis,persistent-low-generation,3,3480,58.0,10.0,2026-01-03T10:00:00Z,88.39173407967574,88.32365352440492,NORMAL,NORMAL,399.6965205652085,85.0,70.0,0.16787878787878788,144.8899887048881,64.15728699852446,57.74155829867201,0.95,3,-27.940259883146176,M3,2.507458768406817,M3,M3,1,85.68181818181819,-27.940259883146176,2.328354990262181,5.916666666666666,0.0,poor_tracking_condition,requested_mode_matches_applied_mode
fis,persistent-low-generation,3,3485,58.083333333333336,10.083333333333334,2026-01-03T10:05:00Z,88.32365352440492,88.25766180815911,NORMAL,NORMAL,405.6306114315386,85.0,70.0,0.16787878787878788,147.04109664393278,65.10979759393342,58.59881783454008,0.95,3,-27.08300034727811,M3,2.5017300082781393,M3,M3,1,85.68181818181819,-27.08300034727811,2.2569166956065088,5.916666666666666,0.0,poor_tracking_condition,requested_mode_matches_applied_mode
fis,persistent-low-generation,3,3490,58.166666666666664,10.166666666666666,2026-01-03T10:10:00Z,88.25766180815911,88.37104644390121,NORMAL,NORMAL,411.3469849215116,85.0,70.0,0.16787878787878788,149.11328203404798,66.02736128467643,59.42462515620879,0.95,3,-26.257193025609396,M2,2.496036166423265,M1,M1,0,5.0,54.42462515620879,0.0,0.0,0.0,poor_tracking_condition,safety_reduction_applied_immediately
fis,persistent-low-generation,3,3495,58.25,10.25,2026-01-03T10:15:00Z,88.37104644390121,88.48608463851406,NORMAL,NORMAL,416.8411634369035,85.0,70.0,0.16787878787878788,151.10492174587753,66.90925934907456,60.218333414167105,0.95,3,55.218333414167105,M3,2.5057527390461436,M3,M1,0,5.0,55.218333414167105,0.0,0.0,0.0,poor_tracking_condition,new_candidate_started
fis,persistent-low-generation,3,3500,58.333333333333336,10.333333333333334,2026-01-03T10:20:00Z,88.48608463851406,88.60270822736508,NORMAL,NORMAL,422.1088555136517,85.0,70.0,0.16787878787878788,153.01446012369877,67.75480294277381,60.97932264849643,0.95,3,55.97932264849643,M3,2.515222270839683,M3,M1,0,5.0,55.97932264849643,0.0,0.0,0.0,poor_tracking_condition,waiting_for_candidate_confirmation
fis,persistent-low-generation,3,3505,58.416666666666664,10.416666666666666,2026-01-03T10:25:00Z,88.60270822736508,88.54429005442582,NORMAL,NORMAL,427.1459573354957,85.0,70.0,0.16787878787878788,154.8404095341172,68.56333334170711,61.7070000075364,0.95,3,56.7070000075364,M3,2.5244910790643513,M3,M3,1,85.68181818181819,-23.974818174281786,1.9979015145234822,5.916666666666666,0.0,poor_tracking_condition,candidate_confirmed_and_dwell_satisfied
fis,persistent-low-generation,3,3510,58.5,10.5,2026-01-03T10:30:00Z,88.54429005442582,88.48756242719251,NORMAL,NORMAL,431.9485542387826,85.0,70.0,0.16787878787878788,156.5813509115587,69.33422218363819,62.40079996527437,0.95,3,-23.281018216543814,M3,2.5203523192316277,M3,M3,1,85.68181818181819,-23.281018216543814,1.940084851378651,5.916666666666666,0.0,poor_tracking_condition,requested_mode_matches_applied_mode
fis,persistent-low-generation,3,3515,58.583333333333336,10.583333333333334,2026-01-03T10:35:00Z,88.48756242719251,88.43244148750948,NORMAL,NORMAL,436.5129221976478,85.0,70.0,0.16787878787878788,158.23593429664734,70.06687170655545,63.0601845358999,0.95,3,-22.621633645918287,M3,2.5162258588211683,M3,M3,1,85.68181818181819,-22.621633645918287,1.8851361371598572,5.916666666666666,0.0,poor_tracking_condition,requested_mode_matches_applied_mode
fis,persistent-low-generation,3,3520,58.666666666666664,10.666666666666666,2026-01-03T10:40:00Z,88.43244148750948,88.37884213395759,NORMAL,NORMAL,440.8355292798796,85.0,70.0,0.16787878787878788,159.80287936395638,70.76071498235987,63.68464348412389,0.95,3,-21.997174697694298,M3,2.512184061930147,M3,M3,1,85.68181818181819,-21.997174697694298,1.8330978914745248,5.916666666666666,0.0,poor_tracking_condition,requested_mode_matches_applied_mode
fis,persistent-low-generation,3,3525,58.75,10.75,2026-01-03T10:45:00Z,88.37884213395759,88.32667808997168,NORMAL,NORMAL,444.91303706475765,85.0,70.0,0.16787878787878788,161.28097593597465,71.41521614444957,64.27369453000462,0.95,3,-21.40812365181357,M3,2.508193201917245,M3,M3,1,85.68181818181819,-21.40812365181357,1.7840103043177973,5.916666666666666,0.0,poor_tracking_condition,requested_mode_matches_applied_mode
fis,persistent-low-generation,3,3530,58.833333333333336,10.833333333333334,2026-01-03T10:50:00Z,88.32667808997168,88.27586197244082,NORMAL,NORMAL,448.7423020150338,85.0,70.0,0.16787878787878788,162.66908448044975,72.02987060794315,64.82688354714884,0.95,3,-20.85493463466935,M3,2.5042978727085052,M3,M3,1,85.68181818181819,-20.85493463466935,1.7379112195557789,5.916666666666666,0.0,poor_tracking_condition,requested_mode_matches_applied_mode
fis,persistent-low-generation,3,3535,58.916666666666664,10.916666666666666,2026-01-03T10:55:00Z,88.27586197244082,88.22630536077281,NORMAL,NORMAL,452.3203767960078,85.0,70.0,0.16787878787878788,163.96613658855284,72.60420528141118,65.34378475327007,0.95,3,-20.338033428548115,M3,2.5004138997954275,M3,M3,1,85.68181818181819,-20.338033428548115,1.6948361190456762,5.916666666666666,0.0,poor_tracking_condition,requested_mode_matches_applied_mode
fis,persistent-low-generation,3,3540,59.0,11.0,2026-01-03T11:00:00Z,88.22630536077281,88.3530220292982,NORMAL,NORMAL,455.64451153536436,85.0,70.0,0.16787878787878788,165.1711354315696,73.13777876909901,65.82400089218912,0.95,3,-19.857817289629068,M2,2.4965815110106755,M1,M1,0,5.0,60.82400089218912,0.0,0.0,0.0,poor_tracking_condition,safety_reduction_applied_immediately
fis,persistent-low-generation,3,3545,59.083333333333336,11.083333333333334,2026-01-03T11:05:00Z,88.3530220292982,88.48066195306164,NORMAL,NORMAL,458.71215501807666,85.0,70.0,0.16787878787878788,166.28315619405282,73.63018156272658,66.26716340645392,0.95,3,61.26716340645392,M3,2.5067612423093673,M3,M1,0,5.0,61.26716340645392,0.0,0.0,0.0,poor_tracking_condition,new_candidate_started
fis,persistent-low-generation,3,3550,59.166666666666664,11.166666666666666,2026-01-03T11:10:00Z,88.48066195306164,88.60914722931132,NORMAL,NORMAL,461.52095581127423,85.0,70.0,0.16787878787878788,167.30134648158693,74.08103622204669,66.67293259984203,0.95,3,61.67293259984203,M3,2.5176031058611015,M3,M1,0,5.0,61.67293259984203,0.0,0.0,0.0,poor_tracking_condition,waiting_for_candidate_confirmation
fis,persistent-low-generation,3,3555,59.25,11.25,2026-01-03T11:15:00Z,88.60914722931132,88.56372612698985,NORMAL,NORMAL,464.06876331450326,85.0,70.0,0.16787878787878788,168.22492670150746,74.48999754342749,67.04099778908474,0.95,3,62.04099778908474,M3,2.528015647906465,M3,M3,1,85.68181818181819,-18.640820392733445,1.5534016993944537,5.916666666666666,0.0,poor_tracking_condition,candidate_confirmed_and_dwell_satisfied
fis,persistent-low-generation,3,3560,59.333333333333336,11.333333333333334,2026-01-03T11:20:00Z,88.56372612698985,88.5191093123271,NORMAL,NORMAL,466.3536287313086,85.0,70.0,0.16787878787878788,169.0531904150994,74.85675271580602,67.37107744422542,0.95,3,-18.310740737592766,M3,2.526107237315823,M3,M3,1,85.68181818181819,-18.310740737592766,1.5258950614660638,5.916666666666666,0.0,poor_tracking_condition,requested_mode_matches_applied_mode
fis,persistent-low-generation,3,3565,59.416666666666664,11.416666666666666,2026-01-03T11:25:00Z,88.5191093123271,88.47520361333898,NORMAL,NORMAL,468.37380595852005,85.0,70.0,0.16787878787878788,169.78550465996355,75.18102146343188,67.6629193170887,0.95,3,-18.018898864729493,M3,2.522887811990604,M3,M3,1,85.68181818181819,-18.018898864729493,1.5015749053941243,5.916666666666666,0.0,poor_tracking_condition,requested_mode_matches_applied_mode
fis,persistent-low-generation,3,3570,59.5,11.5,2026-01-03T11:30:00Z,88.47520361333898,88.43191531503385,NORMAL,NORMAL,470.1277523900539,85.0,70.0,0.16787878787878788,170.42131024139456,75.46255617488951,67.91630055740056,0.95,3,-17.765517624417626,M3,2.5196464621030366,M3,M3,1,85.68181818181819,-17.765517624417626,1.480459802034802,5.916666666666666,0.0,poor_tracking_condition,requested_mode_matches_applied_mode
fis,persistent-low-generation,3,3575,59.583333333333336,11.583333333333334,2026-01-03T11:35:00Z,88.43191531503385,88.38915023129687,NORMAL,NORMAL,471.61412963244163,85.0,70.0,0.16787878787878788,170.9601219917601,75.70114201795137,68.13102781615623,0.95,3,-17.550790365661953,M3,2.5163472690349984,M3,M3,1,85.68181818181819,-17.550790365661953,1.4625658638051626,5.916666666666666,0.0,poor_tracking_condition,requested_mode_matches_applied_mode
fis,persistent-low-generation,3,3580,59.666666666666664,11.666666666666666,2026-01-03T11:40:00Z,88.38915023129687,88.34681377699391,NORMAL,NORMAL,472.8318041296715,85.0,70.0,0.16787878787878788,171.40152899700595,75.89659703987422,68.3069373358868,0.95,3,-17.374880845931386,M3,2.5130034712249554,M3,M3,1,85.68181818181819,-17.374880845931386,1.4479067371609489,5.916666666666666,0.0,poor_tracking_condition,requested_mode_matches_applied_mode
fis,persistent-low-generation,3,3585,59.75,11.75,2026-01-03T11:45:00Z,88.34681377699391,88.30481104026319,NORMAL,NORMAL,473.77984769529087,85.0,70.0,0.16787878787878788,171.74519478954295,76.04877225280961,68.44389502752865,0.95,3,-17.237923154289533,M3,2.5095667367411783,M3,M3,1,85.68181818181819,-17.237923154289533,1.4364935961907943,5.916666666666666,0.0,poor_tracking_condition,requested_mode_matches_applied_mode
fis,persistent-low-generation,3,3590,59.833333333333336,11.833333333333334,2026-01-03T11:50:00Z,88.30481104026319,88.26304685496063,NORMAL,NORMAL,474.457537950053,85.0,70.0,0.16787878787878788,171.99085750689423,76.15755170405276,68.54179653364749,0.95,3,-17.140021648170702,M3,2.5061026277752085,M3,M3,1,85.68181818181819,-17.140021648170702,1.4283351373475583,5.916666666666666,0.0,poor_tracking_condition,requested_mode_matches_applied_mode
fis,persistent-low-generation,3,3595,59.916666666666664,11.916666666666666,2026-01-03T11:55:00Z,88.26304685496063,88.22142587322574,NORMAL,NORMAL,474.86435866372636,85.0,70.0,0.16787878787878788,172.13833001560081,76.22285253090804,68.60056727781723,0.95,3,-17.081250904000953,M3,2.502510292540428,M3,M3,1,85.68181818181819,-17.081250904000953,1.4234375753334128,5.916666666666666,0.0,poor_tracking_condition,requested_mode_matches_applied_mode
fis,persistent-low-generation,3,3600,60.0,12.0,2026-01-03T12:00:00Z,88.22142587322574,88.35396787843406,NORMAL,NORMAL,475.0,85.0,70.0,0.16787878787878788,172.18750000000003,76.24462500000001,68.62016250000002,0.95,3,-17.061655681818166,M2,2.4988697012570933,M1,M1,0,5.0,63.62016250000002,0.0,0.0,0.0,poor_tracking_condition,safety_reduction_applied_immediately
fis,persistent-low-generation,3,3605,60.083333333333336,12.083333333333334,2026-01-03T12:05:00Z,88.35396787843406,88.48646906026285,NORMAL,NORMAL,474.86435866372636,85.0,70.0,0.16787878787878788,172.13833001560081,76.22285253090804,68.60056727781723,0.95,3,63.600567277817234,M3,2.50901335124038,M3,M1,0,5.0,63.600567277817234,0.0,0.0,0.0,poor_tracking_condition,new_candidate_started
fis,persistent-low-generation,3,3610,60.166666666666664,12.166666666666666,2026-01-03T12:10:00Z,88.48646906026285,88.61884780304128,NORMAL,NORMAL,474.457537950053,85.0,70.0,0.16787878787878788,171.99085750689423,76.15755170405276,68.54179653364749,0.95,3,63.541796533647485,M3,2.5198927717402686,M3,M1,0,5.0,63.541796533647485,0.0,0.0,0.0,poor_tracking_condition,waiting_for_candidate_confirmation
fis,persistent-low-generation,3,3615,60.25,12.25,2026-01-03T12:15:00Z,88.61884780304128,88.57684506631055,NORMAL,NORMAL,473.77984769529087,85.0,70.0,0.16787878787878788,171.74519478954295,76.04877225280961,68.44389502752865,0.95,3,63.443895027528654,M3,2.5301453348245735,M3,M3,1,85.68181818181819,-17.237923154289533,1.4364935961907943,5.916666666666666,0.0,poor_tracking_condition,candidate_confirmed_and_dwell_satisfied
fis,persistent-low-generation,3,3620,60.333333333333336,12.333333333333334,2026-01-03T12:20:00Z,88.57684506631055,88.5345086120076,NORMAL,NORMAL,472.8318041296715,85.0,70.0,0.16787878787878788,171.40152899700595,75.89659703987422,68.3069373358868,0.95,3,-17.374880845931386,M3,2.5280375413624947,M3,M3,1,85.68181818181819,-17.374880845931386,1.4479067371609489,5.916666666666666,0.0,poor_tracking_condition,requested_mode_matches_applied_mode
fis,persistent-low-generation,3,3625,60.416666666666664,12.416666666666666,2026-01-03T12:25:00Z,88.5345086120076,88.4917435282706,NORMAL,NORMAL,471.61412963244163,85.0,70.0,0.16787878787878788,170.9601219917601,75.70114201795137,68.13102781615623,0.95,3,-17.550790365661953,M3,2.524565104552716,M3,M3,1,85.68181818181819,-17.550790365661953,1.4625658638051626,5.916666666666666,0.0,poor_tracking_condition,requested_mode_matches_applied_mode
fis,persistent-low-generation,3,3630,60.5,12.5,2026-01-03T12:30:00Z,88.4917435282706,88.44845522996549,NORMAL,NORMAL,470.12775239005396,85.0,70.0,0.16787878787878788,170.4213102413946,75.46255617488953,67.91630055740058,0.95,3,-17.765517624417612,M3,2.5209834528848,M3,M3,1,85.68181818181819,-17.765517624417612,1.480459802034801,5.916666666666666,0.0,poor_tracking_condition,requested_mode_matches_applied_mode
fis,persistent-low-generation,3,3635,60.583333333333336,12.583333333333334,2026-01-03T12:35:00Z,88.44845522996549,88.40454953097735,NORMAL,NORMAL,468.37380595852005,85.0,70.0,0.16787878787878788,169.78550465996355,75.18102146343188,67.6629193170887,0.95,3,-18.018898864729493,M3,2.5172218168196063,M3,M3,1,85.68181818181819,-18.018898864729493,1.5015749053941243,5.916666666666666,0.0,poor_tracking_condition,requested_mode_matches_applied_mode
fis,persistent-low-generation,3,3640,60.666666666666664,12.666666666666666,2026-01-03T12:40:00Z,88.40454953097735,88.35993271631462,NORMAL,NORMAL,466.3536287313086,85.0,70.0,0.16787878787878788,169.0531904150994,74.85675271580602,67.37107744422542,0.95,3,-18.310740737592766,M3,2.513393239045018,M3,M3,1,85.68181818181819,-18.310740737592766,1.5258950614660638,5.916666666666666,0.0,poor_tracking_condition,requested_mode_matches_applied_mode
fis,persistent-low-generation,3,3645,60.75,12.75,2026-01-03T12:45:00Z,88.35993271631462,88.31451161399313,NORMAL,NORMAL,464.06876331450326,85.0,70.0,0.16787878787878788,168.22492670150746,74.48999754342749,67.04099778908474,0.95,3,-18.640820392733445,M3,2.509325931916634,M3,M3,1,85.68181818181819,-18.640820392733445,1.5534016993944537,5.916666666666666,0.0,poor_tracking_condition,requested_mode_matches_applied_mode
fis,persistent-low-generation,3,3650,60.833333333333336,12.833333333333334,2026-01-03T12:50:00Z,88.31451161399313,88.26819366666864,NORMAL,NORMAL,461.52095581127423,85.0,70.0,0.16787878787878788,167.30134648158693,74.08103622204669,66.67293259984203,0.95,3,-19.00888558197616,M3,2.5051055589557274,M3,M3,1,85.68181818181819,-19.00888558197616,1.584073798498013,5.916666666666666,0.0,poor_tracking_condition,requested_mode_matches_applied_mode
fis,persistent-low-generation,3,3655,60.916666666666664,12.916666666666666,2026-01-03T12:55:00Z,88.26819366666864,88.22088700298596,NORMAL,NORMAL,458.71215501807666,85.0,70.0,0.16787878787878788,166.28315619405282,73.63018156272658,66.26716340645392,0.95,3,-19.41465477536427,M3,2.5007159401299743,M3,M3,1,85.68181818181819,-19.41465477536427,1.6178878979470224,5.916666666666666,0.0,poor_tracking_condition,requested_mode_matches_applied_mode
fis,persistent-low-generation,3,3660,61.0,13.0,2026-01-03T13:00:00Z,88.22088700298596,88.34760367151137,NORMAL,NORMAL,455.64451153536436,85.0,70.0,0.16787878787878788,165.1711354315696,73.13777876909901,65.82400089218912,1.0,3,-19.857817289629068,M2,2.4961058012185013,M1,M1,0,5.0,60.82400089218912,0.0,0.0,0.0,poor_tracking_condition,safety_reduction_applied_immediately
fis,persistent-low-generation,3,3665,61.083333333333336,13.083333333333334,2026-01-03T13:05:00Z,88.34760367151137,88.47331988974734,NORMAL,NORMAL,452.3203767960078,85.0,70.0,0.16787878787878788,163.96613658855284,72.60420528141118,65.34378475327007,1.0,3,60.34378475327007,M3,2.5056216656727957,M3,M1,0,5.0,60.34378475327007,0.0,0.0,0.0,poor_tracking_condition,new_candidate_started
fis,persistent-low-generation,3,3670,61.166666666666664,13.166666666666666,2026-01-03T13:10:00Z,88.47331988974734,88.59795923047056,NORMAL,NORMAL,448.7423020150338,85.0,70.0,0.16787878787878788,162.66908448044975,72.02987060794315,64.82688354714884,1.0,3,59.82688354714884,M3,2.5156722117202537,M3,M1,0,5.0,59.82688354714884,0.0,0.0,0.0,poor_tracking_condition,waiting_for_candidate_confirmation
fis,persistent-low-generation,3,3675,61.25,13.25,2026-01-03T13:15:00Z,88.59795923047056,88.54579518648468,NORMAL,NORMAL,444.9130370647577,85.0,70.0,0.16787878787878788,161.28097593597468,71.41521614444959,64.27369453000463,1.0,3,59.27369453000463,M3,2.5251329628183914,M3,M3,1,85.68181818181819,-21.408123651813554,1.7840103043177962,5.916666666666666,0.0,poor_tracking_condition,candidate_confirmed_and_dwell_satisfied
fis,persistent-low-generation,3,3680,61.333333333333336,13.333333333333334,2026-01-03T13:20:00Z,88.54579518648468,88.4921958329328,NORMAL,NORMAL,440.83552927987967,85.0,70.0,0.16787878787878788,159.8028793639564,70.76071498235989,63.684643484123896,1.0,3,-21.99717469769429,M3,2.521224320688486,M3,M3,1,85.68181818181819,-21.99717469769429,1.8330978914745242,5.916666666666666,0.0,poor_tracking_condition,requested_mode_matches_applied_mode
fis,persistent-low-generation,3,3685,61.416666666666664,13.416666666666666,2026-01-03T13:25:00Z,88.4921958329328,88.43707489324974,NORMAL,NORMAL,436.51292219764787,85.0,70.0,0.16787878787878788,158.23593429664737,70.06687170655545,63.0601845358999,1.0,3,-22.621633645918287,M3,2.516599580692597,M3,M3,1,85.68181818181819,-22.621633645918287,1.8851361371598572,5.916666666666666,0.0,poor_tracking_condition,requested_mode_matches_applied_mode
fis,persistent-low-generation,3,3690,61.5,13.5,2026-01-03T13:30:00Z,88.43707489324974,88.38034726601646,NORMAL,NORMAL,431.9485542387826,85.0,70.0,0.16787878787878788,156.5813509115587,69.33422218363819,62.40079996527437,1.0,3,-23.281018216543814,M3,2.51180522839998,M3,M3,1,85.68181818181819,-23.281018216543814,1.940084851378651,5.916666666666666,0.0,poor_tracking_condition,requested_mode_matches_applied_mode
fis,persistent-low-generation,3,3695,61.583333333333336,13.583333333333334,2026-01-03T13:35:00Z,88.38034726601646,88.32192909307719,NORMAL,NORMAL,427.1459573354958,85.0,70.0,0.16787878787878788,154.84040953411724,68.56333334170712,61.70700000753641,1.0,3,-23.97481817428178,M3,2.506861233869602,M3,M3,1,85.68181818181819,-23.97481817428178,1.9979015145234815,5.916666666666666,0.0,poor_tracking_condition,requested_mode_matches_applied_mode
fis,persistent-low-generation,3,3700,61.666666666666664,13.666666666666666,2026-01-03T13:40:00Z,88.32192909307719,88.26173782715777,NORMAL,NORMAL,422.10885551365175,85.0,70.0,0.16787878787878788,153.01446012369877,67.75480294277381,60.97932264849643,1.0,3,-24.70249553332176,M3,2.5017194810349745,M3,M3,1,85.68181818181819,-24.70249553332176,2.0585412944434798,5.916666666666666,0.0,poor_tracking_condition,requested_mode_matches_applied_mode
fis,persistent-low-generation,3,3705,61.75,13.75,2026-01-03T13:45:00Z,88.26173782715777,88.37677602177061,NORMAL,NORMAL,416.8411634369035,85.0,70.0,0.16787878787878788,151.10492174587753,66.90925934907456,60.218333414167105,1.0,3,-25.46348476765108,M2,2.49643736184431,M1,M1,0,5.0,55.218333414167105,0.0,0.0,0.0,poor_tracking_condition,safety_reduction_applied_immediately
fis,persistent-low-generation,3,3710,61.833333333333336,13.833333333333334,2026-01-03T13:50:00Z,88.37677602177061,88.4901606575127,NORMAL,NORMAL,411.3469849215117,85.0,70.0,0.16787878787878788,149.113282034048,66.02736128467645,59.424625156208805,1.0,3,54.424625156208805,M3,2.5062038542685103,M3,M1,0,5.0,54.424625156208805,0.0,0.0,0.0,poor_tracking_condition,new_candidate_started
fis,persistent-low-generation,3,3715,61.916666666666664,13.916666666666666,2026-01-03T13:55:00Z,88.4901606575127,88.60182486133468,NORMAL,NORMAL,405.6306114315386,85.0,70.0,0.16787878787878788,147.04109664393278,65.10979759393342,58.59881783454008,1.0,3,53.59881783454008,M3,2.5154592043762745,M3,M1,0,5.0,53.59881783454008,0.0,0.0,0.0,poor_tracking_condition,waiting_for_candidate_confirmation
fis,persistent-low-generation,3,3720,62.0,14.0,2026-01-03T14:00:00Z,88.60182486133468,88.53374430606384,NORMAL,NORMAL,399.69652056520863,85.0,70.0,0.16787878787878788,144.88998870488814,64.15728699852447,57.741558298672025,1.0,3,52.741558298672025,M3,2.5241786688542542,M3,M3,1,85.68181818181819,-27.94025988314616,2.32835499026218,5.916666666666666,0.0,poor_tracking_condition,candidate_confirmed_and_dwell_satisfied
fis,persistent-low-generation,3,3725,62.083333333333336,14.083333333333334,2026-01-03T14:05:00Z,88.53374430606384,88.46349991495197,NORMAL,NORMAL,393.5493745444712,85.0,70.0,0.16787878787878788,142.66164827237083,63.1705778550058,56.85352006950522,1.0,3,-28.828298112312964,M3,2.518889906866919,M3,M3,1,85.68181818181819,-28.828298112312964,2.4023581760260804,5.916666666666666,0.0,poor_tracking_condition,requested_mode_matches_applied_mode
fis,persistent-low-generation,3,3730,62.166666666666664,14.166666666666666,2026-01-03T14:10:00Z,88.46349991495197,88.39101839677875,NORMAL,NORMAL,387.1940187212154,85.0,70.0,0.16787878787878788,140.3578317864406,62.150447915035905,55.93540312353232,1.0,3,-29.74641505828587,M3,2.513305715322359,M3,M3,1,85.68181818181819,-29.74641505828587,2.4788679215238223,5.916666666666666,0.0,poor_tracking_condition,requested_mode_matches_applied_mode
fis,persistent-low-generation,3,3735,62.25,14.25,2026-01-03T14:15:00Z,88.39101839677875,88.31622822986795,NORMAL,NORMAL,380.63548011518446,85.0,70.0,0.16787878787878788,137.98036154175438,61.097704090688836,54.98793368161996,1.0,3,-30.69388450019823,M3,2.507398773842976,M3,M3,1,85.68181818181819,-30.69388450019823,2.5578237083498525,5.916666666666666,0.0,poor_tracking_condition,requested_mode_matches_applied_mode
fis,persistent-low-generation,3,3740,62.333333333333336,14.333333333333334,2026-01-03T14:20:00Z,88.31622822986795,88.239059725538,NORMAL,NORMAL,373.8789660004804,85.0,70.0,0.16787878787878788,135.53112517517414,60.01318222756711,54.0118640048104,1.0,3,-31.66995417700779,M3,2.5011025327068994,M3,M3,1,85.68181818181819,-31.66995417700779,2.6391628480839824,5.916666666666666,0.0,poor_tracking_condition,requested_mode_matches_applied_mode
fis,persistent-low-generation,3,3745,62.416666666666664,14.416666666666666,2026-01-03T14:25:00Z,88.239059725538,88.33907633428775,NORMAL,NORMAL,366.92986255965087,85.0,70.0,0.16787878787878788,133.01207517787347,58.89774688876237,53.00797219988613,1.0,3,-32.673845981932054,M2,2.494407748528769,M1,M1,0,5.0,48.00797219988613,0.0,0.0,0.0,poor_tracking_condition,safety_reduction_applied_immediately
fis,persistent-low-generation,3,3750,62.5,14.5,2026-01-03T14:30:00Z,88.33907633428775,88.43694521353316,NORMAL,NORMAL,359.7937336267778,85.0,70.0,0.16787878787878788,130.42522843970696,57.75229115310224,51.97706203779202,1.0,3,46.97706203779202,M3,2.50303163764492,M3,M1,0,5.0,46.97706203779202,0.0,0.0,0.0,poor_tracking_condition,new_candidate_started
fis,persistent-low-generation,3,3755,62.583333333333336,14.583333333333334,2026-01-03T14:35:00Z,88.43694521353316,88.53261180267569,NORMAL,NORMAL,352.47631954379665,85.0,70.0,0.16787878787878788,127.7726658346263,56.57773643157252,50.91996278841527,1.0,3,45.91996278841527,M3,2.511154572108455,M3,M1,0,5.0,45.91996278841527,0.0,0.0,0.0,poor_tracking_condition,waiting_for_candidate_confirmation
fis,persistent-low-generation,3,3760,62.666666666666664,14.666666666666666,2026-01-03T14:40:00Z,88.53261180267569,88.44527191693953,NORMAL,NORMAL,344.9835361575411,85.0,70.0,0.16787878787878788,125.05653185710867,55.37503230632772,49.837529075694945,1.0,3,44.837529075694945,M3,2.518801540405557,M3,M3,1,85.68181818181819,-35.84428910612324,2.9870240921769367,5.916666666666666,0.0,poor_tracking_condition,candidate_confirmed_and_dwell_satisfied
fis,persistent-low-generation,3,3765,62.75,14.75,2026-01-03T14:45:00Z,88.44527191693953,88.35523493491166,NORMAL,NORMAL,337.3214739888144,85.0,70.0,0.16787878787878788,122.27903432094523,54.145156397314544,48.73064075758309,1.0,3,-36.9511774242351,M3,2.511829771337932,M3,M3,1,85.68181818181819,-36.9511774242351,3.0792647853529247,5.916666666666666,0.0,poor_tracking_condition,requested_mode_matches_applied_mode
fis,persistent-low-generation,3,3770,62.833333333333336,14.833333333333334,2026-01-03T14:50:00Z,88.35523493491166,88.26244347451743,NORMAL,NORMAL,329.4963976092564,85.0,70.0,0.16787878787878788,119.44244413335547,52.8891142622498,47.60020283602482,1.0,3,-38.08161534579337,M3,2.50439294128337,M3,M3,1,85.68181818181819,-38.08161534579337,3.1734679454827806,5.916666666666666,0.0,poor_tracking_condition,requested_mode_matches_applied_mode
fis,persistent-low-generation,3,3775,62.916666666666664,14.916666666666666,2026-01-03T14:55:00Z,88.26244347451743,88.34879169410677,NORMAL,NORMAL,321.51474526702947,85.0,70.0,0.16787878787878788,116.54909515929819,51.60793933653724,46.44714540288352,1.0,3,-39.234672778934666,M2,2.4964541823826494,M1,M1,0,5.0,41.44714540288352,0.0,0.0,0.0,poor_tracking_condition,safety_reduction_applied_immediately
fis,persistent-low-generation,3,3780,63.0,15.0,2026-01-03T15:00:00Z,88.34879169410677,88.43269257666644,NORMAL,NORMAL,313.38312880856245,85.0,70.0,0.16787878787878788,113.6013841931039,50.302692920706406,45.272423628635764,1.0,3,40.272423628635764,M3,2.50385041845844,M3,M1,0,5.0,40.272423628635764,0.0,0.0,0.0,poor_tracking_condition,new_candidate_started
fis,persistent-low-generation,3,3785,63.083333333333336,15.083333333333334,2026-01-03T15:05:00Z,88.43269257666644,88.51410303042002,NORMAL,NORMAL,305.1083339509776,85.0,70.0,0.16787878787878788,110.6017710572294,48.97446422414117,44.07701780172706,1.0,3,39.07701780172706,M3,2.510809496082089,M3,M1,0,5.0,39.07701780172706,0.0,0.0,0.0,poor_tracking_condition,waiting_for_candidate_confirmation
fis,persistent-low-generation,3,3790,63.166666666666664,15.166666666666666,2026-01-03T15:10:00Z,88.51410303042002,88.40976607926488,NORMAL,NORMAL,296.69732096864095,85.0,70.0,0.16787878787878788,107.55277885113236,47.62437047528141,42.86193342775327,1.0,3,37.86193342775327,M3,2.517355850487514,M3,M3,1,85.68181818181819,-42.819884754064915,3.5683237295054093,5.916666666666666,0.0,poor_tracking_condition,candidate_confirmed_and_dwell_satisfied
fis,persistent-low-generation,3,3795,63.25,15.25,2026-01-03T15:15:00Z,88.40976607926488,88.30242295844944,NORMAL,NORMAL,288.15722586785273,85.0,70.0,0.16787878787878788,104.45699437709663,46.25355711017839,41.62820139916055,1.0,3,-44.053616782657635,M3,2.508946388873081,M3,M3,1,85.68181818181819,-44.053616782657635,3.671134731888136,5.916666666666666,0.0,poor_tracking_condition,requested_mode_matches_applied_mode
fis,persistent-low-generation,3,3800,63.333333333333336,15.333333333333334,2026-01-03T15:20:00Z,88.30242295844944,88.37612478813277,NORMAL,NORMAL,279.4953621364577,85.0,70.0,0.16787878787878788,101.31706877446592,44.863198053333505,40.37687824800015,1.0,3,-45.304939933818034,M2,2.499934518237072,M1,M1,0,5.0,35.37687824800015,0.0,0.0,0.0,poor_tracking_condition,safety_reduction_applied_immediately
fis,persistent-low-generation,3,3805,63.416666666666664,15.416666666666666,2026-01-03T15:25:00Z,88.37612478813277,88.44718530166718,NORMAL,NORMAL,270.7192231706225,85.0,70.0,0.16787878787878788,98.13571839935068,43.45449610723247,39.10904649650923,1.0,3,34.10904649650923,M3,2.506149170741004,M3,M1,0,5.0,34.10904649650923,0.0,0.0,0.0,poor_tracking_condition,new_candidate_started
fis,persistent-low-generation,3,3810,63.5,15.5,2026-01-03T15:30:00Z,88.44718530166718,88.5155724165068,NORMAL,NORMAL,261.8364854999092,85.0,70.0,0.16787878787878788,94.9157259937171,42.02868347001793,37.82581512301614,1.0,3,32.82581512301614,M3,2.511984838161392,M3,M1,0,5.0,32.82581512301614,0.0,0.0,0.0,poor_tracking_condition,waiting_for_candidate_confirmation
fis,persistent-low-generation,3,3815,63.583333333333336,15.583333333333334,2026-01-03T15:35:00Z,88.5155724165068,88.3958026844946,NORMAL,NORMAL,252.855012954932,85.0,70.0,0.16787878787878788,91.65994219616286,40.58702240446092,36.52832016401483,1.0,3,31.52832016401483,M3,2.5174707249495127,M3,M3,1,85.68181818181819,-49.15349801780336,4.096124834816946,5.916666666666666,0.0,poor_tracking_condition,candidate_confirmed_and_dwell_satisfied
fis,persistent-low-generation,3,3820,63.666666666666664,15.666666666666666,2026-01-03T15:40:00Z,88.3958026844946,88.27283949564365,NORMAL,NORMAL,243.7828619505026,85.0,70.0,0.16787878787878788,88.3712874570572,39.13080608598493,35.21772547738644,1.0,3,-50.46409270443175,M3,2.5077997414829247,M3,M3,1,85.68181818181819,-50.46409270443175,4.205341058702645,5.916666666666666,0.0,poor_tracking_condition,requested_mode_matches_applied_mode
fis,persistent-low-generation,3,3825,63.75,15.75,2026-01-03T15:45:00Z,88.27283949564365,88.3330378783455,NORMAL,NORMAL,234.6282880927447,85.0,70.0,0.16787878787878788,85.05275443361997,37.66135966320692,33.895223696886234,1.0,3,-51.78659448493195,M2,2.4973622070806187,M1,M1,0,5.0,28.895223696886234,0.0,0.0,0.0,poor_tracking_condition,safety_reduction_applied_immediately
fis,persistent-low-generation,3,3830,63.833333333333336,15.833333333333334,2026-01-03T15:50:00Z,88.3330378783455,88.3904587896256,NORMAL,NORMAL,225.39975436323775,85.0,70.0,0.16787878787878788,81.7074109566737,36.18004157161511,32.5620374144536,1.0,3,27.5620374144536,M3,2.502522283291296,M3,M1,0,5.0,27.5620374144536,0.0,0.0,0.0,poor_tracking_condition,new_candidate_started
fis,persistent-low-generation,3,3835,63.916666666666664,15.916666666666666,2026-01-03T15:55:00Z,88.3904587896256,88.44508258261526,NORMAL,NORMAL,216.1059411895109,85.0,70.0,0.16787878787878788,78.33840368119772,34.688245150034355,31.21942063503092,1.0,3,26.21942063503092,M3,2.5073518595013637,M3,M1,0,5.0,26.21942063503092,0.0,0.0,0.0,poor_tracking_condition,waiting_for_candidate_confirmation
fis,persistent-low-generation,3,3840,64.0,16.0,2026-01-03T16:00:00Z,88.44508258261526,88.30908560984992,NORMAL,NORMAL,206.75575878282945,85.0,70.0,0.16787878787878788,74.94896255877568,33.187400621025866,29.86866055892328,1.0,3,24.86866055892328,M3,2.5118144253209302,M3,M3,1,85.68181818181819,-55.813157622894906,4.6510964685745755,5.916666666666666,0.0,poor_tracking_condition,candidate_confirmed_and_dwell_satisfied
fis,persistent-low-generation,3,3845,64.08333333333333,16.083333333333332,2026-01-03T16:05:00Z,88.30908560984992,88.16978069166815,NORMAL,NORMAL,197.35836221618453,85.0,70.0,0.16787878787878788,71.5424063033669,31.678977511130867,28.511079760017783,1.0,3,-57.17073842180041,M3,2.500498448443957,M3,M3,1,85.68181818181819,-57.17073842180041,4.7642282018167,5.916666666666666,0.0,poor_tracking_condition,requested_mode_matches_applied_mode
fis,persistent-low-generation,3,3850,64.16666666666667,16.166666666666668,2026-01-03T16:10:00Z,88.16978069166815,88.21592243926274,NORMAL,NORMAL,187.9231698346319,85.0,70.0,0.16787878787878788,68.12214906505407,30.164487606005945,27.148038845405353,1.0,3,-58.533779336412834,M2,2.488240749411477,M1,M1,0,5.0,22.148038845405353,0.0,0.0,0.0,poor_tracking_condition,safety_reduction_applied_immediately
fis,persistent-low-generation,3,3855,64.25,16.25,2026-01-03T16:15:00Z,88.21592243926274,88.25921606364714,NORMAL,NORMAL,178.45988574631707,85.0,70.0,0.16787878787878788,64.69170858303994,28.645488560570083,25.780939704513074,1.0,3,20.780939704513074,M2,2.492377393593358,M1,M1,0,5.0,20.780939704513074,0.0,0.0,0.0,poor_tracking_condition,requested_mode_matches_applied_mode
fis,persistent-low-generation,3,3860,64.33333333333333,16.333333333333332,2026-01-03T16:20:00Z,88.25921606364714,88.29965612507577,NORMAL,NORMAL,168.97852734939664,85.0,70.0,0.16787878787878788,61.25471616415629,27.123588317488405,24.411229485739565,1.0,3,19.411229485739565,M2,2.4961720658057938,M1,M1,0,5.0,19.411229485739565,0.0,0.0,2.220446049250313e-16,poor_tracking_condition,requested_mode_matches_applied_mode
fis,persistent-low-generation,3,3865,64.41666666666667,16.416666666666668,2026-01-03T16:25:00Z,88.29965612507577,88.33724030315632,NORMAL,NORMAL,159.48945912743983,85.0,70.0,0.16787878787878788,57.81492893369695,25.60045053184101,23.040405478656908,1.0,3,18.040405478656908,M2,2.4996994094181586,M1,M1,0,5.0,18.040405478656908,0.0,0.0,0.0,poor_tracking_condition,requested_mode_matches_applied_mode
fis,persistent-low-generation,3,3870,64.5,16.5,2026-01-03T16:30:00Z,88.33724030315632,88.37196951385273,NORMAL,NORMAL,150.00343432272103,85.0,70.0,0.16787878787878788,54.37624494198638,24.077801260311567,21.67002113428041,1.0,3,16.67002113428041,M3,2.5028768018626306,M3,M1,0,5.0,16.67002113428041,0.0,0.0,0.0,poor_tracking_condition,new_candidate_started
fis,persistent-low-generation,3,3875,64.58333333333333,16.583333333333332,2026-01-03T16:35:00Z,88.37196951385273,88.4038480420422,NORMAL,NORMAL,140.53164661624447,85.0,70.0,0.16787878787878788,50.942721898388626,22.55743725660648,20.301693530945833,1.0,3,15.301693530945833,M3,2.5058001616467926,M3,M1,0,5.0,15.301693530945833,0.0,0.0,0.0,poor_tracking_condition,waiting_for_candidate_confirmation
fis,persistent-low-generation,3,3880,64.66666666666667,16.666666666666668,2026-01-03T16:40:00Z,88.4038480420422,88.24121474408074,NORMAL,NORMAL,131.08579467086645,85.0,70.0,0.16787878787878788,47.51860056818909,21.04123633159413,18.937112698434717,1.0,3,13.937112698434717,M3,2.508464706111048,M3,M3,1,85.68181818181819,-66.74470548338347,5.562058790281956,5.916666666666666,0.0,poor_tracking_condition,candidate_confirmed_and_dwell_satisfied
fis,persistent-low-generation,3,3885,64.75,16.75,2026-01-03T16:45:00Z,88.24121474408074,88.26741902191995,NORMAL,NORMAL,121.67816343103354,85.0,70.0,0.16787878787878788,44.10833424374967,19.53117040313235,17.578053362819116,1.0,3,-68.10376481899907,M2,2.494596578451164,M1,M1,0,5.0,12.578053362819116,0.0,0.0,0.0,poor_tracking_condition,safety_reduction_applied_immediately
fis,persistent-low-generation,3,3890,64.83333333333333,16.833333333333332,2026-01-03T16:50:00Z,88.26741902191995,88.29080733419566,NORMAL,NORMAL,112.32172758060456,85.0,70.0,0.16787878787878788,40.71662624796916,18.029322102600744,16.22638989234067,1.0,3,11.22638989234067,M2,2.496888900910345,M1,M1,0,5.0,11.22638989234067,0.0,0.0,0.0,poor_tracking_condition,requested_mode_matches_applied_mode
fis,persistent-low-generation,3,3895,64.91666666666667,16.916666666666668,2026-01-03T16:55:00Z,88.29080733419566,88.31139924158822,NORMAL,NORMAL,103.03028480154454,85.0,70.0,0.16787878787878788,37.3484782405599,16.537906164919924,14.884115548427932,1.0,3,9.884115548427932,M2,2.4989289975209967,M1,M1,0,5.0,9.884115548427932,0.0,0.0,0.0,poor_tracking_condition,requested_mode_matches_applied_mode
fis,persistent-low-generation,3,3900,65.0,17.0,2026-01-03T17:00:00Z,88.31139924158822,88.32921875750351,NORMAL,NORMAL,93.81862989157457,85.0,70.0,0.16787878787878788,34.00925333569579,15.059297377046093,13.553367639341484,1.0,3,8.553367639341484,M3,2.5006941762422623,M3,M1,0,5.0,8.553367639341484,0.0,0.0,0.0,poor_tracking_condition,new_candidate_started
fis,persistent-low-generation,3,3905,65.08333333333333,17.083333333333332,2026-01-03T17:05:00Z,88.32921875750351,88.34429471781047,NORMAL,NORMAL,84.70278615246784,85.0,70.0,0.16787878787878788,30.704759980269596,13.596067719263376,12.236460947337038,1.0,3,7.236460947337038,M3,2.5021999547681086,M3,M1,0,5.0,7.236460947337038,0.0,0.0,0.0,poor_tracking_condition,waiting_for_candidate_confirmation
fis,persistent-low-generation,3,3910,65.16666666666667,17.166666666666668,2026-01-03T17:10:00Z,88.34429471781047,88.16216536808052,NORMAL,NORMAL,75.70031913007257,85.0,70.0,0.16787878787878788,27.44136568465131,12.1510367251636,10.93593305264724,1.0,3,5.93593305264724,M3,2.5034715384199147,M3,M3,1,85.68181818181819,-74.74588512917094,6.228823760764245,5.916666666666666,0.0,poor_tracking_condition,candidate_confirmed_and_dwell_satisfied
fis,persistent-low-generation,3,3915,65.25,17.25,2026-01-03T17:15:00Z,88.16216536808052,88.17186246658834,NORMAL,NORMAL,66.83077236639191,85.0,70.0,0.16787878787878788,24.22615498281707,10.7273414263914,9.65460728375226,1.0,3,-76.02721089806593,M2,2.4875496490518194,M1,M1,0,5.0,4.654607283752259,0.0,0.0,0.0,poor_tracking_condition,safety_reduction_applied_immediately
fis,persistent-low-generation,3,3920,65.33333333333333,17.333333333333332,2026-01-03T17:20:00Z,88.17186246658834,88.17893680560162,NORMAL,NORMAL,58.11629045657233,85.0,70.0,0.16787878787878788,21.067155290507472,9.32853636263671,8.395682726373039,1.0,3,3.395682726373039,M2,2.4884295632370237,M1,M1,0,5.0,3.395682726373039,0.0,0.0,0.0,poor_tracking_condition,requested_mode_matches_applied_mode
fis,persistent-low-generation,3,3925,65.41666666666667,17.416666666666668,2026-01-03T17:25:00Z,88.17893680560162,88.18344277974651,NORMAL,NORMAL,49.58254223077303,85.0,70.0,0.16787878787878788,17.973671558655226,7.958741766172534,7.1628675895552805,1.0,3,2.1628675895552805,M2,2.4890708427339283,M1,M1,0,5.0,2.1628675895552805,0.0,0.0,0.0,poor_tracking_condition,requested_mode_matches_applied_mode
fis,persistent-low-generation,3,3930,65.5,17.5,2026-01-03T17:30:00Z,88.18344277974651,88.18544400018646,NORMAL,NORMAL,41.260150911287276,85.0,70.0,0.16787878787878788,14.95680470534164,6.622873123525278,5.96058581117275,1.0,3,0.9605858111727503,M2,2.4894790197575416,M1,M1,0,5.0,0.9605858111727503,0.0,0.0,0.0,poor_tracking_condition,requested_mode_matches_applied_mode
fis,persistent-low-generation,3,3935,65.58333333333333,17.583333333333332,2026-01-03T17:35:00Z,88.18544400018646,88.1849428206879,NORMAL,NORMAL,33.18703986676286,85.0,70.0,0.16787878787878788,12.030301951701539,5.327017704213441,4.794315933792097,1.0,3,-0.20568406620790292,M2,2.489660231086349,M1,M1,0,5.0,-0.20568406620790292,0.017140338850658576,0.0,0.0,poor_tracking_condition,requested_mode_matches_applied_mode
fis,persistent-low-generation,3,3940,65.66666666666667,17.666666666666668,2026-01-03T17:40:00Z,88.1849428206879,88.18170498142068,NORMAL,NORMAL,25.412583557295164,85.0,70.0,0.16787878787878788,9.212061539519498,4.079100849699234,3.6711907647293107,1.0,3,-1.3288092352706893,M2,2.4896148531588653,M1,M1,0,5.0,-1.3288092352706893,0.1107341029392241,0.0,0.0,poor_tracking_condition,requested_mode_matches_applied_mode
fis,persistent-low-generation,3,3945,65.75,17.75,2026-01-03T17:45:00Z,88.18170498142068,88.17585989716298,NORMAL,NORMAL,18.005775996288865,85.0,70.0,0.16787878787878788,6.527093798654715,2.890197134044308,2.601177420639877,1.0,3,-2.398822579360123,M2,2.4893216261305118,M1,M1,0,5.0,-2.398822579360123,0.19990188161334357,0.0,0.0,poor_tracking_condition,requested_mode_matches_applied_mode
fis,persistent-low-generation,3,3950,65.83333333333333,17.833333333333332,2026-01-03T17:50:00Z,88.17585989716298,88.16757482311982,NORMAL,NORMAL,11.074116387152324,85.0,70.0,0.16787878787878788,4.0143671903427185,1.7775617918837558,1.5998056126953804,1.0,3,-3.4001943873046194,M2,2.48879199191996,M1,M1,0,5.0,-3.4001943873046194,0.28334953227538495,0.0,0.0,poor_tracking_condition,requested_mode_matches_applied_mode
fis,persistent-low-generation,3,3955,65.91666666666667,17.916666666666668,2026-01-03T17:55:00Z,88.16757482311982,88.15708884540861,NORMAL,NORMAL,4.821666007779817,85.0,70.0,0.16787878787878788,1.747853927820184,0.7739497192387774,0.6965547473148997,1.0,3,-4.3034452526851,M2,2.488040629003504,M1,M1,0,5.0,-4.3034452526851,0.35862043772375835,0.0,0.0,poor_tracking_condition,requested_mode_matches_applied_mode
fis,persistent-low-generation,3,3960,66.0,18.0,2026-01-03T18:00:00Z,88.15708884540861,88.14490560954117,NORMAL,NORMAL,3.822140361187655e-17,85.0,70.0,0.16787878787878788,1.3855258809305252e-17,6.1351086007603655e-18,5.521597740684329e-18,1.0,3,-5.0,M2,2.487088597011162,M1,M1,0,5.0,-5.0,0.41666666666666663,0.0,0.0,poor_tracking_condition,requested_mode_matches_applied_mode
fis,persistent-low-generation,3,3965,66.08333333333333,18.083333333333332,2026-01-03T18:05:00Z,88.14490560954117,88.13272237367372,NORMAL,NORMAL,0.0,85.0,70.0,0.16787878787878788,0.0,0.0,0.0,1.0,3,-5.0,M2,2.485980962497592,M1,M1,0,5.0,-5.0,0.41666666666666663,0.0,0.0,poor_tracking_condition,requested_mode_matches_applied_mode
fis,persistent-low-generation,3,3970,66.16666666666667,18.166666666666668,2026-01-03T18:10:00Z,88.13272237367372,88.12053913780628,NORMAL,NORMAL,0.0,85.0,70.0,0.16787878787878788,0.0,0.0,0.0,1.0,3,-5.0,M2,2.484871704950342,M1,M1,0,5.0,-5.0,0.41666666666666663,0.0,0.0,poor_tracking_condition,requested_mode_matches_applied_mode
fis,persistent-low-generation,3,3975,66.25,18.25,2026-01-03T18:15:00Z,88.12053913780628,88.10835590193884,NORMAL,NORMAL,0.0,85.0,70.0,0.16787878787878788,0.0,0.0,0.0,1.0,3,-5.0,M2,2.4837608207994166,M1,M1,0,5.0,-5.0,0.41666666666666663,0.0,0.0,poor_tracking_condition,requested_mode_matches_applied_mode
fis,persistent-low-generation,3,3980,66.33333333333333,18.333333333333332,2026-01-03T18:20:00Z,88.10835590193884,88.0961726660714,NORMAL,NORMAL,0.0,85.0,70.0,0.16787878787878788,0.0,0.0,0.0,1.0,3,-5.0,M2,2.4826483064643363,M1,M1,0,5.0,-5.0,0.41666666666666663,0.0,0.0,poor_tracking_condition,requested_mode_matches_applied_mode
fis,persistent-low-generation,3,3985,66.41666666666667,18.416666666666668,2026-01-03T18:25:00Z,88.0961726660714,88.08398943020394,NORMAL,NORMAL,0.0,85.0,70.0,0.16787878787878788,0.0,0.0,0.0,1.0,3,-5.0,M2,2.4815250605354064,M1,M1,0,5.0,-5.0,0.41666666666666663,0.0,0.0,poor_tracking_condition,requested_mode_matches_applied_mode
fis,persistent-low-generation,3,3990,66.5,18.5,2026-01-03T18:30:00Z,88.08398943020394,88.0718061943365,NORMAL,NORMAL,0.0,85.0,70.0,0.16787878787878788,0.0,0.0,0.0,1.0,3,-5.0,M2,2.480380258034707,M1,M1,0,5.0,-5.0,0.41666666666666663,0.0,0.0,poor_tracking_condition,requested_mode_matches_applied_mode
fis,persistent-low-generation,3,3995,66.58333333333333,18.583333333333332,2026-01-03T18:35:00Z,88.0718061943365,88.05962295846905,NORMAL,NORMAL,0.0,85.0,70.0,0.16787878787878788,0.0,0.0,0.0,1.0,3,-5.0,M2,2.4792337280618773,M1,M1,0,5.0,-5.0,0.41666666666666663,0.0,0.0,poor_tracking_condition,requested_mode_matches_applied_mode
fis,persistent-low-generation,3,4000,66.66666666666667,18.666666666666668,2026-01-03T18:40:00Z,88.05962295846905,88.04743972260161,NORMAL,NORMAL,0.0,85.0,70.0,0.16787878787878788,0.0,0.0,0.0,1.0,3,-5.0,M2,2.478085466703902,M1,M1,0,5.0,-5.0,0.41666666666666663,0.0,0.0,poor_tracking_condition,requested_mode_matches_applied_mode
fis,persistent-low-generation,3,4005,66.75,18.75,2026-01-03T18:45:00Z,88.04743972260161,88.03525648673416,NORMAL,NORMAL,0.0,85.0,70.0,0.16787878787878788,0.0,0.0,0.0,1.0,3,-5.0,M2,2.4769354700359547,M1,M1,0,5.0,-5.0,0.41666666666666663,0.0,0.0,poor_tracking_condition,requested_mode_matches_applied_mode
fis,persistent-low-generation,3,4010,66.83333333333333,18.833333333333332,2026-01-03T18:50:00Z,88.03525648673416,88.02307325086672,NORMAL,NORMAL,0.0,85.0,70.0,0.16787878787878788,0.0,0.0,0.0,1.0,3,-5.0,M2,2.4757837341213236,M1,M1,0,5.0,-5.0,0.41666666666666663,0.0,0.0,poor_tracking_condition,requested_mode_matches_applied_mode
fis,persistent-low-generation,3,4015,66.91666666666667,18.916666666666668,2026-01-03T18:55:00Z,88.02307325086672,88.01089001499926,NORMAL,NORMAL,0.0,85.0,70.0,0.16787878787878788,0.0,0.0,0.0,1.0,3,-5.0,M2,2.4746302550113923,M1,M1,0,5.0,-5.0,0.41666666666666663,0.0,0.0,poor_tracking_condition,requested_mode_matches_applied_mode
fis,persistent-low-generation,3,4020,67.0,19.0,2026-01-03T19:00:00Z,88.01089001499926,87.99870677913182,NORMAL,NORMAL,0.0,85.0,70.0,0.16787878787878788,0.0,0.0,0.0,1.0,3,-5.0,M2,2.47347502874557,M1,M1,0,5.0,-5.0,0.41666666666666663,0.0,0.0,poor_tracking_condition,requested_mode_matches_applied_mode
fis,persistent-low-generation,3,4025,67.08333333333333,19.083333333333332,2026-01-03T19:05:00Z,87.99870677913182,87.98652354326437,NORMAL,NORMAL,0.0,85.0,70.0,0.16787878787878788,0.0,0.0,0.0,1.0,3,-5.0,M2,2.4723149398660125,M1,M1,0,5.0,-5.0,0.41666666666666663,0.0,0.0,poor_tracking_condition,requested_mode_matches_applied_mode
fis,persistent-low-generation,3,4030,67.16666666666667,19.166666666666668,2026-01-03T19:10:00Z,87.98652354326437,87.97434030739693,NORMAL,NORMAL,0.0,85.0,70.0,0.16787878787878788,0.0,0.0,0.0,1.0,3,-5.0,M2,2.47112684470277,M1,M1,0,5.0,-5.0,0.41666666666666663,0.0,0.0,poor_tracking_condition,requested_mode_matches_applied_mode
fis,persistent-low-generation,3,4035,67.25,19.25,2026-01-03T19:15:00Z,87.97434030739693,87.96215707152948,NORMAL,NORMAL,0.0,85.0,70.0,0.16787878787878788,0.0,0.0,0.0,1.0,3,-5.0,M2,2.4699369001154907,M1,M1,0,5.0,-5.0,0.41666666666666663,0.0,0.0,poor_tracking_condition,requested_mode_matches_applied_mode
fis,persistent-low-generation,3,4040,67.33333333333333,19.333333333333332,2026-01-03T19:20:00Z,87.96215707152948,87.94997383566204,NORMAL,NORMAL,0.0,85.0,70.0,0.16787878787878788,0.0,0.0,0.0,1.0,3,-5.0,M2,2.468745101782468,M1,M1,0,5.0,-5.0,0.41666666666666663,0.0,0.0,poor_tracking_condition,requested_mode_matches_applied_mode
fis,persistent-low-generation,3,4045,67.41666666666667,19.416666666666668,2026-01-03T19:25:00Z,87.94997383566204,87.93779059979458,NORMAL,NORMAL,0.0,85.0,70.0,0.16787878787878788,0.0,0.0,0.0,1.0,3,-5.0,M2,2.46755144536857,M1,M1,0,5.0,-5.0,0.41666666666666663,0.0,0.0,poor_tracking_condition,requested_mode_matches_applied_mode
fis,persistent-low-generation,3,4050,67.5,19.5,2026-01-03T19:30:00Z,87.93779059979458,87.92560736392714,NORMAL,NORMAL,0.0,85.0,70.0,0.16787878787878788,0.0,0.0,0.0,1.0,3,-5.0,M2,2.466355926525119,M1,M1,0,5.0,-5.0,0.41666666666666663,0.0,0.0,poor_tracking_condition,requested_mode_matches_applied_mode
fis,persistent-low-generation,3,4055,67.58333333333333,19.583333333333332,2026-01-03T19:35:00Z,87.92560736392714,87.9134241280597,NORMAL,NORMAL,0.0,85.0,70.0,0.16787878787878788,0.0,0.0,0.0,1.0,3,-5.0,M2,2.4651585408898717,M1,M1,0,5.0,-5.0,0.41666666666666663,0.0,0.0,poor_tracking_condition,requested_mode_matches_applied_mode
fis,persistent-low-generation,3,4060,67.66666666666667,19.666666666666668,2026-01-03T19:40:00Z,87.9134241280597,87.90124089219226,NORMAL,NORMAL,0.0,85.0,70.0,0.16787878787878788,0.0,0.0,0.0,1.0,3,-5.0,M2,2.463959284086941,M1,M1,0,5.0,-5.0,0.41666666666666663,0.0,0.0,poor_tracking_condition,requested_mode_matches_applied_mode
fis,persistent-low-generation,3,4065,67.75,19.75,2026-01-03T19:45:00Z,87.90124089219226,87.88905765632481,NORMAL,NORMAL,0.0,85.0,70.0,0.16787878787878788,0.0,0.0,0.0,1.0,3,-5.0,M2,2.4627581517267556,M1,M1,0,5.0,-5.0,0.41666666666666663,0.0,0.0,poor_tracking_condition,requested_mode_matches_applied_mode
fis,persistent-low-generation,3,4070,67.83333333333333,19.833333333333332,2026-01-03T19:50:00Z,87.88905765632481,87.87687442045737,NORMAL,NORMAL,0.0,85.0,70.0,0.16787878787878788,0.0,0.0,0.0,1.0,3,-5.0,M2,2.461528439482046,M1,M1,0,5.0,-5.0,0.41666666666666663,0.0,0.0,poor_tracking_condition,requested_mode_matches_applied_mode
fis,persistent-low-generation,3,4075,67.91666666666667,19.916666666666668,2026-01-03T19:55:00Z,87.87687442045737,87.86469118458992,NORMAL,NORMAL,0.0,85.0,70.0,0.16787878787878788,0.0,0.0,0.0,1.0,3,-5.0,M2,2.460293725498337,M1,M1,0,5.0,-5.0,0.41666666666666663,0.0,0.0,poor_tracking_condition,requested_mode_matches_applied_mode
fis,persistent-low-generation,3,4080,68.0,20.0,2026-01-03T20:00:00Z,87.86469118458992,87.85250794872248,NORMAL,NORMAL,0.0,85.0,70.0,0.16787878787878788,0.0,0.0,0.0,0.75,2,-5.0,M2,2.4505022884326433,M1,M1,0,5.0,-5.0,0.41666666666666663,0.0,0.0,poor_tracking_condition,requested_mode_matches_applied_mode
fis,persistent-low-generation,3,4085,68.08333333333333,20.083333333333332,2026-01-03T20:05:00Z,87.85250794872248,87.84032471285502,NORMAL,NORMAL,0.0,85.0,70.0,0.16787878787878788,0.0,0.0,0.0,0.75,2,-5.0,M2,2.4492370120151215,M1,M1,0,5.0,-5.0,0.41666666666666663,0.0,0.0,poor_tracking_condition,requested_mode_matches_applied_mode
fis,persistent-low-generation,3,4090,68.16666666666667,20.166666666666668,2026-01-03T20:10:00Z,87.84032471285502,87.82814147698758,NORMAL,NORMAL,0.0,85.0,70.0,0.16787878787878788,0.0,0.0,0.0,0.75,2,-5.0,M2,2.447969667530327,M1,M1,0,5.0,-5.0,0.41666666666666663,0.0,0.0,poor_tracking_condition,requested_mode_matches_applied_mode
fis,persistent-low-generation,3,4095,68.25,20.25,2026-01-03T20:15:00Z,87.82814147698758,87.81595824112013,NORMAL,NORMAL,0.0,85.0,70.0,0.16787878787878788,0.0,0.0,0.0,0.75,2,-5.0,M2,2.4467002499038,M1,M1,0,5.0,-5.0,0.41666666666666663,0.0,0.0,poor_tracking_condition,requested_mode_matches_applied_mode
fis,persistent-low-generation,3,4100,68.33333333333333,20.333333333333332,2026-01-03T20:20:00Z,87.81595824112013,87.80377500525269,NORMAL,NORMAL,0.0,85.0,70.0,0.16787878787878788,0.0,0.0,0.0,0.75,2,-5.0,M2,2.445428754044456,M1,M1,0,5.0,-5.0,0.41666666666666663,0.0,0.0,poor_tracking_condition,requested_mode_matches_applied_mode
fis,persistent-low-generation,3,4105,68.41666666666667,20.416666666666668,2026-01-03T20:25:00Z,87.80377500525269,87.79159176938524,NORMAL,NORMAL,0.0,85.0,70.0,0.16787878787878788,0.0,0.0,0.0,0.75,2,-5.0,M2,2.444155174844537,M1,M1,0,5.0,-5.0,0.41666666666666663,0.0,0.0,poor_tracking_condition,requested_mode_matches_applied_mode
fis,persistent-low-generation,3,4110,68.5,20.5,2026-01-03T20:30:00Z,87.79159176938524,87.7794085335178,NORMAL,NORMAL,0.0,85.0,70.0,0.16787878787878788,0.0,0.0,0.0,0.75,2,-5.0,M2,2.4428582750636516,M1,M1,0,5.0,-5.0,0.41666666666666663,0.0,0.0,poor_tracking_condition,requested_mode_matches_applied_mode
fis,persistent-low-generation,3,4115,68.58333333333333,20.583333333333332,2026-01-03T20:35:00Z,87.7794085335178,87.76722529765034,NORMAL,NORMAL,0.0,85.0,70.0,0.16787878787878788,0.0,0.0,0.0,0.75,2,-5.0,M2,2.4415496627876614,M1,M1,0,5.0,-5.0,0.41666666666666663,0.0,0.0,poor_tracking_condition,requested_mode_matches_applied_mode
fis,persistent-low-generation,3,4120,68.66666666666667,20.666666666666668,2026-01-03T20:40:00Z,87.76722529765034,87.75504206178289,NORMAL,NORMAL,0.0,85.0,70.0,0.16787878787878788,0.0,0.0,0.0,0.75,2,-5.0,M2,2.4402388491623044,M1,M1,0,5.0,-5.0,0.41666666666666663,0.0,0.0,poor_tracking_condition,requested_mode_matches_applied_mode
fis,persistent-low-generation,3,4125,68.75,20.75,2026-01-03T20:45:00Z,87.75504206178289,87.74285882591545,NORMAL,NORMAL,0.0,85.0,70.0,0.16787878787878788,0.0,0.0,0.0,0.75,2,-5.0,M2,2.438925828628307,M1,M1,0,5.0,-5.0,0.41666666666666663,0.0,0.0,poor_tracking_condition,requested_mode_matches_applied_mode
fis,persistent-low-generation,3,4130,68.83333333333333,20.833333333333332,2026-01-03T20:50:00Z,87.74285882591545,87.730675590048,NORMAL,NORMAL,0.0,85.0,70.0,0.16787878787878788,0.0,0.0,0.0,0.75,2,-5.0,M2,2.4376105956075604,M1,M1,0,5.0,-5.0,0.41666666666666663,0.0,0.0,poor_tracking_condition,requested_mode_matches_applied_mode
fis,persistent-low-generation,3,4135,68.91666666666667,20.916666666666668,2026-01-03T20:55:00Z,87.730675590048,87.71849235418057,NORMAL,NORMAL,0.0,85.0,70.0,0.16787878787878788,0.0,0.0,0.0,0.75,2,-5.0,M2,2.4362931445031593,M1,M1,0,5.0,-5.0,0.41666666666666663,0.0,0.0,poor_tracking_condition,requested_mode_matches_applied_mode
fis,persistent-low-generation,3,4140,69.0,21.0,2026-01-03T21:00:00Z,87.71849235418057,87.70630911831313,NORMAL,NORMAL,0.0,85.0,70.0,0.16787878787878788,0.0,0.0,0.0,0.75,2,-5.0,M2,2.434973469699329,M1,M1,0,5.0,-5.0,0.41666666666666663,0.0,0.0,poor_tracking_condition,requested_mode_matches_applied_mode
fis,persistent-low-generation,3,4145,69.08333333333333,21.083333333333332,2026-01-03T21:05:00Z,87.70630911831313,87.69412588244568,NORMAL,NORMAL,0.0,85.0,70.0,0.16787878787878788,0.0,0.0,0.0,0.75,2,-5.0,M2,2.4336515655612945,M1,M1,0,5.0,-5.0,0.41666666666666663,0.0,0.0,poor_tracking_condition,requested_mode_matches_applied_mode
fis,persistent-low-generation,3,4150,69.16666666666667,21.166666666666668,2026-01-03T21:10:00Z,87.69412588244568,87.68194264657824,NORMAL,NORMAL,0.0,85.0,70.0,0.16787878787878788,0.0,0.0,0.0,0.75,2,-5.0,M2,2.4323123916988516,M1,M1,0,5.0,-5.0,0.41666666666666663,0.0,0.0,poor_tracking_condition,requested_mode_matches_applied_mode
fis,persistent-low-generation,3,4155,69.25,21.25,2026-01-03T21:15:00Z,87.68194264657824,87.66975941071078,NORMAL,NORMAL,0.0,85.0,70.0,0.16787878787878788,0.0,0.0,0.0,0.75,2,-5.0,M2,2.430954749896725,M1,M1,0,5.0,-5.0,0.41666666666666663,0.0,0.0,poor_tracking_condition,requested_mode_matches_applied_mode
fis,persistent-low-generation,3,4160,69.33333333333333,21.333333333333332,2026-01-03T21:20:00Z,87.66975941071078,87.65757617484334,NORMAL,NORMAL,0.0,85.0,70.0,0.16787878787878788,0.0,0.0,0.0,0.75,2,-5.0,M2,2.429594754578666,M1,M1,0,5.0,-5.0,0.41666666666666663,0.0,0.0,poor_tracking_condition,requested_mode_matches_applied_mode
fis,persistent-low-generation,3,4165,69.41666666666667,21.416666666666668,2026-01-03T21:25:00Z,87.65757617484334,87.64539293897589,NORMAL,NORMAL,0.0,85.0,70.0,0.16787878787878788,0.0,0.0,0.0,0.75,2,-5.0,M2,2.4282323996194943,M1,M1,0,5.0,-5.0,0.41666666666666663,0.0,0.0,poor_tracking_condition,requested_mode_matches_applied_mode
fis,persistent-low-generation,3,4170,69.5,21.5,2026-01-03T21:30:00Z,87.64539293897589,87.63320970310843,NORMAL,NORMAL,0.0,85.0,70.0,0.16787878787878788,0.0,0.0,0.0,0.75,2,-5.0,M2,2.426867678872845,M1,M1,0,5.0,-5.0,0.41666666666666663,0.0,0.0,poor_tracking_condition,requested_mode_matches_applied_mode
fis,persistent-low-generation,3,4175,69.58333333333333,21.583333333333332,2026-01-03T21:35:00Z,87.63320970310843,87.621026467241,NORMAL,NORMAL,0.0,85.0,70.0,0.16787878787878788,0.0,0.0,0.0,0.75,2,-5.0,M2,2.4255005861708967,M1,M1,0,5.0,-5.0,0.41666666666666663,0.0,0.0,poor_tracking_condition,requested_mode_matches_applied_mode
fis,persistent-low-generation,3,4180,69.66666666666667,21.666666666666668,2026-01-03T21:40:00Z,87.621026467241,87.60884323137354,NORMAL,NORMAL,0.0,85.0,70.0,0.16787878787878788,0.0,0.0,0.0,0.75,2,-5.0,M2,2.4241311153244016,M1,M1,0,5.0,-5.0,0.41666666666666663,0.0,0.0,poor_tracking_condition,requested_mode_matches_applied_mode
fis,persistent-low-generation,3,4185,69.75,21.75,2026-01-03T21:45:00Z,87.60884323137354,87.5966599955061,NORMAL,NORMAL,0.0,85.0,70.0,0.16787878787878788,0.0,0.0,0.0,0.75,2,-5.0,M2,2.4227592601225516,M1,M1,0,5.0,-5.0,0.41666666666666663,0.0,0.0,poor_tracking_condition,requested_mode_matches_applied_mode
fis,persistent-low-generation,3,4190,69.83333333333333,21.833333333333332,2026-01-03T21:50:00Z,87.5966599955061,87.58447675963865,NORMAL,NORMAL,0.0,85.0,70.0,0.16787878787878788,0.0,0.0,0.0,0.75,2,-5.0,M2,2.4213763459082904,M1,M1,0,5.0,-5.0,0.41666666666666663,0.0,0.0,poor_tracking_condition,requested_mode_matches_applied_mode
fis,persistent-low-generation,3,4195,69.91666666666667,21.916666666666668,2026-01-03T21:55:00Z,87.58447675963865,87.57229352377121,NORMAL,NORMAL,0.0,85.0,70.0,0.16787878787878788,0.0,0.0,0.0,0.75,2,-5.0,M2,2.4199680126131096,M1,M1,0,5.0,-5.0,0.41666666666666663,0.0,0.0,poor_tracking_condition,requested_mode_matches_applied_mode
fis,persistent-low-generation,3,4200,70.0,22.0,2026-01-03T22:00:00Z,87.57229352377121,87.56011028790375,NORMAL,NORMAL,0.0,85.0,70.0,0.16787878787878788,0.0,0.0,0.0,0.75,2,-5.0,M2,2.4185571642489445,M1,M1,0,5.0,-5.0,0.41666666666666663,0.0,0.0,poor_tracking_condition,requested_mode_matches_applied_mode
fis,persistent-low-generation,3,4205,70.08333333333333,22.083333333333332,2026-01-03T22:05:00Z,87.56011028790375,87.54792705203631,NORMAL,NORMAL,0.0,85.0,70.0,0.16787878787878788,0.0,0.0,0.0,0.75,2,-5.0,M2,2.4171437940724703,M1,M1,0,5.0,-5.0,0.41666666666666663,0.0,0.0,poor_tracking_condition,requested_mode_matches_applied_mode
fis,persistent-low-generation,3,4210,70.16666666666667,22.166666666666668,2026-01-03T22:10:00Z,87.54792705203631,87.53574381616886,NORMAL,NORMAL,0.0,85.0,70.0,0.16787878787878788,0.0,0.0,0.0,0.75,2,-5.0,M2,2.4157278953162153,M1,M1,0,5.0,-5.0,0.41666666666666663,0.0,0.0,poor_tracking_condition,requested_mode_matches_applied_mode
fis,persistent-low-generation,3,4215,70.25,22.25,2026-01-03T22:15:00Z,87.53574381616886,87.52356058030144,NORMAL,NORMAL,0.0,85.0,70.0,0.16787878787878788,0.0,0.0,0.0,0.75,2,-5.0,M2,2.414309461188559,M1,M1,0,5.0,-5.0,0.41666666666666663,0.0,0.0,poor_tracking_condition,requested_mode_matches_applied_mode
fis,persistent-low-generation,3,4220,70.33333333333333,22.333333333333332,2026-01-03T22:20:00Z,87.52356058030144,87.51137734443398,NORMAL,NORMAL,0.0,85.0,70.0,0.16787878787878788,0.0,0.0,0.0,0.75,2,-5.0,M2,2.4128884848734535,M1,M1,0,5.0,-5.0,0.41666666666666663,0.0,0.0,poor_tracking_condition,requested_mode_matches_applied_mode
fis,persistent-low-generation,3,4225,70.41666666666667,22.416666666666668,2026-01-03T22:25:00Z,87.51137734443398,87.49919410856654,NORMAL,NORMAL,0.0,85.0,70.0,0.16787878787878788,0.0,0.0,0.0,0.75,2,-5.0,M2,2.411464959530402,M1,M1,0,5.0,-5.0,0.41666666666666663,0.0,0.0,poor_tracking_condition,requested_mode_matches_applied_mode
fis,persistent-low-generation,3,4230,70.5,22.5,2026-01-03T22:30:00Z,87.49919410856654,87.48701087269909,NORMAL,NORMAL,0.0,85.0,70.0,0.16787878787878788,0.0,0.0,0.0,0.75,2,-5.0,M2,2.410036756572629,M1,M1,0,5.0,-5.0,0.41666666666666663,0.0,0.0,poor_tracking_condition,requested_mode_matches_applied_mode
fis,persistent-low-generation,3,4235,70.58333333333333,22.583333333333332,2026-01-03T22:35:00Z,87.48701087269909,87.47482763683165,NORMAL,NORMAL,0.0,85.0,70.0,0.16787878787878788,0.0,0.0,0.0,0.75,2,-5.0,M2,2.408575974797561,M1,M1,0,5.0,-5.0,0.41666666666666663,0.0,0.0,poor_tracking_condition,requested_mode_matches_applied_mode
fis,persistent-low-generation,3,4240,70.66666666666667,22.666666666666668,2026-01-03T22:40:00Z,87.47482763683165,87.4626444009642,NORMAL,NORMAL,0.0,85.0,70.0,0.16787878787878788,0.0,0.0,0.0,0.75,2,-5.0,M2,2.4071125063620156,M1,M1,0,5.0,-5.0,0.41666666666666663,0.0,0.0,poor_tracking_condition,requested_mode_matches_applied_mode
fis,persistent-low-generation,3,4245,70.75,22.75,2026-01-03T22:45:00Z,87.4626444009642,87.45046116509675,NORMAL,NORMAL,0.0,85.0,70.0,0.16787878787878788,0.0,0.0,0.0,0.75,2,-5.0,M2,2.4056463438472275,M1,M1,0,5.0,-5.0,0.41666666666666663,0.0,0.0,poor_tracking_condition,requested_mode_matches_applied_mode
fis,persistent-low-generation,3,4250,70.83333333333333,22.833333333333332,2026-01-03T22:50:00Z,87.45046116509675,87.4382779292293,NORMAL,NORMAL,0.0,85.0,70.0,0.16787878787878788,0.0,0.0,0.0,0.75,2,-5.0,M2,2.404177479807114,M1,M1,0,5.0,-5.0,0.41666666666666663,0.0,0.0,poor_tracking_condition,requested_mode_matches_applied_mode
fis,persistent-low-generation,3,4255,70.91666666666667,22.916666666666668,2026-01-03T22:55:00Z,87.4382779292293,87.42609469336186,NORMAL,NORMAL,0.0,85.0,70.0,0.16787878787878788,0.0,0.0,0.0,0.75,2,-5.0,M2,2.4027059067680674,M1,M1,0,5.0,-5.0,0.41666666666666663,0.0,0.0,poor_tracking_condition,requested_mode_matches_applied_mode
fis,persistent-low-generation,3,4260,71.0,23.0,2026-01-03T23:00:00Z,87.42609469336186,87.41391145749441,NORMAL,NORMAL,0.0,85.0,70.0,0.16787878787878788,0.0,0.0,0.0,0.35,1,-5.0,M2,1.780487804878042,M1,M1,0,5.0,-5.0,0.41666666666666663,0.0,0.0,poor_tracking_condition,requested_mode_matches_applied_mode
fis,persistent-low-generation,3,4265,71.08333333333333,23.083333333333332,2026-01-03T23:05:00Z,87.41391145749441,87.40172822162697,NORMAL,NORMAL,0.0,85.0,70.0,0.16787878787878788,0.0,0.0,0.0,0.35,1,-5.0,M2,1.780487804878042,M1,M1,0,5.0,-5.0,0.41666666666666663,0.0,0.0,poor_tracking_condition,requested_mode_matches_applied_mode
fis,persistent-low-generation,3,4270,71.16666666666667,23.166666666666668,2026-01-03T23:10:00Z,87.40172822162697,87.38954498575951,NORMAL,NORMAL,0.0,85.0,70.0,0.16787878787878788,0.0,0.0,0.0,0.35,1,-5.0,M2,1.780487804878042,M1,M1,0,5.0,-5.0,0.41666666666666663,0.0,0.0,poor_tracking_condition,requested_mode_matches_applied_mode
fis,persistent-low-generation,3,4275,71.25,23.25,2026-01-03T23:15:00Z,87.38954498575951,87.37736174989207,NORMAL,NORMAL,0.0,85.0,70.0,0.16787878787878788,0.0,0.0,0.0,0.35,1,-5.0,M2,1.780487804878042,M1,M1,0,5.0,-5.0,0.41666666666666663,0.0,0.0,poor_tracking_condition,requested_mode_matches_applied_mode
fis,persistent-low-generation,3,4280,71.33333333333333,23.333333333333332,2026-01-03T23:20:00Z,87.37736174989207,87.36517851402462,NORMAL,NORMAL,0.0,85.0,70.0,0.16787878787878788,0.0,0.0,0.0,0.35,1,-5.0,M2,1.780487804878042,M1,M1,0,5.0,-5.0,0.41666666666666663,0.0,0.0,poor_tracking_condition,requested_mode_matches_applied_mode
fis,persistent-low-generation,3,4285,71.41666666666667,23.416666666666668,2026-01-03T23:25:00Z,87.36517851402462,87.35299527815718,NORMAL,NORMAL,0.0,85.0,70.0,0.16787878787878788,0.0,0.0,0.0,0.35,1,-5.0,M2,1.780487804878042,M1,M1,0,5.0,-5.0,0.41666666666666663,0.0,0.0,poor_tracking_condition,requested_mode_matches_applied_mode
fis,persistent-low-generation,3,4290,71.5,23.5,2026-01-03T23:30:00Z,87.35299527815718,87.34081204228973,NORMAL,NORMAL,0.0,85.0,70.0,0.16787878787878788,0.0,0.0,0.0,0.35,1,-5.0,M2,1.780487804878042,M1,M1,0,5.0,-5.0,0.41666666666666663,0.0,0.0,poor_tracking_condition,requested_mode_matches_applied_mode
fis,persistent-low-generation,3,4295,71.58333333333333,23.583333333333332,2026-01-03T23:35:00Z,87.34081204228973,87.3286288064223,NORMAL,NORMAL,0.0,85.0,70.0,0.16787878787878788,0.0,0.0,0.0,0.35,1,-5.0,M2,1.780487804878042,M1,M1,0,5.0,-5.0,0.41666666666666663,0.0,0.0,poor_tracking_condition,requested_mode_matches_applied_mode
fis,persistent-low-generation,3,4300,71.66666666666667,23.666666666666668,2026-01-03T23:40:00Z,87.3286288064223,87.31644557055485,NORMAL,NORMAL,0.0,85.0,70.0,0.16787878787878788,0.0,0.0,0.0,0.35,1,-5.0,M2,1.780487804878042,M1,M1,0,5.0,-5.0,0.41666666666666663,0.0,0.0,poor_tracking_condition,requested_mode_matches_applied_mode
fis,persistent-low-generation,3,4305,71.75,23.75,2026-01-03T23:45:00Z,87.31644557055485,87.30426233468741,NORMAL,NORMAL,0.0,85.0,70.0,0.16787878787878788,0.0,0.0,0.0,0.35,1,-5.0,M2,1.780487804878042,M1,M1,0,5.0,-5.0,0.41666666666666663,0.0,0.0,poor_tracking_condition,requested_mode_matches_applied_mode
fis,persistent-low-generation,3,4310,71.83333333333333,23.833333333333332,2026-01-03T23:50:00Z,87.30426233468741,87.29207909881995,NORMAL,NORMAL,0.0,85.0,70.0,0.16787878787878788,0.0,0.0,0.0,0.35,1,-5.0,M2,1.780487804878042,M1,M1,0,5.0,-5.0,0.41666666666666663,0.0,0.0,poor_tracking_condition,requested_mode_matches_applied_mode
fis,persistent-low-generation,3,4315,71.91666666666667,23.916666666666668,2026-01-03T23:55:00Z,87.29207909881995,87.27989586295251,NORMAL,NORMAL,0.0,85.0,70.0,0.16787878787878788,0.0,0.0,0.0,0.35,1,-5.0,M2,1.780487804878042,M1,M1,0,5.0,-5.0,0.41666666666666663,0.0,0.0,poor_tracking_condition,requested_mode_matches_applied_mode
fis,persistent-low-generation,4,4320,72.0,0.0,2026-01-04T00:00:00Z,87.27989586295251,87.26771262708506,NORMAL,NORMAL,0.0,85.0,70.0,0.16787878787878788,0.0,0.0,0.0,0.2,0,-5.0,M1,1.0,M1,M1,0,5.0,-5.0,0.41666666666666663,0.0,0.0,,requested_mode_matches_applied_mode
fis,persistent-low-generation,4,4325,72.08333333333333,0.08333333333333333,2026-01-04T00:05:00Z,87.26771262708506,87.25552939121762,NORMAL,NORMAL,0.0,85.0,70.0,0.16787878787878788,0.0,0.0,0.0,0.2,0,-5.0,M1,1.0,M1,M1,0,5.0,-5.0,0.41666666666666663,0.0,0.0,,requested_mode_matches_applied_mode
fis,persistent-low-generation,4,4330,72.16666666666667,0.16666666666666666,2026-01-04T00:10:00Z,87.25552939121762,87.24334615535017,NORMAL,NORMAL,0.0,85.0,70.0,0.16787878787878788,0.0,0.0,0.0,0.2,0,-5.0,M1,1.0,M1,M1,0,5.0,-5.0,0.41666666666666663,0.0,0.0,,requested_mode_matches_applied_mode
fis,persistent-low-generation,4,4335,72.25,0.25,2026-01-04T00:15:00Z,87.24334615535017,87.23116291948273,NORMAL,NORMAL,0.0,85.0,70.0,0.16787878787878788,0.0,0.0,0.0,0.2,0,-5.0,M1,1.0,M1,M1,0,5.0,-5.0,0.41666666666666663,0.0,0.0,,requested_mode_matches_applied_mode
fis,persistent-low-generation,4,4340,72.33333333333333,0.3333333333333333,2026-01-04T00:20:00Z,87.23116291948273,87.21897968361527,NORMAL,NORMAL,0.0,85.0,70.0,0.16787878787878788,0.0,0.0,0.0,0.2,0,-5.0,M1,1.0,M1,M1,0,5.0,-5.0,0.41666666666666663,0.0,0.0,,requested_mode_matches_applied_mode
fis,persistent-low-generation,4,4345,72.41666666666667,0.4166666666666667,2026-01-04T00:25:00Z,87.21897968361527,87.20679644774783,NORMAL,NORMAL,0.0,85.0,70.0,0.16787878787878788,0.0,0.0,0.0,0.2,0,-5.0,M1,1.0,M1,M1,0,5.0,-5.0,0.41666666666666663,0.0,0.0,,requested_mode_matches_applied_mode
fis,persistent-low-generation,4,4350,72.5,0.5,2026-01-04T00:30:00Z,87.20679644774783,87.19461321188038,NORMAL,NORMAL,0.0,85.0,70.0,0.16787878787878788,0.0,0.0,0.0,0.2,0,-5.0,M1,1.0,M1,M1,0,5.0,-5.0,0.41666666666666663,0.0,0.0,,requested_mode_matches_applied_mode
fis,persistent-low-generation,4,4355,72.58333333333333,0.5833333333333334,2026-01-04T00:35:00Z,87.19461321188038,87.18242997601294,NORMAL,NORMAL,0.0,85.0,70.0,0.16787878787878788,0.0,0.0,0.0,0.2,0,-5.0,M1,1.0,M1,M1,0,5.0,-5.0,0.41666666666666663,0.0,0.0,,requested_mode_matches_applied_mode
fis,persistent-low-generation,4,4360,72.66666666666667,0.6666666666666666,2026-01-04T00:40:00Z,87.18242997601294,87.17024674014549,NORMAL,NORMAL,0.0,85.0,70.0,0.16787878787878788,0.0,0.0,0.0,0.2,0,-5.0,M1,1.0,M1,M1,0,5.0,-5.0,0.41666666666666663,0.0,0.0,,requested_mode_matches_applied_mode
fis,persistent-low-generation,4,4365,72.75,0.75,2026-01-04T00:45:00Z,87.17024674014549,87.15806350427805,NORMAL,NORMAL,0.0,85.0,70.0,0.16787878787878788,0.0,0.0,0.0,0.2,0,-5.0,M1,1.0,M1,M1,0,5.0,-5.0,0.41666666666666663,0.0,0.0,,requested_mode_matches_applied_mode
fis,persistent-low-generation,4,4370,72.83333333333333,0.8333333333333334,2026-01-04T00:50:00Z,87.15806350427805,87.1458802684106,NORMAL,NORMAL,0.0,85.0,70.0,0.16787878787878788,0.0,0.0,0.0,0.2,0,-5.0,M1,1.0,M1,M1,0,5.0,-5.0,0.41666666666666663,0.0,0.0,,requested_mode_matches_applied_mode
fis,persistent-low-generation,4,4375,72.91666666666667,0.9166666666666666,2026-01-04T00:55:00Z,87.1458802684106,87.13369703254317,NORMAL,NORMAL,0.0,85.0,70.0,0.16787878787878788,0.0,0.0,0.0,0.2,0,-5.0,M1,1.0,M1,M1,0,5.0,-5.0,0.41666666666666663,0.0,0.0,,requested_mode_matches_applied_mode
fis,persistent-low-generation,4,4380,73.0,1.0,2026-01-04T01:00:00Z,87.13369703254317,87.12151379667571,NORMAL,NORMAL,0.0,85.0,70.0,0.16787878787878788,0.0,0.0,0.0,0.2,0,-5.0,M1,1.0,M1,M1,0,5.0,-5.0,0.41666666666666663,0.0,0.0,,requested_mode_matches_applied_mode
fis,persistent-low-generation,4,4385,73.08333333333333,1.0833333333333333,2026-01-04T01:05:00Z,87.12151379667571,87.10933056080827,NORMAL,NORMAL,0.0,85.0,70.0,0.16787878787878788,0.0,0.0,0.0,0.2,0,-5.0,M1,1.0,M1,M1,0,5.0,-5.0,0.41666666666666663,0.0,0.0,,requested_mode_matches_applied_mode
fis,persistent-low-generation,4,4390,73.16666666666667,1.1666666666666667,2026-01-04T01:10:00Z,87.10933056080827,87.09714732494082,NORMAL,NORMAL,0.0,85.0,70.0,0.16787878787878788,0.0,0.0,0.0,0.2,0,-5.0,M1,1.0,M1,M1,0,5.0,-5.0,0.41666666666666663,0.0,0.0,,requested_mode_matches_applied_mode
fis,persistent-low-generation,4,4395,73.25,1.25,2026-01-04T01:15:00Z,87.09714732494082,87.08496408907338,NORMAL,NORMAL,0.0,85.0,70.0,0.16787878787878788,0.0,0.0,0.0,0.2,0,-5.0,M1,1.0,M1,M1,0,5.0,-5.0,0.41666666666666663,0.0,0.0,,requested_mode_matches_applied_mode
fis,persistent-low-generation,4,4400,73.33333333333333,1.3333333333333333,2026-01-04T01:20:00Z,87.08496408907338,87.07278085320593,NORMAL,NORMAL,0.0,85.0,70.0,0.16787878787878788,0.0,0.0,0.0,0.2,0,-5.0,M1,1.0,M1,M1,0,5.0,-5.0,0.41666666666666663,0.0,0.0,,requested_mode_matches_applied_mode
fis,persistent-low-generation,4,4405,73.41666666666667,1.4166666666666667,2026-01-04T01:25:00Z,87.07278085320593,87.06059761733849,NORMAL,NORMAL,0.0,85.0,70.0,0.16787878787878788,0.0,0.0,0.0,0.2,0,-5.0,M1,1.0,M1,M1,0,5.0,-5.0,0.41666666666666663,0.0,0.0,,requested_mode_matches_applied_mode
fis,persistent-low-generation,4,4410,73.5,1.5,2026-01-04T01:30:00Z,87.06059761733849,87.04841438147103,NORMAL,NORMAL,0.0,85.0,70.0,0.16787878787878788,0.0,0.0,0.0,0.2,0,-5.0,M1,1.0,M1,M1,0,5.0,-5.0,0.41666666666666663,0.0,0.0,,requested_mode_matches_applied_mode
fis,persistent-low-generation,4,4415,73.58333333333333,1.5833333333333333,2026-01-04T01:35:00Z,87.04841438147103,87.0362311456036,NORMAL,NORMAL,0.0,85.0,70.0,0.16787878787878788,0.0,0.0,0.0,0.2,0,-5.0,M1,1.0,M1,M1,0,5.0,-5.0,0.41666666666666663,0.0,0.0,,requested_mode_matches_applied_mode
fis,persistent-low-generation,4,4420,73.66666666666667,1.6666666666666667,2026-01-04T01:40:00Z,87.0362311456036,87.02404790973614,NORMAL,NORMAL,0.0,85.0,70.0,0.16787878787878788,0.0,0.0,0.0,0.2,0,-5.0,M1,1.0,M1,M1,0,5.0,-5.0,0.41666666666666663,0.0,0.0,,requested_mode_matches_applied_mode
fis,persistent-low-generation,4,4425,73.75,1.75,2026-01-04T01:45:00Z,87.02404790973614,87.0118646738687,NORMAL,NORMAL,0.0,85.0,70.0,0.16787878787878788,0.0,0.0,0.0,0.2,0,-5.0,M1,1.0,M1,M1,0,5.0,-5.0,0.41666666666666663,0.0,0.0,,requested_mode_matches_applied_mode
fis,persistent-low-generation,4,4430,73.83333333333333,1.8333333333333333,2026-01-04T01:50:00Z,87.0118646738687,86.99968143800125,NORMAL,NORMAL,0.0,85.0,70.0,0.16787878787878788,0.0,0.0,0.0,0.2,0,-5.0,M1,1.0,M1,M1,0,5.0,-5.0,0.41666666666666663,0.0,0.0,,requested_mode_matches_applied_mode
fis,persistent-low-generation,4,4435,73.91666666666667,1.9166666666666667,2026-01-04T01:55:00Z,86.99968143800125,86.9874982021338,NORMAL,NORMAL,0.0,85.0,70.0,0.16787878787878788,0.0,0.0,0.0,0.2,0,-5.0,M1,1.0,M1,M1,0,5.0,-5.0,0.41666666666666663,0.0,0.0,,requested_mode_matches_applied_mode
fis,persistent-low-generation,4,4440,74.0,2.0,2026-01-04T02:00:00Z,86.9874982021338,86.97531496626635,NORMAL,NORMAL,0.0,85.0,70.0,0.16787878787878788,0.0,0.0,0.0,0.2,0,-5.0,M1,1.0,M1,M1,0,5.0,-5.0,0.41666666666666663,0.0,0.0,,requested_mode_matches_applied_mode
fis,persistent-low-generation,4,4445,74.08333333333333,2.0833333333333335,2026-01-04T02:05:00Z,86.97531496626635,86.96313173039891,NORMAL,NORMAL,0.0,85.0,70.0,0.16787878787878788,0.0,0.0,0.0,0.2,0,-5.0,M1,1.0,M1,M1,0,5.0,-5.0,0.41666666666666663,0.0,0.0,,requested_mode_matches_applied_mode
fis,persistent-low-generation,4,4450,74.16666666666667,2.1666666666666665,2026-01-04T02:10:00Z,86.96313173039891,86.95094849453146,NORMAL,NORMAL,0.0,85.0,70.0,0.16787878787878788,0.0,0.0,0.0,0.2,0,-5.0,M1,1.0,M1,M1,0,5.0,-5.0,0.41666666666666663,0.0,0.0,,requested_mode_matches_applied_mode
fis,persistent-low-generation,4,4455,74.25,2.25,2026-01-04T02:15:00Z,86.95094849453146,86.93876525866403,NORMAL,NORMAL,0.0,85.0,70.0,0.16787878787878788,0.0,0.0,0.0,0.2,0,-5.0,M1,1.0,M1,M1,0,5.0,-5.0,0.41666666666666663,0.0,0.0,,requested_mode_matches_applied_mode
fis,persistent-low-generation,4,4460,74.33333333333333,2.3333333333333335,2026-01-04T02:20:00Z,86.93876525866403,86.92658202279658,NORMAL,NORMAL,0.0,85.0,70.0,0.16787878787878788,0.0,0.0,0.0,0.2,0,-5.0,M1,1.0,M1,M1,0,5.0,-5.0,0.41666666666666663,0.0,0.0,,requested_mode_matches_applied_mode
fis,persistent-low-generation,4,4465,74.41666666666667,2.4166666666666665,2026-01-04T02:25:00Z,86.92658202279658,86.91439878692914,NORMAL,NORMAL,0.0,85.0,70.0,0.16787878787878788,0.0,0.0,0.0,0.2,0,-5.0,M1,1.0,M1,M1,0,5.0,-5.0,0.41666666666666663,0.0,0.0,,requested_mode_matches_applied_mode
fis,persistent-low-generation,4,4470,74.5,2.5,2026-01-04T02:30:00Z,86.91439878692914,86.90221555106169,NORMAL,NORMAL,0.0,85.0,70.0,0.16787878787878788,0.0,0.0,0.0,0.2,0,-5.0,M1,1.0,M1,M1,0,5.0,-5.0,0.41666666666666663,0.0,0.0,,requested_mode_matches_applied_mode
fis,persistent-low-generation,4,4475,74.58333333333333,2.5833333333333335,2026-01-04T02:35:00Z,86.90221555106169,86.89003231519425,NORMAL,NORMAL,0.0,85.0,70.0,0.16787878787878788,0.0,0.0,0.0,0.2,0,-5.0,M1,1.0,M1,M1,0,5.0,-5.0,0.41666666666666663,0.0,0.0,,requested_mode_matches_applied_mode
fis,persistent-low-generation,4,4480,74.66666666666667,2.6666666666666665,2026-01-04T02:40:00Z,86.89003231519425,86.8778490793268,NORMAL,NORMAL,0.0,85.0,70.0,0.16787878787878788,0.0,0.0,0.0,0.2,0,-5.0,M1,1.0,M1,M1,0,5.0,-5.0,0.41666666666666663,0.0,0.0,,requested_mode_matches_applied_mode
fis,persistent-low-generation,4,4485,74.75,2.75,2026-01-04T02:45:00Z,86.8778490793268,86.86566584345935,NORMAL,NORMAL,0.0,85.0,70.0,0.16787878787878788,0.0,0.0,0.0,0.2,0,-5.0,M1,1.0,M1,M1,0,5.0,-5.0,0.41666666666666663,0.0,0.0,,requested_mode_matches_applied_mode
fis,persistent-low-generation,4,4490,74.83333333333333,2.8333333333333335,2026-01-04T02:50:00Z,86.86566584345935,86.8534826075919,NORMAL,NORMAL,0.0,85.0,70.0,0.16787878787878788,0.0,0.0,0.0,0.2,0,-5.0,M1,1.0,M1,M1,0,5.0,-5.0,0.41666666666666663,0.0,0.0,,requested_mode_matches_applied_mode
fis,persistent-low-generation,4,4495,74.91666666666667,2.9166666666666665,2026-01-04T02:55:00Z,86.8534826075919,86.84129937172446,NORMAL,NORMAL,0.0,85.0,70.0,0.16787878787878788,0.0,0.0,0.0,0.2,0,-5.0,M1,1.0,M1,M1,0,5.0,-5.0,0.41666666666666663,0.0,0.0,,requested_mode_matches_applied_mode
fis,persistent-low-generation,4,4500,75.0,3.0,2026-01-04T03:00:00Z,86.84129937172446,86.829116135857,NORMAL,NORMAL,0.0,85.0,70.0,0.16787878787878788,0.0,0.0,0.0,0.2,0,-5.0,M1,1.0,M1,M1,0,5.0,-5.0,0.41666666666666663,0.0,0.0,,requested_mode_matches_applied_mode
fis,persistent-low-generation,4,4505,75.08333333333333,3.0833333333333335,2026-01-04T03:05:00Z,86.829116135857,86.81693289998955,NORMAL,NORMAL,0.0,85.0,70.0,0.16787878787878788,0.0,0.0,0.0,0.2,0,-5.0,M1,1.0,M1,M1,0,5.0,-5.0,0.41666666666666663,0.0,0.0,,requested_mode_matches_applied_mode
fis,persistent-low-generation,4,4510,75.16666666666667,3.1666666666666665,2026-01-04T03:10:00Z,86.81693289998955,86.80474966412211,NORMAL,NORMAL,0.0,85.0,70.0,0.16787878787878788,0.0,0.0,0.0,0.2,0,-5.0,M1,1.0,M1,M1,0,5.0,-5.0,0.41666666666666663,0.0,0.0,,requested_mode_matches_applied_mode
fis,persistent-low-generation,4,4515,75.25,3.25,2026-01-04T03:15:00Z,86.80474966412211,86.79256642825466,NORMAL,NORMAL,0.0,85.0,70.0,0.16787878787878788,0.0,0.0,0.0,0.2,0,-5.0,M1,1.0,M1,M1,0,5.0,-5.0,0.41666666666666663,0.0,0.0,,requested_mode_matches_applied_mode
fis,persistent-low-generation,4,4520,75.33333333333333,3.3333333333333335,2026-01-04T03:20:00Z,86.79256642825466,86.78038319238722,NORMAL,NORMAL,0.0,85.0,70.0,0.16787878787878788,0.0,0.0,0.0,0.2,0,-5.0,M1,1.0,M1,M1,0,5.0,-5.0,0.41666666666666663,0.0,0.0,,requested_mode_matches_applied_mode
fis,persistent-low-generation,4,4525,75.41666666666667,3.4166666666666665,2026-01-04T03:25:00Z,86.78038319238722,86.76819995651977,NORMAL,NORMAL,0.0,85.0,70.0,0.16787878787878788,0.0,0.0,0.0,0.2,0,-5.0,M1,1.0,M1,M1,0,5.0,-5.0,0.41666666666666663,0.0,0.0,,requested_mode_matches_applied_mode
fis,persistent-low-generation,4,4530,75.5,3.5,2026-01-04T03:30:00Z,86.76819995651977,86.75601672065233,NORMAL,NORMAL,0.0,85.0,70.0,0.16787878787878788,0.0,0.0,0.0,0.2,0,-5.0,M1,1.0,M1,M1,0,5.0,-5.0,0.41666666666666663,0.0,0.0,,requested_mode_matches_applied_mode
fis,persistent-low-generation,4,4535,75.58333333333333,3.5833333333333335,2026-01-04T03:35:00Z,86.75601672065233,86.7438334847849,NORMAL,NORMAL,0.0,85.0,70.0,0.16787878787878788,0.0,0.0,0.0,0.2,0,-5.0,M1,1.0,M1,M1,0,5.0,-5.0,0.41666666666666663,0.0,0.0,,requested_mode_matches_applied_mode
fis,persistent-low-generation,4,4540,75.66666666666667,3.6666666666666665,2026-01-04T03:40:00Z,86.7438334847849,86.73165024891745,NORMAL,NORMAL,0.0,85.0,70.0,0.16787878787878788,0.0,0.0,0.0,0.2,0,-5.0,M1,1.0,M1,M1,0,5.0,-5.0,0.41666666666666663,0.0,0.0,,requested_mode_matches_applied_mode
fis,persistent-low-generation,4,4545,75.75,3.75,2026-01-04T03:45:00Z,86.73165024891745,86.71946701305001,NORMAL,NORMAL,0.0,85.0,70.0,0.16787878787878788,0.0,0.0,0.0,0.2,0,-5.0,M1,1.0,M1,M1,0,5.0,-5.0,0.41666666666666663,0.0,0.0,,requested_mode_matches_applied_mode
fis,persistent-low-generation,4,4550,75.83333333333333,3.8333333333333335,2026-01-04T03:50:00Z,86.71946701305001,86.70728377718255,NORMAL,NORMAL,0.0,85.0,70.0,0.16787878787878788,0.0,0.0,0.0,0.2,0,-5.0,M1,1.0,M1,M1,0,5.0,-5.0,0.41666666666666663,0.0,0.0,,requested_mode_matches_applied_mode
fis,persistent-low-generation,4,4555,75.91666666666667,3.9166666666666665,2026-01-04T03:55:00Z,86.70728377718255,86.6951005413151,NORMAL,NORMAL,0.0,85.0,70.0,0.16787878787878788,0.0,0.0,0.0,0.2,0,-5.0,M1,1.0,M1,M1,0,5.0,-5.0,0.41666666666666663,0.0,0.0,,requested_mode_matches_applied_mode
fis,persistent-low-generation,4,4560,76.0,4.0,2026-01-04T04:00:00Z,86.6951005413151,86.68291730544766,NORMAL,NORMAL,0.0,85.0,70.0,0.16787878787878788,0.0,0.0,0.0,0.2,0,-5.0,M1,1.0,M1,M1,0,5.0,-5.0,0.41666666666666663,0.0,0.0,,requested_mode_matches_applied_mode
fis,persistent-low-generation,4,4565,76.08333333333333,4.083333333333333,2026-01-04T04:05:00Z,86.68291730544766,86.6707340695802,NORMAL,NORMAL,0.0,85.0,70.0,0.16787878787878788,0.0,0.0,0.0,0.2,0,-5.0,M1,1.0,M1,M1,0,5.0,-5.0,0.41666666666666663,0.0,0.0,,requested_mode_matches_applied_mode
fis,persistent-low-generation,4,4570,76.16666666666667,4.166666666666667,2026-01-04T04:10:00Z,86.6707340695802,86.65855083371277,NORMAL,NORMAL,0.0,85.0,70.0,0.16787878787878788,0.0,0.0,0.0,0.2,0,-5.0,M1,1.0,M1,M1,0,5.0,-5.0,0.41666666666666663,0.0,0.0,,requested_mode_matches_applied_mode
fis,persistent-low-generation,4,4575,76.25,4.25,2026-01-04T04:15:00Z,86.65855083371277,86.64636759784531,NORMAL,NORMAL,0.0,85.0,70.0,0.16787878787878788,0.0,0.0,0.0,0.2,0,-5.0,M1,1.0,M1,M1,0,5.0,-5.0,0.41666666666666663,0.0,0.0,,requested_mode_matches_applied_mode
fis,persistent-low-generation,4,4580,76.33333333333333,4.333333333333333,2026-01-04T04:20:00Z,86.64636759784531,86.63418436197787,NORMAL,NORMAL,0.0,85.0,70.0,0.16787878787878788,0.0,0.0,0.0,0.2,0,-5.0,M1,1.0,M1,M1,0,5.0,-5.0,0.41666666666666663,0.0,0.0,,requested_mode_matches_applied_mode
fis,persistent-low-generation,4,4585,76.41666666666667,4.416666666666667,2026-01-04T04:25:00Z,86.63418436197787,86.62200112611042,NORMAL,NORMAL,0.0,85.0,70.0,0.16787878787878788,0.0,0.0,0.0,0.2,0,-5.0,M1,1.0,M1,M1,0,5.0,-5.0,0.41666666666666663,0.0,0.0,,requested_mode_matches_applied_mode
fis,persistent-low-generation,4,4590,76.5,4.5,2026-01-04T04:30:00Z,86.62200112611042,86.60981789024298,NORMAL,NORMAL,0.0,85.0,70.0,0.16787878787878788,0.0,0.0,0.0,0.2,0,-5.0,M1,1.0,M1,M1,0,5.0,-5.0,0.41666666666666663,0.0,0.0,,requested_mode_matches_applied_mode
fis,persistent-low-generation,4,4595,76.58333333333333,4.583333333333333,2026-01-04T04:35:00Z,86.60981789024298,86.59763465437553,NORMAL,NORMAL,0.0,85.0,70.0,0.16787878787878788,0.0,0.0,0.0,0.2,0,-5.0,M1,1.0,M1,M1,0,5.0,-5.0,0.41666666666666663,0.0,0.0,,requested_mode_matches_applied_mode
fis,persistent-low-generation,4,4600,76.66666666666667,4.666666666666667,2026-01-04T04:40:00Z,86.59763465437553,86.58545141850809,NORMAL,NORMAL,0.0,85.0,70.0,0.16787878787878788,0.0,0.0,0.0,0.2,0,-5.0,M1,1.0,M1,M1,0,5.0,-5.0,0.41666666666666663,0.0,0.0,,requested_mode_matches_applied_mode
fis,persistent-low-generation,4,4605,76.75,4.75,2026-01-04T04:45:00Z,86.58545141850809,86.57326818264063,NORMAL,NORMAL,0.0,85.0,70.0,0.16787878787878788,0.0,0.0,0.0,0.2,0,-5.0,M1,1.0,M1,M1,0,5.0,-5.0,0.41666666666666663,0.0,0.0,,requested_mode_matches_applied_mode
fis,persistent-low-generation,4,4610,76.83333333333333,4.833333333333333,2026-01-04T04:50:00Z,86.57326818264063,86.56108494677319,NORMAL,NORMAL,0.0,85.0,70.0,0.16787878787878788,0.0,0.0,0.0,0.2,0,-5.0,M1,1.0,M1,M1,0,5.0,-5.0,0.41666666666666663,0.0,0.0,,requested_mode_matches_applied_mode
fis,persistent-low-generation,4,4615,76.91666666666667,4.916666666666667,2026-01-04T04:55:00Z,86.56108494677319,86.54890171090575,NORMAL,NORMAL,0.0,85.0,70.0,0.16787878787878788,0.0,0.0,0.0,0.2,0,-5.0,M1,1.0,M1,M1,0,5.0,-5.0,0.41666666666666663,0.0,0.0,,requested_mode_matches_applied_mode
fis,persistent-low-generation,4,4620,77.0,5.0,2026-01-04T05:00:00Z,86.54890171090575,86.53671847503831,NORMAL,NORMAL,0.0,85.0,70.0,0.16787878787878788,0.0,0.0,0.0,0.2,0,-5.0,M1,1.0,M1,M1,0,5.0,-5.0,0.41666666666666663,0.0,0.0,,requested_mode_matches_applied_mode
fis,persistent-low-generation,4,4625,77.08333333333333,5.083333333333333,2026-01-04T05:05:00Z,86.53671847503831,86.52453523917086,NORMAL,NORMAL,0.0,85.0,70.0,0.16787878787878788,0.0,0.0,0.0,0.2,0,-5.0,M1,1.0,M1,M1,0,5.0,-5.0,0.41666666666666663,0.0,0.0,,requested_mode_matches_applied_mode
fis,persistent-low-generation,4,4630,77.16666666666667,5.166666666666667,2026-01-04T05:10:00Z,86.52453523917086,86.51235200330342,NORMAL,NORMAL,0.0,85.0,70.0,0.16787878787878788,0.0,0.0,0.0,0.2,0,-5.0,M1,1.0,M1,M1,0,5.0,-5.0,0.41666666666666663,0.0,0.0,,requested_mode_matches_applied_mode
fis,persistent-low-generation,4,4635,77.25,5.25,2026-01-04T05:15:00Z,86.51235200330342,86.50016876743597,NORMAL,NORMAL,0.0,85.0,70.0,0.16787878787878788,0.0,0.0,0.0,0.2,0,-5.0,M1,1.0,M1,M1,0,5.0,-5.0,0.41666666666666663,0.0,0.0,,requested_mode_matches_applied_mode
fis,persistent-low-generation,4,4640,77.33333333333333,5.333333333333333,2026-01-04T05:20:00Z,86.50016876743597,86.48798553156853,NORMAL,NORMAL,0.0,85.0,70.0,0.16787878787878788,0.0,0.0,0.0,0.2,0,-5.0,M1,1.0,M1,M1,0,5.0,-5.0,0.41666666666666663,0.0,0.0,,requested_mode_matches_applied_mode
fis,persistent-low-generation,4,4645,77.41666666666667,5.416666666666667,2026-01-04T05:25:00Z,86.48798553156853,86.47580229570107,NORMAL,NORMAL,0.0,85.0,70.0,0.16787878787878788,0.0,0.0,0.0,0.2,0,-5.0,M1,1.0,M1,M1,0,5.0,-5.0,0.41666666666666663,0.0,0.0,,requested_mode_matches_applied_mode
fis,persistent-low-generation,4,4650,77.5,5.5,2026-01-04T05:30:00Z,86.47580229570107,86.46361905983363,NORMAL,NORMAL,0.0,85.0,70.0,0.16787878787878788,0.0,0.0,0.0,0.7,2,-5.0,M2,2.224344078484047,M1,M1,0,5.0,-5.0,0.41666666666666663,0.0,0.0,poor_tracking_condition,requested_mode_matches_applied_mode
fis,persistent-low-generation,4,4655,77.58333333333333,5.583333333333333,2026-01-04T05:35:00Z,86.46361905983363,86.45143582396618,NORMAL,NORMAL,0.0,85.0,70.0,0.16787878787878788,0.0,0.0,0.0,0.7,2,-5.0,M2,2.222215822413235,M1,M1,0,5.0,-5.0,0.41666666666666663,0.0,0.0,poor_tracking_condition,requested_mode_matches_applied_mode
fis,persistent-low-generation,4,4660,77.66666666666667,5.666666666666667,2026-01-04T05:40:00Z,86.45143582396618,86.43925258809874,NORMAL,NORMAL,0.0,85.0,70.0,0.16787878787878788,0.0,0.0,0.0,0.7,2,-5.0,M2,2.2200826121117263,M1,M1,0,5.0,-5.0,0.41666666666666663,0.0,0.0,poor_tracking_condition,requested_mode_matches_applied_mode
fis,persistent-low-generation,4,4665,77.75,5.75,2026-01-04T05:45:00Z,86.43925258809874,86.42706935223129,NORMAL,NORMAL,0.0,85.0,70.0,0.16787878787878788,0.0,0.0,0.0,0.7,2,-5.0,M2,2.2179444302605003,M1,M1,0,5.0,-5.0,0.41666666666666663,0.0,0.0,poor_tracking_condition,requested_mode_matches_applied_mode
fis,persistent-low-generation,4,4670,77.83333333333333,5.833333333333333,2026-01-04T05:50:00Z,86.42706935223129,86.41488611636385,NORMAL,NORMAL,0.0,85.0,70.0,0.16787878787878788,0.0,0.0,0.0,0.7,2,-5.0,M2,2.215801259459577,M1,M1,0,5.0,-5.0,0.41666666666666663,0.0,0.0,poor_tracking_condition,requested_mode_matches_applied_mode
fis,persistent-low-generation,4,4675,77.91666666666667,5.916666666666667,2026-01-04T05:55:00Z,86.41488611636385,86.40270288049639,NORMAL,NORMAL,0.0,85.0,70.0,0.16787878787878788,0.0,0.0,0.0,0.7,2,-5.0,M2,2.213653082227739,M1,M1,0,5.0,-5.0,0.41666666666666663,0.0,0.0,poor_tracking_condition,requested_mode_matches_applied_mode
fis,persistent-low-generation,4,4680,78.0,6.0,2026-01-04T06:00:00Z,86.40270288049639,86.39051964462895,NORMAL,NORMAL,0.0,85.0,70.0,0.16787878787878788,0.0,0.0,0.0,0.7,2,-5.0,M2,2.2114998810019926,M1,M1,0,5.0,-5.0,0.41666666666666663,0.0,0.0,poor_tracking_condition,requested_mode_matches_applied_mode
fis,persistent-low-generation,4,4685,78.08333333333333,6.083333333333333,2026-01-04T06:05:00Z,86.39051964462895,86.38003366691774,NORMAL,NORMAL,4.8216660077797915,85.0,70.0,0.16787878787878788,1.7478539278201746,0.7739497192387732,0.6965547473148959,0.7,2,-4.303445252685104,M2,2.209332528121753,M1,M1,0,5.0,-4.303445252685104,0.3586204377237586,0.0,0.0,poor_tracking_condition,requested_mode_matches_applied_mode
fis,persistent-low-generation,4,4690,78.16666666666667,6.166666666666667,2026-01-04T06:10:00Z,86.38003366691774,86.3717485928746,NORMAL,NORMAL,11.074116387152303,85.0,70.0,0.16787878787878788,4.0143671903427105,1.7775617918837523,1.599805612695377,0.7,2,-3.400194387304623,M2,2.2074608058502587,M1,M1,0,5.0,-3.400194387304623,0.28334953227538523,0.0,0.0,poor_tracking_condition,requested_mode_matches_applied_mode
fis,persistent-low-generation,4,4695,78.25,6.25,2026-01-04T06:15:00Z,86.3717485928746,86.3659035086169,NORMAL,NORMAL,18.005775996288847,85.0,70.0,0.16787878787878788,6.5270937986547075,2.8901971340443047,2.6011774206398743,0.7,2,-2.3988225793601257,M2,2.2059792673220837,M1,M1,0,5.0,-2.3988225793601257,0.1999018816133438,0.0,0.0,poor_tracking_condition,requested_mode_matches_applied_mode
fis,persistent-low-generation,4,4700,78.33333333333333,6.333333333333333,2026-01-04T06:20:00Z,86.3659035086169,86.36266566934967,NORMAL,NORMAL,25.412583557295157,85.0,70.0,0.16787878787878788,9.212061539519496,4.079100849699233,3.67119076472931,0.7,2,-1.3288092352706902,M2,2.2049326256526913,M1,M1,0,5.0,-1.3288092352706902,0.11073410293922417,0.0,0.0,poor_tracking_condition,requested_mode_matches_applied_mode
fis,persistent-low-generation,4,4705,78.41666666666667,6.416666666666667,2026-01-04T06:25:00Z,86.36266566934967,86.36216448985111,NORMAL,NORMAL,33.18703986676286,85.0,70.0,0.16787878787878788,12.030301951701539,5.327017704213441,4.794315933792097,0.7,2,-0.20568406620790292,M2,2.204352339190457,M1,M1,0,5.0,-0.20568406620790292,0.017140338850658576,0.0,0.0,poor_tracking_condition,requested_mode_matches_applied_mode
fis,persistent-low-generation,4,4710,78.5,6.5,2026-01-04T06:30:00Z,86.36216448985111,86.36416571029105,NORMAL,NORMAL,41.260150911287276,85.0,70.0,0.16787878787878788,14.95680470534164,6.622873123525278,5.96058581117275,0.7,2,0.9605858111727503,M2,2.204262485299367,M1,M1,0,5.0,0.9605858111727503,0.0,0.0,0.0,poor_tracking_condition,requested_mode_matches_applied_mode
fis,persistent-low-generation,4,4715,78.58333333333333,6.583333333333333,2026-01-04T06:35:00Z,86.36416571029105,86.36867168443597,NORMAL,NORMAL,49.58254223077287,85.0,70.0,0.16787878787878788,17.97367155865517,7.958741766172509,7.162867589555258,0.7,2,2.1628675895552583,M2,2.2046212219565513,M1,M1,0,5.0,2.1628675895552583,0.0,0.0,0.0,poor_tracking_condition,requested_mode_matches_applied_mode
fis,persistent-low-generation,4,4720,78.66666666666667,6.666666666666667,2026-01-04T06:40:00Z,86.36867168443597,86.37574602344924,NORMAL,NORMAL,58.11629045657219,85.0,70.0,0.16787878787878788,21.067155290507422,9.328536362636687,8.395682726373018,0.7,2,3.3956827263730176,M2,2.205428451970978,M1,M1,0,5.0,3.3956827263730176,0.0,0.0,0.0,poor_tracking_condition,requested_mode_matches_applied_mode
fis,persistent-low-generation,4,4725,78.75,6.75,2026-01-04T06:45:00Z,86.37574602344924,86.38544312195705,NORMAL,NORMAL,66.83077236639176,85.0,70.0,0.16787878787878788,24.226154982817015,10.727341426391375,9.654607283752238,0.7,2,4.654607283752238,M2,2.206694383559415,M1,M1,0,5.0,4.654607283752238,0.0,0.0,0.0,poor_tracking_condition,requested_mode_matches_applied_mode
fis,persistent-low-generation,4,4730,78.83333333333333,6.833333333333333,2026-01-04T06:50:00Z,86.38544312195705,86.39780964915006,NORMAL,NORMAL,75.70031913007261,85.0,70.0,0.16787878787878788,27.441365684651327,12.151036725163607,10.935933052647247,0.7,2,5.935933052647247,M2,2.2084268520648633,M1,M1,0,5.0,5.935933052647247,0.0,0.0,0.0,poor_tracking_condition,requested_mode_matches_applied_mode
fis,persistent-low-generation,4,4735,78.91666666666667,6.916666666666667,2026-01-04T06:55:00Z,86.39780964915006,86.41288560945702,NORMAL,NORMAL,84.7027861524679,85.0,70.0,0.16787878787878788,30.704759980269614,13.596067719263385,12.236460947337047,0.7,2,7.236460947337047,M2,2.210631555539701,M1,M1,0,5.0,7.236460947337047,0.0,0.0,0.0,poor_tracking_condition,requested_mode_matches_applied_mode
fis,persistent-low-generation,4,4740,79.0,7.0,2026-01-04T07:00:00Z,86.41288560945702,86.43070512537231,NORMAL,NORMAL,93.81862989157445,85.0,70.0,0.16787878787878788,34.00925333569574,15.059297377046073,13.553367639341467,1.0,3,8.553367639341467,M2,2.2683055934233987,M1,M1,0,5.0,8.553367639341467,0.0,0.0,0.0,poor_tracking_condition,requested_mode_matches_applied_mode
fis,persistent-low-generation,4,4745,79.08333333333333,7.083333333333333,2026-01-04T07:05:00Z,86.43070512537231,86.45129703276488,NORMAL,NORMAL,103.03028480154445,85.0,70.0,0.16787878787878788,37.34847824055987,16.53790616491991,14.88411554842792,1.0,3,9.88411554842792,M2,2.2711405026351197,M1,M1,0,5.0,9.88411554842792,0.0,0.0,1.1102230246251565e-16,poor_tracking_condition,requested_mode_matches_applied_mode
fis,persistent-low-generation,4,4750,79.16666666666667,7.166666666666667,2026-01-04T07:10:00Z,86.45129703276488,86.47468534504058,NORMAL,NORMAL,112.32172758060445,85.0,70.0,0.16787878787878788,40.71662624796912,18.029322102600723,16.226389892340652,1.0,3,11.226389892340652,M2,2.2744052879717613,M1,M1,0,5.0,11.226389892340652,0.0,0.0,1.1102230246251565e-16,poor_tracking_condition,requested_mode_matches_applied_mode
fis,persistent-low-generation,4,4755,79.25,7.25,2026-01-04T07:15:00Z,86.47468534504058,86.50088962287978,NORMAL,NORMAL,121.67816343103348,85.0,70.0,0.16787878787878788,44.108334243749646,19.531170403132343,17.57805336281911,1.0,3,12.578053362819109,M2,2.278098970224256,M1,M1,0,5.0,12.578053362819109,0.0,0.0,0.0,poor_tracking_condition,requested_mode_matches_applied_mode
fis,persistent-low-generation,4,4760,79.33333333333333,7.333333333333333,2026-01-04T07:20:00Z,86.50088962287978,86.52992527433487,NORMAL,NORMAL,131.08579467086636,85.0,70.0,0.16787878787878788,47.518600568189065,21.041236331594117,18.937112698434706,1.0,3,13.937112698434706,M2,2.282218425736324,M1,M1,0,5.0,13.937112698434706,0.0,0.0,0.0,poor_tracking_condition,requested_mode_matches_applied_mode
fis,persistent-low-generation,4,4765,79.41666666666667,7.416666666666667,2026-01-04T07:25:00Z,86.52992527433487,86.56180380252434,NORMAL,NORMAL,140.53164661624442,85.0,70.0,0.16787878787878788,50.942721898388605,22.557437256606473,20.301693530945826,1.0,3,15.301693530945826,M2,2.286735976394628,M1,M1,0,5.0,15.301693530945826,0.0,0.0,0.0,poor_tracking_condition,requested_mode_matches_applied_mode
fis,persistent-low-generation,4,4770,79.5,7.5,2026-01-04T07:30:00Z,86.56180380252434,86.59653301322076,NORMAL,NORMAL,150.00343432272098,85.0,70.0,0.16787878787878788,54.376244941986364,24.07780126031156,21.670021134280404,1.0,3,16.670021134280404,M2,2.2916692484538532,M1,M1,0,5.0,16.670021134280404,0.0,0.0,0.0,poor_tracking_condition,requested_mode_matches_applied_mode
fis,persistent-low-generation,4,4775,79.58333333333333,7.583333333333333,2026-01-04T07:35:00Z,86.59653301322076,86.63411719130129,NORMAL,NORMAL,159.4894591274398,85.0,70.0,0.16787878787878788,57.81492893369693,25.600450531841002,23.0404054786569,1.0,3,18.0404054786569,M2,2.297012258737802,M1,M1,0,5.0,18.0404054786569,0.0,0.0,0.0,poor_tracking_condition,requested_mode_matches_applied_mode
fis,persistent-low-generation,4,4780,79.66666666666667,7.666666666666667,2026-01-04T07:40:00Z,86.63411719130129,86.67455725272991,NORMAL,NORMAL,168.97852734939661,85.0,70.0,0.16787878787878788,61.25471616415628,27.1235883174884,24.41122948573956,1.0,3,19.41122948573956,M2,2.302728092286083,M1,M1,0,5.0,19.41122948573956,0.0,0.0,0.0,poor_tracking_condition,requested_mode_matches_applied_mode
fis,persistent-low-generation,4,4785,79.75,7.75,2026-01-04T07:45:00Z,86.67455725272991,86.71785087711433,NORMAL,NORMAL,178.45988574631707,85.0,70.0,0.16787878787878788,64.69170858303994,28.645488560570083,25.780939704513074,1.0,3,20.780939704513074,M2,2.308833180335777,M1,M1,0,5.0,20.780939704513074,0.0,0.0,0.0,poor_tracking_condition,requested_mode_matches_applied_mode
fis,persistent-low-generation,4,4790,79.83333333333333,7.833333333333333,2026-01-04T07:50:00Z,86.71785087711433,86.76399262470893,NORMAL,NORMAL,187.9231698346319,85.0,70.0,0.16787878787878788,68.12214906505407,30.164487606005945,27.148038845405353,1.0,3,22.148038845405353,M2,2.3153060466664313,M1,M1,0,5.0,22.148038845405353,0.0,0.0,0.0,poor_tracking_condition,requested_mode_matches_applied_mode
fis,persistent-low-generation,4,4795,79.91666666666667,7.916666666666667,2026-01-04T07:55:00Z,86.76399262470893,86.81297404087563,NORMAL,NORMAL,197.35836221618453,85.0,70.0,0.16787878787878788,71.5424063033669,31.678977511130867,28.511079760017783,1.0,3,23.511079760017783,M2,2.3221279350417374,M1,M1,0,5.0,23.511079760017783,0.0,0.0,0.0,poor_tracking_condition,requested_mode_matches_applied_mode
fis,persistent-low-generation,4,4800,80.0,8.0,2026-01-04T08:00:00Z,86.81297404087563,86.86478375037338,NORMAL,NORMAL,206.75575878282945,85.0,70.0,0.16787878787878788,74.94896255877568,33.187400621025866,29.86866055892328,1.0,3,24.86866055892328,M2,2.3292991682323514,M1,M1,0,5.0,24.86866055892328,0.0,0.0,0.0,poor_tracking_condition,requested_mode_matches_applied_mode
fis,persistent-low-generation,4,4805,80.08333333333333,8.083333333333334,2026-01-04T08:05:00Z,86.86478375037338,86.91940754336304,NORMAL,NORMAL,216.1059411895107,85.0,70.0,0.16787878787878788,78.33840368119763,34.68824515003431,31.219420635030882,1.0,3,26.219420635030882,M2,2.336786291205491,M1,M1,0,5.0,26.219420635030882,0.0,0.0,0.0,poor_tracking_condition,requested_mode_matches_applied_mode
fis,persistent-low-generation,4,4810,80.16666666666667,8.166666666666666,2026-01-04T08:10:00Z,86.91940754336304,86.97682845464314,NORMAL,NORMAL,225.39975436323758,85.0,70.0,0.16787878787878788,81.70741095667363,36.18004157161508,32.56203741445357,1.0,3,27.56203741445357,M2,2.3445918327782476,M1,M1,0,5.0,27.56203741445357,0.0,0.0,0.0,poor_tracking_condition,requested_mode_matches_applied_mode
fis,persistent-low-generation,4,4815,80.25,8.25,2026-01-04T08:15:00Z,86.97682845464314,87.037026837345,NORMAL,NORMAL,234.6282880927447,85.0,70.0,0.16787878787878788,85.05275443361997,37.66135966320692,33.895223696886234,1.0,3,28.895223696886234,M2,2.3526875735310484,M1,M1,0,5.0,28.895223696886234,0.0,0.0,0.0,poor_tracking_condition,requested_mode_matches_applied_mode
fis,persistent-low-generation,4,4820,80.33333333333333,8.333333333333334,2026-01-04T08:20:00Z,87.037026837345,87.09998043208954,NORMAL,NORMAL,243.78286195050265,85.0,70.0,0.16787878787878788,88.37128745705722,39.130806085984936,35.217725477386445,1.0,3,30.217725477386445,M2,2.3610236651746157,M1,M1,0,5.0,30.217725477386445,0.0,0.0,0.0,poor_tracking_condition,requested_mode_matches_applied_mode
fis,persistent-low-generation,4,4825,80.41666666666667,8.416666666666666,2026-01-04T08:25:00Z,87.09998043208954,87.16566443243124,NORMAL,NORMAL,252.85501295493205,85.0,70.0,0.16787878787878788,91.65994219616287,40.58702240446092,36.52832016401483,1.0,3,31.52832016401483,M2,2.36960823730342,M1,M1,0,5.0,31.52832016401483,0.0,0.0,0.0,poor_tracking_condition,requested_mode_matches_applied_mode
fis,persistent-low-generation,4,4830,80.5,8.5,2026-01-04T08:30:00Z,87.16566443243124,87.23405154727085,NORMAL,NORMAL,261.8364854999091,85.0,70.0,0.16787878787878788,94.91572599371706,42.02868347001791,37.82581512301612,1.0,3,32.82581512301612,M2,2.3782917802608483,M1,M1,0,5.0,32.82581512301612,0.0,0.0,0.0,poor_tracking_condition,requested_mode_matches_applied_mode
fis,persistent-low-generation,4,4835,80.58333333333333,8.583333333333334,2026-01-04T08:35:00Z,87.23405154727085,87.30511206080524,NORMAL,NORMAL,270.71922317062246,85.0,70.0,0.16787878787878788,98.13571839935065,43.454496107232465,39.10904649650922,1.0,3,34.10904649650922,M2,2.387143568204163,M1,M1,0,5.0,34.10904649650922,0.0,0.0,0.0,poor_tracking_condition,requested_mode_matches_applied_mode
fis,persistent-low-generation,4,4840,80.66666666666667,8.666666666666666,2026-01-04T08:40:00Z,87.30511206080524,87.37881389048859,NORMAL,NORMAL,279.4953621364576,85.0,70.0,0.16787878787878788,101.31706877446588,44.86319805333349,40.376878248000146,1.0,3,35.376878248000146,M2,2.39613143151851,M1,M1,0,5.0,35.376878248000146,0.0,0.0,0.0,poor_tracking_condition,requested_mode_matches_applied_mode
fis,persistent-low-generation,4,4845,80.75,8.75,2026-01-04T08:45:00Z,87.37881389048859,87.45512264340351,NORMAL,NORMAL,288.1572258678527,85.0,70.0,0.16787878787878788,104.4569943770966,46.25355711017838,41.62820139916054,1.0,3,36.62820139916054,M2,2.405168820645367,M1,M1,0,5.0,36.62820139916054,0.0,0.0,0.0,poor_tracking_condition,requested_mode_matches_applied_mode
fis,persistent-low-generation,4,4850,80.83333333333333,8.833333333333334,2026-01-04T08:50:00Z,87.45512264340351,87.53400167137798,NORMAL,NORMAL,296.69732096864084,85.0,70.0,0.16787878787878788,107.55277885113232,47.62437047528139,42.86193342775325,1.0,3,37.86193342775325,M2,2.4142763006103207,M1,M1,0,5.0,37.86193342775325,0.0,0.0,0.0,poor_tracking_condition,requested_mode_matches_applied_mode
fis,persistent-low-generation,4,4855,80.91666666666667,8.916666666666666,2026-01-04T08:55:00Z,87.53400167137798,87.61541212513158,NORMAL,NORMAL,305.1083339509776,85.0,70.0,0.16787878787878788,110.6017710572294,48.97446422414117,44.07701780172706,1.0,3,39.07701780172706,M2,2.423438622603406,M1,M1,0,5.0,39.07701780172706,0.0,0.0,0.0,poor_tracking_condition,requested_mode_matches_applied_mode
fis,persistent-low-generation,4,4860,81.0,9.0,2026-01-04T09:00:00Z,87.61541212513158,87.69931300769123,NORMAL,NORMAL,313.38312880856245,85.0,70.0,0.16787878787878788,113.6013841931039,50.302692920706406,45.272423628635764,1.0,3,40.272423628635764,M2,2.432628290210241,M1,M1,0,5.0,40.272423628635764,0.0,0.0,0.0,poor_tracking_condition,requested_mode_matches_applied_mode
fis,persistent-low-generation,4,4865,81.08333333333333,9.083333333333334,2026-01-04T09:05:00Z,87.69931300769123,87.78566122728058,NORMAL,NORMAL,321.5147452670294,85.0,70.0,0.16787878787878788,116.54909515929818,51.607939336537235,46.447145402883514,1.0,3,41.447145402883514,M2,2.441817420310029,M1,M1,0,5.0,41.447145402883514,0.0,0.0,0.0,poor_tracking_condition,requested_mode_matches_applied_mode
fis,persistent-low-generation,4,4870,81.16666666666667,9.166666666666666,2026-01-04T09:10:00Z,87.78566122728058,87.87441164985565,NORMAL,NORMAL,329.4963976092564,85.0,70.0,0.16787878787878788,119.44244413335547,52.8891142622498,47.60020283602482,1.0,3,42.60020283602482,M2,2.4509508819599737,M1,M1,0,5.0,42.60020283602482,0.0,0.0,0.0,poor_tracking_condition,requested_mode_matches_applied_mode
fis,persistent-low-generation,4,4875,81.25,9.25,2026-01-04T09:15:00Z,87.87441164985565,87.96551715143393,NORMAL,NORMAL,337.3214739888143,85.0,70.0,0.16787878787878788,122.2790343209452,54.14515639731453,48.730640757583075,1.0,3,43.730640757583075,M2,2.4600438943726557,M1,M1,0,5.0,43.730640757583075,0.0,0.0,0.0,poor_tracking_condition,requested_mode_matches_applied_mode
fis,persistent-low-generation,4,4880,81.33333333333333,9.333333333333334,2026-01-04T09:20:00Z,87.96551715143393,88.05892867034164,NORMAL,NORMAL,344.9835361575411,85.0,70.0,0.16787878787878788,125.05653185710867,55.37503230632772,49.837529075694945,1.0,3,44.837529075694945,M2,2.469073979606074,M1,M1,0,5.0,44.837529075694945,0.0,0.0,4.440892098500626e-16,poor_tracking_condition,requested_mode_matches_applied_mode
fis,persistent-low-generation,4,4885,81.41666666666667,9.416666666666666,2026-01-04T09:25:00Z,88.05892867034164,88.15459525948418,NORMAL,NORMAL,352.47631954379665,85.0,70.0,0.16787878787878788,127.7726658346263,56.57773643157252,50.91996278841527,1.0,3,45.91996278841527,M2,2.4780199783135495,M1,M1,0,5.0,45.91996278841527,0.0,0.0,0.0,poor_tracking_condition,requested_mode_matches_applied_mode
fis,persistent-low-generation,4,4890,81.5,9.5,2026-01-04T09:30:00Z,88.15459525948418,88.25246413872958,NORMAL,NORMAL,359.7937336267778,85.0,70.0,0.16787878787878788,130.42522843970696,57.75229115310224,51.97706203779202,1.0,3,46.97706203779202,M2,2.4868620254693754,M1,M1,0,5.0,46.97706203779202,0.0,0.0,0.0,poor_tracking_condition,requested_mode_matches_applied_mode
fis,persistent-low-generation,4,4895,81.58333333333333,9.583333333333334,2026-01-04T09:35:00Z,88.25246413872958,88.35248074747935,NORMAL,NORMAL,366.9298625596508,85.0,70.0,0.16787878787878788,133.01207517787344,58.897746888762356,53.00797219988612,1.0,3,48.00797219988612,M2,2.4955815195162208,M1,M1,0,5.0,48.00797219988612,0.0,0.0,0.0,poor_tracking_condition,requested_mode_matches_applied_mode
fis,persistent-low-generation,4,4900,81.66666666666667,9.666666666666666,2026-01-04T09:40:00Z,88.35248074747935,88.45458879748936,NORMAL,NORMAL,373.8789660004802,85.0,70.0,0.16787878787878788,135.53112517517408,60.01318222756708,54.01186400481037,1.0,3,49.01186400481037,M3,2.50416108602191,M3,M1,0,5.0,49.01186400481037,0.0,0.0,0.0,poor_tracking_condition,new_candidate_started
fis,persistent-low-generation,4,4905,81.75,9.75,2026-01-04T09:45:00Z,88.45458879748936,88.55873032599274,NORMAL,NORMAL,380.63548011518435,85.0,70.0,0.16787878787878788,137.98036154175435,61.09770409068883,54.98793368161995,1.0,3,49.98793368161995,M3,2.512584536855206,M3,M1,0,5.0,49.98793368161995,0.0,0.0,0.0,poor_tracking_condition,waiting_for_candidate_confirmation
fis,persistent-low-generation,4,4910,81.83333333333333,9.833333333333334,2026-01-04T09:50:00Z,88.55873032599274,88.48624880781954,NORMAL,NORMAL,387.1940187212154,85.0,70.0,0.16787878787878788,140.3578317864406,62.150447915035905,55.93540312353232,1.0,3,50.93540312353232,M3,2.520836825807853,M3,M3,1,85.68181818181819,-29.74641505828587,2.4788679215238223,5.916666666666666,0.0,poor_tracking_condition,candidate_confirmed_and_dwell_satisfied
fis,persistent-low-generation,4,4915,81.91666666666667,9.916666666666666,2026-01-04T09:55:00Z,88.48624880781954,88.41600441670765,NORMAL,NORMAL,393.5493745444713,85.0,70.0,0.16787878787878788,142.66164827237085,63.17057785500582,56.85352006950524,1.0,3,-28.82829811231295,M3,2.5151436200946233,M3,M3,1,85.68181818181819,-28.82829811231295,2.402358176026079,5.916666666666666,0.0,poor_tracking_condition,requested_mode_matches_applied_mode
fis,persistent-low-generation,4,4920,82.0,10.0,2026-01-04T10:00:00Z,88.41600441670765,88.34792386143681,NORMAL,NORMAL,399.6965205652085,85.0,70.0,0.16787878787878788,144.8899887048881,64.15728699852446,57.74155829867201,0.95,3,-27.940259883146176,M3,2.5094538049003607,M3,M3,1,85.68181818181819,-27.940259883146176,2.328354990262181,5.916666666666666,0.0,poor_tracking_condition,requested_mode_matches_applied_mode
fis,persistent-low-generation,4,4925,82.08333333333333,10.083333333333334,2026-01-04T10:05:00Z,88.34792386143681,88.28193214519104,NORMAL,NORMAL,405.6306114315386,85.0,70.0,0.16787878787878788,147.04109664393278,65.10979759393342,58.59881783454008,0.95,3,-27.08300034727811,M3,2.503777316607139,M3,M3,1,85.68181818181819,-27.08300034727811,2.2569166956065088,5.916666666666666,0.0,poor_tracking_condition,requested_mode_matches_applied_mode
fis,persistent-low-generation,4,4930,82.16666666666667,10.166666666666666,2026-01-04T10:10:00Z,88.28193214519104,88.39531678093313,NORMAL,NORMAL,411.3469849215116,85.0,70.0,0.16787878787878788,149.11328203404798,66.02736128467643,59.42462515620879,0.95,3,-26.257193025609396,M2,2.4981554921208224,M1,M1,0,5.0,54.42462515620879,0.0,0.0,0.0,poor_tracking_condition,safety_reduction_applied_immediately
fis,persistent-low-generation,4,4935,82.25,10.25,2026-01-04T10:15:00Z,88.39531678093313,88.51035497554598,NORMAL,NORMAL,416.8411634369035,85.0,70.0,0.16787878787878788,151.10492174587753,66.90925934907456,60.218333414167105,0.95,3,55.218333414167105,M3,2.5077892380605054,M3,M1,0,5.0,55.218333414167105,0.0,0.0,0.0,poor_tracking_condition,new_candidate_started
fis,persistent-low-generation,4,4940,82.33333333333333,10.333333333333334,2026-01-04T10:20:00Z,88.51035497554598,88.62697856439699,NORMAL,NORMAL,422.1088555136517,85.0,70.0,0.16787878787878788,153.01446012369877,67.75480294277381,60.97932264849643,0.95,3,55.97932264849643,M3,2.5171548749160664,M3,M1,0,5.0,55.97932264849643,0.0,0.0,0.0,poor_tracking_condition,waiting_for_candidate_confirmation
fis,persistent-low-generation,4,4945,82.41666666666667,10.416666666666666,2026-01-04T10:25:00Z,88.62697856439699,88.56856039145772,NORMAL,NORMAL,427.1459573354957,85.0,70.0,0.16787878787878788,154.8404095341172,68.56333334170711,61.7070000075364,0.95,3,56.7070000075364,M3,2.526314855206037,M3,M3,1,85.68181818181819,-23.974818174281786,1.9979015145234822,5.916666666666666,0.0,poor_tracking_condition,candidate_confirmed_and_dwell_satisfied
fis,persistent-low-generation,4,4950,82.5,10.5,2026-01-04T10:30:00Z,88.56856039145772,88.51183276422444,NORMAL,NORMAL,431.9485542387826,85.0,70.0,0.16787878787878788,156.5813509115587,69.33422218363819,62.40079996527437,0.95,3,-23.281018216543814,M3,2.52224142238588,M3,M3,1,85.68181818181819,-23.281018216543814,1.940084851378651,5.916666666666666,0.0,poor_tracking_condition,requested_mode_matches_applied_mode
fis,persistent-low-generation,4,4955,82.58333333333333,10.583333333333334,2026-01-04T10:35:00Z,88.51183276422444,88.45671182454139,NORMAL,NORMAL,436.5129221976478,85.0,70.0,0.16787878787878788,158.23593429664734,70.06687170655545,63.0601845358999,0.95,3,-22.621633645918287,M3,2.5181545503534246,M3,M3,1,85.68181818181819,-22.621633645918287,1.8851361371598572,5.916666666666666,0.0,poor_tracking_condition,requested_mode_matches_applied_mode
fis,persistent-low-generation,4,4960,82.66666666666667,10.666666666666666,2026-01-04T10:40:00Z,88.45671182454139,88.4031124709895,NORMAL,NORMAL,440.8355292798796,85.0,70.0,0.16787878787878788,159.80287936395638,70.76071498235987,63.68464348412389,0.95,3,-21.997174697694298,M3,2.5141513321396154,M3,M3,1,85.68181818181819,-21.997174697694298,1.8330978914745248,5.916666666666666,0.0,poor_tracking_condition,requested_mode_matches_applied_mode
fis,persistent-low-generation,4,4965,82.75,10.75,2026-01-04T10:45:00Z,88.4031124709895,88.3509484270036,NORMAL,NORMAL,444.91303706475765,85.0,70.0,0.16787878787878788,161.28097593597465,71.41521614444957,64.27369453000462,0.95,3,-21.40812365181357,M3,2.510220671857522,M3,M3,1,85.68181818181819,-21.40812365181357,1.7840103043177973,5.916666666666666,0.0,poor_tracking_condition,requested_mode_matches_applied_mode
fis,persistent-low-generation,4,4970,82.83333333333333,10.833333333333334,2026-01-04T10:50:00Z,88.3509484270036,88.30013230947273,NORMAL,NORMAL,448.7423020150338,85.0,70.0,0.16787878787878788,162.66908448044975,72.02987060794315,64.82688354714884,0.95,3,-20.85493463466935,M3,2.5063444659595246,M3,M3,1,85.68181818181819,-20.85493463466935,1.7379112195557789,5.916666666666666,0.0,poor_tracking_condition,requested_mode_matches_applied_mode
fis,persistent-low-generation,4,4975,82.91666666666667,10.916666666666666,2026-01-04T10:55:00Z,88.30013230947273,88.25057569780472,NORMAL,NORMAL,452.3203767960078,85.0,70.0,0.16787878787878788,163.96613658855284,72.60420528141118,65.34378475327007,0.95,3,-20.338033428548115,M3,2.502528442951694,M3,M3,1,85.68181818181819,-20.338033428548115,1.6948361190456762,5.916666666666666,0.0,poor_tracking_condition,requested_mode_matches_applied_mode
fis,persistent-low-generation,4,4980,83.0,11.0,2026-01-04T11:00:00Z,88.25057569780472,88.37729236633011,NORMAL,NORMAL,455.64451153536436,85.0,70.0,0.16787878787878788,165.1711354315696,73.13777876909901,65.82400089218912,0.95,3,-19.857817289629068,M2,2.4987086600240422,M1,M1,0,5.0,60.82400089218912,0.0,0.0,0.0,poor_tracking_condition,safety_reduction_applied_immediately
fis,persistent-low-generation,4,4985,83.08333333333333,11.083333333333334,2026-01-04T11:05:00Z,88.37729236633011,88.50493229009355,NORMAL,NORMAL,458.71215501807666,85.0,70.0,0.16787878787878788,166.28315619405282,73.63018156272658,66.26716340645392,0.95,3,61.26716340645392,M3,2.5088086141935775,M3,M1,0,5.0,61.26716340645392,0.0,0.0,0.0,poor_tracking_condition,new_candidate_started
fis,persistent-low-generation,4,4990,83.16666666666667,11.166666666666666,2026-01-04T11:10:00Z,88.50493229009355,88.63341756634324,NORMAL,NORMAL,461.52095581127423,85.0,70.0,0.16787878787878788,167.30134648158693,74.08103622204669,66.67293259984203,0.95,3,61.67293259984203,M3,2.5195560791152443,M3,M1,0,5.0,61.67293259984203,0.0,0.0,0.0,poor_tracking_condition,waiting_for_candidate_confirmation
fis,persistent-low-generation,4,4995,83.25,11.25,2026-01-04T11:15:00Z,88.63341756634324,88.58799646402176,NORMAL,NORMAL,464.06876331450326,85.0,70.0,0.16787878787878788,168.22492670150746,74.48999754342749,67.04099778908474,0.95,3,62.04099778908474,M3,2.5298449913430563,M3,M3,1,85.68181818181819,-18.640820392733445,1.5534016993944537,5.916666666666666,0.0,poor_tracking_condition,candidate_confirmed_and_dwell_satisfied
fis,persistent-low-generation,4,5000,83.33333333333333,11.333333333333334,2026-01-04T11:20:00Z,88.58799646402176,88.54337964935901,NORMAL,NORMAL,466.3536287313086,85.0,70.0,0.16787878787878788,169.0531904150994,74.85675271580602,67.37107744422542,0.95,3,-18.310740737592766,M3,2.527993961958601,M3,M3,1,85.68181818181819,-18.310740737592766,1.5258950614660638,5.916666666666666,0.0,poor_tracking_condition,requested_mode_matches_applied_mode
fis,persistent-low-generation,4,5005,83.41666666666667,11.416666666666666,2026-01-04T11:25:00Z,88.54337964935901,88.49947395037088,NORMAL,NORMAL,468.37380595852005,85.0,70.0,0.16787878787878788,169.78550465996355,75.18102146343188,67.6629193170887,0.95,3,-18.018898864729493,M3,2.524784108740372,M3,M3,1,85.68181818181819,-18.018898864729493,1.5015749053941243,5.916666666666666,0.0,poor_tracking_condition,requested_mode_matches_applied_mode
fis,persistent-low-generation,4,5010,83.5,11.5,2026-01-04T11:30:00Z,88.49947395037088,88.45618565206577,NORMAL,NORMAL,470.1277523900539,85.0,70.0,0.16787878787878788,170.42131024139456,75.46255617488951,67.91630055740056,0.95,3,-17.765517624417626,M3,2.5216075075756113,M3,M3,1,85.68181818181819,-17.765517624417626,1.480459802034802,5.916666666666666,0.0,poor_tracking_condition,requested_mode_matches_applied_mode
fis,persistent-low-generation,4,5015,83.58333333333333,11.583333333333334,2026-01-04T11:35:00Z,88.45618565206577,88.41342056832877,NORMAL,NORMAL,471.61412963244163,85.0,70.0,0.16787878787878788,170.9601219917601,75.70114201795137,68.13102781615623,0.95,3,-17.550790365661953,M3,2.5183182558178854,M3,M3,1,85.68181818181819,-17.550790365661953,1.4625658638051626,5.916666666666666,0.0,poor_tracking_condition,requested_mode_matches_applied_mode
fis,persistent-low-generation,4,5020,83.66666666666667,11.666666666666666,2026-01-04T11:40:00Z,88.41342056832877,88.37108411402582,NORMAL,NORMAL,472.8318041296715,85.0,70.0,0.16787878787878788,171.40152899700595,75.89659703987422,68.3069373358868,0.95,3,-17.374880845931386,M3,2.5150092578973258,M3,M3,1,85.68181818181819,-17.374880845931386,1.4479067371609489,5.916666666666666,0.0,poor_tracking_condition,requested_mode_matches_applied_mode
fis,persistent-low-generation,4,5025,83.75,11.75,2026-01-04T11:45:00Z,88.37108411402582,88.3290813772951,NORMAL,NORMAL,473.77984769529087,85.0,70.0,0.16787878787878788,171.74519478954295,76.04877225280961,68.44389502752865,0.95,3,-17.237923154289533,M3,2.511613559345838,M3,M3,1,85.68181818181819,-17.237923154289533,1.4364935961907943,5.916666666666666,0.0,poor_tracking_condition,requested_mode_matches_applied_mode
fis,persistent-low-generation,4,5030,83.83333333333333,11.833333333333334,2026-01-04T11:50:00Z,88.3290813772951,88.28731719199254,NORMAL,NORMAL,474.457537950053,85.0,70.0,0.16787878787878788,171.99085750689423,76.15755170405276,68.54179653364749,0.95,3,-17.140021648170702,M3,2.508159549349587,M3,M3,1,85.68181818181819,-17.140021648170702,1.4283351373475583,5.916666666666666,0.0,poor_tracking_condition,requested_mode_matches_applied_mode
fis,persistent-low-generation,4,5035,83.91666666666667,11.916666666666666,2026-01-04T11:55:00Z,88.28731719199254,88.24569621025763,NORMAL,NORMAL,474.86435866372636,85.0,70.0,0.16787878787878788,172.13833001560081,76.22285253090804,68.60056727781723,0.95,3,-17.081250904000953,M3,2.504634038085493,M3,M3,1,85.68181818181819,-17.081250904000953,1.4234375753334128,5.916666666666666,0.0,poor_tracking_condition,requested_mode_matches_applied_mode
fis,persistent-low-generation,4,5040,84.0,12.0,2026-01-04T12:00:00Z,88.24569621025763,88.2041229751655,NORMAL,NORMAL,475.0,85.0,70.0,0.16787878787878788,172.18750000000003,76.24462500000001,68.62016250000002,0.95,3,-17.061655681818166,M3,2.5010039060724276,M3,M3,1,85.68181818181819,-17.061655681818166,1.4218046401515139,5.916666666666666,0.0,poor_tracking_condition,requested_mode_matches_applied_mode
fis,persistent-low-generation,4,5045,84.08333333333333,12.083333333333334,2026-01-04T12:05:00Z,88.2041229751655,88.33662415699428,NORMAL,NORMAL,474.86435866372636,85.0,70.0,0.16787878787878788,172.13833001560081,76.22285253090804,68.60056727781723,0.95,3,-17.081250904000953,M2,2.4973290441861304,M1,M1,0,5.0,63.600567277817234,0.0,0.0,0.0,poor_tracking_condition,safety_reduction_applied_immediately
fis,persistent-low-generation,4,5050,84.16666666666667,12.166666666666666,2026-01-04T12:10:00Z,88.33662415699428,88.4690028997727,NORMAL,NORMAL,474.457537950053,85.0,70.0,0.16787878787878788,171.99085750689423,76.15755170405276,68.54179653364749,0.95,3,63.541796533647485,M3,2.50748163513489,M3,M1,0,5.0,63.541796533647485,0.0,0.0,0.0,poor_tracking_condition,new_candidate_started
fis,persistent-low-generation,4,5055,84.25,12.25,2026-01-04T12:15:00Z,88.4690028997727,88.60117768108006,NORMAL,NORMAL,473.77984769529087,85.0,70.0,0.16787878787878788,171.74519478954295,76.04877225280961,68.44389502752865,0.95,3,63.443895027528654,M3,2.518370292090625,M3,M1,0,5.0,63.443895027528654,0.0,0.0,0.0,poor_tracking_condition,waiting_for_candidate_confirmation
fis,persistent-low-generation,4,5060,84.33333333333333,12.333333333333334,2026-01-04T12:20:00Z,88.60117768108006,88.5588412267771,NORMAL,NORMAL,472.8318041296715,85.0,70.0,0.16787878787878788,171.40152899700595,75.89659703987422,68.3069373358868,0.95,3,63.3069373358868,M3,2.5286632523431476,M3,M3,1,85.68181818181819,-17.374880845931386,1.4479067371609489,5.916666666666666,0.0,poor_tracking_condition,candidate_confirmed_and_dwell_satisfied
fis,persistent-low-generation,4,5065,84.41666666666667,12.416666666666666,2026-01-04T12:25:00Z,88.5588412267771,88.5160761430401,NORMAL,NORMAL,471.61412963244163,85.0,70.0,0.16787878787878788,170.9601219917601,75.70114201795137,68.13102781615623,0.95,3,-17.550790365661953,M3,2.5264643493059307,M3,M3,1,85.68181818181819,-17.550790365661953,1.4625658638051626,5.916666666666666,0.0,poor_tracking_condition,requested_mode_matches_applied_mode
fis,persistent-low-generation,4,5070,84.5,12.5,2026-01-04T12:30:00Z,88.5160761430401,88.472787844735,NORMAL,NORMAL,470.12775239005396,85.0,70.0,0.16787878787878788,170.4213102413946,75.46255617488953,67.91630055740058,0.95,3,-17.765517624417612,M3,2.5229094997983648,M3,M3,1,85.68181818181819,-17.765517624417612,1.480459802034801,5.916666666666666,0.0,poor_tracking_condition,requested_mode_matches_applied_mode
fis,persistent-low-generation,4,5075,84.58333333333333,12.583333333333334,2026-01-04T12:35:00Z,88.472787844735,88.42888214574685,NORMAL,NORMAL,468.37380595852005,85.0,70.0,0.16787878787878788,169.78550465996355,75.18102146343188,67.6629193170887,0.95,3,-18.018898864729493,M3,2.5191930323173044,M3,M3,1,85.68181818181819,-18.018898864729493,1.5015749053941243,5.916666666666666,0.0,poor_tracking_condition,requested_mode_matches_applied_mode
fis,persistent-low-generation,4,5080,84.66666666666667,12.666666666666666,2026-01-04T12:40:00Z,88.42888214574685,88.38426533108412,NORMAL,NORMAL,466.3536287313086,85.0,70.0,0.16787878787878788,169.0531904150994,74.85675271580602,67.37107744422542,0.95,3,-18.310740737592766,M3,2.515373254859088,M3,M3,1,85.68181818181819,-18.310740737592766,1.5258950614660638,5.916666666666666,0.0,poor_tracking_condition,requested_mode_matches_applied_mode
fis,persistent-low-generation,4,5085,84.75,12.75,2026-01-04T12:45:00Z,88.38426533108412,88.33884422876264,NORMAL,NORMAL,464.06876331450326,85.0,70.0,0.16787878787878788,168.22492670150746,74.48999754342749,67.04099778908474,0.95,3,-18.640820392733445,M3,2.5113712877981507,M3,M3,1,85.68181818181819,-18.640820392733445,1.5534016993944537,5.916666666666666,0.0,poor_tracking_condition,requested_mode_matches_applied_mode
fis,persistent-low-generation,4,5090,84.83333333333333,12.833333333333334,2026-01-04T12:50:00Z,88.33884422876264,88.29252628143814,NORMAL,NORMAL,461.52095581127423,85.0,70.0,0.16787878787878788,167.30134648158693,74.08103622204669,66.67293259984203,0.95,3,-19.00888558197616,M3,2.507160875667478,M3,M3,1,85.68181818181819,-19.00888558197616,1.584073798498013,5.916666666666666,0.0,poor_tracking_condition,requested_mode_matches_applied_mode
fis,persistent-low-generation,4,5095,84.91666666666667,12.916666666666666,2026-01-04T12:55:00Z,88.29252628143814,88.24521961775547,NORMAL,NORMAL,458.71215501807666,85.0,70.0,0.16787878787878788,166.28315619405282,73.63018156272658,66.26716340645392,0.95,3,-19.41465477536427,M3,2.5028383344987364,M3,M3,1,85.68181818181819,-19.41465477536427,1.6178878979470224,5.916666666666666,0.0,poor_tracking_condition,requested_mode_matches_applied_mode
fis,persistent-low-generation,4,5100,85.0,13.0,2026-01-04T13:00:00Z,88.24521961775547,88.37193628628087,NORMAL,NORMAL,455.64451153536436,85.0,70.0,0.16787878787878788,165.1711354315696,73.13777876909901,65.82400089218912,1.0,3,-19.857817289629068,M2,2.498239749602997,M1,M1,0,5.0,60.82400089218912,0.0,0.0,0.0,poor_tracking_condition,safety_reduction_applied_immediately
fis,persistent-low-generation,4,5105,85.08333333333333,13.083333333333334,2026-01-04T13:05:00Z,88.37193628628087,88.49765250451685,NORMAL,NORMAL,452.3203767960078,85.0,70.0,0.16787878787878788,163.96613658855284,72.60420528141118,65.34378475327007,1.0,3,60.34378475327007,M3,2.5076737163509346,M3,M1,0,5.0,60.34378475327007,0.0,0.0,0.0,poor_tracking_condition,new_candidate_started
fis,persistent-low-generation,4,5110,85.16666666666667,13.166666666666666,2026-01-04T13:10:00Z,88.49765250451685,88.62229184524007,NORMAL,NORMAL,448.7423020150338,85.0,70.0,0.16787878787878788,162.66908448044975,72.02987060794315,64.82688354714884,1.0,3,59.82688354714884,M3,2.5176397142055498,M3,M1,0,5.0,59.82688354714884,0.0,0.0,0.0,poor_tracking_condition,waiting_for_candidate_confirmation
fis,persistent-low-generation,4,5115,85.25,13.25,2026-01-04T13:15:00Z,88.62229184524007,88.57012780125417,NORMAL,NORMAL,444.9130370647577,85.0,70.0,0.16787878787878788,161.28097593597468,71.41521614444959,64.27369453000463,1.0,3,59.27369453000463,M3,2.5269691421858003,M3,M3,1,85.68181818181819,-21.408123651813554,1.7840103043177962,5.916666666666666,0.0,poor_tracking_condition,candidate_confirmed_and_dwell_satisfied
fis,persistent-low-generation,4,5120,85.33333333333333,13.333333333333334,2026-01-04T13:20:00Z,88.57012780125417,88.5165284477023,NORMAL,NORMAL,440.83552927987967,85.0,70.0,0.16787878787878788,159.8028793639564,70.76071498235989,63.684643484123896,1.0,3,-21.99717469769429,M3,2.523117937322623,M3,M3,1,85.68181818181819,-21.99717469769429,1.8330978914745242,5.916666666666666,0.0,poor_tracking_condition,requested_mode_matches_applied_mode
fis,persistent-low-generation,4,5125,85.41666666666667,13.416666666666666,2026-01-04T13:25:00Z,88.5165284477023,88.46140750801925,NORMAL,NORMAL,436.51292219764787,85.0,70.0,0.16787878787878788,158.23593429664737,70.06687170655545,63.0601845358999,1.0,3,-22.621633645918287,M3,2.5185216718013064,M3,M3,1,85.68181818181819,-22.621633645918287,1.8851361371598572,5.916666666666666,0.0,poor_tracking_condition,requested_mode_matches_applied_mode
fis,persistent-low-generation,4,5130,85.5,13.5,2026-01-04T13:30:00Z,88.46140750801925,88.40467988078596,NORMAL,NORMAL,431.9485542387826,85.0,70.0,0.16787878787878788,156.5813509115587,69.33422218363819,62.40079996527437,1.0,3,-23.281018216543814,M3,2.51377656133765,M3,M3,1,85.68181818181819,-23.281018216543814,1.940084851378651,5.916666666666666,0.0,poor_tracking_condition,requested_mode_matches_applied_mode
fis,persistent-low-generation,4,5135,85.58333333333333,13.583333333333334,2026-01-04T13:35:00Z,88.40467988078596,88.34626170784668,NORMAL,NORMAL,427.1459573354958,85.0,70.0,0.16787878787878788,154.84040953411724,68.56333334170712,61.70700000753641,1.0,3,-23.97481817428178,M3,2.5088900016853484,M3,M3,1,85.68181818181819,-23.97481817428178,1.9979015145234815,5.916666666666666,0.0,poor_tracking_condition,requested_mode_matches_applied_mode
fis,persistent-low-generation,4,5140,85.66666666666667,13.666666666666666,2026-01-04T13:40:00Z,88.34626170784668,88.28607044192728,NORMAL,NORMAL,422.10885551365175,85.0,70.0,0.16787878787878788,153.01446012369877,67.75480294277381,60.97932264849643,1.0,3,-24.70249553332176,M3,2.5037724337889875,M3,M3,1,85.68181818181819,-24.70249553332176,2.0585412944434798,5.916666666666666,0.0,poor_tracking_condition,requested_mode_matches_applied_mode
fis,persistent-low-generation,4,5145,85.75,13.75,2026-01-04T13:45:00Z,88.28607044192728,88.40110863654013,NORMAL,NORMAL,416.8411634369035,85.0,70.0,0.16787878787878788,151.10492174587753,66.90925934907456,60.218333414167105,1.0,3,-25.46348476765108,M2,2.4985611122365863,M1,M1,0,5.0,55.218333414167105,0.0,0.0,0.0,poor_tracking_condition,safety_reduction_applied_immediately
fis,persistent-low-generation,4,5150,85.83333333333333,13.833333333333334,2026-01-04T13:50:00Z,88.40110863654013,88.51449327228222,NORMAL,NORMAL,411.3469849215117,85.0,70.0,0.16787878787878788,149.113282034048,66.02736128467645,59.424625156208805,1.0,3,54.424625156208805,M3,2.5082416341634644,M3,M1,0,5.0,54.424625156208805,0.0,0.0,0.0,poor_tracking_condition,new_candidate_started
fis,persistent-low-generation,4,5155,85.91666666666667,13.916666666666666,2026-01-04T13:55:00Z,88.51449327228222,88.62615747610417,NORMAL,NORMAL,405.6306114315386,85.0,70.0,0.16787878787878788,147.04109664393278,65.10979759393342,58.59881783454008,1.0,3,53.59881783454008,M3,2.517386360763474,M3,M1,0,5.0,53.59881783454008,0.0,0.0,0.0,poor_tracking_condition,waiting_for_candidate_confirmation
fis,persistent-low-generation,4,5160,86.0,14.0,2026-01-04T14:00:00Z,88.62615747610417,88.55807692083334,NORMAL,NORMAL,399.69652056520863,85.0,70.0,0.16787878787878788,144.88998870488814,64.15728699852447,57.741558298672025,1.0,3,52.741558298672025,M3,2.5260067317615316,M3,M3,1,85.68181818181819,-27.94025988314616,2.32835499026218,5.916666666666666,0.0,poor_tracking_condition,candidate_confirmed_and_dwell_satisfied
fis,persistent-low-generation,4,5165,86.08333333333333,14.083333333333334,2026-01-04T14:05:00Z,88.55807692083334,88.48783252972147,NORMAL,NORMAL,393.5493745444712,85.0,70.0,0.16787878787878788,142.66164827237083,63.1705778550058,56.85352006950522,1.0,3,-28.828298112312964,M3,2.5207859774395254,M3,M3,1,85.68181818181819,-28.828298112312964,2.4023581760260804,5.916666666666666,0.0,poor_tracking_condition,requested_mode_matches_applied_mode
fis,persistent-low-generation,4,5170,86.16666666666667,14.166666666666666,2026-01-04T14:10:00Z,88.48783252972147,88.41535101154825,NORMAL,NORMAL,387.1940187212154,85.0,70.0,0.16787878787878788,140.3578317864406,62.150447915035905,55.93540312353232,1.0,3,-29.74641505828587,M3,2.51527140132479,M3,M3,1,85.68181818181819,-29.74641505828587,2.4788679215238223,5.916666666666666,0.0,poor_tracking_condition,requested_mode_matches_applied_mode
fis,persistent-low-generation,4,5175,86.25,14.25,2026-01-04T14:15:00Z,88.41535101154825,88.34056084463745,NORMAL,NORMAL,380.63548011518446,85.0,70.0,0.16787878787878788,137.98036154175438,61.097704090688836,54.98793368161996,1.0,3,-30.69388450019823,M3,2.5094006742002115,M3,M3,1,85.68181818181819,-30.69388450019823,2.5578237083498525,5.916666666666666,0.0,poor_tracking_condition,requested_mode_matches_applied_mode
fis,persistent-low-generation,4,5180,86.33333333333333,14.333333333333334,2026-01-04T14:20:00Z,88.34056084463745,88.2633923403075,NORMAL,NORMAL,373.8789660004804,85.0,70.0,0.16787878787878788,135.53112517517414,60.01318222756711,54.0118640048104,1.0,3,-31.66995417700779,M3,2.503156805637983,M3,M3,1,85.68181818181819,-31.66995417700779,2.6391628480839824,5.916666666666666,0.0,poor_tracking_condition,requested_mode_matches_applied_mode
fis,persistent-low-generation,4,5185,86.41666666666667,14.416666666666666,2026-01-04T14:25:00Z,88.2633923403075,88.36340894905726,NORMAL,NORMAL,366.92986255965087,85.0,70.0,0.16787878787878788,133.01207517787347,58.89774688876237,53.00797219988613,1.0,3,-32.673845981932054,M2,2.4965371051340552,M1,M1,0,5.0,48.00797219988613,0.0,0.0,0.0,poor_tracking_condition,safety_reduction_applied_immediately
fis,persistent-low-generation,4,5190,86.5,14.5,2026-01-04T14:30:00Z,88.36340894905726,88.46127782830267,NORMAL,NORMAL,359.7937336267778,85.0,70.0,0.16787878787878788,130.42522843970696,57.75229115310224,51.97706203779202,1.0,3,46.97706203779202,M3,2.505080629828879,M3,M1,0,5.0,46.97706203779202,0.0,0.0,0.0,poor_tracking_condition,new_candidate_started
fis,persistent-low-generation,4,5195,86.58333333333333,14.583333333333334,2026-01-04T14:35:00Z,88.46127782830267,88.55694441744521,NORMAL,NORMAL,352.47631954379665,85.0,70.0,0.16787878787878788,127.7726658346263,56.57773643157252,50.91996278841527,1.0,3,45.91996278841527,M3,2.513125946876652,M3,M1,0,5.0,45.91996278841527,0.0,0.0,0.0,poor_tracking_condition,waiting_for_candidate_confirmation
fis,persistent-low-generation,4,5200,86.66666666666667,14.666666666666666,2026-01-04T14:40:00Z,88.55694441744521,88.46960453170902,NORMAL,NORMAL,344.9835361575411,85.0,70.0,0.16787878787878788,125.05653185710867,55.37503230632772,49.837529075694945,1.0,3,44.837529075694945,M3,2.520697837088012,M3,M3,1,85.68181818181819,-35.84428910612324,2.9870240921769367,5.916666666666666,0.0,poor_tracking_condition,candidate_confirmed_and_dwell_satisfied
fis,persistent-low-generation,4,5205,86.75,14.75,2026-01-04T14:45:00Z,88.46960453170902,88.37956754968117,NORMAL,NORMAL,337.3214739888144,85.0,70.0,0.16787878787878788,122.27903432094523,54.145156397314544,48.73064075758309,1.0,3,-36.9511774242351,M3,2.5137993596366344,M3,M3,1,85.68181818181819,-36.9511774242351,3.0792647853529247,5.916666666666666,0.0,poor_tracking_condition,requested_mode_matches_applied_mode
fis,persistent-low-generation,4,5210,86.83333333333333,14.833333333333334,2026-01-04T14:50:00Z,88.37956754968117,88.28677608928693,NORMAL,NORMAL,329.4963976092564,85.0,70.0,0.16787878787878788,119.44244413335547,52.8891142622498,47.60020283602482,1.0,3,-38.08161534579337,M3,2.5064382111084176,M3,M3,1,85.68181818181819,-38.08161534579337,3.1734679454827806,5.916666666666666,0.0,poor_tracking_condition,requested_mode_matches_applied_mode
fis,persistent-low-generation,4,5215,86.91666666666667,14.916666666666666,2026-01-04T14:55:00Z,88.28677608928693,88.37312430887627,NORMAL,NORMAL,321.51474526702947,85.0,70.0,0.16787878787878788,116.54909515929819,51.60793933653724,46.44714540288352,1.0,3,-39.234672778934666,M2,2.498577758468144,M1,M1,0,5.0,41.44714540288352,0.0,0.0,0.0,poor_tracking_condition,safety_reduction_applied_immediately
fis,persistent-low-generation,4,5220,87.0,15.0,2026-01-04T15:00:00Z,88.37312430887627,88.45702519143593,NORMAL,NORMAL,313.38312880856245,85.0,70.0,0.16787878787878788,113.6013841931039,50.302692920706406,45.272423628635764,1.0,3,40.272423628635764,M3,2.505897171356912,M3,M1,0,5.0,40.272423628635764,0.0,0.0,0.0,poor_tracking_condition,new_candidate_started
fis,persistent-low-generation,4,5225,87.08333333333333,15.083333333333334,2026-01-04T15:05:00Z,88.45702519143593,88.53843564518952,NORMAL,NORMAL,305.1083339509776,85.0,70.0,0.16787878787878788,110.6017710572294,48.97446422414117,44.07701780172706,1.0,3,39.07701780172706,M3,2.5127817841786784,M3,M1,0,5.0,39.07701780172706,0.0,0.0,0.0,poor_tracking_condition,waiting_for_candidate_confirmation
fis,persistent-low-generation,4,5230,87.16666666666667,15.166666666666666,2026-01-04T15:10:00Z,88.53843564518952,88.43409869403439,NORMAL,NORMAL,296.69732096864095,85.0,70.0,0.16787878787878788,107.55277885113236,47.62437047528141,42.86193342775327,1.0,3,37.86193342775327,M3,2.519255848276424,M3,M3,1,85.68181818181819,-42.819884754064915,3.5683237295054093,5.916666666666666,0.0,poor_tracking_condition,candidate_confirmed_and_dwell_satisfied
fis,persistent-low-generation,4,5235,87.25,15.25,2026-01-04T15:15:00Z,88.43409869403439,88.32675557321895,NORMAL,NORMAL,288.15722586785273,85.0,70.0,0.16787878787878788,104.45699437709663,46.25355711017839,41.62820139916055,1.0,3,-44.053616782657635,M3,2.510923611789485,M3,M3,1,85.68181818181819,-44.053616782657635,3.671134731888136,5.916666666666666,0.0,poor_tracking_condition,requested_mode_matches_applied_mode
fis,persistent-low-generation,4,5240,87.33333333333333,15.333333333333334,2026-01-04T15:20:00Z,88.32675557321895,88.21636341938411,NORMAL,NORMAL,279.4953621364577,85.0,70.0,0.16787878787878788,101.31706877446592,44.863198053333505,40.37687824800015,1.0,3,-45.304939933818034,M3,2.5019919917988362,M3,M3,1,85.68181818181819,-45.304939933818034,3.7754116611515025,5.916666666666666,0.0,poor_tracking_condition,requested_mode_matches_applied_mode
fis,persistent-low-generation,4,5245,87.41666666666667,15.416666666666666,2026-01-04T15:25:00Z,88.21636341938411,88.28742393291851,NORMAL,NORMAL,270.7192231706225,85.0,70.0,0.16787878787878788,98.13571839935068,43.45449610723247,39.10904649650923,1.0,3,-46.57277168530896,M2,2.4924161418944544,M1,M1,0,5.0,34.10904649650923,0.0,0.0,0.0,poor_tracking_condition,safety_reduction_applied_immediately
fis,persistent-low-generation,4,5250,87.5,15.5,2026-01-04T15:30:00Z,88.28742393291851,88.35581104775814,NORMAL,NORMAL,261.8364854999092,85.0,70.0,0.16787878787878788,94.9157259937171,42.02868347001793,37.82581512301614,1.0,3,32.82581512301614,M2,2.4986342156357995,M1,M1,0,5.0,32.82581512301614,0.0,0.0,0.0,poor_tracking_condition,requested_mode_matches_applied_mode
fis,persistent-low-generation,4,5255,87.58333333333333,15.583333333333334,2026-01-04T15:35:00Z,88.35581104775814,88.42149504809983,NORMAL,NORMAL,252.855012954932,85.0,70.0,0.16787878787878788,91.65994219616286,40.58702240446092,36.52832016401483,1.0,3,31.52832016401483,M3,2.504441430997253,M3,M1,0,5.0,31.52832016401483,0.0,0.0,0.0,poor_tracking_condition,new_candidate_started
fis,persistent-low-generation,4,5260,87.66666666666667,15.666666666666666,2026-01-04T15:40:00Z,88.42149504809983,88.48444864284438,NORMAL,NORMAL,243.7828619505026,85.0,70.0,0.16787878787878788,88.3712874570572,39.13080608598493,35.21772547738644,1.0,3,30.217725477386438,M3,2.509900118096803,M3,M1,0,5.0,30.217725477386438,0.0,0.0,0.0,poor_tracking_condition,waiting_for_candidate_confirmation
fis,persistent-low-generation,4,5265,87.75,15.75,2026-01-04T15:45:00Z,88.48444864284438,88.35826298376804,NORMAL,NORMAL,234.6282880927447,85.0,70.0,0.16787878787878788,85.05275443361997,37.66135966320692,33.895223696886234,1.0,3,28.895223696886234,M3,2.5149983486309355,M3,M3,1,85.68181818181819,-51.78659448493195,4.315549540410996,5.916666666666666,0.0,poor_tracking_condition,candidate_confirmed_and_dwell_satisfied
fis,persistent-low-generation,4,5270,87.83333333333333,15.833333333333334,2026-01-04T15:50:00Z,88.35826298376804,88.22882882010488,NORMAL,NORMAL,225.39975436323775,85.0,70.0,0.16787878787878788,81.7074109566737,36.18004157161511,32.5620374144536,1.0,3,-53.11978076736459,M3,2.5046477680347667,M3,M3,1,85.68181818181819,-53.11978076736459,4.426648397280382,5.916666666666666,0.0,poor_tracking_condition,requested_mode_matches_applied_mode
fis,persistent-low-generation,4,5275,87.91666666666667,15.916666666666666,2026-01-04T15:55:00Z,88.22882882010488,88.28345261309452,NORMAL,NORMAL,216.1059411895109,85.0,70.0,0.16787878787878788,78.33840368119772,34.688245150034355,31.21942063503092,1.0,3,-54.462397546787265,M2,2.4935106357462558,M1,M1,0,5.0,26.21942063503092,0.0,0.0,0.0,poor_tracking_condition,safety_reduction_applied_immediately
fis,persistent-low-generation,4,5280,88.0,16.0,2026-01-04T16:00:00Z,88.28345261309452,88.33526232259229,NORMAL,NORMAL,206.75575878282945,85.0,70.0,0.16787878787878788,74.94896255877568,33.187400621025866,29.86866055892328,1.0,3,24.86866055892328,M2,2.4982880630786086,M1,M1,0,5.0,24.86866055892328,0.0,0.0,0.0,poor_tracking_condition,requested_mode_matches_applied_mode
fis,persistent-low-generation,4,5285,88.08333333333333,16.083333333333332,2026-01-04T16:05:00Z,88.33526232259229,88.38424373875898,NORMAL,NORMAL,197.35836221618453,85.0,70.0,0.16787878787878788,71.5424063033669,31.678977511130867,28.511079760017783,1.0,3,23.511079760017783,M3,2.5027099593868276,M3,M1,0,5.0,23.511079760017783,0.0,0.0,0.0,poor_tracking_condition,new_candidate_started
fis,persistent-low-generation,4,5290,88.16666666666667,16.166666666666668,2026-01-04T16:10:00Z,88.38424373875898,88.43038548635357,NORMAL,NORMAL,187.9231698346319,85.0,70.0,0.16787878787878788,68.12214906505407,30.164487606005945,27.148038845405353,1.0,3,22.148038845405353,M3,2.506830625983084,M3,M1,0,5.0,22.148038845405353,0.0,0.0,0.0,poor_tracking_condition,waiting_for_candidate_confirmation
fis,persistent-low-generation,4,5295,88.25,16.25,2026-01-04T16:15:00Z,88.43038548635357,88.28442818012232,NORMAL,NORMAL,178.45988574631707,85.0,70.0,0.16787878787878788,64.69170858303994,28.645488560570083,25.780939704513074,1.0,3,20.780939704513074,M3,2.510622222575619,M3,M3,1,85.68181818181819,-59.90087847730511,4.991739873108759,5.916666666666666,0.0,poor_tracking_condition,candidate_confirmed_and_dwell_satisfied
fis,persistent-low-generation,4,5300,88.33333333333333,16.333333333333332,2026-01-04T16:20:00Z,88.28442818012232,88.32486824155094,NORMAL,NORMAL,168.97852734939664,85.0,70.0,0.16787878787878788,61.25471616415629,27.123588317488405,24.411229485739565,1.0,3,-61.27058869607862,M2,2.498373111315792,M1,M1,0,5.0,19.411229485739565,0.0,0.0,2.220446049250313e-16,poor_tracking_condition,safety_reduction_applied_immediately
fis,persistent-low-generation,4,5305,88.41666666666667,16.416666666666668,2026-01-04T16:25:00Z,88.32486824155094,88.3624524196315,NORMAL,NORMAL,159.48945912743983,85.0,70.0,0.16787878787878788,57.81492893369695,25.60045053184101,23.040405478656908,1.0,3,18.040405478656908,M3,2.50183260812521,M3,M1,0,5.0,18.040405478656908,0.0,0.0,0.0,poor_tracking_condition,new_candidate_started
fis,persistent-low-generation,4,5310,88.5,16.5,2026-01-04T16:30:00Z,88.3624524196315,88.3971816303279,NORMAL,NORMAL,150.00343432272103,85.0,70.0,0.16787878787878788,54.37624494198638,24.077801260311567,21.67002113428041,1.0,3,16.67002113428041,M3,2.50500018866011,M3,M1,0,5.0,16.67002113428041,0.0,0.0,0.0,poor_tracking_condition,waiting_for_candidate_confirmation
fis,persistent-low-generation,4,5315,88.58333333333333,16.583333333333332,2026-01-04T16:35:00Z,88.3971816303279,88.23787333439499,NORMAL,NORMAL,140.53164661624447,85.0,70.0,0.16787878787878788,50.942721898388626,22.55743725660648,20.301693530945833,1.0,3,15.301693530945833,M3,2.5079152699295375,M3,M3,1,85.68181818181819,-65.38012465087235,5.448343720906029,5.916666666666666,0.0,poor_tracking_condition,candidate_confirmed_and_dwell_satisfied
fis,persistent-low-generation,4,5320,88.66666666666667,16.666666666666668,2026-01-04T16:40:00Z,88.23787333439499,88.26690898585005,NORMAL,NORMAL,131.08579467086645,85.0,70.0,0.16787878787878788,47.51860056818909,21.04123633159413,18.937112698434717,1.0,3,-66.74470548338347,M2,2.4943037727546464,M1,M1,0,5.0,13.937112698434717,0.0,0.0,0.0,poor_tracking_condition,safety_reduction_applied_immediately
fis,persistent-low-generation,4,5325,88.75,16.75,2026-01-04T16:45:00Z,88.26690898585005,88.29311326368926,NORMAL,NORMAL,121.67816343103354,85.0,70.0,0.16787878787878788,44.10833424374967,19.53117040313235,17.578053362819116,1.0,3,12.578053362819116,M2,2.4968443501152406,M1,M1,0,5.0,12.578053362819116,0.0,0.0,0.0,poor_tracking_condition,requested_mode_matches_applied_mode
fis,persistent-low-generation,4,5330,88.83333333333333,16.833333333333332,2026-01-04T16:50:00Z,88.29311326368926,88.31650157596498,NORMAL,NORMAL,112.32172758060456,85.0,70.0,0.16787878787878788,40.71662624796916,18.029322102600744,16.22638989234067,1.0,3,11.22638989234067,M2,2.4991298373842117,M1,M1,0,5.0,11.22638989234067,0.0,0.0,0.0,poor_tracking_condition,requested_mode_matches_applied_mode
fis,persistent-low-generation,4,5335,88.91666666666667,16.916666666666668,2026-01-04T16:55:00Z,88.31650157596498,88.33709348335753,NORMAL,NORMAL,103.03028480154454,85.0,70.0,0.16787878787878788,37.3484782405599,16.537906164919924,14.884115548427932,1.0,3,9.884115548427932,M3,2.5011256411753604,M3,M1,0,5.0,9.884115548427932,0.0,0.0,0.0,poor_tracking_condition,new_candidate_started
fis,persistent-low-generation,4,5340,89.0,17.0,2026-01-04T17:00:00Z,88.33709348335753,88.35491299927283,NORMAL,NORMAL,93.81862989157457,85.0,70.0,0.16787878787878788,34.00925333569579,15.059297377046093,13.553367639341484,1.0,3,8.553367639341484,M3,2.5028644189038545,M3,M1,0,5.0,8.553367639341484,0.0,0.0,0.0,poor_tracking_condition,waiting_for_candidate_confirmation
fis,persistent-low-generation,4,5345,89.08333333333333,17.083333333333332,2026-01-04T17:05:00Z,88.35491299927283,88.17595257716152,NORMAL,NORMAL,84.70278615246784,85.0,70.0,0.16787878787878788,30.704759980269596,13.596067719263376,12.236460947337038,1.0,3,7.236460947337038,M3,2.5043658435436043,M3,M3,1,85.68181818181819,-73.44535723448115,6.1204464362067625,5.916666666666666,0.0,poor_tracking_condition,candidate_confirmed_and_dwell_satisfied
fis,persistent-low-generation,4,5350,89.16666666666667,17.166666666666668,2026-01-04T17:10:00Z,88.17595257716152,88.18831910435455,NORMAL,NORMAL,75.70031913007257,85.0,70.0,0.16787878787878788,27.44136568465131,12.1510367251636,10.93593305264724,1.0,3,-74.74588512917094,M2,2.4888003927285967,M1,M1,0,5.0,5.93593305264724,0.0,0.0,0.0,poor_tracking_condition,safety_reduction_applied_immediately
fis,persistent-low-generation,4,5355,89.25,17.25,2026-01-04T17:15:00Z,88.18831910435455,88.19801620286235,NORMAL,NORMAL,66.83077236639191,85.0,70.0,0.16787878787878788,24.22615498281707,10.7273414263914,9.65460728375226,1.0,3,4.654607283752259,M2,2.489920496854283,M1,M1,0,5.0,4.654607283752259,0.0,0.0,0.0,poor_tracking_condition,requested_mode_matches_applied_mode
fis,persistent-low-generation,4,5360,89.33333333333333,17.333333333333332,2026-01-04T17:20:00Z,88.19801620286235,88.20509054187563,NORMAL,NORMAL,58.11629045657233,85.0,70.0,0.16787878787878788,21.067155290507472,9.32853636263671,8.395682726373039,1.0,3,3.395682726373039,M2,2.4907976553753666,M1,M1,0,5.0,3.395682726373039,0.0,0.0,0.0,poor_tracking_condition,requested_mode_matches_applied_mode
fis,persistent-low-generation,4,5365,89.41666666666667,17.416666666666668,2026-01-04T17:25:00Z,88.20509054187563,88.20959651602054,NORMAL,NORMAL,49.58254223077303,85.0,70.0,0.16787878787878788,17.973671558655226,7.958741766172534,7.1628675895552805,1.0,3,2.1628675895552805,M2,2.4914249843044094,M1,M1,0,5.0,2.1628675895552805,0.0,0.0,0.0,poor_tracking_condition,requested_mode_matches_applied_mode
fis,persistent-low-generation,4,5370,89.5,17.5,2026-01-04T17:30:00Z,88.20959651602054,88.21159773646048,NORMAL,NORMAL,41.260150911287276,85.0,70.0,0.16787878787878788,14.95680470534164,6.622873123525278,5.96058581117275,1.0,3,0.9605858111727503,M2,2.4918213243323892,M1,M1,0,5.0,0.9605858111727503,0.0,0.0,0.0,poor_tracking_condition,requested_mode_matches_applied_mode
fis,persistent-low-generation,4,5375,89.58333333333333,17.583333333333332,2026-01-04T17:35:00Z,88.21159773646048,88.21109655696192,NORMAL,NORMAL,33.18703986676286,85.0,70.0,0.16787878787878788,12.030301951701539,5.327017704213441,4.794315933792097,1.0,3,-0.20568406620790292,M2,2.491997282480925,M1,M1,0,5.0,-0.20568406620790292,0.017140338850658576,0.0,0.0,poor_tracking_condition,requested_mode_matches_applied_mode
fis,persistent-low-generation,4,5380,89.66666666666667,17.666666666666668,2026-01-04T17:40:00Z,88.21109655696192,88.20785871769468,NORMAL,NORMAL,25.412583557295164,85.0,70.0,0.16787878787878788,9.212061539519498,4.079100849699234,3.6711907647293107,1.0,3,-1.3288092352706893,M2,2.491953219916565,M1,M1,0,5.0,-1.3288092352706893,0.1107341029392241,0.0,0.0,poor_tracking_condition,requested_mode_matches_applied_mode
fis,persistent-low-generation,4,5385,89.75,17.75,2026-01-04T17:45:00Z,88.20785871769468,88.20201363343699,NORMAL,NORMAL,18.005775996288865,85.0,70.0,0.16787878787878788,6.527093798654715,2.890197134044308,2.601177420639877,1.0,3,-2.398822579360123,M2,2.4916684943699052,M1,M1,0,5.0,-2.398822579360123,0.19990188161334357,0.0,0.0,poor_tracking_condition,requested_mode_matches_applied_mode
fis,persistent-low-generation,4,5390,89.83333333333333,17.833333333333332,2026-01-04T17:50:00Z,88.20201363343699,88.19372855939385,NORMAL,NORMAL,11.074116387152324,85.0,70.0,0.16787878787878788,4.0143671903427185,1.7775617918837558,1.5998056126953804,1.0,3,-3.4001943873046194,M2,2.4911542234544335,M1,M1,0,5.0,-3.4001943873046194,0.28334953227538495,0.0,0.0,poor_tracking_condition,requested_mode_matches_applied_mode
fis,persistent-low-generation,4,5395,89.91666666666667,17.916666666666668,2026-01-04T17:55:00Z,88.19372855939385,88.18324258168263,NORMAL,NORMAL,4.821666007779817,85.0,70.0,0.16787878787878788,1.747853927820184,0.7739497192387774,0.6965547473148997,1.0,3,-4.3034452526851,M2,2.4904099389861702,M1,M1,0,5.0,-4.3034452526851,0.35862043772375835,0.0,0.0,poor_tracking_condition,requested_mode_matches_applied_mode
fis,persistent-low-generation,4,5400,90.0,18.0,2026-01-04T18:00:00Z,88.18324258168263,88.1710593458152,NORMAL,NORMAL,3.822140361187655e-17,85.0,70.0,0.16787878787878788,1.3855258809305252e-17,6.1351086007603655e-18,5.521597740684329e-18,1.0,3,-5.0,M2,2.4894608893484347,M1,M1,0,5.0,-5.0,0.41666666666666663,0.0,0.0,poor_tracking_condition,requested_mode_matches_applied_mode
fis,persistent-low-generation,4,5405,90.08333333333333,18.083333333333332,2026-01-04T18:05:00Z,88.1710593458152,88.15887610994774,NORMAL,NORMAL,0.0,85.0,70.0,0.16787878787878788,0.0,0.0,0.0,1.0,3,-5.0,M2,2.488356726990068,M1,M1,0,5.0,-5.0,0.41666666666666663,0.0,0.0,poor_tracking_condition,requested_mode_matches_applied_mode
fis,persistent-low-generation,4,5410,90.16666666666667,18.166666666666668,2026-01-04T18:10:00Z,88.15887610994774,88.1466928740803,NORMAL,NORMAL,0.0,85.0,70.0,0.16787878787878788,0.0,0.0,0.0,1.0,3,-5.0,M2,2.487250949226552,M1,M1,0,5.0,-5.0,0.41666666666666663,0.0,0.0,poor_tracking_condition,requested_mode_matches_applied_mode
fis,persistent-low-generation,4,5415,90.25,18.25,2026-01-04T18:15:00Z,88.1466928740803,88.13450963821285,NORMAL,NORMAL,0.0,85.0,70.0,0.16787878787878788,0.0,0.0,0.0,1.0,3,-5.0,M2,2.4861435525102284,M1,M1,0,5.0,-5.0,0.41666666666666663,0.0,0.0,poor_tracking_condition,requested_mode_matches_applied_mode
fis,persistent-low-generation,4,5420,90.33333333333333,18.333333333333332,2026-01-04T18:20:00Z,88.13450963821285,88.1223264023454,NORMAL,NORMAL,0.0,85.0,70.0,0.16787878787878788,0.0,0.0,0.0,1.0,3,-5.0,M2,2.485034533283058,M1,M1,0,5.0,-5.0,0.41666666666666663,0.0,0.0,poor_tracking_condition,requested_mode_matches_applied_mode
fis,persistent-low-generation,4,5425,90.41666666666667,18.416666666666668,2026-01-04T18:25:00Z,88.1223264023454,88.11014316647795,NORMAL,NORMAL,0.0,85.0,70.0,0.16787878787878788,0.0,0.0,0.0,1.0,3,-5.0,M2,2.4839238879765784,M1,M1,0,5.0,-5.0,0.41666666666666663,0.0,0.0,poor_tracking_condition,requested_mode_matches_applied_mode
fis,persistent-low-generation,4,5430,90.5,18.5,2026-01-04T18:30:00Z,88.11014316647795,88.0979599306105,NORMAL,NORMAL,0.0,85.0,70.0,0.16787878787878788,0.0,0.0,0.0,1.0,3,-5.0,M2,2.4828116130118567,M1,M1,0,5.0,-5.0,0.41666666666666663,0.0,0.0,poor_tracking_condition,requested_mode_matches_applied_mode
fis,persistent-low-generation,4,5435,90.58333333333333,18.583333333333332,2026-01-04T18:35:00Z,88.0979599306105,88.08577669474306,NORMAL,NORMAL,0.0,85.0,70.0,0.16787878787878788,0.0,0.0,0.0,1.0,3,-5.0,M2,2.481692856481529,M1,M1,0,5.0,-5.0,0.41666666666666663,0.0,0.0,poor_tracking_condition,requested_mode_matches_applied_mode
fis,persistent-low-generation,4,5440,90.66666666666667,18.666666666666668,2026-01-04T18:40:00Z,88.08577669474306,88.0735934588756,NORMAL,NORMAL,0.0,85.0,70.0,0.16787878787878788,0.0,0.0,0.0,1.0,3,-5.0,M2,2.4805483070702925,M1,M1,0,5.0,-5.0,0.41666666666666663,0.0,0.0,poor_tracking_condition,requested_mode_matches_applied_mode
fis,persistent-low-generation,4,5445,90.75,18.75,2026-01-04T18:45:00Z,88.0735934588756,88.06141022300818,NORMAL,NORMAL,0.0,85.0,70.0,0.16787878787878788,0.0,0.0,0.0,1.0,3,-5.0,M2,2.479402030759959,M1,M1,0,5.0,-5.0,0.41666666666666663,0.0,0.0,poor_tracking_condition,requested_mode_matches_applied_mode
fis,persistent-low-generation,4,5450,90.83333333333333,18.833333333333332,2026-01-04T18:50:00Z,88.06141022300818,88.04922698714074,NORMAL,NORMAL,0.0,85.0,70.0,0.16787878787878788,0.0,0.0,0.0,1.0,3,-5.0,M2,2.478254023639231,M1,M1,0,5.0,-5.0,0.41666666666666663,0.0,0.0,poor_tracking_condition,requested_mode_matches_applied_mode
fis,persistent-low-generation,4,5455,90.91666666666667,18.916666666666668,2026-01-04T18:55:00Z,88.04922698714074,88.03704375127329,NORMAL,NORMAL,0.0,85.0,70.0,0.16787878787878788,0.0,0.0,0.0,1.0,3,-5.0,M2,2.4771042817850657,M1,M1,0,5.0,-5.0,0.41666666666666663,0.0,0.0,poor_tracking_condition,requested_mode_matches_applied_mode
fis,persistent-low-generation,4,5460,91.0,19.0,2026-01-04T19:00:00Z,88.03704375127329,88.02486051540585,NORMAL,NORMAL,0.0,85.0,70.0,0.16787878787878788,0.0,0.0,0.0,1.0,3,-5.0,M2,2.475952801262469,M1,M1,0,5.0,-5.0,0.41666666666666663,0.0,0.0,poor_tracking_condition,requested_mode_matches_applied_mode
fis,persistent-low-generation,4,5465,91.08333333333333,19.083333333333332,2026-01-04T19:05:00Z,88.02486051540585,88.0126772795384,NORMAL,NORMAL,0.0,85.0,70.0,0.16787878787878788,0.0,0.0,0.0,1.0,3,-5.0,M2,2.4747995781245793,M1,M1,0,5.0,-5.0,0.41666666666666663,0.0,0.0,poor_tracking_condition,requested_mode_matches_applied_mode
fis,persistent-low-generation,4,5470,91.16666666666667,19.166666666666668,2026-01-04T19:10:00Z,88.0126772795384,88.00049404367094,NORMAL,NORMAL,0.0,85.0,70.0,0.16787878787878788,0.0,0.0,0.0,1.0,3,-5.0,M2,2.473644608412562,M1,M1,0,5.0,-5.0,0.41666666666666663,0.0,0.0,poor_tracking_condition,requested_mode_matches_applied_mode
fis,persistent-low-generation,4,5475,91.25,19.25,2026-01-04T19:15:00Z,88.00049404367094,87.9883108078035,NORMAL,NORMAL,0.0,85.0,70.0,0.16787878787878788,0.0,0.0,0.0,1.0,3,-5.0,M2,2.472487888155593,M1,M1,0,5.0,-5.0,0.41666666666666663,0.0,0.0,poor_tracking_condition,requested_mode_matches_applied_mode
fis,persistent-low-generation,4,5480,91.33333333333333,19.333333333333332,2026-01-04T19:20:00Z,87.9883108078035,87.97612757193605,NORMAL,NORMAL,0.0,85.0,70.0,0.16787878787878788,0.0,0.0,0.0,1.0,3,-5.0,M2,2.4713012523376205,M1,M1,0,5.0,-5.0,0.41666666666666663,0.0,0.0,poor_tracking_condition,requested_mode_matches_applied_mode
fis,persistent-low-generation,4,5485,91.41666666666667,19.416666666666668,2026-01-04T19:25:00Z,87.97612757193605,87.96394433606861,NORMAL,NORMAL,0.0,85.0,70.0,0.16787878787878788,0.0,0.0,0.0,1.0,3,-5.0,M2,2.470111579328562,M1,M1,0,5.0,-5.0,0.41666666666666663,0.0,0.0,poor_tracking_condition,requested_mode_matches_applied_mode
fis,persistent-low-generation,4,5490,91.5,19.5,2026-01-04T19:30:00Z,87.96394433606861,87.95176110020115,NORMAL,NORMAL,0.0,85.0,70.0,0.16787878787878788,0.0,0.0,0.0,1.0,3,-5.0,M2,2.468920053208593,M1,M1,0,5.0,-5.0,0.41666666666666663,0.0,0.0,poor_tracking_condition,requested_mode_matches_applied_mode
fis,persistent-low-generation,4,5495,91.58333333333333,19.583333333333332,2026-01-04T19:35:00Z,87.95176110020115,87.93957786433371,NORMAL,NORMAL,0.0,85.0,70.0,0.16787878787878788,0.0,0.0,0.0,1.0,3,-5.0,M2,2.467726669644548,M1,M1,0,5.0,-5.0,0.41666666666666663,0.0,0.0,poor_tracking_condition,requested_mode_matches_applied_mode
fis,persistent-low-generation,4,5500,91.66666666666667,19.666666666666668,2026-01-04T19:40:00Z,87.93957786433371,87.92739462846626,NORMAL,NORMAL,0.0,85.0,70.0,0.16787878787878788,0.0,0.0,0.0,1.0,3,-5.0,M2,2.466531424289714,M1,M1,0,5.0,-5.0,0.41666666666666663,0.0,0.0,poor_tracking_condition,requested_mode_matches_applied_mode
fis,persistent-low-generation,4,5505,91.75,19.75,2026-01-04T19:45:00Z,87.92739462846626,87.91521139259882,NORMAL,NORMAL,0.0,85.0,70.0,0.16787878787878788,0.0,0.0,0.0,1.0,3,-5.0,M2,2.4653343127838983,M1,M1,0,5.0,-5.0,0.41666666666666663,0.0,0.0,poor_tracking_condition,requested_mode_matches_applied_mode
fis,persistent-low-generation,4,5510,91.83333333333333,19.833333333333332,2026-01-04T19:50:00Z,87.91521139259882,87.90302815673137,NORMAL,NORMAL,0.0,85.0,70.0,0.16787878787878788,0.0,0.0,0.0,1.0,3,-5.0,M2,2.4641353307532072,M1,M1,0,5.0,-5.0,0.41666666666666663,0.0,0.0,poor_tracking_condition,requested_mode_matches_applied_mode
fis,persistent-low-generation,4,5515,91.91666666666667,19.916666666666668,2026-01-04T19:55:00Z,87.90302815673137,87.89084492086393,NORMAL,NORMAL,0.0,85.0,70.0,0.16787878787878788,0.0,0.0,0.0,1.0,3,-5.0,M2,2.4629344738100456,M1,M1,0,5.0,-5.0,0.41666666666666663,0.0,0.0,poor_tracking_condition,requested_mode_matches_applied_mode
fis,persistent-low-generation,4,5520,92.0,20.0,2026-01-04T20:00:00Z,87.89084492086393,87.87866168499649,NORMAL,NORMAL,0.0,85.0,70.0,0.16787878787878788,0.0,0.0,0.0,0.75,2,-5.0,M2,2.453211494318901,M1,M1,0,5.0,-5.0,0.41666666666666663,0.0,0.0,poor_tracking_condition,requested_mode_matches_applied_mode
fis,persistent-low-generation,4,5525,92.08333333333333,20.083333333333332,2026-01-04T20:05:00Z,87.87866168499649,87.86647844912905,NORMAL,NORMAL,0.0,85.0,70.0,0.16787878787878788,0.0,0.0,0.0,0.75,2,-5.0,M2,2.45195064035677,M1,M1,0,5.0,-5.0,0.41666666666666663,0.0,0.0,poor_tracking_condition,requested_mode_matches_applied_mode
fis,persistent-low-generation,4,5530,92.16666666666667,20.166666666666668,2026-01-04T20:10:00Z,87.86647844912905,87.8542952132616,NORMAL,NORMAL,0.0,85.0,70.0,0.16787878787878788,0.0,0.0,0.0,0.75,2,-5.0,M2,2.450687729164908,M1,M1,0,5.0,-5.0,0.41666666666666663,0.0,0.0,poor_tracking_condition,requested_mode_matches_applied_mode
fis,persistent-low-generation,4,5535,92.25,20.25,2026-01-04T20:15:00Z,87.8542952132616,87.84211197739415,NORMAL,NORMAL,0.0,85.0,70.0,0.16787878787878788,0.0,0.0,0.0,0.75,2,-5.0,M2,2.449422755704295,M1,M1,0,5.0,-5.0,0.41666666666666663,0.0,0.0,poor_tracking_condition,requested_mode_matches_applied_mode
fis,persistent-low-generation,4,5540,92.33333333333333,20.333333333333332,2026-01-04T20:20:00Z,87.84211197739415,87.8299287415267,NORMAL,NORMAL,0.0,85.0,70.0,0.16787878787878788,0.0,0.0,0.0,0.75,2,-5.0,M2,2.4481557149194053,M1,M1,0,5.0,-5.0,0.41666666666666663,0.0,0.0,poor_tracking_condition,requested_mode_matches_applied_mode
fis,persistent-low-generation,4,5545,92.41666666666667,20.416666666666668,2026-01-04T20:25:00Z,87.8299287415267,87.81774550565926,NORMAL,NORMAL,0.0,85.0,70.0,0.16787878787878788,0.0,0.0,0.0,0.75,2,-5.0,M2,2.446886601738265,M1,M1,0,5.0,-5.0,0.41666666666666663,0.0,0.0,poor_tracking_condition,requested_mode_matches_applied_mode
fis,persistent-low-generation,4,5550,92.5,20.5,2026-01-04T20:30:00Z,87.81774550565926,87.8055622697918,NORMAL,NORMAL,0.0,85.0,70.0,0.16787878787878788,0.0,0.0,0.0,0.75,2,-5.0,M2,2.4456154110722124,M1,M1,0,5.0,-5.0,0.41666666666666663,0.0,0.0,poor_tracking_condition,requested_mode_matches_applied_mode
fis,persistent-low-generation,4,5555,92.58333333333333,20.583333333333332,2026-01-04T20:35:00Z,87.8055622697918,87.79337903392437,NORMAL,NORMAL,0.0,85.0,70.0,0.16787878787878788,0.0,0.0,0.0,0.75,2,-5.0,M2,2.444342137815925,M1,M1,0,5.0,-5.0,0.41666666666666663,0.0,0.0,poor_tracking_condition,requested_mode_matches_applied_mode
fis,persistent-low-generation,4,5560,92.66666666666667,20.666666666666668,2026-01-04T20:40:00Z,87.79337903392437,87.78119579805691,NORMAL,NORMAL,0.0,85.0,70.0,0.16787878787878788,0.0,0.0,0.0,0.75,2,-5.0,M2,2.443050061927617,M1,M1,0,5.0,-5.0,0.41666666666666663,0.0,0.0,poor_tracking_condition,requested_mode_matches_applied_mode
fis,persistent-low-generation,4,5565,92.75,20.75,2026-01-04T20:45:00Z,87.78119579805691,87.76901256218947,NORMAL,NORMAL,0.0,85.0,70.0,0.16787878787878788,0.0,0.0,0.0,0.75,2,-5.0,M2,2.4417417721201775,M1,M1,0,5.0,-5.0,0.41666666666666663,0.0,0.0,poor_tracking_condition,requested_mode_matches_applied_mode
fis,persistent-low-generation,4,5570,92.83333333333333,20.833333333333332,2026-01-04T20:50:00Z,87.76901256218947,87.75682932632202,NORMAL,NORMAL,0.0,85.0,70.0,0.16787878787878788,0.0,0.0,0.0,0.75,2,-5.0,M2,2.4404312817773914,M1,M1,0,5.0,-5.0,0.41666666666666663,0.0,0.0,poor_tracking_condition,requested_mode_matches_applied_mode
fis,persistent-low-generation,4,5575,92.91666666666667,20.916666666666668,2026-01-04T20:55:00Z,87.75682932632202,87.74464609045458,NORMAL,NORMAL,0.0,85.0,70.0,0.16787878787878788,0.0,0.0,0.0,0.75,2,-5.0,M2,2.439118585342648,M1,M1,0,5.0,-5.0,0.41666666666666663,0.0,0.0,poor_tracking_condition,requested_mode_matches_applied_mode
fis,persistent-low-generation,4,5580,93.0,21.0,2026-01-04T21:00:00Z,87.74464609045458,87.73246285458713,NORMAL,NORMAL,0.0,85.0,70.0,0.16787878787878788,0.0,0.0,0.0,0.75,2,-5.0,M2,2.437803677240624,M1,M1,0,5.0,-5.0,0.41666666666666663,0.0,0.0,poor_tracking_condition,requested_mode_matches_applied_mode
fis,persistent-low-generation,4,5585,93.08333333333333,21.083333333333332,2026-01-04T21:05:00Z,87.73246285458713,87.72027961871969,NORMAL,NORMAL,0.0,85.0,70.0,0.16787878787878788,0.0,0.0,0.0,0.75,2,-5.0,M2,2.4364865518771874,M1,M1,0,5.0,-5.0,0.41666666666666663,0.0,0.0,poor_tracking_condition,requested_mode_matches_applied_mode
fis,persistent-low-generation,4,5590,93.16666666666667,21.166666666666668,2026-01-04T21:10:00Z,87.72027961871969,87.70809638285223,NORMAL,NORMAL,0.0,85.0,70.0,0.16787878787878788,0.0,0.0,0.0,0.75,2,-5.0,M2,2.435167203639297,M1,M1,0,5.0,-5.0,0.41666666666666663,0.0,0.0,poor_tracking_condition,requested_mode_matches_applied_mode
fis,persistent-low-generation,4,5595,93.25,21.25,2026-01-04T21:15:00Z,87.70809638285223,87.6959131469848,NORMAL,NORMAL,0.0,85.0,70.0,0.16787878787878788,0.0,0.0,0.0,0.75,2,-5.0,M2,2.433845626895039,M1,M1,0,5.0,-5.0,0.41666666666666663,0.0,0.0,poor_tracking_condition,requested_mode_matches_applied_mode
fis,persistent-low-generation,4,5600,93.33333333333333,21.333333333333332,2026-01-04T21:20:00Z,87.6959131469848,87.68372991111734,NORMAL,NORMAL,0.0,85.0,70.0,0.16787878787878788,0.0,0.0,0.0,0.75,2,-5.0,M2,2.4325113583645175,M1,M1,0,5.0,-5.0,0.41666666666666663,0.0,0.0,poor_tracking_condition,requested_mode_matches_applied_mode
fis,persistent-low-generation,4,5605,93.41666666666667,21.416666666666668,2026-01-04T21:25:00Z,87.68372991111734,87.67154667524991,NORMAL,NORMAL,0.0,85.0,70.0,0.16787878787878788,0.0,0.0,0.0,0.75,2,-5.0,M2,2.4311540613061426,M1,M1,0,5.0,-5.0,0.41666666666666663,0.0,0.0,poor_tracking_condition,requested_mode_matches_applied_mode
fis,persistent-low-generation,4,5610,93.5,21.5,2026-01-04T21:30:00Z,87.67154667524991,87.65936343938246,NORMAL,NORMAL,0.0,85.0,70.0,0.16787878787878788,0.0,0.0,0.0,0.75,2,-5.0,M2,2.4297944116286163,M1,M1,0,5.0,-5.0,0.41666666666666663,0.0,0.0,poor_tracking_condition,requested_mode_matches_applied_mode
fis,persistent-low-generation,4,5615,93.58333333333333,21.583333333333332,2026-01-04T21:35:00Z,87.65936343938246,87.64718020351502,NORMAL,NORMAL,0.0,85.0,70.0,0.16787878787878788,0.0,0.0,0.0,0.75,2,-5.0,M2,2.4284324032098796,M1,M1,0,5.0,-5.0,0.41666666666666663,0.0,0.0,poor_tracking_condition,requested_mode_matches_applied_mode
fis,persistent-low-generation,4,5620,93.66666666666667,21.666666666666668,2026-01-04T21:40:00Z,87.64718020351502,87.63499696764757,NORMAL,NORMAL,0.0,85.0,70.0,0.16787878787878788,0.0,0.0,0.0,0.75,2,-5.0,M2,2.427068029906648,M1,M1,0,5.0,-5.0,0.41666666666666663,0.0,0.0,poor_tracking_condition,requested_mode_matches_applied_mode
fis,persistent-low-generation,4,5625,93.75,21.75,2026-01-04T21:45:00Z,87.63499696764757,87.62281373178013,NORMAL,NORMAL,0.0,85.0,70.0,0.16787878787878788,0.0,0.0,0.0,0.75,2,-5.0,M2,2.4257012855542603,M1,M1,0,5.0,-5.0,0.41666666666666663,0.0,0.0,poor_tracking_condition,requested_mode_matches_applied_mode
fis,persistent-low-generation,4,5630,93.83333333333333,21.833333333333332,2026-01-04T21:50:00Z,87.62281373178013,87.61063049591267,NORMAL,NORMAL,0.0,85.0,70.0,0.16787878787878788,0.0,0.0,0.0,0.75,2,-5.0,M2,2.424332163966594,M1,M1,0,5.0,-5.0,0.41666666666666663,0.0,0.0,poor_tracking_condition,requested_mode_matches_applied_mode
fis,persistent-low-generation,4,5635,93.91666666666667,21.916666666666668,2026-01-04T21:55:00Z,87.61063049591267,87.59844726004523,NORMAL,NORMAL,0.0,85.0,70.0,0.16787878787878788,0.0,0.0,0.0,0.75,2,-5.0,M2,2.4229606589360753,M1,M1,0,5.0,-5.0,0.41666666666666663,0.0,0.0,poor_tracking_condition,requested_mode_matches_applied_mode
fis,persistent-low-generation,4,5640,94.0,22.0,2026-01-04T22:00:00Z,87.59844726004523,87.58626402417778,NORMAL,NORMAL,0.0,85.0,70.0,0.16787878787878788,0.0,0.0,0.0,0.75,2,-5.0,M2,2.42158273539765,M1,M1,0,5.0,-5.0,0.41666666666666663,0.0,0.0,poor_tracking_condition,requested_mode_matches_applied_mode
fis,persistent-low-generation,4,5645,94.08333333333333,22.083333333333332,2026-01-04T22:05:00Z,87.58626402417778,87.57408078831034,NORMAL,NORMAL,0.0,85.0,70.0,0.16787878787878788,0.0,0.0,0.0,0.75,2,-5.0,M2,2.4201747704940226,M1,M1,0,5.0,-5.0,0.41666666666666663,0.0,0.0,poor_tracking_condition,requested_mode_matches_applied_mode
fis,persistent-low-generation,4,5650,94.16666666666667,22.166666666666668,2026-01-04T22:10:00Z,87.57408078831034,87.56189755244289,NORMAL,NORMAL,0.0,85.0,70.0,0.16787878787878788,0.0,0.0,0.0,0.75,2,-5.0,M2,2.4187642915086256,M1,M1,0,5.0,-5.0,0.41666666666666663,0.0,0.0,poor_tracking_condition,requested_mode_matches_applied_mode
fis,persistent-low-generation,4,5655,94.25,22.25,2026-01-04T22:15:00Z,87.56189755244289,87.54971431657545,NORMAL,NORMAL,0.0,85.0,70.0,0.16787878787878788,0.0,0.0,0.0,0.75,2,-5.0,M2,2.4173512917016593,M1,M1,0,5.0,-5.0,0.41666666666666663,0.0,0.0,poor_tracking_condition,requested_mode_matches_applied_mode
fis,persistent-low-generation,4,5660,94.33333333333333,22.333333333333332,2026-01-04T22:20:00Z,87.54971431657545,87.53753108070799,NORMAL,NORMAL,0.0,85.0,70.0,0.16787878787878788,0.0,0.0,0.0,0.75,2,-5.0,M2,2.4159357643092387,M1,M1,0,5.0,-5.0,0.41666666666666663,0.0,0.0,poor_tracking_condition,requested_mode_matches_applied_mode
fis,persistent-low-generation,4,5665,94.41666666666667,22.416666666666668,2026-01-04T22:25:00Z,87.53753108070799,87.52534784484055,NORMAL,NORMAL,0.0,85.0,70.0,0.16787878787878788,0.0,0.0,0.0,0.75,2,-5.0,M2,2.4145177025432334,M1,M1,0,5.0,-5.0,0.41666666666666663,0.0,0.0,poor_tracking_condition,requested_mode_matches_applied_mode
fis,persistent-low-generation,4,5670,94.5,22.5,2026-01-04T22:30:00Z,87.52534784484055,87.5131646089731,NORMAL,NORMAL,0.0,85.0,70.0,0.16787878787878788,0.0,0.0,0.0,0.75,2,-5.0,M2,2.4130970995912047,M1,M1,0,5.0,-5.0,0.41666666666666663,0.0,0.0,poor_tracking_condition,requested_mode_matches_applied_mode
fis,persistent-low-generation,4,5675,94.58333333333333,22.583333333333332,2026-01-04T22:35:00Z,87.5131646089731,87.50098137310566,NORMAL,NORMAL,0.0,85.0,70.0,0.16787878787878788,0.0,0.0,0.0,0.75,2,-5.0,M2,2.411673948616257,M1,M1,0,5.0,-5.0,0.41666666666666663,0.0,0.0,poor_tracking_condition,requested_mode_matches_applied_mode
fis,persistent-low-generation,4,5680,94.66666666666667,22.666666666666668,2026-01-04T22:40:00Z,87.50098137310566,87.48879813723822,NORMAL,NORMAL,0.0,85.0,70.0,0.16787878787878788,0.0,0.0,0.0,0.75,2,-5.0,M2,2.4102482427569316,M1,M1,0,5.0,-5.0,0.41666666666666663,0.0,0.0,poor_tracking_condition,requested_mode_matches_applied_mode
fis,persistent-low-generation,4,5685,94.75,22.75,2026-01-04T22:45:00Z,87.48879813723822,87.47661490137078,NORMAL,NORMAL,0.0,85.0,70.0,0.16787878787878788,0.0,0.0,0.0,0.75,2,-5.0,M2,2.4087904375245306,M1,M1,0,5.0,-5.0,0.41666666666666663,0.0,0.0,poor_tracking_condition,requested_mode_matches_applied_mode
fis,persistent-low-generation,4,5690,94.83333333333333,22.833333333333332,2026-01-04T22:50:00Z,87.47661490137078,87.46443166550333,NORMAL,NORMAL,0.0,85.0,70.0,0.16787878787878788,0.0,0.0,0.0,0.75,2,-5.0,M2,2.407327363682194,M1,M1,0,5.0,-5.0,0.41666666666666663,0.0,0.0,poor_tracking_condition,requested_mode_matches_applied_mode
fis,persistent-low-generation,4,5695,94.91666666666667,22.916666666666668,2026-01-04T22:55:00Z,87.46443166550333,87.45224842963589,NORMAL,NORMAL,0.0,85.0,70.0,0.16787878787878788,0.0,0.0,0.0,0.75,2,-5.0,M2,2.4058615968506456,M1,M1,0,5.0,-5.0,0.41666666666666663,0.0,0.0,poor_tracking_condition,requested_mode_matches_applied_mode
fis,persistent-low-generation,4,5700,95.0,23.0,2026-01-04T23:00:00Z,87.45224842963589,87.44006519376843,NORMAL,NORMAL,0.0,85.0,70.0,0.16787878787878788,0.0,0.0,0.0,0.35,1,-5.0,M2,1.780487804878042,M1,M1,0,5.0,-5.0,0.41666666666666663,0.0,0.0,poor_tracking_condition,requested_mode_matches_applied_mode
fis,persistent-low-generation,4,5705,95.08333333333333,23.083333333333332,2026-01-04T23:05:00Z,87.44006519376843,87.427881957901,NORMAL,NORMAL,0.0,85.0,70.0,0.16787878787878788,0.0,0.0,0.0,0.35,1,-5.0,M2,1.780487804878042,M1,M1,0,5.0,-5.0,0.41666666666666663,0.0,0.0,poor_tracking_condition,requested_mode_matches_applied_mode
fis,persistent-low-generation,4,5710,95.16666666666667,23.166666666666668,2026-01-04T23:10:00Z,87.427881957901,87.41569872203354,NORMAL,NORMAL,0.0,85.0,70.0,0.16787878787878788,0.0,0.0,0.0,0.35,1,-5.0,M2,1.780487804878042,M1,M1,0,5.0,-5.0,0.41666666666666663,0.0,0.0,poor_tracking_condition,requested_mode_matches_applied_mode
fis,persistent-low-generation,4,5715,95.25,23.25,2026-01-04T23:15:00Z,87.41569872203354,87.4035154861661,NORMAL,NORMAL,0.0,85.0,70.0,0.16787878787878788,0.0,0.0,0.0,0.35,1,-5.0,M2,1.780487804878042,M1,M1,0,5.0,-5.0,0.41666666666666663,0.0,0.0,poor_tracking_condition,requested_mode_matches_applied_mode
fis,persistent-low-generation,4,5720,95.33333333333333,23.333333333333332,2026-01-04T23:20:00Z,87.4035154861661,87.39133225029865,NORMAL,NORMAL,0.0,85.0,70.0,0.16787878787878788,0.0,0.0,0.0,0.35,1,-5.0,M2,1.780487804878042,M1,M1,0,5.0,-5.0,0.41666666666666663,0.0,0.0,poor_tracking_condition,requested_mode_matches_applied_mode
fis,persistent-low-generation,4,5725,95.41666666666667,23.416666666666668,2026-01-04T23:25:00Z,87.39133225029865,87.3791490144312,NORMAL,NORMAL,0.0,85.0,70.0,0.16787878787878788,0.0,0.0,0.0,0.35,1,-5.0,M2,1.780487804878042,M1,M1,0,5.0,-5.0,0.41666666666666663,0.0,0.0,poor_tracking_condition,requested_mode_matches_applied_mode
fis,persistent-low-generation,4,5730,95.5,23.5,2026-01-04T23:30:00Z,87.3791490144312,87.36696577856375,NORMAL,NORMAL,0.0,85.0,70.0,0.16787878787878788,0.0,0.0,0.0,0.35,1,-5.0,M2,1.780487804878042,M1,M1,0,5.0,-5.0,0.41666666666666663,0.0,0.0,poor_tracking_condition,requested_mode_matches_applied_mode
fis,persistent-low-generation,4,5735,95.58333333333333,23.583333333333332,2026-01-04T23:35:00Z,87.36696577856375,87.35478254269631,NORMAL,NORMAL,0.0,85.0,70.0,0.16787878787878788,0.0,0.0,0.0,0.35,1,-5.0,M2,1.780487804878042,M1,M1,0,5.0,-5.0,0.41666666666666663,0.0,0.0,poor_tracking_condition,requested_mode_matches_applied_mode
fis,persistent-low-generation,4,5740,95.66666666666667,23.666666666666668,2026-01-04T23:40:00Z,87.35478254269631,87.34259930682886,NORMAL,NORMAL,0.0,85.0,70.0,0.16787878787878788,0.0,0.0,0.0,0.35,1,-5.0,M2,1.780487804878042,M1,M1,0,5.0,-5.0,0.41666666666666663,0.0,0.0,poor_tracking_condition,requested_mode_matches_applied_mode
fis,persistent-low-generation,4,5745,95.75,23.75,2026-01-04T23:45:00Z,87.34259930682886,87.33041607096142,NORMAL,NORMAL,0.0,85.0,70.0,0.16787878787878788,0.0,0.0,0.0,0.35,1,-5.0,M2,1.780487804878042,M1,M1,0,5.0,-5.0,0.41666666666666663,0.0,0.0,poor_tracking_condition,requested_mode_matches_applied_mode
fis,persistent-low-generation,4,5750,95.83333333333333,23.833333333333332,2026-01-04T23:50:00Z,87.33041607096142,87.31823283509397,NORMAL,NORMAL,0.0,85.0,70.0,0.16787878787878788,0.0,0.0,0.0,0.35,1,-5.0,M2,1.780487804878042,M1,M1,0,5.0,-5.0,0.41666666666666663,0.0,0.0,poor_tracking_condition,requested_mode_matches_applied_mode
fis,persistent-low-generation,4,5755,95.91666666666667,23.916666666666668,2026-01-04T23:55:00Z,87.31823283509397,87.30604959922653,NORMAL,NORMAL,0.0,85.0,70.0,0.16787878787878788,0.0,0.0,0.0,0.35,1,-5.0,M2,1.780487804878042,M1,M1,0,5.0,-5.0,0.41666666666666663,0.0,0.0,poor_tracking_condition,requested_mode_matches_applied_mode
fis,persistent-low-generation,5,5760,96.0,0.0,2026-01-05T00:00:00Z,87.30604959922653,87.29386636335907,NORMAL,NORMAL,0.0,85.0,70.0,0.16787878787878788,0.0,0.0,0.0,0.2,0,-5.0,M1,1.0,M1,M1,0,5.0,-5.0,0.41666666666666663,0.0,0.0,,requested_mode_matches_applied_mode
fis,persistent-low-generation,5,5765,96.08333333333333,0.08333333333333333,2026-01-05T00:05:00Z,87.29386636335907,87.28168312749165,NORMAL,NORMAL,0.0,85.0,70.0,0.16787878787878788,0.0,0.0,0.0,0.2,0,-5.0,M1,1.0,M1,M1,0,5.0,-5.0,0.41666666666666663,0.0,0.0,,requested_mode_matches_applied_mode
fis,persistent-low-generation,5,5770,96.16666666666667,0.16666666666666666,2026-01-05T00:10:00Z,87.28168312749165,87.26949989162419,NORMAL,NORMAL,0.0,85.0,70.0,0.16787878787878788,0.0,0.0,0.0,0.2,0,-5.0,M1,1.0,M1,M1,0,5.0,-5.0,0.41666666666666663,0.0,0.0,,requested_mode_matches_applied_mode
fis,persistent-low-generation,5,5775,96.25,0.25,2026-01-05T00:15:00Z,87.26949989162419,87.25731665575675,NORMAL,NORMAL,0.0,85.0,70.0,0.16787878787878788,0.0,0.0,0.0,0.2,0,-5.0,M1,1.0,M1,M1,0,5.0,-5.0,0.41666666666666663,0.0,0.0,,requested_mode_matches_applied_mode
fis,persistent-low-generation,5,5780,96.33333333333333,0.3333333333333333,2026-01-05T00:20:00Z,87.25731665575675,87.2451334198893,NORMAL,NORMAL,0.0,85.0,70.0,0.16787878787878788,0.0,0.0,0.0,0.2,0,-5.0,M1,1.0,M1,M1,0,5.0,-5.0,0.41666666666666663,0.0,0.0,,requested_mode_matches_applied_mode
fis,persistent-low-generation,5,5785,96.41666666666667,0.4166666666666667,2026-01-05T00:25:00Z,87.2451334198893,87.23295018402186,NORMAL,NORMAL,0.0,85.0,70.0,0.16787878787878788,0.0,0.0,0.0,0.2,0,-5.0,M1,1.0,M1,M1,0,5.0,-5.0,0.41666666666666663,0.0,0.0,,requested_mode_matches_applied_mode
fis,persistent-low-generation,5,5790,96.5,0.5,2026-01-05T00:30:00Z,87.23295018402186,87.2207669481544,NORMAL,NORMAL,0.0,85.0,70.0,0.16787878787878788,0.0,0.0,0.0,0.2,0,-5.0,M1,1.0,M1,M1,0,5.0,-5.0,0.41666666666666663,0.0,0.0,,requested_mode_matches_applied_mode
fis,persistent-low-generation,5,5795,96.58333333333333,0.5833333333333334,2026-01-05T00:35:00Z,87.2207669481544,87.20858371228697,NORMAL,NORMAL,0.0,85.0,70.0,0.16787878787878788,0.0,0.0,0.0,0.2,0,-5.0,M1,1.0,M1,M1,0,5.0,-5.0,0.41666666666666663,0.0,0.0,,requested_mode_matches_applied_mode
fis,persistent-low-generation,5,5800,96.66666666666667,0.6666666666666666,2026-01-05T00:40:00Z,87.20858371228697,87.19640047641951,NORMAL,NORMAL,0.0,85.0,70.0,0.16787878787878788,0.0,0.0,0.0,0.2,0,-5.0,M1,1.0,M1,M1,0,5.0,-5.0,0.41666666666666663,0.0,0.0,,requested_mode_matches_applied_mode
fis,persistent-low-generation,5,5805,96.75,0.75,2026-01-05T00:45:00Z,87.19640047641951,87.18421724055206,NORMAL,NORMAL,0.0,85.0,70.0,0.16787878787878788,0.0,0.0,0.0,0.2,0,-5.0,M1,1.0,M1,M1,0,5.0,-5.0,0.41666666666666663,0.0,0.0,,requested_mode_matches_applied_mode
fis,persistent-low-generation,5,5810,96.83333333333333,0.8333333333333334,2026-01-05T00:50:00Z,87.18421724055206,87.17203400468462,NORMAL,NORMAL,0.0,85.0,70.0,0.16787878787878788,0.0,0.0,0.0,0.2,0,-5.0,M1,1.0,M1,M1,0,5.0,-5.0,0.41666666666666663,0.0,0.0,,requested_mode_matches_applied_mode
fis,persistent-low-generation,5,5815,96.91666666666667,0.9166666666666666,2026-01-05T00:55:00Z,87.17203400468462,87.15985076881717,NORMAL,NORMAL,0.0,85.0,70.0,0.16787878787878788,0.0,0.0,0.0,0.2,0,-5.0,M1,1.0,M1,M1,0,5.0,-5.0,0.41666666666666663,0.0,0.0,,requested_mode_matches_applied_mode
fis,persistent-low-generation,5,5820,97.0,1.0,2026-01-05T01:00:00Z,87.15985076881717,87.14766753294973,NORMAL,NORMAL,0.0,85.0,70.0,0.16787878787878788,0.0,0.0,0.0,0.2,0,-5.0,M1,1.0,M1,M1,0,5.0,-5.0,0.41666666666666663,0.0,0.0,,requested_mode_matches_applied_mode
fis,persistent-low-generation,5,5825,97.08333333333333,1.0833333333333333,2026-01-05T01:05:00Z,87.14766753294973,87.13548429708227,NORMAL,NORMAL,0.0,85.0,70.0,0.16787878787878788,0.0,0.0,0.0,0.2,0,-5.0,M1,1.0,M1,M1,0,5.0,-5.0,0.41666666666666663,0.0,0.0,,requested_mode_matches_applied_mode
fis,persistent-low-generation,5,5830,97.16666666666667,1.1666666666666667,2026-01-05T01:10:00Z,87.13548429708227,87.12330106121483,NORMAL,NORMAL,0.0,85.0,70.0,0.16787878787878788,0.0,0.0,0.0,0.2,0,-5.0,M1,1.0,M1,M1,0,5.0,-5.0,0.41666666666666663,0.0,0.0,,requested_mode_matches_applied_mode
fis,persistent-low-generation,5,5835,97.25,1.25,2026-01-05T01:15:00Z,87.12330106121483,87.11111782534738,NORMAL,NORMAL,0.0,85.0,70.0,0.16787878787878788,0.0,0.0,0.0,0.2,0,-5.0,M1,1.0,M1,M1,0,5.0,-5.0,0.41666666666666663,0.0,0.0,,requested_mode_matches_applied_mode
fis,persistent-low-generation,5,5840,97.33333333333333,1.3333333333333333,2026-01-05T01:20:00Z,87.11111782534738,87.09893458947995,NORMAL,NORMAL,0.0,85.0,70.0,0.16787878787878788,0.0,0.0,0.0,0.2,0,-5.0,M1,1.0,M1,M1,0,5.0,-5.0,0.41666666666666663,0.0,0.0,,requested_mode_matches_applied_mode
fis,persistent-low-generation,5,5845,97.41666666666667,1.4166666666666667,2026-01-05T01:25:00Z,87.09893458947995,87.0867513536125,NORMAL,NORMAL,0.0,85.0,70.0,0.16787878787878788,0.0,0.0,0.0,0.2,0,-5.0,M1,1.0,M1,M1,0,5.0,-5.0,0.41666666666666663,0.0,0.0,,requested_mode_matches_applied_mode
fis,persistent-low-generation,5,5850,97.5,1.5,2026-01-05T01:30:00Z,87.0867513536125,87.07456811774506,NORMAL,NORMAL,0.0,85.0,70.0,0.16787878787878788,0.0,0.0,0.0,0.2,0,-5.0,M1,1.0,M1,M1,0,5.0,-5.0,0.41666666666666663,0.0,0.0,,requested_mode_matches_applied_mode
fis,persistent-low-generation,5,5855,97.58333333333333,1.5833333333333333,2026-01-05T01:35:00Z,87.07456811774506,87.0623848818776,NORMAL,NORMAL,0.0,85.0,70.0,0.16787878787878788,0.0,0.0,0.0,0.2,0,-5.0,M1,1.0,M1,M1,0,5.0,-5.0,0.41666666666666663,0.0,0.0,,requested_mode_matches_applied_mode
fis,persistent-low-generation,5,5860,97.66666666666667,1.6666666666666667,2026-01-05T01:40:00Z,87.0623848818776,87.05020164601017,NORMAL,NORMAL,0.0,85.0,70.0,0.16787878787878788,0.0,0.0,0.0,0.2,0,-5.0,M1,1.0,M1,M1,0,5.0,-5.0,0.41666666666666663,0.0,0.0,,requested_mode_matches_applied_mode
fis,persistent-low-generation,5,5865,97.75,1.75,2026-01-05T01:45:00Z,87.05020164601017,87.03801841014271,NORMAL,NORMAL,0.0,85.0,70.0,0.16787878787878788,0.0,0.0,0.0,0.2,0,-5.0,M1,1.0,M1,M1,0,5.0,-5.0,0.41666666666666663,0.0,0.0,,requested_mode_matches_applied_mode
fis,persistent-low-generation,5,5870,97.83333333333333,1.8333333333333333,2026-01-05T01:50:00Z,87.03801841014271,87.02583517427527,NORMAL,NORMAL,0.0,85.0,70.0,0.16787878787878788,0.0,0.0,0.0,0.2,0,-5.0,M1,1.0,M1,M1,0,5.0,-5.0,0.41666666666666663,0.0,0.0,,requested_mode_matches_applied_mode
fis,persistent-low-generation,5,5875,97.91666666666667,1.9166666666666667,2026-01-05T01:55:00Z,87.02583517427527,87.01365193840782,NORMAL,NORMAL,0.0,85.0,70.0,0.16787878787878788,0.0,0.0,0.0,0.2,0,-5.0,M1,1.0,M1,M1,0,5.0,-5.0,0.41666666666666663,0.0,0.0,,requested_mode_matches_applied_mode
fis,persistent-low-generation,5,5880,98.0,2.0,2026-01-05T02:00:00Z,87.01365193840782,87.00146870254038,NORMAL,NORMAL,0.0,85.0,70.0,0.16787878787878788,0.0,0.0,0.0,0.2,0,-5.0,M1,1.0,M1,M1,0,5.0,-5.0,0.41666666666666663,0.0,0.0,,requested_mode_matches_applied_mode
fis,persistent-low-generation,5,5885,98.08333333333333,2.0833333333333335,2026-01-05T02:05:00Z,87.00146870254038,86.98928546667292,NORMAL,NORMAL,0.0,85.0,70.0,0.16787878787878788,0.0,0.0,0.0,0.2,0,-5.0,M1,1.0,M1,M1,0,5.0,-5.0,0.41666666666666663,0.0,0.0,,requested_mode_matches_applied_mode
fis,persistent-low-generation,5,5890,98.16666666666667,2.1666666666666665,2026-01-05T02:10:00Z,86.98928546667292,86.97710223080549,NORMAL,NORMAL,0.0,85.0,70.0,0.16787878787878788,0.0,0.0,0.0,0.2,0,-5.0,M1,1.0,M1,M1,0,5.0,-5.0,0.41666666666666663,0.0,0.0,,requested_mode_matches_applied_mode
fis,persistent-low-generation,5,5895,98.25,2.25,2026-01-05T02:15:00Z,86.97710223080549,86.96491899493803,NORMAL,NORMAL,0.0,85.0,70.0,0.16787878787878788,0.0,0.0,0.0,0.2,0,-5.0,M1,1.0,M1,M1,0,5.0,-5.0,0.41666666666666663,0.0,0.0,,requested_mode_matches_applied_mode
fis,persistent-low-generation,5,5900,98.33333333333333,2.3333333333333335,2026-01-05T02:20:00Z,86.96491899493803,86.95273575907059,NORMAL,NORMAL,0.0,85.0,70.0,0.16787878787878788,0.0,0.0,0.0,0.2,0,-5.0,M1,1.0,M1,M1,0,5.0,-5.0,0.41666666666666663,0.0,0.0,,requested_mode_matches_applied_mode
fis,persistent-low-generation,5,5905,98.41666666666667,2.4166666666666665,2026-01-05T02:25:00Z,86.95273575907059,86.94055252320314,NORMAL,NORMAL,0.0,85.0,70.0,0.16787878787878788,0.0,0.0,0.0,0.2,0,-5.0,M1,1.0,M1,M1,0,5.0,-5.0,0.41666666666666663,0.0,0.0,,requested_mode_matches_applied_mode
fis,persistent-low-generation,5,5910,98.5,2.5,2026-01-05T02:30:00Z,86.94055252320314,86.9283692873357,NORMAL,NORMAL,0.0,85.0,70.0,0.16787878787878788,0.0,0.0,0.0,0.2,0,-5.0,M1,1.0,M1,M1,0,5.0,-5.0,0.41666666666666663,0.0,0.0,,requested_mode_matches_applied_mode
fis,persistent-low-generation,5,5915,98.58333333333333,2.5833333333333335,2026-01-05T02:35:00Z,86.9283692873357,86.91618605146824,NORMAL,NORMAL,0.0,85.0,70.0,0.16787878787878788,0.0,0.0,0.0,0.2,0,-5.0,M1,1.0,M1,M1,0,5.0,-5.0,0.41666666666666663,0.0,0.0,,requested_mode_matches_applied_mode
fis,persistent-low-generation,5,5920,98.66666666666667,2.6666666666666665,2026-01-05T02:40:00Z,86.91618605146824,86.9040028156008,NORMAL,NORMAL,0.0,85.0,70.0,0.16787878787878788,0.0,0.0,0.0,0.2,0,-5.0,M1,1.0,M1,M1,0,5.0,-5.0,0.41666666666666663,0.0,0.0,,requested_mode_matches_applied_mode
fis,persistent-low-generation,5,5925,98.75,2.75,2026-01-05T02:45:00Z,86.9040028156008,86.89181957973337,NORMAL,NORMAL,0.0,85.0,70.0,0.16787878787878788,0.0,0.0,0.0,0.2,0,-5.0,M1,1.0,M1,M1,0,5.0,-5.0,0.41666666666666663,0.0,0.0,,requested_mode_matches_applied_mode
fis,persistent-low-generation,5,5930,98.83333333333333,2.8333333333333335,2026-01-05T02:50:00Z,86.89181957973337,86.87963634386593,NORMAL,NORMAL,0.0,85.0,70.0,0.16787878787878788,0.0,0.0,0.0,0.2,0,-5.0,M1,1.0,M1,M1,0,5.0,-5.0,0.41666666666666663,0.0,0.0,,requested_mode_matches_applied_mode
fis,persistent-low-generation,5,5935,98.91666666666667,2.9166666666666665,2026-01-05T02:55:00Z,86.87963634386593,86.86745310799847,NORMAL,NORMAL,0.0,85.0,70.0,0.16787878787878788,0.0,0.0,0.0,0.2,0,-5.0,M1,1.0,M1,M1,0,5.0,-5.0,0.41666666666666663,0.0,0.0,,requested_mode_matches_applied_mode
fis,persistent-low-generation,5,5940,99.0,3.0,2026-01-05T03:00:00Z,86.86745310799847,86.85526987213103,NORMAL,NORMAL,0.0,85.0,70.0,0.16787878787878788,0.0,0.0,0.0,0.2,0,-5.0,M1,1.0,M1,M1,0,5.0,-5.0,0.41666666666666663,0.0,0.0,,requested_mode_matches_applied_mode
fis,persistent-low-generation,5,5945,99.08333333333333,3.0833333333333335,2026-01-05T03:05:00Z,86.85526987213103,86.84308663626358,NORMAL,NORMAL,0.0,85.0,70.0,0.16787878787878788,0.0,0.0,0.0,0.2,0,-5.0,M1,1.0,M1,M1,0,5.0,-5.0,0.41666666666666663,0.0,0.0,,requested_mode_matches_applied_mode
fis,persistent-low-generation,5,5950,99.16666666666667,3.1666666666666665,2026-01-05T03:10:00Z,86.84308663626358,86.83090340039614,NORMAL,NORMAL,0.0,85.0,70.0,0.16787878787878788,0.0,0.0,0.0,0.2,0,-5.0,M1,1.0,M1,M1,0,5.0,-5.0,0.41666666666666663,0.0,0.0,,requested_mode_matches_applied_mode
fis,persistent-low-generation,5,5955,99.25,3.25,2026-01-05T03:15:00Z,86.83090340039614,86.81872016452868,NORMAL,NORMAL,0.0,85.0,70.0,0.16787878787878788,0.0,0.0,0.0,0.2,0,-5.0,M1,1.0,M1,M1,0,5.0,-5.0,0.41666666666666663,0.0,0.0,,requested_mode_matches_applied_mode
fis,persistent-low-generation,5,5960,99.33333333333333,3.3333333333333335,2026-01-05T03:20:00Z,86.81872016452868,86.80653692866125,NORMAL,NORMAL,0.0,85.0,70.0,0.16787878787878788,0.0,0.0,0.0,0.2,0,-5.0,M1,1.0,M1,M1,0,5.0,-5.0,0.41666666666666663,0.0,0.0,,requested_mode_matches_applied_mode
fis,persistent-low-generation,5,5965,99.41666666666667,3.4166666666666665,2026-01-05T03:25:00Z,86.80653692866125,86.79435369279379,NORMAL,NORMAL,0.0,85.0,70.0,0.16787878787878788,0.0,0.0,0.0,0.2,0,-5.0,M1,1.0,M1,M1,0,5.0,-5.0,0.41666666666666663,0.0,0.0,,requested_mode_matches_applied_mode
fis,persistent-low-generation,5,5970,99.5,3.5,2026-01-05T03:30:00Z,86.79435369279379,86.78217045692635,NORMAL,NORMAL,0.0,85.0,70.0,0.16787878787878788,0.0,0.0,0.0,0.2,0,-5.0,M1,1.0,M1,M1,0,5.0,-5.0,0.41666666666666663,0.0,0.0,,requested_mode_matches_applied_mode
fis,persistent-low-generation,5,5975,99.58333333333333,3.5833333333333335,2026-01-05T03:35:00Z,86.78217045692635,86.7699872210589,NORMAL,NORMAL,0.0,85.0,70.0,0.16787878787878788,0.0,0.0,0.0,0.2,0,-5.0,M1,1.0,M1,M1,0,5.0,-5.0,0.41666666666666663,0.0,0.0,,requested_mode_matches_applied_mode
fis,persistent-low-generation,5,5980,99.66666666666667,3.6666666666666665,2026-01-05T03:40:00Z,86.7699872210589,86.75780398519146,NORMAL,NORMAL,0.0,85.0,70.0,0.16787878787878788,0.0,0.0,0.0,0.2,0,-5.0,M1,1.0,M1,M1,0,5.0,-5.0,0.41666666666666663,0.0,0.0,,requested_mode_matches_applied_mode
fis,persistent-low-generation,5,5985,99.75,3.75,2026-01-05T03:45:00Z,86.75780398519146,86.745620749324,NORMAL,NORMAL,0.0,85.0,70.0,0.16787878787878788,0.0,0.0,0.0,0.2,0,-5.0,M1,1.0,M1,M1,0,5.0,-5.0,0.41666666666666663,0.0,0.0,,requested_mode_matches_applied_mode
fis,persistent-low-generation,5,5990,99.83333333333333,3.8333333333333335,2026-01-05T03:50:00Z,86.745620749324,86.73343751345656,NORMAL,NORMAL,0.0,85.0,70.0,0.16787878787878788,0.0,0.0,0.0,0.2,0,-5.0,M1,1.0,M1,M1,0,5.0,-5.0,0.41666666666666663,0.0,0.0,,requested_mode_matches_applied_mode
fis,persistent-low-generation,5,5995,99.91666666666667,3.9166666666666665,2026-01-05T03:55:00Z,86.73343751345656,86.72125427758911,NORMAL,NORMAL,0.0,85.0,70.0,0.16787878787878788,0.0,0.0,0.0,0.2,0,-5.0,M1,1.0,M1,M1,0,5.0,-5.0,0.41666666666666663,0.0,0.0,,requested_mode_matches_applied_mode
fis,persistent-low-generation,5,6000,100.0,4.0,2026-01-05T04:00:00Z,86.72125427758911,86.70907104172169,NORMAL,NORMAL,0.0,85.0,70.0,0.16787878787878788,0.0,0.0,0.0,0.2,0,-5.0,M1,1.0,M1,M1,0,5.0,-5.0,0.41666666666666663,0.0,0.0,,requested_mode_matches_applied_mode
fis,persistent-low-generation,5,6005,100.08333333333333,4.083333333333333,2026-01-05T04:05:00Z,86.70907104172169,86.69688780585423,NORMAL,NORMAL,0.0,85.0,70.0,0.16787878787878788,0.0,0.0,0.0,0.2,0,-5.0,M1,1.0,M1,M1,0,5.0,-5.0,0.41666666666666663,0.0,0.0,,requested_mode_matches_applied_mode
fis,persistent-low-generation,5,6010,100.16666666666667,4.166666666666667,2026-01-05T04:10:00Z,86.69688780585423,86.68470456998679,NORMAL,NORMAL,0.0,85.0,70.0,0.16787878787878788,0.0,0.0,0.0,0.2,0,-5.0,M1,1.0,M1,M1,0,5.0,-5.0,0.41666666666666663,0.0,0.0,,requested_mode_matches_applied_mode
fis,persistent-low-generation,5,6015,100.25,4.25,2026-01-05T04:15:00Z,86.68470456998679,86.67252133411934,NORMAL,NORMAL,0.0,85.0,70.0,0.16787878787878788,0.0,0.0,0.0,0.2,0,-5.0,M1,1.0,M1,M1,0,5.0,-5.0,0.41666666666666663,0.0,0.0,,requested_mode_matches_applied_mode
fis,persistent-low-generation,5,6020,100.33333333333333,4.333333333333333,2026-01-05T04:20:00Z,86.67252133411934,86.6603380982519,NORMAL,NORMAL,0.0,85.0,70.0,0.16787878787878788,0.0,0.0,0.0,0.2,0,-5.0,M1,1.0,M1,M1,0,5.0,-5.0,0.41666666666666663,0.0,0.0,,requested_mode_matches_applied_mode
fis,persistent-low-generation,5,6025,100.41666666666667,4.416666666666667,2026-01-05T04:25:00Z,86.6603380982519,86.64815486238444,NORMAL,NORMAL,0.0,85.0,70.0,0.16787878787878788,0.0,0.0,0.0,0.2,0,-5.0,M1,1.0,M1,M1,0,5.0,-5.0,0.41666666666666663,0.0,0.0,,requested_mode_matches_applied_mode
fis,persistent-low-generation,5,6030,100.5,4.5,2026-01-05T04:30:00Z,86.64815486238444,86.635971626517,NORMAL,NORMAL,0.0,85.0,70.0,0.16787878787878788,0.0,0.0,0.0,0.2,0,-5.0,M1,1.0,M1,M1,0,5.0,-5.0,0.41666666666666663,0.0,0.0,,requested_mode_matches_applied_mode
fis,persistent-low-generation,5,6035,100.58333333333333,4.583333333333333,2026-01-05T04:35:00Z,86.635971626517,86.62378839064955,NORMAL,NORMAL,0.0,85.0,70.0,0.16787878787878788,0.0,0.0,0.0,0.2,0,-5.0,M1,1.0,M1,M1,0,5.0,-5.0,0.41666666666666663,0.0,0.0,,requested_mode_matches_applied_mode
fis,persistent-low-generation,5,6040,100.66666666666667,4.666666666666667,2026-01-05T04:40:00Z,86.62378839064955,86.61160515478211,NORMAL,NORMAL,0.0,85.0,70.0,0.16787878787878788,0.0,0.0,0.0,0.2,0,-5.0,M1,1.0,M1,M1,0,5.0,-5.0,0.41666666666666663,0.0,0.0,,requested_mode_matches_applied_mode
fis,persistent-low-generation,5,6045,100.75,4.75,2026-01-05T04:45:00Z,86.61160515478211,86.59942191891466,NORMAL,NORMAL,0.0,85.0,70.0,0.16787878787878788,0.0,0.0,0.0,0.2,0,-5.0,M1,1.0,M1,M1,0,5.0,-5.0,0.41666666666666663,0.0,0.0,,requested_mode_matches_applied_mode
fis,persistent-low-generation,5,6050,100.83333333333333,4.833333333333333,2026-01-05T04:50:00Z,86.59942191891466,86.58723868304722,NORMAL,NORMAL,0.0,85.0,70.0,0.16787878787878788,0.0,0.0,0.0,0.2,0,-5.0,M1,1.0,M1,M1,0,5.0,-5.0,0.41666666666666663,0.0,0.0,,requested_mode_matches_applied_mode
fis,persistent-low-generation,5,6055,100.91666666666667,4.916666666666667,2026-01-05T04:55:00Z,86.58723868304722,86.57505544717976,NORMAL,NORMAL,0.0,85.0,70.0,0.16787878787878788,0.0,0.0,0.0,0.2,0,-5.0,M1,1.0,M1,M1,0,5.0,-5.0,0.41666666666666663,0.0,0.0,,requested_mode_matches_applied_mode
fis,persistent-low-generation,5,6060,101.0,5.0,2026-01-05T05:00:00Z,86.57505544717976,86.56287221131232,NORMAL,NORMAL,0.0,85.0,70.0,0.16787878787878788,0.0,0.0,0.0,0.2,0,-5.0,M1,1.0,M1,M1,0,5.0,-5.0,0.41666666666666663,0.0,0.0,,requested_mode_matches_applied_mode
fis,persistent-low-generation,5,6065,101.08333333333333,5.083333333333333,2026-01-05T05:05:00Z,86.56287221131232,86.55068897544487,NORMAL,NORMAL,0.0,85.0,70.0,0.16787878787878788,0.0,0.0,0.0,0.2,0,-5.0,M1,1.0,M1,M1,0,5.0,-5.0,0.41666666666666663,0.0,0.0,,requested_mode_matches_applied_mode
fis,persistent-low-generation,5,6070,101.16666666666667,5.166666666666667,2026-01-05T05:10:00Z,86.55068897544487,86.53850573957743,NORMAL,NORMAL,0.0,85.0,70.0,0.16787878787878788,0.0,0.0,0.0,0.2,0,-5.0,M1,1.0,M1,M1,0,5.0,-5.0,0.41666666666666663,0.0,0.0,,requested_mode_matches_applied_mode
fis,persistent-low-generation,5,6075,101.25,5.25,2026-01-05T05:15:00Z,86.53850573957743,86.52632250370998,NORMAL,NORMAL,0.0,85.0,70.0,0.16787878787878788,0.0,0.0,0.0,0.2,0,-5.0,M1,1.0,M1,M1,0,5.0,-5.0,0.41666666666666663,0.0,0.0,,requested_mode_matches_applied_mode
fis,persistent-low-generation,5,6080,101.33333333333333,5.333333333333333,2026-01-05T05:20:00Z,86.52632250370998,86.51413926784254,NORMAL,NORMAL,0.0,85.0,70.0,0.16787878787878788,0.0,0.0,0.0,0.2,0,-5.0,M1,1.0,M1,M1,0,5.0,-5.0,0.41666666666666663,0.0,0.0,,requested_mode_matches_applied_mode
fis,persistent-low-generation,5,6085,101.41666666666667,5.416666666666667,2026-01-05T05:25:00Z,86.51413926784254,86.5019560319751,NORMAL,NORMAL,0.0,85.0,70.0,0.16787878787878788,0.0,0.0,0.0,0.2,0,-5.0,M1,1.0,M1,M1,0,5.0,-5.0,0.41666666666666663,0.0,0.0,,requested_mode_matches_applied_mode
fis,persistent-low-generation,5,6090,101.5,5.5,2026-01-05T05:30:00Z,86.5019560319751,86.48977279610766,NORMAL,NORMAL,0.0,85.0,70.0,0.16787878787878788,0.0,0.0,0.0,0.7,2,-5.0,M2,2.2288942906844356,M1,M1,0,5.0,-5.0,0.41666666666666663,0.0,0.0,poor_tracking_condition,requested_mode_matches_applied_mode
fis,persistent-low-generation,5,6095,101.58333333333333,5.583333333333333,2026-01-05T05:35:00Z,86.48977279610766,86.4775895602402,NORMAL,NORMAL,0.0,85.0,70.0,0.16787878787878788,0.0,0.0,0.0,0.7,2,-5.0,M2,2.226778471440382,M1,M1,0,5.0,-5.0,0.41666666666666663,0.0,0.0,poor_tracking_condition,requested_mode_matches_applied_mode
fis,persistent-low-generation,5,6100,101.66666666666667,5.666666666666667,2026-01-05T05:40:00Z,86.4775895602402,86.46540632437276,NORMAL,NORMAL,0.0,85.0,70.0,0.16787878787878788,0.0,0.0,0.0,0.7,2,-5.0,M2,2.2246558751664867,M1,M1,0,5.0,-5.0,0.41666666666666663,0.0,0.0,poor_tracking_condition,requested_mode_matches_applied_mode
fis,persistent-low-generation,5,6105,101.75,5.75,2026-01-05T05:45:00Z,86.46540632437276,86.45322308850531,NORMAL,NORMAL,0.0,85.0,70.0,0.16787878787878788,0.0,0.0,0.0,0.7,2,-5.0,M2,2.2225283444228765,M1,M1,0,5.0,-5.0,0.41666666666666663,0.0,0.0,poor_tracking_condition,requested_mode_matches_applied_mode
fis,persistent-low-generation,5,6110,101.83333333333333,5.833333333333333,2026-01-05T05:50:00Z,86.45322308850531,86.44103985263787,NORMAL,NORMAL,0.0,85.0,70.0,0.16787878787878788,0.0,0.0,0.0,0.7,2,-5.0,M2,2.220395861982532,M1,M1,0,5.0,-5.0,0.41666666666666663,0.0,0.0,poor_tracking_condition,requested_mode_matches_applied_mode
fis,persistent-low-generation,5,6115,101.91666666666667,5.916666666666667,2026-01-05T05:55:00Z,86.44103985263787,86.42885661677042,NORMAL,NORMAL,0.0,85.0,70.0,0.16787878787878788,0.0,0.0,0.0,0.7,2,-5.0,M2,2.218258410538168,M1,M1,0,5.0,-5.0,0.41666666666666663,0.0,0.0,poor_tracking_condition,requested_mode_matches_applied_mode
fis,persistent-low-generation,5,6120,102.0,6.0,2026-01-05T06:00:00Z,86.42885661677042,86.41667338090298,NORMAL,NORMAL,0.0,85.0,70.0,0.16787878787878788,0.0,0.0,0.0,0.7,2,-5.0,M2,2.2161159727017297,M1,M1,0,5.0,-5.0,0.41666666666666663,0.0,0.0,poor_tracking_condition,requested_mode_matches_applied_mode
fis,persistent-low-generation,5,6125,102.08333333333333,6.083333333333333,2026-01-05T06:05:00Z,86.41667338090298,86.40618740319175,NORMAL,NORMAL,4.8216660077797915,85.0,70.0,0.16787878787878788,1.7478539278201746,0.7739497192387732,0.6965547473148959,0.7,2,-4.303445252685104,M2,2.2139685310039177,M1,M1,0,5.0,-4.303445252685104,0.3586204377237586,0.0,0.0,poor_tracking_condition,requested_mode_matches_applied_mode
fis,persistent-low-generation,5,6130,102.16666666666667,6.166666666666667,2026-01-05T06:10:00Z,86.40618740319175,86.39790232914862,NORMAL,NORMAL,11.074116387152303,85.0,70.0,0.16787878787878788,4.0143671903427105,1.7775617918837523,1.599805612695377,0.7,2,-3.400194387304623,M2,2.212116231270439,M1,M1,0,5.0,-3.400194387304623,0.28334953227538523,0.0,0.0,poor_tracking_condition,requested_mode_matches_applied_mode
fis,persistent-low-generation,5,6135,102.25,6.25,2026-01-05T06:15:00Z,86.39790232914862,86.39205724489092,NORMAL,NORMAL,18.005775996288847,85.0,70.0,0.16787878787878788,6.5270937986547075,2.8901971340443047,2.6011774206398743,0.7,2,-2.3988225793601257,M2,2.2106480587542907,M1,M1,0,5.0,-2.3988225793601257,0.1999018816133438,0.0,0.0,poor_tracking_condition,requested_mode_matches_applied_mode
fis,persistent-low-generation,5,6140,102.33333333333333,6.333333333333333,2026-01-05T06:20:00Z,86.39205724489092,86.38881940562369,NORMAL,NORMAL,25.412583557295157,85.0,70.0,0.16787878787878788,9.212061539519496,4.079100849699233,3.67119076472931,0.7,2,-1.3288092352706902,M2,2.2096066690804106,M1,M1,0,5.0,-1.3288092352706902,0.11073410293922417,0.0,0.0,poor_tracking_condition,requested_mode_matches_applied_mode
fis,persistent-low-generation,5,6145,102.41666666666667,6.416666666666667,2026-01-05T06:25:00Z,86.38881940562369,86.38831822612514,NORMAL,NORMAL,33.18703986676286,85.0,70.0,0.16787878787878788,12.030301951701539,5.327017704213441,4.794315933792097,0.7,2,-0.20568406620790292,M2,2.2090292957355344,M1,M1,0,5.0,-0.20568406620790292,0.017140338850658576,0.0,0.0,poor_tracking_condition,requested_mode_matches_applied_mode
fis,persistent-low-generation,5,6150,102.5,6.5,2026-01-05T06:30:00Z,86.38831822612514,86.39031944656507,NORMAL,NORMAL,41.260150911287276,85.0,70.0,0.16787878787878788,14.95680470534164,6.622873123525278,5.96058581117275,0.7,2,0.9605858111727503,M2,2.2089398930042026,M1,M1,0,5.0,0.9605858111727503,0.0,0.0,0.0,poor_tracking_condition,requested_mode_matches_applied_mode
fis,persistent-low-generation,5,6155,102.58333333333333,6.583333333333333,2026-01-05T06:35:00Z,86.39031944656507,86.39482542070996,NORMAL,NORMAL,49.58254223077287,85.0,70.0,0.16787878787878788,17.97367155865517,7.958741766172509,7.162867589555258,0.7,2,2.1628675895552583,M2,2.209296828560823,M1,M1,0,5.0,2.1628675895552583,0.0,0.0,0.0,poor_tracking_condition,requested_mode_matches_applied_mode
fis,persistent-low-generation,5,6160,102.66666666666667,6.666666666666667,2026-01-05T06:40:00Z,86.39482542070996,86.40189975972325,NORMAL,NORMAL,58.11629045657219,85.0,70.0,0.16787878787878788,21.067155290507422,9.328536362636687,8.395682726373018,0.7,2,3.3956827263730176,M2,2.210100006999916,M1,M1,0,5.0,3.3956827263730176,0.0,0.0,0.0,poor_tracking_condition,requested_mode_matches_applied_mode
fis,persistent-low-generation,5,6165,102.75,6.75,2026-01-05T06:45:00Z,86.40189975972325,86.41159685823106,NORMAL,NORMAL,66.83077236639176,85.0,70.0,0.16787878787878788,24.226154982817015,10.727341426391375,9.654607283752238,0.7,2,4.654607283752238,M2,2.211357764714152,M1,M1,0,5.0,4.654607283752238,0.0,0.0,0.0,poor_tracking_condition,requested_mode_matches_applied_mode
fis,persistent-low-generation,5,6170,102.83333333333333,6.833333333333333,2026-01-05T06:50:00Z,86.41159685823106,86.42396338542407,NORMAL,NORMAL,75.70031913007261,85.0,70.0,0.16787878787878788,27.441365684651327,12.151036725163607,10.935933052647247,0.7,2,5.935933052647247,M2,2.213072251821006,M1,M1,0,5.0,5.935933052647247,0.0,0.0,0.0,poor_tracking_condition,requested_mode_matches_applied_mode
fis,persistent-low-generation,5,6175,102.91666666666667,6.916666666666667,2026-01-05T06:55:00Z,86.42396338542407,86.43903934573105,NORMAL,NORMAL,84.7027861524679,85.0,70.0,0.16787878787878788,30.704759980269614,13.596067719263385,12.236460947337047,0.7,2,7.236460947337047,M2,2.2152540841459403,M1,M1,0,5.0,7.236460947337047,0.0,0.0,0.0,poor_tracking_condition,requested_mode_matches_applied_mode
fis,persistent-low-generation,5,6180,103.0,7.0,2026-01-05T07:00:00Z,86.43903934573105,86.45685886164634,NORMAL,NORMAL,93.81862989157445,85.0,70.0,0.16787878787878788,34.00925333569574,15.059297377046073,13.553367639341467,1.0,3,8.553367639341467,M2,2.272463309476759,M1,M1,0,5.0,8.553367639341467,0.0,0.0,0.0,poor_tracking_condition,requested_mode_matches_applied_mode
fis,persistent-low-generation,5,6185,103.08333333333333,7.083333333333333,2026-01-05T07:05:00Z,86.45685886164634,86.4774507690389,NORMAL,NORMAL,103.03028480154445,85.0,70.0,0.16787878787878788,37.34847824055987,16.53790616491991,14.88411554842792,1.0,3,9.88411554842792,M2,2.2752850505429487,M1,M1,0,5.0,9.88411554842792,0.0,0.0,1.1102230246251565e-16,poor_tracking_condition,requested_mode_matches_applied_mode
fis,persistent-low-generation,5,6190,103.16666666666667,7.166666666666667,2026-01-05T07:10:00Z,86.4774507690389,86.50083908131461,NORMAL,NORMAL,112.32172758060445,85.0,70.0,0.16787878787878788,40.71662624796912,18.029322102600723,16.226389892340652,1.0,3,11.226389892340652,M2,2.2785346967772813,M1,M1,0,5.0,11.226389892340652,0.0,0.0,1.1102230246251565e-16,poor_tracking_condition,requested_mode_matches_applied_mode
fis,persistent-low-generation,5,6195,103.25,7.25,2026-01-05T07:15:00Z,86.50083908131461,86.52704335915381,NORMAL,NORMAL,121.67816343103348,85.0,70.0,0.16787878787878788,44.108334243749646,19.531170403132343,17.57805336281911,1.0,3,12.578053362819109,M2,2.2822105419199996,M1,M1,0,5.0,12.578053362819109,0.0,0.0,0.0,poor_tracking_condition,requested_mode_matches_applied_mode
fis,persistent-low-generation,5,6200,103.33333333333333,7.333333333333333,2026-01-05T07:20:00Z,86.52704335915381,86.55607901060887,NORMAL,NORMAL,131.08579467086636,85.0,70.0,0.16787878787878788,47.518600568189065,21.041236331594117,18.937112698434706,1.0,3,13.937112698434706,M2,2.286288625076116,M1,M1,0,5.0,13.937112698434706,0.0,0.0,0.0,poor_tracking_condition,requested_mode_matches_applied_mode
fis,persistent-low-generation,5,6205,103.41666666666667,7.416666666666667,2026-01-05T07:25:00Z,86.55607901060887,86.58795753879835,NORMAL,NORMAL,140.53164661624442,85.0,70.0,0.16787878787878788,50.942721898388605,22.557437256606473,20.301693530945826,1.0,3,15.301693530945826,M2,2.29078536470292,M1,M1,0,5.0,15.301693530945826,0.0,0.0,0.0,poor_tracking_condition,requested_mode_matches_applied_mode
fis,persistent-low-generation,5,6210,103.5,7.5,2026-01-05T07:30:00Z,86.58795753879835,86.62268674949476,NORMAL,NORMAL,150.00343432272098,85.0,70.0,0.16787878787878788,54.376244941986364,24.07780126031156,21.670021134280404,1.0,3,16.670021134280404,M2,2.295695971412782,M1,M1,0,5.0,16.670021134280404,0.0,0.0,0.0,poor_tracking_condition,requested_mode_matches_applied_mode
fis,persistent-low-generation,5,6215,103.58333333333333,7.583333333333333,2026-01-05T07:35:00Z,86.62268674949476,86.66027092757531,NORMAL,NORMAL,159.4894591274398,85.0,70.0,0.16787878787878788,57.81492893369693,25.600450531841002,23.0404054786569,1.0,3,18.0404054786569,M2,2.300994644309386,M1,M1,0,5.0,18.0404054786569,0.0,0.0,0.0,poor_tracking_condition,requested_mode_matches_applied_mode
fis,persistent-low-generation,5,6220,103.66666666666667,7.666666666666667,2026-01-05T07:40:00Z,86.66027092757531,86.70071098900394,NORMAL,NORMAL,168.97852734939661,85.0,70.0,0.16787878787878788,61.25471616415628,27.1235883174884,24.41122948573956,1.0,3,19.41122948573956,M2,2.3066813480961255,M1,M1,0,5.0,19.41122948573956,0.0,0.0,0.0,poor_tracking_condition,requested_mode_matches_applied_mode
fis,persistent-low-generation,5,6225,103.75,7.75,2026-01-05T07:45:00Z,86.70071098900394,86.74400461338834,NORMAL,NORMAL,178.45988574631707,85.0,70.0,0.16787878787878788,64.69170858303994,28.645488560570083,25.780939704513074,1.0,3,20.780939704513074,M2,2.3127580334965394,M1,M1,0,5.0,20.780939704513074,0.0,0.0,0.0,poor_tracking_condition,requested_mode_matches_applied_mode
fis,persistent-low-generation,5,6230,103.83333333333333,7.833333333333333,2026-01-05T07:50:00Z,86.74400461338834,86.79014636098294,NORMAL,NORMAL,187.9231698346319,85.0,70.0,0.16787878787878788,68.12214906505407,30.164487606005945,27.148038845405353,1.0,3,22.148038845405353,M2,2.319179475884666,M1,M1,0,5.0,22.148038845405353,0.0,0.0,0.0,poor_tracking_condition,requested_mode_matches_applied_mode
fis,persistent-low-generation,5,6235,103.91666666666667,7.916666666666667,2026-01-05T07:55:00Z,86.79014636098294,86.83912777714964,NORMAL,NORMAL,197.35836221618453,85.0,70.0,0.16787878787878788,71.5424063033669,31.678977511130867,28.511079760017783,1.0,3,23.511079760017783,M2,2.3259705497515415,M1,M1,0,5.0,23.511079760017783,0.0,0.0,0.0,poor_tracking_condition,requested_mode_matches_applied_mode
fis,persistent-low-generation,5,6240,104.0,8.0,2026-01-05T08:00:00Z,86.83912777714964,86.8909374866474,NORMAL,NORMAL,206.75575878282945,85.0,70.0,0.16787878787878788,74.94896255877568,33.187400621025866,29.86866055892328,1.0,3,24.86866055892328,M2,2.3330870272399387,M1,M1,0,5.0,24.86866055892328,0.0,0.0,0.0,poor_tracking_condition,requested_mode_matches_applied_mode
fis,persistent-low-generation,5,6245,104.08333333333333,8.083333333333334,2026-01-05T08:05:00Z,86.8909374866474,86.94556127963706,NORMAL,NORMAL,216.1059411895107,85.0,70.0,0.16787878787878788,78.33840368119763,34.68824515003431,31.219420635030882,1.0,3,26.219420635030882,M2,2.3405406144838103,M1,M1,0,5.0,26.219420635030882,0.0,0.0,0.0,poor_tracking_condition,requested_mode_matches_applied_mode
fis,persistent-low-generation,5,6250,104.16666666666667,8.166666666666666,2026-01-05T08:10:00Z,86.94556127963706,87.00298219091717,NORMAL,NORMAL,225.39975436323758,85.0,70.0,0.16787878787878788,81.70741095667363,36.18004157161508,32.56203741445357,1.0,3,27.56203741445357,M2,2.348289048797058,M1,M1,0,5.0,27.56203741445357,0.0,0.0,0.0,poor_tracking_condition,requested_mode_matches_applied_mode
fis,persistent-low-generation,5,6255,104.25,8.25,2026-01-05T08:15:00Z,87.00298219091717,87.063180573619,NORMAL,NORMAL,234.6282880927447,85.0,70.0,0.16787878787878788,85.05275443361997,37.66135966320692,33.895223696886234,1.0,3,28.895223696886234,M2,2.3563434475140324,M1,M1,0,5.0,28.895223696886234,0.0,0.0,0.0,poor_tracking_condition,requested_mode_matches_applied_mode
fis,persistent-low-generation,5,6260,104.33333333333333,8.333333333333334,2026-01-05T08:20:00Z,87.063180573619,87.12613416836356,NORMAL,NORMAL,243.78286195050265,85.0,70.0,0.16787878787878788,88.37128745705722,39.130806085984936,35.217725477386445,1.0,3,30.217725477386445,M2,2.3646010330828284,M1,M1,0,5.0,30.217725477386445,0.0,0.0,0.0,poor_tracking_condition,requested_mode_matches_applied_mode
fis,persistent-low-generation,5,6265,104.41666666666667,8.416666666666666,2026-01-05T08:25:00Z,87.12613416836356,87.19181816870527,NORMAL,NORMAL,252.85501295493205,85.0,70.0,0.16787878787878788,91.65994219616287,40.58702240446092,36.52832016401483,1.0,3,31.52832016401483,M2,2.3730769587573937,M1,M1,0,5.0,31.52832016401483,0.0,0.0,0.0,poor_tracking_condition,requested_mode_matches_applied_mode
fis,persistent-low-generation,5,6270,104.5,8.5,2026-01-05T08:30:00Z,87.19181816870527,87.26020528354486,NORMAL,NORMAL,261.8364854999091,85.0,70.0,0.16787878787878788,94.91572599371706,42.02868347001791,37.82581512301612,1.0,3,32.82581512301612,M2,2.381723637023631,M1,M1,0,5.0,32.82581512301612,0.0,0.0,0.0,poor_tracking_condition,requested_mode_matches_applied_mode
fis,persistent-low-generation,5,6275,104.58333333333333,8.583333333333334,2026-01-05T08:35:00Z,87.26020528354486,87.33126579707927,NORMAL,NORMAL,270.71922317062246,85.0,70.0,0.16787878787878788,98.13571839935065,43.454496107232465,39.10904649650922,1.0,3,34.10904649650922,M2,2.3904682560244566,M1,M1,0,5.0,34.10904649650922,0.0,0.0,0.0,poor_tracking_condition,requested_mode_matches_applied_mode
fis,persistent-low-generation,5,6280,104.66666666666667,8.666666666666666,2026-01-05T08:40:00Z,87.33126579707927,87.4049676267626,NORMAL,NORMAL,279.4953621364576,85.0,70.0,0.16787878787878788,101.31706877446588,44.86319805333349,40.376878248000146,1.0,3,35.376878248000146,M2,2.399350128400859,M1,M1,0,5.0,35.376878248000146,0.0,0.0,0.0,poor_tracking_condition,requested_mode_matches_applied_mode
fis,persistent-low-generation,5,6285,104.75,8.75,2026-01-05T08:45:00Z,87.4049676267626,87.48127637967752,NORMAL,NORMAL,288.1572258678527,85.0,70.0,0.16787878787878788,104.4569943770966,46.25355711017838,41.62820139916054,1.0,3,36.62820139916054,M2,2.408338408605864,M1,M1,0,5.0,36.62820139916054,0.0,0.0,0.0,poor_tracking_condition,requested_mode_matches_applied_mode
fis,persistent-low-generation,5,6290,104.83333333333333,8.833333333333334,2026-01-05T08:50:00Z,87.48127637967752,87.560155407652,NORMAL,NORMAL,296.69732096864084,85.0,70.0,0.16787878787878788,107.55277885113232,47.62437047528139,42.86193342775325,1.0,3,37.86193342775325,M2,2.417355121299321,M1,M1,0,5.0,37.86193342775325,0.0,0.0,0.0,poor_tracking_condition,requested_mode_matches_applied_mode
fis,persistent-low-generation,5,6295,104.91666666666667,8.916666666666666,2026-01-05T08:55:00Z,87.560155407652,87.64156586140561,NORMAL,NORMAL,305.1083339509776,85.0,70.0,0.16787878787878788,110.6017710572294,48.97446422414117,44.07701780172706,1.0,3,39.07701780172706,M2,2.4264152401714956,M1,M1,0,5.0,39.07701780172706,0.0,0.0,0.0,poor_tracking_condition,requested_mode_matches_applied_mode
fis,persistent-low-generation,5,6300,105.0,9.0,2026-01-05T09:00:00Z,87.64156586140561,87.72546674396526,NORMAL,NORMAL,313.38312880856245,85.0,70.0,0.16787878787878788,113.6013841931039,50.302692920706406,45.272423628635764,1.0,3,40.272423628635764,M2,2.435504348124316,M1,M1,0,5.0,40.272423628635764,0.0,0.0,0.0,poor_tracking_condition,requested_mode_matches_applied_mode
fis,persistent-low-generation,5,6305,105.08333333333333,9.083333333333334,2026-01-05T09:05:00Z,87.72546674396526,87.8118149635546,NORMAL,NORMAL,321.5147452670294,85.0,70.0,0.16787878787878788,116.54909515929818,51.607939336537235,46.447145402883514,1.0,3,41.447145402883514,M2,2.444596370259506,M1,M1,0,5.0,41.447145402883514,0.0,0.0,0.0,poor_tracking_condition,requested_mode_matches_applied_mode
fis,persistent-low-generation,5,6310,105.16666666666667,9.166666666666666,2026-01-05T09:10:00Z,87.8118149635546,87.90056538612966,NORMAL,NORMAL,329.4963976092564,85.0,70.0,0.16787878787878788,119.44244413335547,52.8891142622498,47.60020283602482,1.0,3,42.60020283602482,M2,2.4536665598905265,M1,M1,0,5.0,42.60020283602482,0.0,0.0,0.0,poor_tracking_condition,requested_mode_matches_applied_mode
fis,persistent-low-generation,5,6315,105.25,9.25,2026-01-05T09:15:00Z,87.90056538612966,87.99167088770795,NORMAL,NORMAL,337.3214739888143,85.0,70.0,0.16787878787878788,122.2790343209452,54.14515639731453,48.730640757583075,1.0,3,43.730640757583075,M2,2.4626914993305093,M1,M1,0,5.0,43.730640757583075,0.0,0.0,0.0,poor_tracking_condition,requested_mode_matches_applied_mode
fis,persistent-low-generation,5,6320,105.33333333333333,9.333333333333334,2026-01-05T09:20:00Z,87.99167088770795,88.08508240661565,NORMAL,NORMAL,344.9835361575411,85.0,70.0,0.16787878787878788,125.05653185710867,55.37503230632772,49.837529075694945,1.0,3,44.837529075694945,M2,2.471629033192179,M1,M1,0,5.0,44.837529075694945,0.0,0.0,4.440892098500626e-16,poor_tracking_condition,requested_mode_matches_applied_mode
fis,persistent-low-generation,5,6325,105.41666666666667,9.416666666666666,2026-01-05T09:25:00Z,88.08508240661565,88.18074899575821,NORMAL,NORMAL,352.47631954379665,85.0,70.0,0.16787878787878788,127.7726658346263,56.57773643157252,50.91996278841527,1.0,3,45.91996278841527,M2,2.4804830304663192,M1,M1,0,5.0,45.91996278841527,0.0,0.0,0.0,poor_tracking_condition,requested_mode_matches_applied_mode
fis,persistent-low-generation,5,6330,105.5,9.5,2026-01-05T09:30:00Z,88.18074899575821,88.27861787500359,NORMAL,NORMAL,359.7937336267778,85.0,70.0,0.16787878787878788,130.42522843970696,57.75229115310224,51.97706203779202,1.0,3,46.97706203779202,M2,2.48923502784512,M1,M1,0,5.0,46.97706203779202,0.0,0.0,0.0,poor_tracking_condition,requested_mode_matches_applied_mode
fis,persistent-low-generation,5,6335,105.58333333333333,9.583333333333334,2026-01-05T09:35:00Z,88.27861787500359,88.37863448375334,NORMAL,NORMAL,366.9298625596508,85.0,70.0,0.16787878787878788,133.01207517787344,58.897746888762356,53.00797219988612,1.0,3,48.00797219988612,M2,2.497866436802484,M1,M1,0,5.0,48.00797219988612,0.0,0.0,0.0,poor_tracking_condition,requested_mode_matches_applied_mode
fis,persistent-low-generation,5,6340,105.66666666666667,9.666666666666666,2026-01-05T09:40:00Z,88.37863448375334,88.48074253376338,NORMAL,NORMAL,373.8789660004802,85.0,70.0,0.16787878787878788,135.53112517517408,60.01318222756708,54.01186400481037,1.0,3,49.01186400481037,M3,2.5063598857079503,M3,M1,0,5.0,49.01186400481037,0.0,0.0,0.0,poor_tracking_condition,new_candidate_started
fis,persistent-low-generation,5,6345,105.75,9.75,2026-01-05T09:45:00Z,88.48074253376338,88.58488406226677,NORMAL,NORMAL,380.63548011518435,85.0,70.0,0.16787878787878788,137.98036154175435,61.09770409068883,54.98793368161995,1.0,3,49.98793368161995,M3,2.514699179917432,M3,M1,0,5.0,49.98793368161995,0.0,0.0,0.0,poor_tracking_condition,waiting_for_candidate_confirmation
fis,persistent-low-generation,5,6350,105.83333333333333,9.833333333333334,2026-01-05T09:50:00Z,88.58488406226677,88.51240254409355,NORMAL,NORMAL,387.1940187212154,85.0,70.0,0.16787878787878788,140.3578317864406,62.150447915035905,55.93540312353232,1.0,3,50.93540312353232,M3,2.5228692582731314,M3,M3,1,85.68181818181819,-29.74641505828587,2.4788679215238223,5.916666666666666,0.0,poor_tracking_condition,candidate_confirmed_and_dwell_satisfied
fis,persistent-low-generation,5,6355,105.91666666666667,9.916666666666666,2026-01-05T09:55:00Z,88.51240254409355,88.44215815298168,NORMAL,NORMAL,393.5493745444713,85.0,70.0,0.16787878787878788,142.66164827237085,63.17057785500582,56.85352006950524,1.0,3,-28.82829811231295,M3,2.5172228867215787,M3,M3,1,85.68181818181819,-28.82829811231295,2.402358176026079,5.916666666666666,0.0,poor_tracking_condition,requested_mode_matches_applied_mode
fis,persistent-low-generation,5,6360,106.0,10.0,2026-01-05T10:00:00Z,88.44215815298168,88.37407759771084,NORMAL,NORMAL,399.6965205652085,85.0,70.0,0.16787878787878788,144.8899887048881,64.15728699852446,57.74155829867201,0.95,3,-27.940259883146176,M3,2.5115773528344345,M3,M3,1,85.68181818181819,-27.940259883146176,2.328354990262181,5.916666666666666,0.0,poor_tracking_condition,requested_mode_matches_applied_mode
fis,persistent-low-generation,5,6365,106.08333333333333,10.083333333333334,2026-01-05T10:05:00Z,88.37407759771084,88.30808588146503,NORMAL,NORMAL,405.6306114315386,85.0,70.0,0.16787878787878788,147.04109664393278,65.10979759393342,58.59881783454008,0.95,3,-27.08300034727811,M3,2.50597724384749,M3,M3,1,85.68181818181819,-27.08300034727811,2.2569166956065088,5.916666666666666,0.0,poor_tracking_condition,requested_mode_matches_applied_mode
fis,persistent-low-generation,5,6370,106.16666666666667,10.166666666666666,2026-01-05T10:10:00Z,88.30808588146503,88.24410636629543,NORMAL,NORMAL,411.3469849215116,85.0,70.0,0.16787878787878788,149.11328203404798,66.02736128467643,59.42462515620879,0.95,3,-26.257193025609396,M3,2.5004138579636144,M3,M3,1,85.68181818181819,-26.257193025609396,2.1880994188007827,5.916666666666666,0.0,poor_tracking_condition,requested_mode_matches_applied_mode
fis,persistent-low-generation,5,6375,106.25,10.25,2026-01-05T10:15:00Z,88.24410636629543,88.35914456090826,NORMAL,NORMAL,416.8411634369035,85.0,70.0,0.16787878787878788,151.10492174587753,66.90925934907456,60.218333414167105,0.95,3,-25.46348476765108,M2,2.4948947303085687,M1,M1,0,5.0,55.218333414167105,0.0,0.0,0.0,poor_tracking_condition,safety_reduction_applied_immediately
fis,persistent-low-generation,5,6380,106.33333333333333,10.333333333333334,2026-01-05T10:20:00Z,88.35914456090826,88.4757681497593,NORMAL,NORMAL,422.1088555136517,85.0,70.0,0.16787878787878788,153.01446012369877,67.75480294277381,60.97932264849643,0.95,3,55.97932264849643,M3,2.5048126135132613,M3,M1,0,5.0,55.97932264849643,0.0,0.0,0.0,poor_tracking_condition,new_candidate_started
fis,persistent-low-generation,5,6385,106.41666666666667,10.416666666666666,2026-01-05T10:25:00Z,88.4757681497593,88.59390773310834,NORMAL,NORMAL,427.1459573354957,85.0,70.0,0.16787878787878788,154.8404095341172,68.56333334170711,61.7070000075364,0.95,3,56.7070000075364,M3,2.5145403678967195,M3,M1,0,5.0,56.7070000075364,0.0,0.0,0.0,poor_tracking_condition,waiting_for_candidate_confirmation
fis,persistent-low-generation,5,6390,106.5,10.5,2026-01-05T10:30:00Z,88.59390773310834,88.53718010587505,NORMAL,NORMAL,431.9485542387826,85.0,70.0,0.16787878787878788,156.5813509115587,69.33422218363819,62.40079996527437,0.95,3,57.40079996527437,M3,2.524009261290777,M3,M3,1,85.68181818181819,-23.281018216543814,1.940084851378651,5.916666666666666,0.0,poor_tracking_condition,candidate_confirmed_and_dwell_satisfied
fis,persistent-low-generation,5,6395,106.58333333333333,10.583333333333334,2026-01-05T10:35:00Z,88.53718010587505,88.482059166192,NORMAL,NORMAL,436.5129221976478,85.0,70.0,0.16787878787878788,158.23593429664734,70.06687170655545,63.0601845358999,0.95,3,-22.621633645918287,M3,2.520134118314562,M3,M3,1,85.68181818181819,-22.621633645918287,1.8851361371598572,5.916666666666666,0.0,poor_tracking_condition,requested_mode_matches_applied_mode
fis,persistent-low-generation,5,6400,106.66666666666667,10.666666666666666,2026-01-05T10:40:00Z,88.482059166192,88.42845981264011,NORMAL,NORMAL,440.8355292798796,85.0,70.0,0.16787878787878788,159.80287936395638,70.76071498235987,63.68464348412389,0.95,3,-21.997174697694298,M3,2.516200354430843,M3,M3,1,85.68181818181819,-21.997174697694298,1.8330978914745248,5.916666666666666,0.0,poor_tracking_condition,requested_mode_matches_applied_mode
fis,persistent-low-generation,5,6405,106.75,10.75,2026-01-05T10:45:00Z,88.42845981264011,88.37629576865422,NORMAL,NORMAL,444.91303706475765,85.0,70.0,0.16787878787878788,161.28097593597465,71.41521614444957,64.27369453000462,0.95,3,-21.40812365181357,M3,2.512281696655144,M3,M3,1,85.68181818181819,-21.40812365181357,1.7840103043177973,5.916666666666666,0.0,poor_tracking_condition,requested_mode_matches_applied_mode
fis,persistent-low-generation,5,6410,106.83333333333333,10.833333333333334,2026-01-05T10:50:00Z,88.37629576865422,88.32547965112335,NORMAL,NORMAL,448.7423020150338,85.0,70.0,0.16787878787878788,162.66908448044975,72.02987060794315,64.82688354714884,0.95,3,-20.85493463466935,M3,2.5084759069359386,M3,M3,1,85.68181818181819,-20.85493463466935,1.7379112195557789,5.916666666666666,0.0,poor_tracking_condition,requested_mode_matches_applied_mode
fis,persistent-low-generation,5,6415,106.91666666666667,10.916666666666666,2026-01-05T10:55:00Z,88.32547965112335,88.27592303945534,NORMAL,NORMAL,452.3203767960078,85.0,70.0,0.16787878787878788,163.96613658855284,72.60420528141118,65.34378475327007,0.95,3,-20.338033428548115,M3,2.5046721375812506,M3,M3,1,85.68181818181819,-20.338033428548115,1.6948361190456762,5.916666666666666,0.0,poor_tracking_condition,requested_mode_matches_applied_mode
fis,persistent-low-generation,5,6420,107.0,11.0,2026-01-05T11:00:00Z,88.27592303945534,88.22753654508489,NORMAL,NORMAL,455.64451153536436,85.0,70.0,0.16787878787878788,165.1711354315696,73.13777876909901,65.82400089218912,0.95,3,-19.857817289629068,M3,2.500923785604967,M3,M3,1,85.68181818181819,-19.857817289629068,1.6548181074690889,5.916666666666666,0.0,poor_tracking_condition,requested_mode_matches_applied_mode
fis,persistent-low-generation,5,6425,107.08333333333333,11.083333333333334,2026-01-05T11:05:00Z,88.22753654508489,88.35517646884834,NORMAL,NORMAL,458.71215501807666,85.0,70.0,0.16787878787878788,166.28315619405282,73.63018156272658,66.26716340645392,0.95,3,-19.41465477536427,M2,2.4971561935621485,M1,M1,0,5.0,61.26716340645392,0.0,0.0,0.0,poor_tracking_condition,safety_reduction_applied_immediately
fis,persistent-low-generation,5,6430,107.16666666666667,11.166666666666666,2026-01-05T11:10:00Z,88.35517646884834,88.483661745098,NORMAL,NORMAL,461.52095581127423,85.0,70.0,0.16787878787878788,167.30134648158693,74.08103622204669,66.67293259984203,0.95,3,61.67293259984203,M3,2.507260082679541,M3,M1,0,5.0,61.67293259984203,0.0,0.0,0.0,poor_tracking_condition,new_candidate_started
fis,persistent-low-generation,5,6435,107.25,11.25,2026-01-05T11:15:00Z,88.483661745098,88.61291382382527,NORMAL,NORMAL,464.06876331450326,85.0,70.0,0.16787878787878788,168.22492670150746,74.48999754342749,67.04099778908474,0.95,3,62.04099778908474,M3,2.51818142828608,M3,M1,0,5.0,62.04099778908474,0.0,0.0,0.0,poor_tracking_condition,waiting_for_candidate_confirmation
fis,persistent-low-generation,5,6440,107.33333333333333,11.333333333333334,2026-01-05T11:20:00Z,88.61291382382527,88.56829700916254,NORMAL,NORMAL,466.3536287313086,85.0,70.0,0.16787878787878788,169.0531904150994,74.85675271580602,67.37107744422542,0.95,3,62.37107744422542,M3,2.528604664834058,M3,M3,1,85.68181818181819,-18.310740737592766,1.5258950614660638,5.916666666666666,0.0,poor_tracking_condition,candidate_confirmed_and_dwell_satisfied
fis,persistent-low-generation,5,6445,107.41666666666667,11.416666666666666,2026-01-05T11:25:00Z,88.56829700916254,88.5243913101744,NORMAL,NORMAL,468.37380595852005,85.0,70.0,0.16787878787878788,169.78550465996355,75.18102146343188,67.6629193170887,0.95,3,-18.018898864729493,M3,2.526725900211486,M3,M3,1,85.68181818181819,-18.018898864729493,1.5015749053941243,5.916666666666666,0.0,poor_tracking_condition,requested_mode_matches_applied_mode
fis,persistent-low-generation,5,6450,107.5,11.5,2026-01-05T11:30:00Z,88.5243913101744,88.4811030118693,NORMAL,NORMAL,470.1277523900539,85.0,70.0,0.16787878787878788,170.42131024139456,75.46255617488951,67.91630055740056,0.95,3,-17.765517624417626,M3,2.5235601405392605,M3,M3,1,85.68181818181819,-17.765517624417626,1.480459802034802,5.916666666666666,0.0,poor_tracking_condition,requested_mode_matches_applied_mode
fis,persistent-low-generation,5,6455,107.58333333333333,11.583333333333334,2026-01-05T11:35:00Z,88.4811030118693,88.43833792813228,NORMAL,NORMAL,471.61412963244163,85.0,70.0,0.16787878787878788,170.9601219917601,75.70114201795137,68.13102781615623,0.95,3,-17.550790365661953,M3,2.5203363464839637,M3,M3,1,85.68181818181819,-17.550790365661953,1.4625658638051626,5.916666666666666,0.0,poor_tracking_condition,requested_mode_matches_applied_mode
fis,persistent-low-generation,5,6460,107.66666666666667,11.666666666666666,2026-01-05T11:40:00Z,88.43833792813228,88.39600147382933,NORMAL,NORMAL,472.8318041296715,85.0,70.0,0.16787878787878788,171.40152899700595,75.89659703987422,68.3069373358868,0.95,3,-17.374880845931386,M3,2.5170373909514328,M3,M3,1,85.68181818181819,-17.374880845931386,1.4479067371609489,5.916666666666666,0.0,poor_tracking_condition,requested_mode_matches_applied_mode
fis,persistent-low-generation,5,6465,107.75,11.75,2026-01-05T11:45:00Z,88.39600147382933,88.3539987370986,NORMAL,NORMAL,473.77984769529087,85.0,70.0,0.16787878787878788,171.74519478954295,76.04877225280961,68.44389502752865,0.95,3,-17.237923154289533,M3,2.5137091077783085,M3,M3,1,85.68181818181819,-17.237923154289533,1.4364935961907943,5.916666666666666,0.0,poor_tracking_condition,requested_mode_matches_applied_mode
fis,persistent-low-generation,5,6470,107.83333333333333,11.833333333333334,2026-01-05T11:50:00Z,88.3539987370986,88.31223455179605,NORMAL,NORMAL,474.457537950053,85.0,70.0,0.16787878787878788,171.99085750689423,76.15755170405276,68.54179653364749,0.95,3,-17.140021648170702,M3,2.51026542190367,M3,M3,1,85.68181818181819,-17.140021648170702,1.4283351373475583,5.916666666666666,0.0,poor_tracking_condition,requested_mode_matches_applied_mode
fis,persistent-low-generation,5,6475,107.91666666666667,11.916666666666666,2026-01-05T11:55:00Z,88.31223455179605,88.27061357006117,NORMAL,NORMAL,474.86435866372636,85.0,70.0,0.16787878787878788,172.13833001560081,76.22285253090804,68.60056727781723,0.95,3,-17.081250904000953,M3,2.5067797171004327,M3,M3,1,85.68181818181819,-17.081250904000953,1.4234375753334128,5.916666666666666,0.0,poor_tracking_condition,requested_mode_matches_applied_mode
fis,persistent-low-generation,5,6480,108.0,12.0,2026-01-05T12:00:00Z,88.27061357006117,88.22904033496901,NORMAL,NORMAL,475.0,85.0,70.0,0.16787878787878788,172.18750000000003,76.24462500000001,68.62016250000002,0.95,3,-17.061655681818166,M3,2.5031887024810247,M3,M3,1,85.68181818181819,-17.061655681818166,1.4218046401515139,5.916666666666666,0.0,poor_tracking_condition,requested_mode_matches_applied_mode
fis,persistent-low-generation,5,6485,108.08333333333333,12.083333333333334,2026-01-05T12:05:00Z,88.22904033496901,88.3615415167978,NORMAL,NORMAL,474.86435866372636,85.0,70.0,0.16787878787878788,172.13833001560081,76.22285253090804,68.60056727781723,0.95,3,-17.081250904000953,M2,2.4995244266063494,M1,M1,0,5.0,63.600567277817234,0.0,0.0,0.0,poor_tracking_condition,safety_reduction_applied_immediately
fis,persistent-low-generation,5,6490,108.16666666666667,12.166666666666666,2026-01-05T12:10:00Z,88.3615415167978,88.49392025957621,NORMAL,NORMAL,474.457537950053,85.0,70.0,0.16787878787878788,171.99085750689423,76.15755170405276,68.54179653364749,0.95,3,63.541796533647485,M3,2.5095931989139415,M3,M1,0,5.0,63.541796533647485,0.0,0.0,0.0,poor_tracking_condition,new_candidate_started
fis,persistent-low-generation,5,6495,108.25,12.25,2026-01-05T12:15:00Z,88.49392025957621,88.62609504088357,NORMAL,NORMAL,473.77984769529087,85.0,70.0,0.16787878787878788,171.74519478954295,76.04877225280961,68.44389502752865,0.95,3,63.443895027528654,M3,2.520393703183394,M3,M1,0,5.0,63.443895027528654,0.0,0.0,0.0,poor_tracking_condition,waiting_for_candidate_confirmation
fis,persistent-low-generation,5,6500,108.33333333333333,12.333333333333334,2026-01-05T12:20:00Z,88.62609504088357,88.58375858658061,NORMAL,NORMAL,472.8318041296715,85.0,70.0,0.16787878787878788,171.40152899700595,75.89659703987422,68.3069373358868,0.95,3,63.3069373358868,M3,2.5305456848371004,M3,M3,1,85.68181818181819,-17.374880845931386,1.4479067371609489,5.916666666666666,0.0,poor_tracking_condition,candidate_confirmed_and_dwell_satisfied
fis,persistent-low-generation,5,6505,108.41666666666667,12.416666666666666,2026-01-05T12:25:00Z,88.58375858658061,88.54099350284363,NORMAL,NORMAL,471.61412963244163,85.0,70.0,0.16787878787878788,170.9601219917601,75.70114201795137,68.13102781615623,0.95,3,-17.550790365661953,M3,2.5284041748529527,M3,M3,1,85.68181818181819,-17.550790365661953,1.4625658638051626,5.916666666666666,0.0,poor_tracking_condition,requested_mode_matches_applied_mode
fis,persistent-low-generation,5,6510,108.5,12.5,2026-01-05T12:30:00Z,88.54099350284363,88.4977052045385,NORMAL,NORMAL,470.12775239005396,85.0,70.0,0.16787878787878788,170.4213102413946,75.46255617488953,67.91630055740058,0.95,3,-17.765517624417612,M3,2.524857506768687,M3,M3,1,85.68181818181819,-17.765517624417612,1.480459802034801,5.916666666666666,0.0,poor_tracking_condition,requested_mode_matches_applied_mode
fis,persistent-low-generation,5,6515,108.58333333333333,12.583333333333334,2026-01-05T12:35:00Z,88.4977052045385,88.45379950555038,NORMAL,NORMAL,468.37380595852005,85.0,70.0,0.16787878787878788,169.78550465996355,75.18102146343188,67.6629193170887,0.95,3,-18.018898864729493,M3,2.5212061945904507,M3,M3,1,85.68181818181819,-18.018898864729493,1.5015749053941243,5.916666666666666,0.0,poor_tracking_condition,requested_mode_matches_applied_mode
fis,persistent-low-generation,5,6520,108.66666666666667,12.666666666666666,2026-01-05T12:40:00Z,88.45379950555038,88.40918269088763,NORMAL,NORMAL,466.3536287313086,85.0,70.0,0.16787878787878788,169.0531904150994,74.85675271580602,67.37107744422542,0.95,3,-18.310740737592766,M3,2.517395394500679,M3,M3,1,85.68181818181819,-18.310740737592766,1.5258950614660638,5.916666666666666,0.0,poor_tracking_condition,requested_mode_matches_applied_mode
fis,persistent-low-generation,5,6525,108.75,12.75,2026-01-05T12:45:00Z,88.40918269088763,88.36376158856615,NORMAL,NORMAL,464.06876331450326,85.0,70.0,0.16787878787878788,168.22492670150746,74.48999754342749,67.04099778908474,0.95,3,-18.640820392733445,M3,2.5134389281674956,M3,M3,1,85.68181818181819,-18.640820392733445,1.5534016993944537,5.916666666666666,0.0,poor_tracking_condition,requested_mode_matches_applied_mode
fis,persistent-low-generation,5,6530,108.83333333333333,12.833333333333334,2026-01-05T12:50:00Z,88.36376158856615,88.31744364124165,NORMAL,NORMAL,461.52095581127423,85.0,70.0,0.16787878787878788,167.30134648158693,74.08103622204669,66.67293259984203,0.95,3,-19.00888558197616,M3,2.509259735572857,M3,M3,1,85.68181818181819,-19.00888558197616,1.584073798498013,5.916666666666666,0.0,poor_tracking_condition,requested_mode_matches_applied_mode
fis,persistent-low-generation,5,6535,108.91666666666667,12.916666666666666,2026-01-05T12:55:00Z,88.31744364124165,88.27013697755899,NORMAL,NORMAL,458.71215501807666,85.0,70.0,0.16787878787878788,166.28315619405282,73.63018156272658,66.26716340645392,0.95,3,-19.41465477536427,M3,2.504965114540648,M3,M3,1,85.68181818181819,-19.41465477536427,1.6178878979470224,5.916666666666666,0.0,poor_tracking_condition,requested_mode_matches_applied_mode
fis,persistent-low-generation,5,6540,109.0,13.0,2026-01-05T13:00:00Z,88.27013697755899,88.22175048318854,NORMAL,NORMAL,455.64451153536436,85.0,70.0,0.16787878787878788,165.1711354315696,73.13777876909901,65.82400089218912,1.0,3,-19.857817289629068,M3,2.5004187127338033,M3,M3,1,85.68181818181819,-19.857817289629068,1.6548181074690889,5.916666666666666,0.0,poor_tracking_condition,requested_mode_matches_applied_mode
fis,persistent-low-generation,5,6545,109.08333333333333,13.083333333333334,2026-01-05T13:05:00Z,88.22175048318854,88.34746670142454,NORMAL,NORMAL,452.3203767960078,85.0,70.0,0.16787878787878788,163.96613658855284,72.60420528141118,65.34378475327007,1.0,3,-20.338033428548115,M2,2.495677200361266,M1,M1,0,5.0,60.34378475327007,0.0,0.0,0.0,poor_tracking_condition,safety_reduction_applied_immediately
fis,persistent-low-generation,5,6550,109.16666666666667,13.166666666666666,2026-01-05T13:10:00Z,88.34746670142454,88.47210604214776,NORMAL,NORMAL,448.7423020150338,85.0,70.0,0.16787878787878788,162.66908448044975,72.02987060794315,64.82688354714884,1.0,3,59.82688354714884,M3,2.50529046299452,M3,M1,0,5.0,59.82688354714884,0.0,0.0,0.0,poor_tracking_condition,new_candidate_started
fis,persistent-low-generation,5,6555,109.25,13.25,2026-01-05T13:15:00Z,88.47210604214776,88.59559290575193,NORMAL,NORMAL,444.9130370647577,85.0,70.0,0.16787878787878788,161.28097593597468,71.41521614444959,64.27369453000463,1.0,3,59.27369453000463,M3,2.515235915812204,M3,M1,0,5.0,59.27369453000463,0.0,0.0,0.0,poor_tracking_condition,waiting_for_candidate_confirmation
fis,persistent-low-generation,5,6560,109.33333333333333,13.333333333333334,2026-01-05T13:20:00Z,88.59559290575193,88.54199355220005,NORMAL,NORMAL,440.83552927987967,85.0,70.0,0.16787878787878788,159.8028793639564,70.76071498235989,63.684643484123896,1.0,3,58.684643484123896,M3,2.5246594161353793,M3,M3,1,85.68181818181819,-21.99717469769429,1.8330978914745242,5.916666666666666,0.0,poor_tracking_condition,candidate_confirmed_and_dwell_satisfied
fis,persistent-low-generation,5,6565,109.41666666666667,13.416666666666666,2026-01-05T13:25:00Z,88.54199355220005,88.486872612517,NORMAL,NORMAL,436.51292219764787,85.0,70.0,0.16787878787878788,158.23593429664737,70.06687170655545,63.0601845358999,1.0,3,-22.621633645918287,M3,2.5205094397931394,M3,M3,1,85.68181818181819,-22.621633645918287,1.8851361371598572,5.916666666666666,0.0,poor_tracking_condition,requested_mode_matches_applied_mode
fis,persistent-low-generation,5,6570,109.5,13.5,2026-01-05T13:30:00Z,88.486872612517,88.43014498528372,NORMAL,NORMAL,431.9485542387826,85.0,70.0,0.16787878787878788,156.5813509115587,69.33422218363819,62.40079996527437,1.0,3,-23.281018216543814,M3,2.5158340589842916,M3,M3,1,85.68181818181819,-23.281018216543814,1.940084851378651,5.916666666666666,0.0,poor_tracking_condition,requested_mode_matches_applied_mode
fis,persistent-low-generation,5,6575,109.58333333333333,13.583333333333334,2026-01-05T13:35:00Z,88.43014498528372,88.37172681234442,NORMAL,NORMAL,427.1459573354958,85.0,70.0,0.16787878787878788,154.84040953411724,68.56333334170712,61.70700000753641,1.0,3,-23.97481817428178,M3,2.5109602627457033,M3,M3,1,85.68181818181819,-23.97481817428178,1.9979015145234815,5.916666666666666,0.0,poor_tracking_condition,requested_mode_matches_applied_mode
fis,persistent-low-generation,5,6580,109.66666666666667,13.666666666666666,2026-01-05T13:40:00Z,88.37172681234442,88.31153554642502,NORMAL,NORMAL,422.10885551365175,85.0,70.0,0.16787878787878788,153.01446012369877,67.75480294277381,60.97932264849643,1.0,3,-24.70249553332176,M3,2.5059149190029877,M3,M3,1,85.68181818181819,-24.70249553332176,2.0585412944434798,5.916666666666666,0.0,poor_tracking_condition,requested_mode_matches_applied_mode
fis,persistent-low-generation,5,6585,109.75,13.75,2026-01-05T13:45:00Z,88.31153554642502,88.24949001823873,NORMAL,NORMAL,416.8411634369035,85.0,70.0,0.16787878787878788,151.10492174587753,66.90925934907456,60.218333414167105,1.0,3,-25.46348476765108,M3,2.5007505588966104,M3,M3,1,85.68181818181819,-25.46348476765108,2.1219570639709233,5.916666666666666,0.0,poor_tracking_condition,requested_mode_matches_applied_mode
fis,persistent-low-generation,5,6590,109.83333333333333,13.833333333333334,2026-01-05T13:50:00Z,88.24949001823873,88.36287465398084,NORMAL,NORMAL,411.3469849215117,85.0,70.0,0.16787878787878788,149.113282034048,66.02736128467645,59.424625156208805,1.0,3,-26.257193025609382,M2,2.4953212456632494,M1,M1,0,5.0,54.424625156208805,0.0,0.0,0.0,poor_tracking_condition,safety_reduction_applied_immediately
fis,persistent-low-generation,5,6595,109.91666666666667,13.916666666666666,2026-01-05T13:55:00Z,88.36287465398084,88.4745388578028,NORMAL,NORMAL,405.6306114315386,85.0,70.0,0.16787878787878788,147.04109664393278,65.10979759393342,58.59881783454008,1.0,3,53.59881783454008,M3,2.5050356983313034,M3,M1,0,5.0,53.59881783454008,0.0,0.0,0.0,poor_tracking_condition,new_candidate_started
fis,persistent-low-generation,5,6600,110.0,14.0,2026-01-05T14:00:00Z,88.4745388578028,88.58441710425836,NORMAL,NORMAL,399.69652056520863,85.0,70.0,0.16787878787878788,144.88998870488814,64.15728699852447,57.741558298672025,1.0,3,52.741558298672025,M3,2.5141981299418568,M3,M1,0,5.0,52.741558298672025,0.0,0.0,0.0,poor_tracking_condition,waiting_for_candidate_confirmation
fis,persistent-low-generation,5,6605,110.08333333333333,14.083333333333334,2026-01-05T14:05:00Z,88.58441710425836,88.51417271314648,NORMAL,NORMAL,393.5493745444712,85.0,70.0,0.16787878787878788,142.66164827237083,63.1705778550058,56.85352006950522,1.0,3,51.85352006950522,M3,2.5228330194807573,M3,M3,1,85.68181818181819,-28.828298112312964,2.4023581760260804,5.916666666666666,0.0,poor_tracking_condition,candidate_confirmed_and_dwell_satisfied
fis,persistent-low-generation,5,6610,110.16666666666667,14.166666666666666,2026-01-05T14:10:00Z,88.51417271314648,88.44169119497327,NORMAL,NORMAL,387.1940187212154,85.0,70.0,0.16787878787878788,140.3578317864406,62.150447915035905,55.93540312353232,1.0,3,-29.74641505828587,M3,2.5173612985835914,M3,M3,1,85.68181818181819,-29.74641505828587,2.4788679215238223,5.916666666666666,0.0,poor_tracking_condition,requested_mode_matches_applied_mode
fis,persistent-low-generation,5,6615,110.25,14.25,2026-01-05T14:15:00Z,88.44169119497327,88.36690102806246,NORMAL,NORMAL,380.63548011518446,85.0,70.0,0.16787878787878788,137.98036154175438,61.097704090688836,54.98793368161996,1.0,3,-30.69388450019823,M3,2.5115394913155162,M3,M3,1,85.68181818181819,-30.69388450019823,2.5578237083498525,5.916666666666666,0.0,poor_tracking_condition,requested_mode_matches_applied_mode
fis,persistent-low-generation,5,6620,110.33333333333333,14.333333333333334,2026-01-05T14:20:00Z,88.36690102806246,88.28973252373252,NORMAL,NORMAL,373.8789660004804,85.0,70.0,0.16787878787878788,135.53112517517414,60.01318222756711,54.0118640048104,1.0,3,-31.66995417700779,M3,2.5053742294063435,M3,M3,1,85.68181818181819,-31.66995417700779,2.6391628480839824,5.916666666666666,0.0,poor_tracking_condition,requested_mode_matches_applied_mode
fis,persistent-low-generation,5,6625,110.41666666666667,14.416666666666666,2026-01-05T14:25:00Z,88.28973252373252,88.38974913248228,NORMAL,NORMAL,366.92986255965087,85.0,70.0,0.16787878787878788,133.01207517787347,58.89774688876237,53.00797219988613,1.0,3,-32.673845981932054,M2,2.498835366237104,M1,M1,0,5.0,48.00797219988613,0.0,0.0,0.0,poor_tracking_condition,safety_reduction_applied_immediately
fis,persistent-low-generation,5,6630,110.5,14.5,2026-01-05T14:30:00Z,88.38974913248228,88.48761801172768,NORMAL,NORMAL,359.7937336267778,85.0,70.0,0.16787878787878788,130.42522843970696,57.75229115310224,51.97706203779202,1.0,3,46.97706203779202,M3,2.507292361564259,M3,M1,0,5.0,46.97706203779202,0.0,0.0,0.0,poor_tracking_condition,new_candidate_started
fis,persistent-low-generation,5,6635,110.58333333333333,14.583333333333334,2026-01-05T14:35:00Z,88.48761801172768,88.58328460087021,NORMAL,NORMAL,352.47631954379665,85.0,70.0,0.16787878787878788,127.7726658346263,56.57773643157252,50.91996278841527,1.0,3,45.91996278841527,M3,2.515254094413986,M3,M1,0,5.0,45.91996278841527,0.0,0.0,0.0,poor_tracking_condition,waiting_for_candidate_confirmation
fis,persistent-low-generation,5,6640,110.66666666666667,14.666666666666666,2026-01-05T14:40:00Z,88.58328460087021,88.49594471513406,NORMAL,NORMAL,344.9835361575411,85.0,70.0,0.16787878787878788,125.05653185710867,55.37503230632772,49.837529075694945,1.0,3,44.837529075694945,M3,2.522745122917548,M3,M3,1,85.68181818181819,-35.84428910612324,2.9870240921769367,5.916666666666666,0.0,poor_tracking_condition,candidate_confirmed_and_dwell_satisfied
fis,persistent-low-generation,5,6645,110.75,14.75,2026-01-05T14:45:00Z,88.49594471513406,88.40590773310619,NORMAL,NORMAL,337.3214739888144,85.0,70.0,0.16787878787878788,122.27903432094523,54.145156397314544,48.73064075758309,1.0,3,-36.9511774242351,M3,2.5159255812912926,M3,M3,1,85.68181818181819,-36.9511774242351,3.0792647853529247,5.916666666666666,0.0,poor_tracking_condition,requested_mode_matches_applied_mode
fis,persistent-low-generation,5,6650,110.83333333333333,14.833333333333334,2026-01-05T14:50:00Z,88.40590773310619,88.31311627271194,NORMAL,NORMAL,329.4963976092564,85.0,70.0,0.16787878787878788,119.44244413335547,52.8891142622498,47.60020283602482,1.0,3,-38.08161534579337,M3,2.508632384443517,M3,M3,1,85.68181818181819,-38.08161534579337,3.1734679454827806,5.916666666666666,0.0,poor_tracking_condition,requested_mode_matches_applied_mode
fis,persistent-low-generation,5,6655,110.91666666666667,14.916666666666666,2026-01-05T14:55:00Z,88.31311627271194,88.21751521818238,NORMAL,NORMAL,321.51474526702947,85.0,70.0,0.16787878787878788,116.54909515929819,51.60793933653724,46.44714540288352,1.0,3,-39.234672778934666,M3,2.5008394000050993,M3,M3,1,85.68181818181819,-39.234672778934666,3.269556064911222,5.916666666666666,0.0,poor_tracking_condition,requested_mode_matches_applied_mode
fis,persistent-low-generation,5,6660,111.0,15.0,2026-01-05T15:00:00Z,88.21751521818238,88.30141610074205,NORMAL,NORMAL,313.38312880856245,85.0,70.0,0.16787878787878788,113.6013841931039,50.302692920706406,45.272423628635764,1.0,3,-40.40939455318242,M2,2.4925173394352362,M1,M1,0,5.0,40.272423628635764,0.0,0.0,0.0,poor_tracking_condition,safety_reduction_applied_immediately
fis,persistent-low-generation,5,6665,111.08333333333333,15.083333333333334,2026-01-05T15:05:00Z,88.30141610074205,88.38282655449564,NORMAL,NORMAL,305.1083339509776,85.0,70.0,0.16787878787878788,110.6017710572294,48.97446422414117,44.07701780172706,1.0,3,39.07701780172706,M2,2.4998492603928586,M1,M1,0,5.0,39.07701780172706,0.0,0.0,0.0,poor_tracking_condition,requested_mode_matches_applied_mode
fis,persistent-low-generation,5,6670,111.16666666666667,15.166666666666666,2026-01-05T15:10:00Z,88.38282655449564,88.46170558247012,NORMAL,NORMAL,296.69732096864095,85.0,70.0,0.16787878787878788,107.55277885113236,47.62437047528141,42.86193342775327,1.0,3,37.86193342775327,M3,2.5067117209655483,M3,M1,0,5.0,37.86193342775327,0.0,0.0,0.0,poor_tracking_condition,new_candidate_started
fis,persistent-low-generation,5,6675,111.25,15.25,2026-01-05T15:15:00Z,88.46170558247012,88.53801433538504,NORMAL,NORMAL,288.15722586785273,85.0,70.0,0.16787878787878788,104.45699437709663,46.25355711017839,41.62820139916055,1.0,3,36.62820139916055,M3,2.513160555882539,M3,M1,0,5.0,36.62820139916055,0.0,0.0,0.0,poor_tracking_condition,waiting_for_candidate_confirmation
fis,persistent-low-generation,5,6680,111.33333333333333,15.333333333333334,2026-01-05T15:20:00Z,88.53801433538504,88.4276221815502,NORMAL,NORMAL,279.4953621364577,85.0,70.0,0.16787878787878788,101.31706877446592,44.863198053333505,40.37687824800015,1.0,3,35.37687824800015,M3,2.5192229919794364,M3,M3,1,85.68181818181819,-45.304939933818034,3.7754116611515025,5.916666666666666,0.0,poor_tracking_condition,candidate_confirmed_and_dwell_satisfied
fis,persistent-low-generation,5,6685,111.41666666666667,15.416666666666666,2026-01-05T15:25:00Z,88.4276221815502,88.31414076906164,NORMAL,NORMAL,270.7192231706225,85.0,70.0,0.16787878787878788,98.13571839935068,43.45449610723247,39.10904649650923,1.0,3,-46.57277168530896,M3,2.5103978547550327,M3,M3,1,85.68181818181819,-46.57277168530896,3.88106430710908,5.916666666666666,0.0,poor_tracking_condition,requested_mode_matches_applied_mode
fis,persistent-low-generation,5,6690,111.5,15.5,2026-01-05T15:30:00Z,88.31414076906164,88.19753257447391,NORMAL,NORMAL,261.8364854999092,85.0,70.0,0.16787878787878788,94.9157259937171,42.02868347001793,37.82581512301614,1.0,3,-47.856003058802045,M3,2.500926036877645,M3,M3,1,85.68181818181819,-47.856003058802045,3.98800025490017,5.916666666666666,0.0,poor_tracking_condition,requested_mode_matches_applied_mode
fis,persistent-low-generation,5,6695,111.58333333333333,15.583333333333334,2026-01-05T15:35:00Z,88.19753257447391,88.26321657481562,NORMAL,NORMAL,252.855012954932,85.0,70.0,0.16787878787878788,91.65994219616286,40.58702240446092,36.52832016401483,1.0,3,-49.15349801780336,M2,2.4907539325412658,M1,M1,0,5.0,31.52832016401483,0.0,0.0,0.0,poor_tracking_condition,safety_reduction_applied_immediately
fis,persistent-low-generation,5,6700,111.66666666666667,15.666666666666666,2026-01-05T15:40:00Z,88.26321657481562,88.32617016956016,NORMAL,NORMAL,243.7828619505026,85.0,70.0,0.16787878787878788,88.3712874570572,39.13080608598493,35.21772547738644,1.0,3,30.217725477386438,M2,2.4965217454241486,M1,M1,0,5.0,30.217725477386438,0.0,0.0,0.0,poor_tracking_condition,requested_mode_matches_applied_mode
fis,persistent-low-generation,5,6705,111.75,15.75,2026-01-05T15:45:00Z,88.32617016956016,88.38636855226201,NORMAL,NORMAL,234.6282880927447,85.0,70.0,0.16787878787878788,85.05275443361997,37.66135966320692,33.895223696886234,1.0,3,28.895223696886234,M3,2.501942558548841,M3,M1,0,5.0,28.895223696886234,0.0,0.0,0.0,poor_tracking_condition,new_candidate_started
fis,persistent-low-generation,5,6710,111.83333333333333,15.833333333333334,2026-01-05T15:50:00Z,88.38636855226201,88.44378946354212,NORMAL,NORMAL,225.39975436323775,85.0,70.0,0.16787878787878788,81.7074109566737,36.18004157161511,32.5620374144536,1.0,3,27.5620374144536,M3,2.5070088672456547,M3,M1,0,5.0,27.5620374144536,0.0,0.0,0.0,poor_tracking_condition,waiting_for_candidate_confirmation
fis,persistent-low-generation,5,6715,111.91666666666667,15.916666666666666,2026-01-05T15:55:00Z,88.44378946354212,88.31108381649828,NORMAL,NORMAL,216.1059411895109,85.0,70.0,0.16787878787878788,78.33840368119772,34.688245150034355,31.21942063503092,1.0,3,26.21942063503092,M3,2.5117096063466833,M3,M3,1,85.68181818181819,-54.462397546787265,4.538533128898939,5.916666666666666,0.0,poor_tracking_condition,candidate_confirmed_and_dwell_satisfied
fis,persistent-low-generation,5,6720,112.0,16.0,2026-01-05T16:00:00Z,88.31108381649828,88.17508684373296,NORMAL,NORMAL,206.75575878282945,85.0,70.0,0.16787878787878788,74.94896255877568,33.187400621025866,29.86866055892328,1.0,3,-55.813157622894906,M3,2.5006674950304753,M3,M3,1,85.68181818181819,-55.813157622894906,4.6510964685745755,5.916666666666666,0.0,poor_tracking_condition,requested_mode_matches_applied_mode
fis,persistent-low-generation,5,6725,112.08333333333333,16.083333333333332,2026-01-05T16:05:00Z,88.17508684373296,88.22406825989965,NORMAL,NORMAL,197.35836221618453,85.0,70.0,0.16787878787878788,71.5424063033669,31.678977511130867,28.511079760017783,1.0,3,-57.17073842180041,M2,2.4887219162695597,M1,M1,0,5.0,23.511079760017783,0.0,0.0,0.0,poor_tracking_condition,safety_reduction_applied_immediately
fis,persistent-low-generation,5,6730,112.16666666666667,16.166666666666668,2026-01-05T16:10:00Z,88.22406825989965,88.27021000749426,NORMAL,NORMAL,187.9231698346319,85.0,70.0,0.16787878787878788,68.12214906505407,30.164487606005945,27.148038845405353,1.0,3,22.148038845405353,M2,2.493092834084118,M1,M1,0,5.0,22.148038845405353,0.0,0.0,0.0,poor_tracking_condition,requested_mode_matches_applied_mode
fis,persistent-low-generation,5,6735,112.25,16.25,2026-01-05T16:15:00Z,88.27021000749426,88.31350363187867,NORMAL,NORMAL,178.45988574631707,85.0,70.0,0.16787878787878788,64.69170858303994,28.645488560570083,25.780939704513074,1.0,3,20.780939704513074,M2,2.4971326420618922,M1,M1,0,5.0,20.780939704513074,0.0,0.0,0.0,poor_tracking_condition,requested_mode_matches_applied_mode
fis,persistent-low-generation,5,6740,112.33333333333333,16.333333333333332,2026-01-05T16:20:00Z,88.31350363187867,88.35394369330729,NORMAL,NORMAL,168.97852734939664,85.0,70.0,0.16787878787878788,61.25471616415629,27.123588317488405,24.411229485739565,1.0,3,19.411229485739565,M3,2.5008721583384452,M3,M1,0,5.0,19.411229485739565,0.0,0.0,2.220446049250313e-16,poor_tracking_condition,new_candidate_started
fis,persistent-low-generation,5,6745,112.41666666666667,16.416666666666668,2026-01-05T16:25:00Z,88.35394369330729,88.39152787138782,NORMAL,NORMAL,159.48945912743983,85.0,70.0,0.16787878787878788,57.81492893369695,25.60045053184101,23.040405478656908,1.0,3,18.040405478656908,M3,2.5042842498755524,M3,M1,0,5.0,18.040405478656908,0.0,0.0,0.0,poor_tracking_condition,waiting_for_candidate_confirmation
fis,persistent-low-generation,5,6750,112.5,16.5,2026-01-05T16:30:00Z,88.39152787138782,88.23555370704199,NORMAL,NORMAL,150.00343432272103,85.0,70.0,0.16787878787878788,54.37624494198638,24.077801260311567,21.67002113428041,1.0,3,16.67002113428041,M3,2.5074414827872302,M3,M3,1,85.68181818181819,-64.01179704753778,5.334316420628149,5.916666666666666,0.0,poor_tracking_condition,candidate_confirmed_and_dwell_satisfied
fis,persistent-low-generation,5,6755,112.58333333333333,16.583333333333332,2026-01-05T16:35:00Z,88.23555370704199,88.26743223523145,NORMAL,NORMAL,140.53164661624447,85.0,70.0,0.16787878787878788,50.942721898388626,22.55743725660648,20.301693530945833,1.0,3,-65.38012465087235,M2,2.494100438230423,M1,M1,0,5.0,15.301693530945833,0.0,0.0,0.0,poor_tracking_condition,safety_reduction_applied_immediately
fis,persistent-low-generation,5,6760,112.66666666666667,16.666666666666668,2026-01-05T16:40:00Z,88.26743223523145,88.29646788668653,NORMAL,NORMAL,131.08579467086645,85.0,70.0,0.16787878787878788,47.51860056818909,21.04123633159413,18.937112698434717,1.0,3,13.937112698434717,M2,2.4968900550358235,M1,M1,0,5.0,13.937112698434717,0.0,0.0,0.0,poor_tracking_condition,requested_mode_matches_applied_mode
fis,persistent-low-generation,5,6765,112.75,16.75,2026-01-05T16:45:00Z,88.29646788668653,88.32267216452574,NORMAL,NORMAL,121.67816343103354,85.0,70.0,0.16787878787878788,44.10833424374967,19.53117040313235,17.578053362819116,1.0,3,12.578053362819116,M2,2.4994219195064638,M1,M1,0,5.0,12.578053362819116,0.0,0.0,0.0,poor_tracking_condition,requested_mode_matches_applied_mode
fis,persistent-low-generation,5,6770,112.83333333333333,16.833333333333332,2026-01-05T16:50:00Z,88.32267216452574,88.34606047680144,NORMAL,NORMAL,112.32172758060456,85.0,70.0,0.16787878787878788,40.71662624796916,18.029322102600744,16.22638989234067,1.0,3,11.22638989234067,M3,2.5016471084518406,M3,M1,0,5.0,11.22638989234067,0.0,0.0,0.0,poor_tracking_condition,new_candidate_started
fis,persistent-low-generation,5,6775,112.91666666666667,16.916666666666668,2026-01-05T16:55:00Z,88.34606047680144,88.36665238419401,NORMAL,NORMAL,103.03028480154454,85.0,70.0,0.16787878787878788,37.3484782405599,16.537906164919924,14.884115548427932,1.0,3,9.884115548427932,M3,2.503620330335949,M3,M1,0,5.0,9.884115548427932,0.0,0.0,0.0,poor_tracking_condition,waiting_for_candidate_confirmation
fis,persistent-low-generation,5,6780,113.0,17.0,2026-01-05T17:00:00Z,88.36665238419401,88.19090079905152,NORMAL,NORMAL,93.81862989157457,85.0,70.0,0.16787878787878788,34.00925333569579,15.059297377046093,13.553367639341484,1.0,3,8.553367639341484,M3,2.5053533282704183,M3,M3,1,85.68181818181819,-72.1284505424767,6.010704211873058,5.916666666666666,0.0,poor_tracking_condition,candidate_confirmed_and_dwell_satisfied
fis,persistent-low-generation,5,6785,113.08333333333333,17.083333333333332,2026-01-05T17:05:00Z,88.19090079905152,88.20597675935846,NORMAL,NORMAL,84.70278615246784,85.0,70.0,0.16787878787878788,30.704759980269596,13.596067719263376,12.236460947337038,1.0,3,-73.44535723448115,M2,2.4901541256161077,M1,M1,0,5.0,7.236460947337038,0.0,0.0,0.0,poor_tracking_condition,safety_reduction_applied_immediately
fis,persistent-low-generation,5,6790,113.16666666666667,17.166666666666668,2026-01-05T17:10:00Z,88.20597675935846,88.21834328655149,NORMAL,NORMAL,75.70031913007257,85.0,70.0,0.16787878787878788,27.44136568465131,12.1510367251636,10.93593305264724,1.0,3,5.93593305264724,M2,2.491502951375972,M1,M1,0,5.0,5.93593305264724,0.0,0.0,0.0,poor_tracking_condition,requested_mode_matches_applied_mode
fis,persistent-low-generation,5,6795,113.25,17.25,2026-01-05T17:15:00Z,88.21834328655149,88.2280403850593,NORMAL,NORMAL,66.83077236639191,85.0,70.0,0.16787878787878788,24.22615498281707,10.7273414263914,9.65460728375226,1.0,3,4.654607283752259,M2,2.4925900854861136,M1,M1,0,5.0,4.654607283752259,0.0,0.0,0.0,poor_tracking_condition,requested_mode_matches_applied_mode
fis,persistent-low-generation,5,6800,113.33333333333333,17.333333333333332,2026-01-05T17:20:00Z,88.2280403850593,88.23511472407257,NORMAL,NORMAL,58.11629045657233,85.0,70.0,0.16787878787878788,21.067155290507472,9.32853636263671,8.395682726373039,1.0,3,3.395682726373039,M2,2.4934414562275373,M1,M1,0,5.0,3.395682726373039,0.0,0.0,0.0,poor_tracking_condition,requested_mode_matches_applied_mode
fis,persistent-low-generation,5,6805,113.41666666666667,17.416666666666668,2026-01-05T17:25:00Z,88.23511472407257,88.2396206982175,NORMAL,NORMAL,49.58254223077303,85.0,70.0,0.16787878787878788,17.973671558655226,7.958741766172534,7.1628675895552805,1.0,3,2.1628675895552805,M2,2.494061951561978,M1,M1,0,5.0,2.1628675895552805,0.0,0.0,0.0,poor_tracking_condition,requested_mode_matches_applied_mode
fis,persistent-low-generation,5,6810,113.5,17.5,2026-01-05T17:30:00Z,88.2396206982175,88.24162191865743,NORMAL,NORMAL,41.260150911287276,85.0,70.0,0.16787878787878788,14.95680470534164,6.622873123525278,5.96058581117275,1.0,3,0.9605858111727503,M2,2.494456907389091,M1,M1,0,5.0,0.9605858111727503,0.0,0.0,0.0,poor_tracking_condition,requested_mode_matches_applied_mode
fis,persistent-low-generation,5,6815,113.58333333333333,17.583333333333332,2026-01-05T17:35:00Z,88.24162191865743,88.24112073915887,NORMAL,NORMAL,33.18703986676286,85.0,70.0,0.16787878787878788,12.030301951701539,5.327017704213441,4.794315933792097,1.0,3,-0.20568406620790292,M2,2.494632251127473,M1,M1,0,5.0,-0.20568406620790292,0.017140338850658576,0.0,0.0,poor_tracking_condition,requested_mode_matches_applied_mode
fis,persistent-low-generation,5,6820,113.66666666666667,17.666666666666668,2026-01-05T17:40:00Z,88.24112073915887,88.23788289989163,NORMAL,NORMAL,25.412583557295164,85.0,70.0,0.16787878787878788,9.212061539519498,4.079100849699234,3.6711907647293107,1.0,3,-1.3288092352706893,M2,2.4945883424139383,M1,M1,0,5.0,-1.3288092352706893,0.1107341029392241,0.0,0.0,poor_tracking_condition,requested_mode_matches_applied_mode
fis,persistent-low-generation,5,6825,113.75,17.75,2026-01-05T17:45:00Z,88.23788289989163,88.23203781563394,NORMAL,NORMAL,18.005775996288865,85.0,70.0,0.16787878787878788,6.527093798654715,2.890197134044308,2.601177420639877,1.0,3,-2.398822579360123,M2,2.4943046111358798,M1,M1,0,5.0,-2.398822579360123,0.19990188161334357,0.0,0.0,poor_tracking_condition,requested_mode_matches_applied_mode
fis,persistent-low-generation,5,6830,113.83333333333333,17.833333333333332,2026-01-05T17:50:00Z,88.23203781563394,88.2237527415908,NORMAL,NORMAL,11.074116387152324,85.0,70.0,0.16787878787878788,4.0143671903427185,1.7775617918837558,1.5998056126953804,1.0,3,-3.4001943873046194,M2,2.4937921365414386,M1,M1,0,5.0,-3.4001943873046194,0.28334953227538495,0.0,0.0,poor_tracking_condition,requested_mode_matches_applied_mode
fis,persistent-low-generation,5,6835,113.91666666666667,17.916666666666668,2026-01-05T17:55:00Z,88.2237527415908,88.21326676387959,NORMAL,NORMAL,4.821666007779817,85.0,70.0,0.16787878787878788,1.747853927820184,0.7739497192387774,0.6965547473148997,1.0,3,-4.3034452526851,M2,2.4930651350211197,M1,M1,0,5.0,-4.3034452526851,0.35862043772375835,0.0,0.0,poor_tracking_condition,requested_mode_matches_applied_mode
fis,persistent-low-generation,5,6840,114.0,18.0,2026-01-05T18:00:00Z,88.21326676387959,88.20108352801215,NORMAL,NORMAL,3.822140361187655e-17,85.0,70.0,0.16787878787878788,1.3855258809305252e-17,6.1351086007603655e-18,5.521597740684329e-18,1.0,3,-5.0,M2,2.49214400102109,M1,M1,0,5.0,-5.0,0.41666666666666663,0.0,0.0,poor_tracking_condition,requested_mode_matches_applied_mode
fis,persistent-low-generation,5,6845,114.08333333333333,18.083333333333332,2026-01-05T18:05:00Z,88.20108352801215,88.1889002921447,NORMAL,NORMAL,0.0,85.0,70.0,0.16787878787878788,0.0,0.0,0.0,1.0,3,-5.0,M2,2.491072357189406,M1,M1,0,5.0,-5.0,0.41666666666666663,0.0,0.0,poor_tracking_condition,requested_mode_matches_applied_mode
fis,persistent-low-generation,5,6850,114.16666666666667,18.166666666666668,2026-01-05T18:10:00Z,88.1889002921447,88.17671705627725,NORMAL,NORMAL,0.0,85.0,70.0,0.16787878787878788,0.0,0.0,0.0,1.0,3,-5.0,M2,2.489973097366673,M1,M1,0,5.0,-5.0,0.41666666666666663,0.0,0.0,poor_tracking_condition,requested_mode_matches_applied_mode
fis,persistent-low-generation,5,6855,114.25,18.25,2026-01-05T18:15:00Z,88.17671705627725,88.1645338204098,NORMAL,NORMAL,0.0,85.0,70.0,0.16787878787878788,0.0,0.0,0.0,1.0,3,-5.0,M2,2.4888696839746953,M1,M1,0,5.0,-5.0,0.41666666666666663,0.0,0.0,poor_tracking_condition,requested_mode_matches_applied_mode
fis,persistent-low-generation,5,6860,114.33333333333333,18.333333333333332,2026-01-05T18:20:00Z,88.1645338204098,88.15235058454236,NORMAL,NORMAL,0.0,85.0,70.0,0.16787878787878788,0.0,0.0,0.0,1.0,3,-5.0,M2,2.487764656821484,M1,M1,0,5.0,-5.0,0.41666666666666663,0.0,0.0,poor_tracking_condition,requested_mode_matches_applied_mode
fis,persistent-low-generation,5,6865,114.41666666666667,18.416666666666668,2026-01-05T18:25:00Z,88.15235058454236,88.14016734867491,NORMAL,NORMAL,0.0,85.0,70.0,0.16787878787878788,0.0,0.0,0.0,1.0,3,-5.0,M2,2.4866580123642246,M1,M1,0,5.0,-5.0,0.41666666666666663,0.0,0.0,poor_tracking_condition,requested_mode_matches_applied_mode
fis,persistent-low-generation,5,6870,114.5,18.5,2026-01-05T18:30:00Z,88.14016734867491,88.12798411280747,NORMAL,NORMAL,0.0,85.0,70.0,0.16787878787878788,0.0,0.0,0.0,1.0,3,-5.0,M2,2.4855497470496797,M1,M1,0,5.0,-5.0,0.41666666666666663,0.0,0.0,poor_tracking_condition,requested_mode_matches_applied_mode
fis,persistent-low-generation,5,6875,114.58333333333333,18.583333333333332,2026-01-05T18:35:00Z,88.12798411280747,88.11580087694001,NORMAL,NORMAL,0.0,85.0,70.0,0.16787878787878788,0.0,0.0,0.0,1.0,3,-5.0,M2,2.484439857314301,M1,M1,0,5.0,-5.0,0.41666666666666663,0.0,0.0,poor_tracking_condition,requested_mode_matches_applied_mode
fis,persistent-low-generation,5,6880,114.66666666666667,18.666666666666668,2026-01-05T18:40:00Z,88.11580087694001,88.10361764107257,NORMAL,NORMAL,0.0,85.0,70.0,0.16787878787878788,0.0,0.0,0.0,1.0,3,-5.0,M2,2.483328339583981,M1,M1,0,5.0,-5.0,0.41666666666666663,0.0,0.0,poor_tracking_condition,requested_mode_matches_applied_mode
fis,persistent-low-generation,5,6885,114.75,18.75,2026-01-05T18:45:00Z,88.10361764107257,88.09143440520512,NORMAL,NORMAL,0.0,85.0,70.0,0.16787878787878788,0.0,0.0,0.0,1.0,3,-5.0,M2,2.482215190274166,M1,M1,0,5.0,-5.0,0.41666666666666663,0.0,0.0,poor_tracking_condition,requested_mode_matches_applied_mode
fis,persistent-low-generation,5,6890,114.83333333333333,18.833333333333332,2026-01-05T18:50:00Z,88.09143440520512,88.07925116933768,NORMAL,NORMAL,0.0,85.0,70.0,0.16787878787878788,0.0,0.0,0.0,1.0,3,-5.0,M2,2.481080033035397,M1,M1,0,5.0,-5.0,0.41666666666666663,0.0,0.0,poor_tracking_condition,requested_mode_matches_applied_mode
fis,persistent-low-generation,5,6895,114.91666666666667,18.916666666666668,2026-01-05T18:55:00Z,88.07925116933768,88.06706793347023,NORMAL,NORMAL,0.0,85.0,70.0,0.16787878787878788,0.0,0.0,0.0,1.0,3,-5.0,M2,2.4799345591565984,M1,M1,0,5.0,-5.0,0.41666666666666663,0.0,0.0,poor_tracking_condition,requested_mode_matches_applied_mode
fis,persistent-low-generation,5,6900,115.0,19.0,2026-01-05T19:00:00Z,88.06706793347023,88.0548846976028,NORMAL,NORMAL,0.0,85.0,70.0,0.16787878787878788,0.0,0.0,0.0,1.0,3,-5.0,M2,2.478787356285232,M1,M1,0,5.0,-5.0,0.41666666666666663,0.0,0.0,poor_tracking_condition,requested_mode_matches_applied_mode
fis,persistent-low-generation,5,6905,115.08333333333333,19.083333333333332,2026-01-05T19:05:00Z,88.0548846976028,88.04270146173535,NORMAL,NORMAL,0.0,85.0,70.0,0.16787878787878788,0.0,0.0,0.0,1.0,3,-5.0,M2,2.477638420503706,M1,M1,0,5.0,-5.0,0.41666666666666663,0.0,0.0,poor_tracking_condition,requested_mode_matches_applied_mode
fis,persistent-low-generation,5,6910,115.16666666666667,19.166666666666668,2026-01-05T19:10:00Z,88.04270146173535,88.03051822586791,NORMAL,NORMAL,0.0,85.0,70.0,0.16787878787878788,0.0,0.0,0.0,1.0,3,-5.0,M2,2.4764877478825613,M1,M1,0,5.0,-5.0,0.41666666666666663,0.0,0.0,poor_tracking_condition,requested_mode_matches_applied_mode
fis,persistent-low-generation,5,6915,115.25,19.25,2026-01-05T19:15:00Z,88.03051822586791,88.01833499000045,NORMAL,NORMAL,0.0,85.0,70.0,0.16787878787878788,0.0,0.0,0.0,1.0,3,-5.0,M2,2.475335334480443,M1,M1,0,5.0,-5.0,0.41666666666666663,0.0,0.0,poor_tracking_condition,requested_mode_matches_applied_mode
fis,persistent-low-generation,5,6920,115.33333333333333,19.333333333333332,2026-01-05T19:20:00Z,88.01833499000045,88.00615175413301,NORMAL,NORMAL,0.0,85.0,70.0,0.16787878787878788,0.0,0.0,0.0,1.0,3,-5.0,M2,2.4741811763441377,M1,M1,0,5.0,-5.0,0.41666666666666663,0.0,0.0,poor_tracking_condition,requested_mode_matches_applied_mode
fis,persistent-low-generation,5,6925,115.41666666666667,19.416666666666668,2026-01-05T19:25:00Z,88.00615175413301,87.99396851826556,NORMAL,NORMAL,0.0,85.0,70.0,0.16787878787878788,0.0,0.0,0.0,1.0,3,-5.0,M2,2.473025269508371,M1,M1,0,5.0,-5.0,0.41666666666666663,0.0,0.0,poor_tracking_condition,requested_mode_matches_applied_mode
fis,persistent-low-generation,5,6930,115.5,19.5,2026-01-05T19:30:00Z,87.99396851826556,87.98178528239812,NORMAL,NORMAL,0.0,85.0,70.0,0.16787878787878788,0.0,0.0,0.0,1.0,3,-5.0,M2,2.4718530896028437,M1,M1,0,5.0,-5.0,0.41666666666666663,0.0,0.0,poor_tracking_condition,requested_mode_matches_applied_mode
fis,persistent-low-generation,5,6935,115.58333333333333,19.583333333333332,2026-01-05T19:35:00Z,87.98178528239812,87.96960204653067,NORMAL,NORMAL,0.0,85.0,70.0,0.16787878787878788,0.0,0.0,0.0,1.0,3,-5.0,M2,2.470664275680875,M1,M1,0,5.0,-5.0,0.41666666666666663,0.0,0.0,poor_tracking_condition,requested_mode_matches_applied_mode
fis,persistent-low-generation,5,6940,115.66666666666667,19.666666666666668,2026-01-05T19:40:00Z,87.96960204653067,87.95741881066323,NORMAL,NORMAL,0.0,85.0,70.0,0.16787878787878788,0.0,0.0,0.0,1.0,3,-5.0,M2,2.469473610655661,M1,M1,0,5.0,-5.0,0.41666666666666663,0.0,0.0,poor_tracking_condition,requested_mode_matches_applied_mode
fis,persistent-low-generation,5,6945,115.75,19.75,2026-01-05T19:45:00Z,87.95741881066323,87.94523557479577,NORMAL,NORMAL,0.0,85.0,70.0,0.16787878787878788,0.0,0.0,0.0,1.0,3,-5.0,M2,2.468281090200308,M1,M1,0,5.0,-5.0,0.41666666666666663,0.0,0.0,poor_tracking_condition,requested_mode_matches_applied_mode
fis,persistent-low-generation,5,6950,115.83333333333333,19.833333333333332,2026-01-05T19:50:00Z,87.94523557479577,87.93305233892832,NORMAL,NORMAL,0.0,85.0,70.0,0.16787878787878788,0.0,0.0,0.0,1.0,3,-5.0,M2,2.4670867099744136,M1,M1,0,5.0,-5.0,0.41666666666666663,0.0,0.0,poor_tracking_condition,requested_mode_matches_applied_mode
fis,persistent-low-generation,5,6955,115.91666666666667,19.916666666666668,2026-01-05T19:55:00Z,87.93305233892832,87.92086910306088,NORMAL,NORMAL,0.0,85.0,70.0,0.16787878787878788,0.0,0.0,0.0,1.0,3,-5.0,M2,2.465890465624035,M1,M1,0,5.0,-5.0,0.41666666666666663,0.0,0.0,poor_tracking_condition,requested_mode_matches_applied_mode
fis,persistent-low-generation,5,6960,116.0,20.0,2026-01-05T20:00:00Z,87.92086910306088,87.90868586719343,NORMAL,NORMAL,0.0,85.0,70.0,0.16787878787878788,0.0,0.0,0.0,0.75,2,-5.0,M2,2.4562581800517718,M1,M1,0,5.0,-5.0,0.41666666666666663,0.0,0.0,poor_tracking_condition,requested_mode_matches_applied_mode
fis,persistent-low-generation,5,6965,116.08333333333333,20.083333333333332,2026-01-05T20:05:00Z,87.90868586719343,87.89650263132599,NORMAL,NORMAL,0.0,85.0,70.0,0.16787878787878788,0.0,0.0,0.0,0.75,2,-5.0,M2,2.455032576616325,M1,M1,0,5.0,-5.0,0.41666666666666663,0.0,0.0,poor_tracking_condition,requested_mode_matches_applied_mode
fis,persistent-low-generation,5,6970,116.16666666666667,20.166666666666668,2026-01-05T20:10:00Z,87.89650263132599,87.88431939545853,NORMAL,NORMAL,0.0,85.0,70.0,0.16787878787878788,0.0,0.0,0.0,0.75,2,-5.0,M2,2.4537963177342563,M1,M1,0,5.0,-5.0,0.41666666666666663,0.0,0.0,poor_tracking_condition,requested_mode_matches_applied_mode
fis,persistent-low-generation,5,6975,116.25,20.25,2026-01-05T20:15:00Z,87.88431939545853,87.8721361595911,NORMAL,NORMAL,0.0,85.0,70.0,0.16787878787878788,0.0,0.0,0.0,0.75,2,-5.0,M2,2.452536417409708,M1,M1,0,5.0,-5.0,0.41666666666666663,0.0,0.0,poor_tracking_condition,requested_mode_matches_applied_mode
fis,persistent-low-generation,5,6980,116.33333333333333,20.333333333333332,2026-01-05T20:20:00Z,87.8721361595911,87.85995292372367,NORMAL,NORMAL,0.0,85.0,70.0,0.16787878787878788,0.0,0.0,0.0,0.75,2,-5.0,M2,2.451274462189901,M1,M1,0,5.0,-5.0,0.41666666666666663,0.0,0.0,poor_tracking_condition,requested_mode_matches_applied_mode
fis,persistent-low-generation,5,6985,116.41666666666667,20.416666666666668,2026-01-05T20:25:00Z,87.85995292372367,87.84776968785621,NORMAL,NORMAL,0.0,85.0,70.0,0.16787878787878788,0.0,0.0,0.0,0.75,2,-5.0,M2,2.4500104470434385,M1,M1,0,5.0,-5.0,0.41666666666666663,0.0,0.0,poor_tracking_condition,requested_mode_matches_applied_mode
fis,persistent-low-generation,5,6990,116.5,20.5,2026-01-05T20:30:00Z,87.84776968785621,87.83558645198877,NORMAL,NORMAL,0.0,85.0,70.0,0.16787878787878788,0.0,0.0,0.0,0.75,2,-5.0,M2,2.4487443669224707,M1,M1,0,5.0,-5.0,0.41666666666666663,0.0,0.0,poor_tracking_condition,requested_mode_matches_applied_mode
fis,persistent-low-generation,5,6995,116.58333333333333,20.583333333333332,2026-01-05T20:35:00Z,87.83558645198877,87.82340321612132,NORMAL,NORMAL,0.0,85.0,70.0,0.16787878787878788,0.0,0.0,0.0,0.75,2,-5.0,M2,2.447476216762663,M1,M1,0,5.0,-5.0,0.41666666666666663,0.0,0.0,poor_tracking_condition,requested_mode_matches_applied_mode
fis,persistent-low-generation,5,7000,116.66666666666667,20.666666666666668,2026-01-05T20:40:00Z,87.82340321612132,87.81121998025387,NORMAL,NORMAL,0.0,85.0,70.0,0.16787878787878788,0.0,0.0,0.0,0.75,2,-5.0,M2,2.4462059914830934,M1,M1,0,5.0,-5.0,0.41666666666666663,0.0,0.0,poor_tracking_condition,requested_mode_matches_applied_mode
fis,persistent-low-generation,5,7005,116.75,20.75,2026-01-05T20:45:00Z,87.81121998025387,87.79903674438643,NORMAL,NORMAL,0.0,85.0,70.0,0.16787878787878788,0.0,0.0,0.0,0.75,2,-5.0,M2,2.444933685986163,M1,M1,0,5.0,-5.0,0.41666666666666663,0.0,0.0,poor_tracking_condition,requested_mode_matches_applied_mode
fis,persistent-low-generation,5,7010,116.83333333333333,20.833333333333332,2026-01-05T20:50:00Z,87.79903674438643,87.78685350851897,NORMAL,NORMAL,0.0,85.0,70.0,0.16787878787878788,0.0,0.0,0.0,0.75,2,-5.0,M2,2.443656865249419,M1,M1,0,5.0,-5.0,0.41666666666666663,0.0,0.0,poor_tracking_condition,requested_mode_matches_applied_mode
fis,persistent-low-generation,5,7015,116.91666666666667,20.916666666666668,2026-01-05T20:55:00Z,87.78685350851897,87.77467027265153,NORMAL,NORMAL,0.0,85.0,70.0,0.16787878787878788,0.0,0.0,0.0,0.75,2,-5.0,M2,2.4423495954531886,M1,M1,0,5.0,-5.0,0.41666666666666663,0.0,0.0,poor_tracking_condition,requested_mode_matches_applied_mode
fis,persistent-low-generation,5,7020,117.0,21.0,2026-01-05T21:00:00Z,87.77467027265153,87.76248703678408,NORMAL,NORMAL,0.0,85.0,70.0,0.16787878787878788,0.0,0.0,0.0,0.75,2,-5.0,M2,2.4410401276956453,M1,M1,0,5.0,-5.0,0.41666666666666663,0.0,0.0,poor_tracking_condition,requested_mode_matches_applied_mode
fis,persistent-low-generation,5,7025,117.08333333333333,21.083333333333332,2026-01-05T21:05:00Z,87.76248703678408,87.75030380091664,NORMAL,NORMAL,0.0,85.0,70.0,0.16787878787878788,0.0,0.0,0.0,0.75,2,-5.0,M2,2.4397284564288744,M1,M1,0,5.0,-5.0,0.41666666666666663,0.0,0.0,poor_tracking_condition,requested_mode_matches_applied_mode
fis,persistent-low-generation,5,7030,117.16666666666667,21.166666666666668,2026-01-05T21:10:00Z,87.75030380091664,87.73812056504919,NORMAL,NORMAL,0.0,85.0,70.0,0.16787878787878788,0.0,0.0,0.0,0.75,2,-5.0,M2,2.4384145760862617,M1,M1,0,5.0,-5.0,0.41666666666666663,0.0,0.0,poor_tracking_condition,requested_mode_matches_applied_mode
fis,persistent-low-generation,5,7035,117.25,21.25,2026-01-05T21:15:00Z,87.73812056504919,87.72593732918175,NORMAL,NORMAL,0.0,85.0,70.0,0.16787878787878788,0.0,0.0,0.0,0.75,2,-5.0,M2,2.4370984810824052,M1,M1,0,5.0,-5.0,0.41666666666666663,0.0,0.0,poor_tracking_condition,requested_mode_matches_applied_mode
fis,persistent-low-generation,5,7040,117.33333333333333,21.333333333333332,2026-01-05T21:20:00Z,87.72593732918175,87.7137540933143,NORMAL,NORMAL,0.0,85.0,70.0,0.16787878787878788,0.0,0.0,0.0,0.75,2,-5.0,M2,2.4357801658130804,M1,M1,0,5.0,-5.0,0.41666666666666663,0.0,0.0,poor_tracking_condition,requested_mode_matches_applied_mode
fis,persistent-low-generation,5,7045,117.41666666666667,21.416666666666668,2026-01-05T21:25:00Z,87.7137540933143,87.70157085744685,NORMAL,NORMAL,0.0,85.0,70.0,0.16787878787878788,0.0,0.0,0.0,0.75,2,-5.0,M2,2.4344596246551213,M1,M1,0,5.0,-5.0,0.41666666666666663,0.0,0.0,poor_tracking_condition,requested_mode_matches_applied_mode
fis,persistent-low-generation,5,7050,117.5,21.5,2026-01-05T21:30:00Z,87.70157085744685,87.6893876215794,NORMAL,NORMAL,0.0,85.0,70.0,0.16787878787878788,0.0,0.0,0.0,0.75,2,-5.0,M2,2.433136851966338,M1,M1,0,5.0,-5.0,0.41666666666666663,0.0,0.0,poor_tracking_condition,requested_mode_matches_applied_mode
fis,persistent-low-generation,5,7055,117.58333333333333,21.583333333333332,2026-01-05T21:35:00Z,87.6893876215794,87.67720438571196,NORMAL,NORMAL,0.0,85.0,70.0,0.16787878787878788,0.0,0.0,0.0,0.75,2,-5.0,M2,2.431784661745019,M1,M1,0,5.0,-5.0,0.41666666666666663,0.0,0.0,poor_tracking_condition,requested_mode_matches_applied_mode
fis,persistent-low-generation,5,7060,117.66666666666667,21.666666666666668,2026-01-05T21:40:00Z,87.67720438571196,87.66502114984452,NORMAL,NORMAL,0.0,85.0,70.0,0.16787878787878788,0.0,0.0,0.0,0.75,2,-5.0,M2,2.4304261053483267,M1,M1,0,5.0,-5.0,0.41666666666666663,0.0,0.0,poor_tracking_condition,requested_mode_matches_applied_mode
fis,persistent-low-generation,5,7065,117.75,21.75,2026-01-05T21:45:00Z,87.66502114984452,87.65283791397708,NORMAL,NORMAL,0.0,85.0,70.0,0.16787878787878788,0.0,0.0,0.0,0.75,2,-5.0,M2,2.429065193056055,M1,M1,0,5.0,-5.0,0.41666666666666663,0.0,0.0,poor_tracking_condition,requested_mode_matches_applied_mode
fis,persistent-low-generation,5,7070,117.83333333333333,21.833333333333332,2026-01-05T21:50:00Z,87.65283791397708,87.64065467810963,NORMAL,NORMAL,0.0,85.0,70.0,0.16787878787878788,0.0,0.0,0.0,0.75,2,-5.0,M2,2.427701918734789,M1,M1,0,5.0,-5.0,0.41666666666666663,0.0,0.0,poor_tracking_condition,requested_mode_matches_applied_mode
fis,persistent-low-generation,5,7075,117.91666666666667,21.916666666666668,2026-01-05T21:55:00Z,87.64065467810963,87.62847144224219,NORMAL,NORMAL,0.0,85.0,70.0,0.16787878787878788,0.0,0.0,0.0,0.75,2,-5.0,M2,2.426336276229799,M1,M1,0,5.0,-5.0,0.41666666666666663,0.0,0.0,poor_tracking_condition,requested_mode_matches_applied_mode
fis,persistent-low-generation,5,7080,118.0,22.0,2026-01-05T22:00:00Z,87.62847144224219,87.61628820637473,NORMAL,NORMAL,0.0,85.0,70.0,0.16787878787878788,0.0,0.0,0.0,0.75,2,-5.0,M2,2.424968259364969,M1,M1,0,5.0,-5.0,0.41666666666666663,0.0,0.0,poor_tracking_condition,requested_mode_matches_applied_mode
fis,persistent-low-generation,5,7085,118.08333333333333,22.083333333333332,2026-01-05T22:05:00Z,87.61628820637473,87.6041049705073,NORMAL,NORMAL,0.0,85.0,70.0,0.16787878787878788,0.0,0.0,0.0,0.75,2,-5.0,M2,2.4235978619426652,M1,M1,0,5.0,-5.0,0.41666666666666663,0.0,0.0,poor_tracking_condition,requested_mode_matches_applied_mode
fis,persistent-low-generation,5,7090,118.16666666666667,22.166666666666668,2026-01-05T22:10:00Z,87.6041049705073,87.59192173463984,NORMAL,NORMAL,0.0,85.0,70.0,0.16787878787878788,0.0,0.0,0.0,0.75,2,-5.0,M2,2.422225077743692,M1,M1,0,5.0,-5.0,0.41666666666666663,0.0,0.0,poor_tracking_condition,requested_mode_matches_applied_mode
fis,persistent-low-generation,5,7095,118.25,22.25,2026-01-05T22:15:00Z,87.59192173463984,87.5797384987724,NORMAL,NORMAL,0.0,85.0,70.0,0.16787878787878788,0.0,0.0,0.0,0.75,2,-5.0,M2,2.4208289203568976,M1,M1,0,5.0,-5.0,0.41666666666666663,0.0,0.0,poor_tracking_condition,requested_mode_matches_applied_mode
fis,persistent-low-generation,5,7100,118.33333333333333,22.333333333333332,2026-01-05T22:20:00Z,87.5797384987724,87.56755526290495,NORMAL,NORMAL,0.0,85.0,70.0,0.16787878787878788,0.0,0.0,0.0,0.75,2,-5.0,M2,2.4194196097097884,M1,M1,0,5.0,-5.0,0.41666666666666663,0.0,0.0,poor_tracking_condition,requested_mode_matches_applied_mode
fis,persistent-low-generation,5,7105,118.41666666666667,22.416666666666668,2026-01-05T22:25:00Z,87.56755526290495,87.5553720270375,NORMAL,NORMAL,0.0,85.0,70.0,0.16787878787878788,0.0,0.0,0.0,0.75,2,-5.0,M2,2.41800778137396,M1,M1,0,5.0,-5.0,0.41666666666666663,0.0,0.0,poor_tracking_condition,requested_mode_matches_applied_mode
fis,persistent-low-generation,5,7110,118.5,22.5,2026-01-05T22:30:00Z,87.5553720270375,87.54318879117005,NORMAL,NORMAL,0.0,85.0,70.0,0.16787878787878788,0.0,0.0,0.0,0.75,2,-5.0,M2,2.416593428596734,M1,M1,0,5.0,-5.0,0.41666666666666663,0.0,0.0,poor_tracking_condition,requested_mode_matches_applied_mode
fis,persistent-low-generation,5,7115,118.58333333333333,22.583333333333332,2026-01-05T22:35:00Z,87.54318879117005,87.53100555530261,NORMAL,NORMAL,0.0,85.0,70.0,0.16787878787878788,0.0,0.0,0.0,0.75,2,-5.0,M2,2.415176544601242,M1,M1,0,5.0,-5.0,0.41666666666666663,0.0,0.0,poor_tracking_condition,requested_mode_matches_applied_mode
fis,persistent-low-generation,5,7120,118.66666666666667,22.666666666666668,2026-01-05T22:40:00Z,87.53100555530261,87.51882231943516,NORMAL,NORMAL,0.0,85.0,70.0,0.16787878787878788,0.0,0.0,0.0,0.75,2,-5.0,M2,2.4137571225863566,M1,M1,0,5.0,-5.0,0.41666666666666663,0.0,0.0,poor_tracking_condition,requested_mode_matches_applied_mode
fis,persistent-low-generation,5,7125,118.75,22.75,2026-01-05T22:45:00Z,87.51882231943516,87.50663908356772,NORMAL,NORMAL,0.0,85.0,70.0,0.16787878787878788,0.0,0.0,0.0,0.75,2,-5.0,M2,2.4123351557265464,M1,M1,0,5.0,-5.0,0.41666666666666663,0.0,0.0,poor_tracking_condition,requested_mode_matches_applied_mode
fis,persistent-low-generation,5,7130,118.83333333333333,22.833333333333332,2026-01-05T22:50:00Z,87.50663908356772,87.49445584770027,NORMAL,NORMAL,0.0,85.0,70.0,0.16787878787878788,0.0,0.0,0.0,0.75,2,-5.0,M2,2.4109106371717983,M1,M1,0,5.0,-5.0,0.41666666666666663,0.0,0.0,poor_tracking_condition,requested_mode_matches_applied_mode
fis,persistent-low-generation,5,7135,118.91666666666667,22.916666666666668,2026-01-05T22:55:00Z,87.49445584770027,87.48227261183283,NORMAL,NORMAL,0.0,85.0,70.0,0.16787878787878788,0.0,0.0,0.0,0.75,2,-5.0,M2,2.4094689532918476,M1,M1,0,5.0,-5.0,0.41666666666666663,0.0,0.0,poor_tracking_condition,requested_mode_matches_applied_mode
fis,persistent-low-generation,5,7140,119.0,23.0,2026-01-05T23:00:00Z,87.48227261183283,87.47008937596539,NORMAL,NORMAL,0.0,85.0,70.0,0.16787878787878788,0.0,0.0,0.0,0.35,1,-5.0,M2,1.780487804878042,M1,M1,0,5.0,-5.0,0.41666666666666663,0.0,0.0,poor_tracking_condition,requested_mode_matches_applied_mode
fis,persistent-low-generation,5,7145,119.08333333333333,23.083333333333332,2026-01-05T23:05:00Z,87.47008937596539,87.45790614009795,NORMAL,NORMAL,0.0,85.0,70.0,0.16787878787878788,0.0,0.0,0.0,0.35,1,-5.0,M2,1.780487804878042,M1,M1,0,5.0,-5.0,0.41666666666666663,0.0,0.0,poor_tracking_condition,requested_mode_matches_applied_mode
fis,persistent-low-generation,5,7150,119.16666666666667,23.166666666666668,2026-01-05T23:10:00Z,87.45790614009795,87.4457229042305,NORMAL,NORMAL,0.0,85.0,70.0,0.16787878787878788,0.0,0.0,0.0,0.35,1,-5.0,M2,1.780487804878042,M1,M1,0,5.0,-5.0,0.41666666666666663,0.0,0.0,poor_tracking_condition,requested_mode_matches_applied_mode
fis,persistent-low-generation,5,7155,119.25,23.25,2026-01-05T23:15:00Z,87.4457229042305,87.43353966836305,NORMAL,NORMAL,0.0,85.0,70.0,0.16787878787878788,0.0,0.0,0.0,0.35,1,-5.0,M2,1.780487804878042,M1,M1,0,5.0,-5.0,0.41666666666666663,0.0,0.0,poor_tracking_condition,requested_mode_matches_applied_mode
fis,persistent-low-generation,5,7160,119.33333333333333,23.333333333333332,2026-01-05T23:20:00Z,87.43353966836305,87.4213564324956,NORMAL,NORMAL,0.0,85.0,70.0,0.16787878787878788,0.0,0.0,0.0,0.35,1,-5.0,M2,1.780487804878042,M1,M1,0,5.0,-5.0,0.41666666666666663,0.0,0.0,poor_tracking_condition,requested_mode_matches_applied_mode
fis,persistent-low-generation,5,7165,119.41666666666667,23.416666666666668,2026-01-05T23:25:00Z,87.4213564324956,87.40917319662816,NORMAL,NORMAL,0.0,85.0,70.0,0.16787878787878788,0.0,0.0,0.0,0.35,1,-5.0,M2,1.780487804878042,M1,M1,0,5.0,-5.0,0.41666666666666663,0.0,0.0,poor_tracking_condition,requested_mode_matches_applied_mode
fis,persistent-low-generation,5,7170,119.5,23.5,2026-01-05T23:30:00Z,87.40917319662816,87.3969899607607,NORMAL,NORMAL,0.0,85.0,70.0,0.16787878787878788,0.0,0.0,0.0,0.35,1,-5.0,M2,1.780487804878042,M1,M1,0,5.0,-5.0,0.41666666666666663,0.0,0.0,poor_tracking_condition,requested_mode_matches_applied_mode
fis,persistent-low-generation,5,7175,119.58333333333333,23.583333333333332,2026-01-05T23:35:00Z,87.3969899607607,87.38480672489327,NORMAL,NORMAL,0.0,85.0,70.0,0.16787878787878788,0.0,0.0,0.0,0.35,1,-5.0,M2,1.780487804878042,M1,M1,0,5.0,-5.0,0.41666666666666663,0.0,0.0,poor_tracking_condition,requested_mode_matches_applied_mode
fis,persistent-low-generation,5,7180,119.66666666666667,23.666666666666668,2026-01-05T23:40:00Z,87.38480672489327,87.37262348902581,NORMAL,NORMAL,0.0,85.0,70.0,0.16787878787878788,0.0,0.0,0.0,0.35,1,-5.0,M2,1.780487804878042,M1,M1,0,5.0,-5.0,0.41666666666666663,0.0,0.0,poor_tracking_condition,requested_mode_matches_applied_mode
fis,persistent-low-generation,5,7185,119.75,23.75,2026-01-05T23:45:00Z,87.37262348902581,87.36044025315837,NORMAL,NORMAL,0.0,85.0,70.0,0.16787878787878788,0.0,0.0,0.0,0.35,1,-5.0,M2,1.780487804878042,M1,M1,0,5.0,-5.0,0.41666666666666663,0.0,0.0,poor_tracking_condition,requested_mode_matches_applied_mode
fis,persistent-low-generation,5,7190,119.83333333333333,23.833333333333332,2026-01-05T23:50:00Z,87.36044025315837,87.34825701729092,NORMAL,NORMAL,0.0,85.0,70.0,0.16787878787878788,0.0,0.0,0.0,0.35,1,-5.0,M2,1.780487804878042,M1,M1,0,5.0,-5.0,0.41666666666666663,0.0,0.0,poor_tracking_condition,requested_mode_matches_applied_mode
fis,persistent-low-generation,5,7195,119.91666666666667,23.916666666666668,2026-01-05T23:55:00Z,87.34825701729092,87.33607378142348,NORMAL,NORMAL,0.0,85.0,70.0,0.16787878787878788,0.0,0.0,0.0,0.35,1,-5.0,M2,1.780487804878042,M1,M1,0,5.0,-5.0,0.41666666666666663,0.0,0.0,poor_tracking_condition,requested_mode_matches_applied_mode
