strategy,scenario,day,time_min,time_h,time_of_day_h,timestamp,soc_before_percent,soc_after_percent,battery_protection_before,battery_protection_after,shortwave_radiation_wm2,cloud_cover_percent,precipitation_probability_percent,weather_index,local_irradiance_wm2,pv_raw_power_w,pv_delivered_power_w,demand_index,demand_requested_outputs,p_net_predecision_w,raw_mode,centroid,requested_mode,applied_mode,active_outputs,final_station_load_w,battery_requested_power_w,battery_external_discharge_wh_step,ev_useful_wh_step,pv_curtailed_wh_step,blocked_reasons,stabilization_reason
threshold,persistent-low-generation,1,0,0.0,0.0,2026-01-01T00:00:00Z,80.0,79.98781676413255,NORMAL,NORMAL,0.0,85.0,70.0,0.16787878787878788,0.0,0.0,0.0,0.2,0,-5.0,M2,nan,M1,M1,0,5.0,-5.0,0.41666666666666663,0.0,0.0,poor_tracking_condition,initialized_from_first_valid_decision
threshold,persistent-low-generation,1,5,0.08333333333333333,0.08333333333333333,2026-01-01T00:05:00Z,79.98781676413255,79.9756335282651,NORMAL,NORMAL,0.0,85.0,70.0,0.16787878787878788,0.0,0.0,0.0,0.2,0,-5.0,M2,nan,M1,M1,0,5.0,-5.0,0.41666666666666663,0.0,0.0,poor_tracking_condition,requested_mode_matches_applied_mode
threshold,persistent-low-generation,1,10,0.16666666666666666,0.16666666666666666,2026-01-01T00:10:00Z,79.9756335282651,79.96345029239765,NORMAL,NORMAL,0.0,85.0,70.0,0.16787878787878788,0.0,0.0,0.0,0.2,0,-5.0,M2,nan,M1,M1,0,5.0,-5.0,0.41666666666666663,0.0,0.0,poor_tracking_condition,requested_mode_matches_applied_mode
threshold,persistent-low-generation,1,15,0.25,0.25,2026-01-01T00:15:00Z,79.96345029239765,79.95126705653021,NORMAL,NORMAL,0.0,85.0,70.0,0.16787878787878788,0.0,0.0,0.0,0.2,0,-5.0,M2,nan,M1,M1,0,5.0,-5.0,0.41666666666666663,0.0,0.0,poor_tracking_condition,requested_mode_matches_applied_mode
threshold,persistent-low-generation,1,20,0.3333333333333333,0.3333333333333333,2026-01-01T00:20:00Z,79.95126705653021,79.93908382066276,NORMAL,NORMAL,0.0,85.0,70.0,0.16787878787878788,0.0,0.0,0.0,0.2,0,-5.0,M2,nan,M1,M1,0,5.0,-5.0,0.41666666666666663,0.0,0.0,poor_tracking_condition,requested_mode_matches_applied_mode
threshold,persistent-low-generation,1,25,0.4166666666666667,0.4166666666666667,2026-01-01T00:25:00Z,79.93908382066276,79.92690058479532,NORMAL,NORMAL,0.0,85.0,70.0,0.16787878787878788,0.0,0.0,0.0,0.2,0,-5.0,M2,nan,M1,M1,0,5.0,-5.0,0.41666666666666663,0.0,0.0,poor_tracking_condition,requested_mode_matches_applied_mode
threshold,persistent-low-generation,1,30,0.5,0.5,2026-01-01T00:30:00Z,79.92690058479532,79.91471734892787,NORMAL,NORMAL,0.0,85.0,70.0,0.16787878787878788,0.0,0.0,0.0,0.2,0,-5.0,M2,nan,M1,M1,0,5.0,-5.0,0.41666666666666663,0.0,0.0,poor_tracking_condition,requested_mode_matches_applied_mode
threshold,persistent-low-generation,1,35,0.5833333333333334,0.5833333333333334,2026-01-01T00:35:00Z,79.91471734892787,79.90253411306043,NORMAL,NORMAL,0.0,85.0,70.0,0.16787878787878788,0.0,0.0,0.0,0.2,0,-5.0,M2,nan,M1,M1,0,5.0,-5.0,0.41666666666666663,0.0,0.0,poor_tracking_condition,requested_mode_matches_applied_mode
threshold,persistent-low-generation,1,40,0.6666666666666666,0.6666666666666666,2026-01-01T00:40:00Z,79.90253411306043,79.89035087719299,NORMAL,NORMAL,0.0,85.0,70.0,0.16787878787878788,0.0,0.0,0.0,0.2,0,-5.0,M2,nan,M1,M1,0,5.0,-5.0,0.41666666666666663,0.0,0.0,poor_tracking_condition,requested_mode_matches_applied_mode
threshold,persistent-low-generation,1,45,0.75,0.75,2026-01-01T00:45:00Z,79.89035087719299,79.87816764132555,NORMAL,NORMAL,0.0,85.0,70.0,0.16787878787878788,0.0,0.0,0.0,0.2,0,-5.0,M2,nan,M1,M1,0,5.0,-5.0,0.41666666666666663,0.0,0.0,poor_tracking_condition,requested_mode_matches_applied_mode
threshold,persistent-low-generation,1,50,0.8333333333333334,0.8333333333333334,2026-01-01T00:50:00Z,79.87816764132555,79.8659844054581,NORMAL,NORMAL,0.0,85.0,70.0,0.16787878787878788,0.0,0.0,0.0,0.2,0,-5.0,M2,nan,M1,M1,0,5.0,-5.0,0.41666666666666663,0.0,0.0,poor_tracking_condition,requested_mode_matches_applied_mode
threshold,persistent-low-generation,1,55,0.9166666666666666,0.9166666666666666,2026-01-01T00:55:00Z,79.8659844054581,79.85380116959065,NORMAL,NORMAL,0.0,85.0,70.0,0.16787878787878788,0.0,0.0,0.0,0.2,0,-5.0,M2,nan,M1,M1,0,5.0,-5.0,0.41666666666666663,0.0,0.0,poor_tracking_condition,requested_mode_matches_applied_mode
threshold,persistent-low-generation,1,60,1.0,1.0,2026-01-01T01:00:00Z,79.85380116959065,79.8416179337232,NORMAL,NORMAL,0.0,85.0,70.0,0.16787878787878788,0.0,0.0,0.0,0.2,0,-5.0,M2,nan,M1,M1,0,5.0,-5.0,0.41666666666666663,0.0,0.0,poor_tracking_condition,requested_mode_matches_applied_mode
threshold,persistent-low-generation,1,65,1.0833333333333333,1.0833333333333333,2026-01-01T01:05:00Z,79.8416179337232,79.82943469785576,NORMAL,NORMAL,0.0,85.0,70.0,0.16787878787878788,0.0,0.0,0.0,0.2,0,-5.0,M2,nan,M1,M1,0,5.0,-5.0,0.41666666666666663,0.0,0.0,poor_tracking_condition,requested_mode_matches_applied_mode
threshold,persistent-low-generation,1,70,1.1666666666666667,1.1666666666666667,2026-01-01T01:10:00Z,79.82943469785576,79.8172514619883,NORMAL,NORMAL,0.0,85.0,70.0,0.16787878787878788,0.0,0.0,0.0,0.2,0,-5.0,M2,nan,M1,M1,0,5.0,-5.0,0.41666666666666663,0.0,0.0,poor_tracking_condition,requested_mode_matches_applied_mode
threshold,persistent-low-generation,1,75,1.25,1.25,2026-01-01T01:15:00Z,79.8172514619883,79.80506822612087,NORMAL,NORMAL,0.0,85.0,70.0,0.16787878787878788,0.0,0.0,0.0,0.2,0,-5.0,M2,nan,M1,M1,0,5.0,-5.0,0.41666666666666663,0.0,0.0,poor_tracking_condition,requested_mode_matches_applied_mode
threshold,persistent-low-generation,1,80,1.3333333333333333,1.3333333333333333,2026-01-01T01:20:00Z,79.80506822612087,79.79288499025341,NORMAL,NORMAL,0.0,85.0,70.0,0.16787878787878788,0.0,0.0,0.0,0.2,0,-5.0,M2,nan,M1,M1,0,5.0,-5.0,0.41666666666666663,0.0,0.0,poor_tracking_condition,requested_mode_matches_applied_mode
threshold,persistent-low-generation,1,85,1.4166666666666667,1.4166666666666667,2026-01-01T01:25:00Z,79.79288499025341,79.78070175438597,NORMAL,NORMAL,0.0,85.0,70.0,0.16787878787878788,0.0,0.0,0.0,0.2,0,-5.0,M2,nan,M1,M1,0,5.0,-5.0,0.41666666666666663,0.0,0.0,poor_tracking_condition,requested_mode_matches_applied_mode
threshold,persistent-low-generation,1,90,1.5,1.5,2026-01-01T01:30:00Z,79.78070175438597,79.76851851851852,NORMAL,NORMAL,0.0,85.0,70.0,0.16787878787878788,0.0,0.0,0.0,0.2,0,-5.0,M2,nan,M1,M1,0,5.0,-5.0,0.41666666666666663,0.0,0.0,poor_tracking_condition,requested_mode_matches_applied_mode
threshold,persistent-low-generation,1,95,1.5833333333333333,1.5833333333333333,2026-01-01T01:35:00Z,79.76851851851852,79.75633528265108,NORMAL,NORMAL,0.0,85.0,70.0,0.16787878787878788,0.0,0.0,0.0,0.2,0,-5.0,M2,nan,M1,M1,0,5.0,-5.0,0.41666666666666663,0.0,0.0,poor_tracking_condition,requested_mode_matches_applied_mode
threshold,persistent-low-generation,1,100,1.6666666666666667,1.6666666666666667,2026-01-01T01:40:00Z,79.75633528265108,79.74415204678363,NORMAL,NORMAL,0.0,85.0,70.0,0.16787878787878788,0.0,0.0,0.0,0.2,0,-5.0,M2,nan,M1,M1,0,5.0,-5.0,0.41666666666666663,0.0,0.0,poor_tracking_condition,requested_mode_matches_applied_mode
threshold,persistent-low-generation,1,105,1.75,1.75,2026-01-01T01:45:00Z,79.74415204678363,79.73196881091619,NORMAL,NORMAL,0.0,85.0,70.0,0.16787878787878788,0.0,0.0,0.0,0.2,0,-5.0,M2,nan,M1,M1,0,5.0,-5.0,0.41666666666666663,0.0,0.0,poor_tracking_condition,requested_mode_matches_applied_mode
threshold,persistent-low-generation,1,110,1.8333333333333333,1.8333333333333333,2026-01-01T01:50:00Z,79.73196881091619,79.71978557504873,NORMAL,NORMAL,0.0,85.0,70.0,0.16787878787878788,0.0,0.0,0.0,0.2,0,-5.0,M2,nan,M1,M1,0,5.0,-5.0,0.41666666666666663,0.0,0.0,poor_tracking_condition,requested_mode_matches_applied_mode
threshold,persistent-low-generation,1,115,1.9166666666666667,1.9166666666666667,2026-01-01T01:55:00Z,79.71978557504873,79.7076023391813,NORMAL,NORMAL,0.0,85.0,70.0,0.16787878787878788,0.0,0.0,0.0,0.2,0,-5.0,M2,nan,M1,M1,0,5.0,-5.0,0.41666666666666663,0.0,0.0,poor_tracking_condition,requested_mode_matches_applied_mode
threshold,persistent-low-generation,1,120,2.0,2.0,2026-01-01T02:00:00Z,79.7076023391813,79.69541910331385,NORMAL,NORMAL,0.0,85.0,70.0,0.16787878787878788,0.0,0.0,0.0,0.2,0,-5.0,M2,nan,M1,M1,0,5.0,-5.0,0.41666666666666663,0.0,0.0,poor_tracking_condition,requested_mode_matches_applied_mode
threshold,persistent-low-generation,1,125,2.0833333333333335,2.0833333333333335,2026-01-01T02:05:00Z,79.69541910331385,79.68323586744641,NORMAL,NORMAL,0.0,85.0,70.0,0.16787878787878788,0.0,0.0,0.0,0.2,0,-5.0,M2,nan,M1,M1,0,5.0,-5.0,0.41666666666666663,0.0,0.0,poor_tracking_condition,requested_mode_matches_applied_mode
threshold,persistent-low-generation,1,130,2.1666666666666665,2.1666666666666665,2026-01-01T02:10:00Z,79.68323586744641,79.67105263157896,NORMAL,NORMAL,0.0,85.0,70.0,0.16787878787878788,0.0,0.0,0.0,0.2,0,-5.0,M2,nan,M1,M1,0,5.0,-5.0,0.41666666666666663,0.0,0.0,poor_tracking_condition,requested_mode_matches_applied_mode
threshold,persistent-low-generation,1,135,2.25,2.25,2026-01-01T02:15:00Z,79.67105263157896,79.65886939571152,NORMAL,NORMAL,0.0,85.0,70.0,0.16787878787878788,0.0,0.0,0.0,0.2,0,-5.0,M2,nan,M1,M1,0,5.0,-5.0,0.41666666666666663,0.0,0.0,poor_tracking_condition,requested_mode_matches_applied_mode
threshold,persistent-low-generation,1,140,2.3333333333333335,2.3333333333333335,2026-01-01T02:20:00Z,79.65886939571152,79.64668615984407,NORMAL,NORMAL,0.0,85.0,70.0,0.16787878787878788,0.0,0.0,0.0,0.2,0,-5.0,M2,nan,M1,M1,0,5.0,-5.0,0.41666666666666663,0.0,0.0,poor_tracking_condition,requested_mode_matches_applied_mode
threshold,persistent-low-generation,1,145,2.4166666666666665,2.4166666666666665,2026-01-01T02:25:00Z,79.64668615984407,79.63450292397663,NORMAL,NORMAL,0.0,85.0,70.0,0.16787878787878788,0.0,0.0,0.0,0.2,0,-5.0,M2,nan,M1,M1,0,5.0,-5.0,0.41666666666666663,0.0,0.0,poor_tracking_condition,requested_mode_matches_applied_mode
threshold,persistent-low-generation,1,150,2.5,2.5,2026-01-01T02:30:00Z,79.63450292397663,79.62231968810917,NORMAL,NORMAL,0.0,85.0,70.0,0.16787878787878788,0.0,0.0,0.0,0.2,0,-5.0,M2,nan,M1,M1,0,5.0,-5.0,0.41666666666666663,0.0,0.0,poor_tracking_condition,requested_mode_matches_applied_mode
threshold,persistent-low-generation,1,155,2.5833333333333335,2.5833333333333335,2026-01-01T02:35:00Z,79.62231968810917,79.61013645224173,NORMAL,NORMAL,0.0,85.0,70.0,0.16787878787878788,0.0,0.0,0.0,0.2,0,-5.0,M2,nan,M1,M1,0,5.0,-5.0,0.41666666666666663,0.0,0.0,poor_tracking_condition,requested_mode_matches_applied_mode
threshold,persistent-low-generation,1,160,2.6666666666666665,2.6666666666666665,2026-01-01T02:40:00Z,79.61013645224173,79.59795321637428,NORMAL,NORMAL,0.0,85.0,70.0,0.16787878787878788,0.0,0.0,0.0,0.2,0,-5.0,M2,nan,M1,M1,0,5.0,-5.0,0.41666666666666663,0.0,0.0,poor_tracking_condition,requested_mode_matches_applied_mode
threshold,persistent-low-generation,1,165,2.75,2.75,2026-01-01T02:45:00Z,79.59795321637428,79.58576998050684,NORMAL,NORMAL,0.0,85.0,70.0,0.16787878787878788,0.0,0.0,0.0,0.2,0,-5.0,M2,nan,M1,M1,0,5.0,-5.0,0.41666666666666663,0.0,0.0,poor_tracking_condition,requested_mode_matches_applied_mode
threshold,persistent-low-generation,1,170,2.8333333333333335,2.8333333333333335,2026-01-01T02:50:00Z,79.58576998050684,79.57358674463939,NORMAL,NORMAL,0.0,85.0,70.0,0.16787878787878788,0.0,0.0,0.0,0.2,0,-5.0,M2,nan,M1,M1,0,5.0,-5.0,0.41666666666666663,0.0,0.0,poor_tracking_condition,requested_mode_matches_applied_mode
threshold,persistent-low-generation,1,175,2.9166666666666665,2.9166666666666665,2026-01-01T02:55:00Z,79.57358674463939,79.56140350877195,NORMAL,NORMAL,0.0,85.0,70.0,0.16787878787878788,0.0,0.0,0.0,0.2,0,-5.0,M2,nan,M1,M1,0,5.0,-5.0,0.41666666666666663,0.0,0.0,poor_tracking_condition,requested_mode_matches_applied_mode
threshold,persistent-low-generation,1,180,3.0,3.0,2026-01-01T03:00:00Z,79.56140350877195,79.54922027290449,NORMAL,NORMAL,0.0,85.0,70.0,0.16787878787878788,0.0,0.0,0.0,0.2,0,-5.0,M2,nan,M1,M1,0,5.0,-5.0,0.41666666666666663,0.0,0.0,poor_tracking_condition,requested_mode_matches_applied_mode
threshold,persistent-low-generation,1,185,3.0833333333333335,3.0833333333333335,2026-01-01T03:05:00Z,79.54922027290449,79.53703703703705,NORMAL,NORMAL,0.0,85.0,70.0,0.16787878787878788,0.0,0.0,0.0,0.2,0,-5.0,M2,nan,M1,M1,0,5.0,-5.0,0.41666666666666663,0.0,0.0,poor_tracking_condition,requested_mode_matches_applied_mode
threshold,persistent-low-generation,1,190,3.1666666666666665,3.1666666666666665,2026-01-01T03:10:00Z,79.53703703703705,79.5248538011696,NORMAL,NORMAL,0.0,85.0,70.0,0.16787878787878788,0.0,0.0,0.0,0.2,0,-5.0,M2,nan,M1,M1,0,5.0,-5.0,0.41666666666666663,0.0,0.0,poor_tracking_condition,requested_mode_matches_applied_mode
threshold,persistent-low-generation,1,195,3.25,3.25,2026-01-01T03:15:00Z,79.5248538011696,79.51267056530216,NORMAL,NORMAL,0.0,85.0,70.0,0.16787878787878788,0.0,0.0,0.0,0.2,0,-5.0,M2,nan,M1,M1,0,5.0,-5.0,0.41666666666666663,0.0,0.0,poor_tracking_condition,requested_mode_matches_applied_mode
threshold,persistent-low-generation,1,200,3.3333333333333335,3.3333333333333335,2026-01-01T03:20:00Z,79.51267056530216,79.50048732943472,NORMAL,NORMAL,0.0,85.0,70.0,0.16787878787878788,0.0,0.0,0.0,0.2,0,-5.0,M2,nan,M1,M1,0,5.0,-5.0,0.41666666666666663,0.0,0.0,poor_tracking_condition,requested_mode_matches_applied_mode
threshold,persistent-low-generation,1,205,3.4166666666666665,3.4166666666666665,2026-01-01T03:25:00Z,79.50048732943472,79.48830409356728,NORMAL,NORMAL,0.0,85.0,70.0,0.16787878787878788,0.0,0.0,0.0,0.2,0,-5.0,M2,nan,M1,M1,0,5.0,-5.0,0.41666666666666663,0.0,0.0,poor_tracking_condition,requested_mode_matches_applied_mode
threshold,persistent-low-generation,1,210,3.5,3.5,2026-01-01T03:30:00Z,79.48830409356728,79.47612085769983,NORMAL,NORMAL,0.0,85.0,70.0,0.16787878787878788,0.0,0.0,0.0,0.2,0,-5.0,M2,nan,M1,M1,0,5.0,-5.0,0.41666666666666663,0.0,0.0,poor_tracking_condition,requested_mode_matches_applied_mode
threshold,persistent-low-generation,1,215,3.5833333333333335,3.5833333333333335,2026-01-01T03:35:00Z,79.47612085769983,79.46393762183239,NORMAL,NORMAL,0.0,85.0,70.0,0.16787878787878788,0.0,0.0,0.0,0.2,0,-5.0,M2,nan,M1,M1,0,5.0,-5.0,0.41666666666666663,0.0,0.0,poor_tracking_condition,requested_mode_matches_applied_mode
threshold,persistent-low-generation,1,220,3.6666666666666665,3.6666666666666665,2026-01-01T03:40:00Z,79.46393762183239,79.45175438596493,NORMAL,NORMAL,0.0,85.0,70.0,0.16787878787878788,0.0,0.0,0.0,0.2,0,-5.0,M2,nan,M1,M1,0,5.0,-5.0,0.41666666666666663,0.0,0.0,poor_tracking_condition,requested_mode_matches_applied_mode
threshold,persistent-low-generation,1,225,3.75,3.75,2026-01-01T03:45:00Z,79.45175438596493,79.43957115009749,NORMAL,NORMAL,0.0,85.0,70.0,0.16787878787878788,0.0,0.0,0.0,0.2,0,-5.0,M2,nan,M1,M1,0,5.0,-5.0,0.41666666666666663,0.0,0.0,poor_tracking_condition,requested_mode_matches_applied_mode
threshold,persistent-low-generation,1,230,3.8333333333333335,3.8333333333333335,2026-01-01T03:50:00Z,79.43957115009749,79.42738791423004,NORMAL,NORMAL,0.0,85.0,70.0,0.16787878787878788,0.0,0.0,0.0,0.2,0,-5.0,M2,nan,M1,M1,0,5.0,-5.0,0.41666666666666663,0.0,0.0,poor_tracking_condition,requested_mode_matches_applied_mode
threshold,persistent-low-generation,1,235,3.9166666666666665,3.9166666666666665,2026-01-01T03:55:00Z,79.42738791423004,79.4152046783626,NORMAL,NORMAL,0.0,85.0,70.0,0.16787878787878788,0.0,0.0,0.0,0.2,0,-5.0,M2,nan,M1,M1,0,5.0,-5.0,0.41666666666666663,0.0,0.0,poor_tracking_condition,requested_mode_matches_applied_mode
threshold,persistent-low-generation,1,240,4.0,4.0,2026-01-01T04:00:00Z,79.4152046783626,79.40302144249515,NORMAL,NORMAL,0.0,85.0,70.0,0.16787878787878788,0.0,0.0,0.0,0.2,0,-5.0,M2,nan,M1,M1,0,5.0,-5.0,0.41666666666666663,0.0,0.0,poor_tracking_condition,requested_mode_matches_applied_mode
threshold,persistent-low-generation,1,245,4.083333333333333,4.083333333333333,2026-01-01T04:05:00Z,79.40302144249515,79.3908382066277,NORMAL,NORMAL,0.0,85.0,70.0,0.16787878787878788,0.0,0.0,0.0,0.2,0,-5.0,M2,nan,M1,M1,0,5.0,-5.0,0.41666666666666663,0.0,0.0,poor_tracking_condition,requested_mode_matches_applied_mode
threshold,persistent-low-generation,1,250,4.166666666666667,4.166666666666667,2026-01-01T04:10:00Z,79.3908382066277,79.37865497076025,NORMAL,NORMAL,0.0,85.0,70.0,0.16787878787878788,0.0,0.0,0.0,0.2,0,-5.0,M2,nan,M1,M1,0,5.0,-5.0,0.41666666666666663,0.0,0.0,poor_tracking_condition,requested_mode_matches_applied_mode
threshold,persistent-low-generation,1,255,4.25,4.25,2026-01-01T04:15:00Z,79.37865497076025,79.36647173489281,NORMAL,NORMAL,0.0,85.0,70.0,0.16787878787878788,0.0,0.0,0.0,0.2,0,-5.0,M2,nan,M1,M1,0,5.0,-5.0,0.41666666666666663,0.0,0.0,poor_tracking_condition,requested_mode_matches_applied_mode
threshold,persistent-low-generation,1,260,4.333333333333333,4.333333333333333,2026-01-01T04:20:00Z,79.36647173489281,79.35428849902536,NORMAL,NORMAL,0.0,85.0,70.0,0.16787878787878788,0.0,0.0,0.0,0.2,0,-5.0,M2,nan,M1,M1,0,5.0,-5.0,0.41666666666666663,0.0,0.0,poor_tracking_condition,requested_mode_matches_applied_mode
threshold,persistent-low-generation,1,265,4.416666666666667,4.416666666666667,2026-01-01T04:25:00Z,79.35428849902536,79.34210526315792,NORMAL,NORMAL,0.0,85.0,70.0,0.16787878787878788,0.0,0.0,0.0,0.2,0,-5.0,M2,nan,M1,M1,0,5.0,-5.0,0.41666666666666663,0.0,0.0,poor_tracking_condition,requested_mode_matches_applied_mode
threshold,persistent-low-generation,1,270,4.5,4.5,2026-01-01T04:30:00Z,79.34210526315792,79.32992202729046,NORMAL,NORMAL,0.0,85.0,70.0,0.16787878787878788,0.0,0.0,0.0,0.2,0,-5.0,M2,nan,M1,M1,0,5.0,-5.0,0.41666666666666663,0.0,0.0,poor_tracking_condition,requested_mode_matches_applied_mode
threshold,persistent-low-generation,1,275,4.583333333333333,4.583333333333333,2026-01-01T04:35:00Z,79.32992202729046,79.31773879142304,NORMAL,NORMAL,0.0,85.0,70.0,0.16787878787878788,0.0,0.0,0.0,0.2,0,-5.0,M2,nan,M1,M1,0,5.0,-5.0,0.41666666666666663,0.0,0.0,poor_tracking_condition,requested_mode_matches_applied_mode
threshold,persistent-low-generation,1,280,4.666666666666667,4.666666666666667,2026-01-01T04:40:00Z,79.31773879142304,79.30555555555559,NORMAL,NORMAL,0.0,85.0,70.0,0.16787878787878788,0.0,0.0,0.0,0.2,0,-5.0,M2,nan,M1,M1,0,5.0,-5.0,0.41666666666666663,0.0,0.0,poor_tracking_condition,requested_mode_matches_applied_mode
threshold,persistent-low-generation,1,285,4.75,4.75,2026-01-01T04:45:00Z,79.30555555555559,79.29337231968815,NORMAL,NORMAL,0.0,85.0,70.0,0.16787878787878788,0.0,0.0,0.0,0.2,0,-5.0,M2,nan,M1,M1,0,5.0,-5.0,0.41666666666666663,0.0,0.0,poor_tracking_condition,requested_mode_matches_applied_mode
threshold,persistent-low-generation,1,290,4.833333333333333,4.833333333333333,2026-01-01T04:50:00Z,79.29337231968815,79.28118908382069,NORMAL,NORMAL,0.0,85.0,70.0,0.16787878787878788,0.0,0.0,0.0,0.2,0,-5.0,M2,nan,M1,M1,0,5.0,-5.0,0.41666666666666663,0.0,0.0,poor_tracking_condition,requested_mode_matches_applied_mode
threshold,persistent-low-generation,1,295,4.916666666666667,4.916666666666667,2026-01-01T04:55:00Z,79.28118908382069,79.26900584795325,NORMAL,NORMAL,0.0,85.0,70.0,0.16787878787878788,0.0,0.0,0.0,0.2,0,-5.0,M2,nan,M1,M1,0,5.0,-5.0,0.41666666666666663,0.0,0.0,poor_tracking_condition,requested_mode_matches_applied_mode
threshold,persistent-low-generation,1,300,5.0,5.0,2026-01-01T05:00:00Z,79.26900584795325,79.2568226120858,NORMAL,NORMAL,0.0,85.0,70.0,0.16787878787878788,0.0,0.0,0.0,0.2,0,-5.0,M2,nan,M1,M1,0,5.0,-5.0,0.41666666666666663,0.0,0.0,poor_tracking_condition,requested_mode_matches_applied_mode
threshold,persistent-low-generation,1,305,5.083333333333333,5.083333333333333,2026-01-01T05:05:00Z,79.2568226120858,79.24463937621836,NORMAL,NORMAL,0.0,85.0,70.0,0.16787878787878788,0.0,0.0,0.0,0.2,0,-5.0,M2,nan,M1,M1,0,5.0,-5.0,0.41666666666666663,0.0,0.0,poor_tracking_condition,requested_mode_matches_applied_mode
threshold,persistent-low-generation,1,310,5.166666666666667,5.166666666666667,2026-01-01T05:10:00Z,79.24463937621836,79.2324561403509,NORMAL,NORMAL,0.0,85.0,70.0,0.16787878787878788,0.0,0.0,0.0,0.2,0,-5.0,M2,nan,M1,M1,0,5.0,-5.0,0.41666666666666663,0.0,0.0,poor_tracking_condition,requested_mode_matches_applied_mode
threshold,persistent-low-generation,1,315,5.25,5.25,2026-01-01T05:15:00Z,79.2324561403509,79.22027290448347,NORMAL,NORMAL,0.0,85.0,70.0,0.16787878787878788,0.0,0.0,0.0,0.2,0,-5.0,M2,nan,M1,M1,0,5.0,-5.0,0.41666666666666663,0.0,0.0,poor_tracking_condition,requested_mode_matches_applied_mode
threshold,persistent-low-generation,1,320,5.333333333333333,5.333333333333333,2026-01-01T05:20:00Z,79.22027290448347,79.20808966861601,NORMAL,NORMAL,0.0,85.0,70.0,0.16787878787878788,0.0,0.0,0.0,0.2,0,-5.0,M2,nan,M1,M1,0,5.0,-5.0,0.41666666666666663,0.0,0.0,poor_tracking_condition,requested_mode_matches_applied_mode
threshold,persistent-low-generation,1,325,5.416666666666667,5.416666666666667,2026-01-01T05:25:00Z,79.20808966861601,79.19590643274857,NORMAL,NORMAL,0.0,85.0,70.0,0.16787878787878788,0.0,0.0,0.0,0.2,0,-5.0,M2,nan,M1,M1,0,5.0,-5.0,0.41666666666666663,0.0,0.0,poor_tracking_condition,requested_mode_matches_applied_mode
threshold,persistent-low-generation,1,330,5.5,5.5,2026-01-01T05:30:00Z,79.19590643274857,79.18372319688112,NORMAL,NORMAL,0.0,85.0,70.0,0.16787878787878788,0.0,0.0,0.0,0.7,2,-5.0,M4,nan,M4,M1,0,5.0,-5.0,0.41666666666666663,0.0,0.0,poor_tracking_condition,new_candidate_started
threshold,persistent-low-generation,1,335,5.583333333333333,5.583333333333333,2026-01-01T05:35:00Z,79.18372319688112,79.17153996101366,NORMAL,NORMAL,0.0,85.0,70.0,0.16787878787878788,0.0,0.0,0.0,0.7,2,-5.0,M4,nan,M4,M1,0,5.0,-5.0,0.41666666666666663,0.0,0.0,poor_tracking_condition,waiting_for_candidate_confirmation
threshold,persistent-low-generation,1,340,5.666666666666667,5.666666666666667,2026-01-01T05:40:00Z,79.17153996101366,78.76617047669681,NORMAL,NORMAL,0.0,85.0,70.0,0.16787878787878788,0.0,0.0,0.0,0.7,2,-5.0,M4,nan,M4,M4,2,166.36363636363637,-166.36363636363637,13.863636363636363,11.833333333333332,0.0,poor_tracking_condition,candidate_confirmed_and_dwell_satisfied
threshold,persistent-low-generation,1,345,5.75,5.75,2026-01-01T05:45:00Z,78.76617047669681,78.36080099237995,NORMAL,NORMAL,0.0,85.0,70.0,0.16787878787878788,0.0,0.0,0.0,0.7,2,-166.36363636363637,M4,nan,M4,M4,2,166.36363636363637,-166.36363636363637,13.863636363636363,11.833333333333332,0.0,poor_tracking_condition,requested_mode_matches_applied_mode
threshold,persistent-low-generation,1,350,5.833333333333333,5.833333333333333,2026-01-01T05:50:00Z,78.36080099237995,77.95543150806311,NORMAL,NORMAL,0.0,85.0,70.0,0.16787878787878788,0.0,0.0,0.0,0.7,2,-166.36363636363637,M4,nan,M4,M4,2,166.36363636363637,-166.36363636363637,13.863636363636363,11.833333333333332,0.0,poor_tracking_condition,requested_mode_matches_applied_mode
threshold,persistent-low-generation,1,355,5.916666666666667,5.916666666666667,2026-01-01T05:55:00Z,77.95543150806311,77.55006202374625,NORMAL,NORMAL,0.0,85.0,70.0,0.16787878787878788,0.0,0.0,0.0,0.7,2,-166.36363636363637,M4,nan,M4,M4,2,166.36363636363637,-166.36363636363637,13.863636363636363,11.833333333333332,0.0,poor_tracking_condition,requested_mode_matches_applied_mode
threshold,persistent-low-generation,1,360,6.0,6.0,2026-01-01T06:00:00Z,77.55006202374625,77.1446925394294,NORMAL,NORMAL,0.0,85.0,70.0,0.16787878787878788,0.0,0.0,0.0,0.7,2,-166.36363636363637,M4,nan,M4,M4,2,166.36363636363637,-166.36363636363637,13.863636363636363,11.833333333333332,0.0,poor_tracking_condition,requested_mode_matches_applied_mode
threshold,persistent-low-generation,1,365,6.083333333333333,6.083333333333333,2026-01-01T06:05:00Z,77.1446925394294,76.74102031326878,NORMAL,NORMAL,4.8216660077797915,85.0,70.0,0.16787878787878788,1.7478539278201746,0.7739497192387732,0.6965547473148959,0.7,2,-165.66708161632147,M4,nan,M4,M4,2,166.36363636363637,-165.66708161632147,13.805590134693455,11.833333333333332,0.0,poor_tracking_condition,requested_mode_matches_applied_mode
threshold,persistent-low-generation,1,370,6.166666666666667,6.166666666666667,2026-01-01T06:10:00Z,76.74102031326878,76.33954899077622,NORMAL,NORMAL,11.074116387152303,85.0,70.0,0.16787878787878788,4.0143671903427105,1.7775617918837523,1.599805612695377,0.7,2,-164.763830750941,M4,nan,M4,M4,2,166.36363636363637,-164.763830750941,13.730319229245083,11.833333333333332,0.0,poor_tracking_condition,requested_mode_matches_applied_mode
threshold,persistent-low-generation,1,375,6.25,6.25,2026-01-01T06:15:00Z,76.33954899077622,75.94051765806911,NORMAL,NORMAL,18.005775996288847,85.0,70.0,0.16787878787878788,6.5270937986547075,2.8901971340443047,2.6011774206398743,0.7,2,-163.7624589429965,M4,nan,M4,M4,2,166.36363636363637,-163.7624589429965,13.64687157858304,11.833333333333332,0.0,poor_tracking_condition,requested_mode_matches_applied_mode
threshold,persistent-low-generation,1,380,6.333333333333333,6.333333333333333,2026-01-01T06:20:00Z,75.94051765806911,75.54409357035249,NORMAL,NORMAL,25.412583557295157,85.0,70.0,0.16787878787878788,9.212061539519496,4.079100849699233,3.67119076472931,0.7,2,-162.69244559890706,M4,nan,M4,M4,2,166.36363636363637,-162.69244559890706,13.557703799908921,11.833333333333332,0.0,poor_tracking_condition,requested_mode_matches_applied_mode
threshold,persistent-low-generation,1,385,6.416666666666667,6.416666666666667,2026-01-01T06:25:00Z,75.54409357035249,75.15040614240452,NORMAL,NORMAL,33.18703986676286,85.0,70.0,0.16787878787878788,12.030301951701539,5.327017704213441,4.794315933792097,0.7,2,-161.56932042984428,M4,nan,M4,M4,2,166.36363636363637,-161.56932042984428,13.464110035820356,11.833333333333332,0.0,poor_tracking_condition,requested_mode_matches_applied_mode
threshold,persistent-low-generation,1,390,6.5,6.5,2026-01-01T06:30:00Z,75.15040614240452,74.7595605026568,NORMAL,NORMAL,41.260150911287276,85.0,70.0,0.16787878787878788,14.95680470534164,6.622873123525278,5.96058581117275,0.7,2,-160.4030505524636,M4,nan,M4,M4,2,166.36363636363637,-160.4030505524636,13.366920879371968,11.833333333333332,0.0,poor_tracking_condition,requested_mode_matches_applied_mode
threshold,persistent-low-generation,1,395,6.583333333333333,6.583333333333333,2026-01-01T06:35:00Z,74.7595605026568,74.37164439940612,NORMAL,NORMAL,49.58254223077287,85.0,70.0,0.16787878787878788,17.97367155865517,7.958741766172509,7.162867589555258,0.7,2,-159.20076877408113,M4,nan,M4,M4,2,166.36363636363637,-159.20076877408113,13.266730731173427,11.833333333333332,0.0,poor_tracking_condition,requested_mode_matches_applied_mode
threshold,persistent-low-generation,1,400,6.666666666666667,6.666666666666667,2026-01-01T06:40:00Z,74.37164439940612,73.986732231674,NORMAL,NORMAL,58.11629045657219,85.0,70.0,0.16787878787878788,21.067155290507422,9.328536362636687,8.395682726373018,0.7,2,-157.96795363726335,M4,nan,M4,M4,2,166.36363636363637,-157.96795363726335,13.163996136438612,11.833333333333332,0.0,poor_tracking_condition,requested_mode_matches_applied_mode
threshold,persistent-low-generation,1,405,6.75,6.75,2026-01-01T06:45:00Z,73.986732231674,73.60488761890625,NORMAL,NORMAL,66.83077236639176,85.0,70.0,0.16787878787878788,24.226154982817015,10.727341426391375,9.654607283752238,0.7,2,-156.70902907988415,M4,nan,M4,M4,2,166.36363636363637,-156.70902907988415,13.059085756657012,11.833333333333332,0.0,poor_tracking_condition,requested_mode_matches_applied_mode
threshold,persistent-low-generation,1,410,6.833333333333333,6.833333333333333,2026-01-01T06:50:00Z,73.60488761890625,73.22616514495158,NORMAL,NORMAL,75.70031913007261,85.0,70.0,0.16787878787878788,27.441365684651327,12.151036725163607,10.935933052647247,0.7,2,-155.42770331098913,M4,nan,M4,M4,2,166.36363636363637,-155.42770331098913,12.952308609249094,11.833333333333332,0.0,poor_tracking_condition,requested_mode_matches_applied_mode
threshold,persistent-low-generation,1,415,6.916666666666667,6.916666666666667,2026-01-01T06:55:00Z,73.22616514495158,72.85061159861557,NORMAL,NORMAL,84.7027861524679,85.0,70.0,0.16787878787878788,30.704759980269614,13.596067719263385,12.236460947337047,0.7,2,-154.12717541629934,M4,nan,M4,M4,2,166.36363636363637,-154.12717541629934,12.84393128469161,11.833333333333332,0.0,poor_tracking_condition,requested_mode_matches_applied_mode
threshold,persistent-low-generation,1,420,7.0,7.0,2026-01-01T07:00:00Z,72.85061159861557,72.47826688924839,NORMAL,NORMAL,93.81862989157445,85.0,70.0,0.16787878787878788,34.00925333569574,15.059297377046073,13.553367639341467,1.0,3,-152.8102687242949,M4,nan,M4,M4,2,166.36363636363637,-152.8102687242949,12.734189060357908,11.833333333333332,0.0,poor_tracking_condition,requested_mode_matches_applied_mode
threshold,persistent-low-generation,1,425,7.083333333333333,7.083333333333333,2026-01-01T07:05:00Z,72.47826688924839,72.10916474301251,NORMAL,NORMAL,103.03028480154445,85.0,70.0,0.16787878787878788,37.34847824055987,16.53790616491991,14.88411554842792,1.0,3,-151.47952081520845,M4,nan,M4,M4,2,166.36363636363637,-151.47952081520845,12.62329340126737,11.833333333333332,0.0,poor_tracking_condition,requested_mode_matches_applied_mode
threshold,persistent-low-generation,1,430,7.166666666666667,7.166666666666667,2026-01-01T07:10:00Z,72.10916474301251,71.74333324576276,NORMAL,NORMAL,112.32172758060445,85.0,70.0,0.16787878787878788,40.71662624796912,18.029322102600723,16.226389892340652,1.0,3,-150.13724647129573,M4,nan,M4,M4,2,166.36363636363637,-150.13724647129573,12.51143720594131,11.833333333333332,0.0,poor_tracking_condition,requested_mode_matches_applied_mode
threshold,persistent-low-generation,1,435,7.25,7.25,2026-01-01T07:15:00Z,71.74333324576276,71.38079527548786,NORMAL,NORMAL,121.67816343103348,85.0,70.0,0.16787878787878788,44.108334243749646,19.531170403132343,17.57805336281911,1.0,3,-148.78558300081727,M4,nan,M4,M4,2,166.36363636363637,-148.78558300081727,12.398798583401438,11.833333333333332,0.0,poor_tracking_condition,requested_mode_matches_applied_mode
threshold,persistent-low-generation,1,440,7.333333333333333,7.333333333333333,2026-01-01T07:20:00Z,71.38079527548786,71.0215688533017,NORMAL,NORMAL,131.08579467086636,85.0,70.0,0.16787878787878788,47.518600568189065,21.041236331594117,18.937112698434706,1.0,3,-147.42652366520167,M4,nan,M4,M4,2,166.36363636363637,-147.42652366520167,12.285543638766805,11.833333333333332,0.0,poor_tracking_condition,requested_mode_matches_applied_mode
threshold,persistent-low-generation,1,445,7.416666666666667,7.416666666666667,2026-01-01T07:25:00Z,71.0215688533017,70.66566743314407,NORMAL,NORMAL,140.53164661624442,85.0,70.0,0.16787878787878788,50.942721898388605,22.557437256606473,20.301693530945826,1.0,3,-146.06194283269053,M4,nan,M4,M4,2,166.36363636363637,-146.06194283269053,12.171828569390877,11.833333333333332,0.0,poor_tracking_condition,requested_mode_matches_applied_mode
threshold,persistent-low-generation,1,450,7.5,7.5,2026-01-01T07:30:00Z,70.66566743314407,70.31310014457353,NORMAL,NORMAL,150.00343432272098,85.0,70.0,0.16787878787878788,54.376244941986364,24.07780126031156,21.670021134280404,1.0,3,-144.69361522935597,M4,nan,M4,M4,2,166.36363636363637,-144.69361522935597,12.057801269112996,11.833333333333332,0.0,poor_tracking_condition,requested_mode_matches_applied_mode
threshold,persistent-low-generation,1,455,7.583333333333333,7.583333333333333,2026-01-01T07:35:00Z,70.31310014457353,69.96387199914228,NORMAL,NORMAL,159.4894591274398,85.0,70.0,0.16787878787878788,57.81492893369693,25.600450531841002,23.0404054786569,1.0,3,-143.32323088497947,M4,nan,M4,M4,2,166.36363636363637,-143.32323088497947,11.943602573748288,11.833333333333332,0.0,poor_tracking_condition,requested_mode_matches_applied_mode
threshold,persistent-low-generation,1,460,7.666666666666667,7.666666666666667,2026-01-01T07:40:00Z,69.96387199914228,69.61798406815325,NORMAL,NORMAL,168.97852734939661,85.0,70.0,0.16787878787878788,61.25471616415628,27.1235883174884,24.41122948573956,1.0,3,-141.9524068778968,M4,nan,M4,M4,2,166.36363636363637,-141.9524068778968,11.829367239824734,11.833333333333332,0.0,poor_tracking_condition,requested_mode_matches_applied_mode
threshold,persistent-low-generation,1,465,7.75,7.75,2026-01-01T07:45:00Z,69.61798406815325,69.27543363769729,NORMAL,NORMAL,178.45988574631707,85.0,70.0,0.16787878787878788,64.69170858303994,28.645488560570083,25.780939704513074,1.0,3,-140.58269665912331,M4,nan,M4,M4,2,166.36363636363637,-140.58269665912331,11.715224721593609,11.833333333333332,0.0,poor_tracking_condition,requested_mode_matches_applied_mode
threshold,persistent-low-generation,1,470,7.833333333333333,7.833333333333333,2026-01-01T07:50:00Z,69.27543363769729,68.93621434549888,NORMAL,NORMAL,187.9231698346319,85.0,70.0,0.16787878787878788,68.12214906505407,30.164487606005945,27.148038845405353,1.0,3,-139.21559751823102,M4,nan,M4,M4,2,166.36363636363637,-139.21559751823102,11.601299793185918,11.833333333333332,0.0,poor_tracking_condition,requested_mode_matches_applied_mode
threshold,persistent-low-generation,1,475,7.916666666666667,7.916666666666667,2026-01-01T07:55:00Z,68.93621434549888,68.60031630309238,NORMAL,NORMAL,197.35836221618453,85.0,70.0,0.16787878787878788,71.5424063033669,31.678977511130867,28.511079760017783,1.0,3,-137.85255660361858,M4,nan,M4,M4,2,166.36363636363637,-137.85255660361858,11.487713050301547,11.833333333333332,0.0,poor_tracking_condition,requested_mode_matches_applied_mode
threshold,persistent-low-generation,1,480,8.0,8.0,2026-01-01T08:00:00Z,68.60031630309238,68.26772620610235,NORMAL,NORMAL,206.75575878282945,85.0,70.0,0.16787878787878788,74.94896255877568,33.187400621025866,29.86866055892328,1.0,3,-136.49497580471308,M4,nan,M4,M4,2,166.36363636363637,-136.49497580471308,11.374581317059423,11.833333333333332,0.0,poor_tracking_condition,requested_mode_matches_applied_mode
threshold,persistent-low-generation,1,485,8.083333333333334,8.083333333333334,2026-01-01T08:05:00Z,68.26772620610235,67.93842743483383,NORMAL,NORMAL,216.1059411895107,85.0,70.0,0.16787878787878788,78.33840368119763,34.68824515003431,31.219420635030882,1.0,3,-135.1442157286055,M4,nan,M4,M4,2,166.36363636363637,-135.1442157286055,11.262017977383792,11.833333333333332,0.0,poor_tracking_condition,requested_mode_matches_applied_mode
threshold,persistent-low-generation,1,490,8.166666666666666,8.166666666666666,2026-01-01T08:10:00Z,67.93842743483383,67.61240014694596,NORMAL,NORMAL,225.39975436323758,85.0,70.0,0.16787878787878788,81.70741095667363,36.18004157161508,32.56203741445357,1.0,3,-133.8015989491828,M4,nan,M4,M4,2,166.36363636363637,-133.8015989491828,11.150133245765232,11.833333333333332,0.0,poor_tracking_condition,requested_mode_matches_applied_mode
threshold,persistent-low-generation,1,495,8.25,8.25,2026-01-01T08:15:00Z,67.61240014694596,67.28962136364491,NORMAL,NORMAL,234.6282880927447,85.0,70.0,0.16787878787878788,85.05275443361997,37.66135966320692,33.895223696886234,1.0,3,-132.46841266675014,M4,nan,M4,M4,2,166.36363636363637,-132.46841266675014,11.039034388895844,11.833333333333332,0.0,poor_tracking_condition,requested_mode_matches_applied_mode
threshold,persistent-low-generation,1,500,8.333333333333334,8.333333333333334,2026-01-01T08:20:00Z,67.28962136364491,66.97006505056925,NORMAL,NORMAL,243.78286195050265,85.0,70.0,0.16787878787878788,88.37128745705722,39.130806085984936,35.217725477386445,1.0,3,-131.14591088624994,M4,nan,M4,M4,2,166.36363636363637,-131.14591088624994,10.928825907187495,11.833333333333332,0.0,poor_tracking_condition,requested_mode_matches_applied_mode
threshold,persistent-low-generation,1,505,8.416666666666666,8.416666666666666,2026-01-01T08:25:00Z,66.97006505056925,66.65370219433235,NORMAL,NORMAL,252.85501295493205,85.0,70.0,0.16787878787878788,91.65994219616287,40.58702240446092,36.52832016401483,1.0,3,-129.83531619962156,M4,nan,M4,M4,2,166.36363636363637,-129.83531619962156,10.819609683301795,11.833333333333332,0.0,poor_tracking_condition,requested_mode_matches_applied_mode
threshold,persistent-low-generation,1,510,8.5,8.5,2026-01-01T08:30:00Z,66.65370219433235,66.34050087551994,NORMAL,NORMAL,261.8364854999091,85.0,70.0,0.16787878787878788,94.91572599371706,42.02868347001791,37.82581512301612,1.0,3,-128.53782124062025,M4,nan,M4,M4,2,166.36363636363637,-128.53782124062025,10.71148510338502,11.833333333333332,0.0,poor_tracking_condition,requested_mode_matches_applied_mode
threshold,persistent-low-generation,1,515,8.583333333333334,8.583333333333334,2026-01-01T08:35:00Z,66.34050087551994,66.03042633880665,NORMAL,NORMAL,270.71922317062246,85.0,70.0,0.16787878787878788,98.13571839935065,43.454496107232465,39.10904649650922,1.0,3,-127.25458986712715,M4,nan,M4,M4,2,166.36363636363637,-127.25458986712715,10.60454915559393,11.833333333333332,0.0,poor_tracking_condition,requested_mode_matches_applied_mode
threshold,persistent-low-generation,1,520,8.666666666666666,8.666666666666666,2026-01-01T08:40:00Z,66.03042633880665,65.7234410607471,NORMAL,NORMAL,279.4953621364576,85.0,70.0,0.16787878787878788,101.31706877446588,44.86319805333349,40.376878248000146,1.0,3,-125.98675811563623,M4,nan,M4,M4,2,166.36363636363637,-125.98675811563623,10.498896509636353,11.833333333333332,0.0,poor_tracking_condition,requested_mode_matches_applied_mode
threshold,persistent-low-generation,1,525,8.75,8.75,2026-01-01T08:45:00Z,65.7234410607471,65.41950481570696,NORMAL,NORMAL,288.1572258678527,85.0,70.0,0.16787878787878788,104.4569943770966,46.25355711017838,41.62820139916054,1.0,3,-124.73543496447584,M4,nan,M4,M4,2,166.36363636363637,-124.73543496447584,10.394619580372986,11.833333333333332,0.0,poor_tracking_condition,requested_mode_matches_applied_mode
threshold,persistent-low-generation,1,530,8.833333333333334,8.833333333333334,2026-01-01T08:50:00Z,65.41950481570696,65.11857474032713,NORMAL,NORMAL,296.69732096864084,85.0,70.0,0.16787878787878788,107.55277885113232,47.62437047528139,42.86193342775325,1.0,3,-123.50170293588312,M4,nan,M4,M4,2,166.36363636363637,-123.50170293588312,10.29180857799026,11.833333333333332,0.0,poor_tracking_condition,requested_mode_matches_applied_mode
threshold,persistent-low-generation,1,535,8.916666666666666,8.916666666666666,2026-01-01T08:55:00Z,65.11857474032713,64.82060539685268,NORMAL,NORMAL,305.1083339509776,85.0,70.0,0.16787878787878788,110.6017710572294,48.97446422414117,44.07701780172706,1.0,3,-122.28661856190931,M4,nan,M4,M4,2,166.36363636363637,-122.28661856190931,10.190551546825775,11.833333333333332,0.0,poor_tracking_condition,requested_mode_matches_applied_mode
threshold,persistent-low-generation,1,540,9.0,9.0,2026-01-01T09:00:00Z,64.82060539685268,64.72214195983226,NORMAL,NORMAL,313.38312880856245,85.0,70.0,0.16787878787878788,113.6013841931039,50.302692920706406,45.272423628635764,1.0,3,-121.09121273500061,M3,nan,M3,M3,1,85.68181818181819,-40.40939455318242,3.367449546098535,5.916666666666666,0.0,poor_tracking_condition,safety_reduction_applied_immediately
threshold,persistent-low-generation,1,545,9.083333333333334,9.083333333333334,2026-01-01T09:05:00Z,64.72214195983226,64.62654090530269,NORMAL,NORMAL,321.5147452670294,85.0,70.0,0.16787878787878788,116.54909515929818,51.607939336537235,46.447145402883514,1.0,3,-39.23467277893467,M3,nan,M3,M3,1,85.68181818181819,-39.23467277893467,3.2695560649112227,5.916666666666666,0.0,poor_tracking_condition,requested_mode_matches_applied_mode
threshold,persistent-low-generation,1,550,9.166666666666666,9.166666666666666,2026-01-01T09:10:00Z,64.62654090530269,64.53374944490845,NORMAL,NORMAL,329.4963976092564,85.0,70.0,0.16787878787878788,119.44244413335547,52.8891142622498,47.60020283602482,1.0,3,-38.08161534579337,M3,nan,M3,M3,1,85.68181818181819,-38.08161534579337,3.1734679454827806,5.916666666666666,0.0,poor_tracking_condition,requested_mode_matches_applied_mode
threshold,persistent-low-generation,1,555,9.25,9.25,2026-01-01T09:15:00Z,64.53374944490845,64.44371246288058,NORMAL,NORMAL,337.3214739888143,85.0,70.0,0.16787878787878788,122.2790343209452,54.14515639731453,48.730640757583075,1.0,3,-36.95117742423511,M3,nan,M3,M3,1,85.68181818181819,-36.95117742423511,3.079264785352926,5.916666666666666,0.0,poor_tracking_condition,requested_mode_matches_applied_mode
threshold,persistent-low-generation,1,560,9.333333333333334,9.333333333333334,2026-01-01T09:20:00Z,64.44371246288058,64.35637257714443,NORMAL,NORMAL,344.9835361575411,85.0,70.0,0.16787878787878788,125.05653185710867,55.37503230632772,49.837529075694945,1.0,3,-35.84428910612324,M3,nan,M3,M3,1,85.68181818181819,-35.84428910612324,2.9870240921769367,5.916666666666666,0.0,poor_tracking_condition,requested_mode_matches_applied_mode
threshold,persistent-low-generation,1,565,9.416666666666666,9.416666666666666,2026-01-01T09:25:00Z,64.35637257714443,64.27167020045485,NORMAL,NORMAL,352.47631954379665,85.0,70.0,0.16787878787878788,127.7726658346263,56.57773643157252,50.91996278841527,1.0,3,-34.76185539340292,M3,nan,M3,M3,1,85.68181818181819,-34.76185539340292,2.896821282783576,5.916666666666666,0.0,poor_tracking_condition,requested_mode_matches_applied_mode
threshold,persistent-low-generation,1,570,9.5,9.5,2026-01-01T09:30:00Z,64.27167020045485,64.18954360166336,NORMAL,NORMAL,359.7937336267778,85.0,70.0,0.16787878787878788,130.42522843970696,57.75229115310224,51.97706203779202,1.0,3,-33.70475614402617,M3,nan,M3,M3,1,85.68181818181819,-33.70475614402617,2.8087296786688474,5.916666666666666,0.0,poor_tracking_condition,requested_mode_matches_applied_mode
threshold,persistent-low-generation,1,575,9.583333333333334,9.583333333333334,2026-01-01T09:35:00Z,64.18954360166336,64.10992896720447,NORMAL,NORMAL,366.9298625596508,85.0,70.0,0.16787878787878788,133.01207517787344,58.897746888762356,53.00797219988612,1.0,3,-32.67384598193207,M3,nan,M3,M3,1,85.68181818181819,-32.67384598193207,2.7228204984943387,5.916666666666666,0.0,poor_tracking_condition,requested_mode_matches_applied_mode
threshold,persistent-low-generation,1,580,9.666666666666666,9.666666666666666,2026-01-01T09:40:00Z,64.10992896720447,64.03276046287452,NORMAL,NORMAL,373.8789660004802,85.0,70.0,0.16787878787878788,135.53112517517408,60.01318222756708,54.01186400481037,1.0,3,-31.669954177007817,M3,nan,M3,M3,1,85.68181818181819,-31.669954177007817,2.6391628480839846,5.916666666666666,0.0,poor_tracking_condition,requested_mode_matches_applied_mode
threshold,persistent-low-generation,1,585,9.75,9.75,2026-01-01T09:45:00Z,64.03276046287452,63.957970295963705,NORMAL,NORMAL,380.63548011518435,85.0,70.0,0.16787878787878788,137.98036154175435,61.09770409068883,54.98793368161995,1.0,3,-30.693884500198237,M3,nan,M3,M3,1,85.68181818181819,-30.693884500198237,2.557823708349853,5.916666666666666,0.0,poor_tracking_condition,requested_mode_matches_applied_mode
threshold,persistent-low-generation,1,590,9.833333333333334,9.833333333333334,2026-01-01T09:50:00Z,63.957970295963705,63.88548877779049,NORMAL,NORMAL,387.1940187212154,85.0,70.0,0.16787878787878788,140.3578317864406,62.150447915035905,55.93540312353232,1.0,3,-29.74641505828587,M3,nan,M3,M3,1,85.68181818181819,-29.74641505828587,2.4788679215238223,5.916666666666666,0.0,poor_tracking_condition,requested_mode_matches_applied_mode
threshold,persistent-low-generation,1,595,9.916666666666666,9.916666666666666,2026-01-01T09:55:00Z,63.88548877779049,63.815244386678614,NORMAL,NORMAL,393.5493745444713,85.0,70.0,0.16787878787878788,142.66164827237085,63.17057785500582,56.85352006950524,1.0,3,-28.82829811231295,M3,nan,M3,M3,1,85.68181818181819,-28.82829811231295,2.402358176026079,5.916666666666666,0.0,poor_tracking_condition,requested_mode_matches_applied_mode
threshold,persistent-low-generation,1,600,10.0,10.0,2026-01-01T10:00:00Z,63.815244386678614,63.74716383140778,NORMAL,NORMAL,399.6965205652085,85.0,70.0,0.16787878787878788,144.8899887048881,64.15728699852446,57.74155829867201,0.95,3,-27.940259883146176,M3,nan,M3,M3,1,85.68181818181819,-27.940259883146176,2.328354990262181,5.916666666666666,0.0,poor_tracking_condition,requested_mode_matches_applied_mode
threshold,persistent-low-generation,1,605,10.083333333333334,10.083333333333334,2026-01-01T10:05:00Z,63.74716383140778,63.681172115161985,NORMAL,NORMAL,405.6306114315386,85.0,70.0,0.16787878787878788,147.04109664393278,65.10979759393342,58.59881783454008,0.95,3,-27.08300034727811,M3,nan,M3,M3,1,85.68181818181819,-27.08300034727811,2.2569166956065088,5.916666666666666,0.0,poor_tracking_condition,requested_mode_matches_applied_mode
threshold,persistent-low-generation,1,610,10.166666666666666,10.166666666666666,2026-01-01T10:10:00Z,63.681172115161985,63.61719259999237,NORMAL,NORMAL,411.3469849215116,85.0,70.0,0.16787878787878788,149.11328203404798,66.02736128467643,59.42462515620879,0.95,3,-26.257193025609396,M3,nan,M3,M3,1,85.68181818181819,-26.257193025609396,2.1880994188007827,5.916666666666666,0.0,poor_tracking_condition,requested_mode_matches_applied_mode
threshold,persistent-low-generation,1,615,10.25,10.25,2026-01-01T10:15:00Z,63.61719259999237,63.55514707180609,NORMAL,NORMAL,416.8411634369035,85.0,70.0,0.16787878787878788,151.10492174587753,66.90925934907456,60.218333414167105,0.95,3,-25.46348476765108,M3,nan,M3,M3,1,85.68181818181819,-25.46348476765108,2.1219570639709233,5.916666666666666,0.0,poor_tracking_condition,requested_mode_matches_applied_mode
threshold,persistent-low-generation,1,620,10.333333333333334,10.333333333333334,2026-01-01T10:20:00Z,63.55514707180609,63.49495580588669,NORMAL,NORMAL,422.1088555136517,85.0,70.0,0.16787878787878788,153.01446012369877,67.75480294277381,60.97932264849643,0.95,3,-24.70249553332176,M3,nan,M3,M3,1,85.68181818181819,-24.70249553332176,2.0585412944434798,5.916666666666666,0.0,poor_tracking_condition,requested_mode_matches_applied_mode
threshold,persistent-low-generation,1,625,10.416666666666666,10.416666666666666,2026-01-01T10:25:00Z,63.49495580588669,63.436537632947406,NORMAL,NORMAL,427.1459573354957,85.0,70.0,0.16787878787878788,154.8404095341172,68.56333334170711,61.7070000075364,0.95,3,-23.974818174281786,M3,nan,M3,M3,1,85.68181818181819,-23.974818174281786,1.9979015145234822,5.916666666666666,0.0,poor_tracking_condition,requested_mode_matches_applied_mode
threshold,persistent-low-generation,1,630,10.5,10.5,2026-01-01T10:30:00Z,63.436537632947406,63.37981000571411,NORMAL,NORMAL,431.9485542387826,85.0,70.0,0.16787878787878788,156.5813509115587,69.33422218363819,62.40079996527437,0.95,3,-23.281018216543814,M3,nan,M3,M3,1,85.68181818181819,-23.281018216543814,1.940084851378651,5.916666666666666,0.0,poor_tracking_condition,requested_mode_matches_applied_mode
threshold,persistent-low-generation,1,635,10.583333333333334,10.583333333333334,2026-01-01T10:35:00Z,63.37981000571411,63.32468906603107,NORMAL,NORMAL,436.5129221976478,85.0,70.0,0.16787878787878788,158.23593429664734,70.06687170655545,63.0601845358999,0.95,3,-22.621633645918287,M3,nan,M3,M3,1,85.68181818181819,-22.621633645918287,1.8851361371598572,5.916666666666666,0.0,poor_tracking_condition,requested_mode_matches_applied_mode
threshold,persistent-low-generation,1,640,10.666666666666666,10.666666666666666,2026-01-01T10:40:00Z,63.32468906603107,63.27108971247918,NORMAL,NORMAL,440.8355292798796,85.0,70.0,0.16787878787878788,159.80287936395638,70.76071498235987,63.68464348412389,0.95,3,-21.997174697694298,M3,nan,M3,M3,1,85.68181818181819,-21.997174697694298,1.8330978914745248,5.916666666666666,0.0,poor_tracking_condition,requested_mode_matches_applied_mode
threshold,persistent-low-generation,1,645,10.75,10.75,2026-01-01T10:45:00Z,63.27108971247918,63.21892566849329,NORMAL,NORMAL,444.91303706475765,85.0,70.0,0.16787878787878788,161.28097593597465,71.41521614444957,64.27369453000462,0.95,3,-21.40812365181357,M3,nan,M3,M3,1,85.68181818181819,-21.40812365181357,1.7840103043177973,5.916666666666666,0.0,poor_tracking_condition,requested_mode_matches_applied_mode
threshold,persistent-low-generation,1,650,10.833333333333334,10.833333333333334,2026-01-01T10:50:00Z,63.21892566849329,63.16810955096241,NORMAL,NORMAL,448.7423020150338,85.0,70.0,0.16787878787878788,162.66908448044975,72.02987060794315,64.82688354714884,0.95,3,-20.85493463466935,M3,nan,M3,M3,1,85.68181818181819,-20.85493463466935,1.7379112195557789,5.916666666666666,0.0,poor_tracking_condition,requested_mode_matches_applied_mode
threshold,persistent-low-generation,1,655,10.916666666666666,10.916666666666666,2026-01-01T10:55:00Z,63.16810955096241,63.11855293929441,NORMAL,NORMAL,452.3203767960078,85.0,70.0,0.16787878787878788,163.96613658855284,72.60420528141118,65.34378475327007,0.95,3,-20.338033428548115,M3,nan,M3,M3,1,85.68181818181819,-20.338033428548115,1.6948361190456762,5.916666666666666,0.0,poor_tracking_condition,requested_mode_matches_applied_mode
threshold,persistent-low-generation,1,660,11.0,11.0,2026-01-01T11:00:00Z,63.11855293929441,63.07016644492396,NORMAL,NORMAL,455.64451153536436,85.0,70.0,0.16787878787878788,165.1711354315696,73.13777876909901,65.82400089218912,0.95,3,-19.857817289629068,M3,nan,M3,M3,1,85.68181818181819,-19.857817289629068,1.6548181074690889,5.916666666666666,0.0,poor_tracking_condition,requested_mode_matches_applied_mode
threshold,persistent-low-generation,1,665,11.083333333333334,11.083333333333334,2026-01-01T11:05:00Z,63.07016644492396,63.022859781241294,NORMAL,NORMAL,458.71215501807666,85.0,70.0,0.16787878787878788,166.28315619405282,73.63018156272658,66.26716340645392,0.95,3,-19.41465477536427,M3,nan,M3,M3,1,85.68181818181819,-19.41465477536427,1.6178878979470224,5.916666666666666,0.0,poor_tracking_condition,requested_mode_matches_applied_mode
threshold,persistent-low-generation,1,670,11.166666666666666,11.166666666666666,2026-01-01T11:10:00Z,63.022859781241294,62.97654183391679,NORMAL,NORMAL,461.52095581127423,85.0,70.0,0.16787878787878788,167.30134648158693,74.08103622204669,66.67293259984203,0.95,3,-19.00888558197616,M3,nan,M3,M3,1,85.68181818181819,-19.00888558197616,1.584073798498013,5.916666666666666,0.0,poor_tracking_condition,requested_mode_matches_applied_mode
threshold,persistent-low-generation,1,675,11.25,11.25,2026-01-01T11:15:00Z,62.97654183391679,62.931120731595314,NORMAL,NORMAL,464.06876331450326,85.0,70.0,0.16787878787878788,168.22492670150746,74.48999754342749,67.04099778908474,0.95,3,-18.640820392733445,M3,nan,M3,M3,1,85.68181818181819,-18.640820392733445,1.5534016993944537,5.916666666666666,0.0,poor_tracking_condition,requested_mode_matches_applied_mode
threshold,persistent-low-generation,1,680,11.333333333333334,11.333333333333334,2026-01-01T11:20:00Z,62.931120731595314,62.886503916932575,NORMAL,NORMAL,466.3536287313086,85.0,70.0,0.16787878787878788,169.0531904150994,74.85675271580602,67.37107744422542,0.95,3,-18.310740737592766,M3,nan,M3,M3,1,85.68181818181819,-18.310740737592766,1.5258950614660638,5.916666666666666,0.0,poor_tracking_condition,requested_mode_matches_applied_mode
threshold,persistent-low-generation,1,685,11.416666666666666,11.416666666666666,2026-01-01T11:25:00Z,62.886503916932575,62.84259821794444,NORMAL,NORMAL,468.37380595852005,85.0,70.0,0.16787878787878788,169.78550465996355,75.18102146343188,67.6629193170887,0.95,3,-18.018898864729493,M3,nan,M3,M3,1,85.68181818181819,-18.018898864729493,1.5015749053941243,5.916666666666666,0.0,poor_tracking_condition,requested_mode_matches_applied_mode
threshold,persistent-low-generation,1,690,11.5,11.5,2026-01-01T11:30:00Z,62.84259821794444,62.79930991963933,NORMAL,NORMAL,470.1277523900539,85.0,70.0,0.16787878787878788,170.42131024139456,75.46255617488951,67.91630055740056,0.95,3,-17.765517624417626,M3,nan,M3,M3,1,85.68181818181819,-17.765517624417626,1.480459802034802,5.916666666666666,0.0,poor_tracking_condition,requested_mode_matches_applied_mode
threshold,persistent-low-generation,1,695,11.583333333333334,11.583333333333334,2026-01-01T11:35:00Z,62.79930991963933,62.75654483590233,NORMAL,NORMAL,471.61412963244163,85.0,70.0,0.16787878787878788,170.9601219917601,75.70114201795137,68.13102781615623,0.95,3,-17.550790365661953,M3,nan,M3,M3,1,85.68181818181819,-17.550790365661953,1.4625658638051626,5.916666666666666,0.0,poor_tracking_condition,requested_mode_matches_applied_mode
threshold,persistent-low-generation,1,700,11.666666666666666,11.666666666666666,2026-01-01T11:40:00Z,62.75654483590233,62.714208381599384,NORMAL,NORMAL,472.8318041296715,85.0,70.0,0.16787878787878788,171.40152899700595,75.89659703987422,68.3069373358868,0.95,3,-17.374880845931386,M3,nan,M3,M3,1,85.68181818181819,-17.374880845931386,1.4479067371609489,5.916666666666666,0.0,poor_tracking_condition,requested_mode_matches_applied_mode
threshold,persistent-low-generation,1,705,11.75,11.75,2026-01-01T11:45:00Z,62.714208381599384,62.672205644868654,NORMAL,NORMAL,473.77984769529087,85.0,70.0,0.16787878787878788,171.74519478954295,76.04877225280961,68.44389502752865,0.95,3,-17.237923154289533,M3,nan,M3,M3,1,85.68181818181819,-17.237923154289533,1.4364935961907943,5.916666666666666,0.0,poor_tracking_condition,requested_mode_matches_applied_mode
threshold,persistent-low-generation,1,710,11.833333333333334,11.833333333333334,2026-01-01T11:50:00Z,62.672205644868654,62.63044145956609,NORMAL,NORMAL,474.457537950053,85.0,70.0,0.16787878787878788,171.99085750689423,76.15755170405276,68.54179653364749,0.95,3,-17.140021648170702,M3,nan,M3,M3,1,85.68181818181819,-17.140021648170702,1.4283351373475583,5.916666666666666,0.0,poor_tracking_condition,requested_mode_matches_applied_mode
threshold,persistent-low-generation,1,715,11.916666666666666,11.916666666666666,2026-01-01T11:55:00Z,62.63044145956609,62.5888204778312,NORMAL,NORMAL,474.86435866372636,85.0,70.0,0.16787878787878788,172.13833001560081,76.22285253090804,68.60056727781723,0.95,3,-17.081250904000953,M3,nan,M3,M3,1,85.68181818181819,-17.081250904000953,1.4234375753334128,5.916666666666666,0.0,poor_tracking_condition,requested_mode_matches_applied_mode
threshold,persistent-low-generation,1,720,12.0,12.0,2026-01-01T12:00:00Z,62.5888204778312,62.547247242739054,NORMAL,NORMAL,475.0,85.0,70.0,0.16787878787878788,172.18750000000003,76.24462500000001,68.62016250000002,0.95,3,-17.061655681818166,M3,nan,M3,M3,1,85.68181818181819,-17.061655681818166,1.4218046401515139,5.916666666666666,0.0,poor_tracking_condition,requested_mode_matches_applied_mode
threshold,persistent-low-generation,1,725,12.083333333333334,12.083333333333334,2026-01-01T12:05:00Z,62.547247242739054,62.50562626100415,NORMAL,NORMAL,474.86435866372636,85.0,70.0,0.16787878787878788,172.13833001560081,76.22285253090804,68.60056727781723,0.95,3,-17.081250904000953,M3,nan,M3,M3,1,85.68181818181819,-17.081250904000953,1.4234375753334128,5.916666666666666,0.0,poor_tracking_condition,requested_mode_matches_applied_mode
threshold,persistent-low-generation,1,730,12.166666666666666,12.166666666666666,2026-01-01T12:10:00Z,62.50562626100415,62.4638620757016,NORMAL,NORMAL,474.457537950053,85.0,70.0,0.16787878787878788,171.99085750689423,76.15755170405276,68.54179653364749,0.95,3,-17.140021648170702,M3,nan,M3,M3,1,85.68181818181819,-17.140021648170702,1.4283351373475583,5.916666666666666,0.0,poor_tracking_condition,requested_mode_matches_applied_mode
threshold,persistent-low-generation,1,735,12.25,12.25,2026-01-01T12:15:00Z,62.4638620757016,62.421859338970876,NORMAL,NORMAL,473.77984769529087,85.0,70.0,0.16787878787878788,171.74519478954295,76.04877225280961,68.44389502752865,0.95,3,-17.237923154289533,M3,nan,M3,M3,1,85.68181818181819,-17.237923154289533,1.4364935961907943,5.916666666666666,0.0,poor_tracking_condition,requested_mode_matches_applied_mode
threshold,persistent-low-generation,1,740,12.333333333333334,12.333333333333334,2026-01-01T12:20:00Z,62.421859338970876,62.37952288466793,NORMAL,NORMAL,472.8318041296715,85.0,70.0,0.16787878787878788,171.40152899700595,75.89659703987422,68.3069373358868,0.95,3,-17.374880845931386,M3,nan,M3,M3,1,85.68181818181819,-17.374880845931386,1.4479067371609489,5.916666666666666,0.0,poor_tracking_condition,requested_mode_matches_applied_mode
threshold,persistent-low-generation,1,745,12.416666666666666,12.416666666666666,2026-01-01T12:25:00Z,62.37952288466793,62.336757800930926,NORMAL,NORMAL,471.61412963244163,85.0,70.0,0.16787878787878788,170.9601219917601,75.70114201795137,68.13102781615623,0.95,3,-17.550790365661953,M3,nan,M3,M3,1,85.68181818181819,-17.550790365661953,1.4625658638051626,5.916666666666666,0.0,poor_tracking_condition,requested_mode_matches_applied_mode
threshold,persistent-low-generation,1,750,12.5,12.5,2026-01-01T12:30:00Z,62.336757800930926,62.29346950262581,NORMAL,NORMAL,470.12775239005396,85.0,70.0,0.16787878787878788,170.4213102413946,75.46255617488953,67.91630055740058,0.95,3,-17.765517624417612,M3,nan,M3,M3,1,85.68181818181819,-17.765517624417612,1.480459802034801,5.916666666666666,0.0,poor_tracking_condition,requested_mode_matches_applied_mode
threshold,persistent-low-generation,1,755,12.583333333333334,12.583333333333334,2026-01-01T12:35:00Z,62.29346950262581,62.24956380363768,NORMAL,NORMAL,468.37380595852005,85.0,70.0,0.16787878787878788,169.78550465996355,75.18102146343188,67.6629193170887,0.95,3,-18.018898864729493,M3,nan,M3,M3,1,85.68181818181819,-18.018898864729493,1.5015749053941243,5.916666666666666,0.0,poor_tracking_condition,requested_mode_matches_applied_mode
threshold,persistent-low-generation,1,760,12.666666666666666,12.666666666666666,2026-01-01T12:40:00Z,62.24956380363768,62.20494698897494,NORMAL,NORMAL,466.3536287313086,85.0,70.0,0.16787878787878788,169.0531904150994,74.85675271580602,67.37107744422542,0.95,3,-18.310740737592766,M3,nan,M3,M3,1,85.68181818181819,-18.310740737592766,1.5258950614660638,5.916666666666666,0.0,poor_tracking_condition,requested_mode_matches_applied_mode
threshold,persistent-low-generation,1,765,12.75,12.75,2026-01-01T12:45:00Z,62.20494698897494,62.15952588665347,NORMAL,NORMAL,464.06876331450326,85.0,70.0,0.16787878787878788,168.22492670150746,74.48999754342749,67.04099778908474,0.95,3,-18.640820392733445,M3,nan,M3,M3,1,85.68181818181819,-18.640820392733445,1.5534016993944537,5.916666666666666,0.0,poor_tracking_condition,requested_mode_matches_applied_mode
threshold,persistent-low-generation,1,770,12.833333333333334,12.833333333333334,2026-01-01T12:50:00Z,62.15952588665347,62.11320793932896,NORMAL,NORMAL,461.52095581127423,85.0,70.0,0.16787878787878788,167.30134648158693,74.08103622204669,66.67293259984203,0.95,3,-19.00888558197616,M3,nan,M3,M3,1,85.68181818181819,-19.00888558197616,1.584073798498013,5.916666666666666,0.0,poor_tracking_condition,requested_mode_matches_applied_mode
threshold,persistent-low-generation,1,775,12.916666666666666,12.916666666666666,2026-01-01T12:55:00Z,62.11320793932896,62.0659012756463,NORMAL,NORMAL,458.71215501807666,85.0,70.0,0.16787878787878788,166.28315619405282,73.63018156272658,66.26716340645392,0.95,3,-19.41465477536427,M3,nan,M3,M3,1,85.68181818181819,-19.41465477536427,1.6178878979470224,5.916666666666666,0.0,poor_tracking_condition,requested_mode_matches_applied_mode
threshold,persistent-low-generation,1,780,13.0,13.0,2026-01-01T13:00:00Z,62.0659012756463,62.01751478127585,NORMAL,NORMAL,455.64451153536436,85.0,70.0,0.16787878787878788,165.1711354315696,73.13777876909901,65.82400089218912,1.0,3,-19.857817289629068,M3,nan,M3,M3,1,85.68181818181819,-19.857817289629068,1.6548181074690889,5.916666666666666,0.0,poor_tracking_condition,requested_mode_matches_applied_mode
threshold,persistent-low-generation,1,785,13.083333333333334,13.083333333333334,2026-01-01T13:05:00Z,62.01751478127585,61.96795816960784,NORMAL,NORMAL,452.3203767960078,85.0,70.0,0.16787878787878788,163.96613658855284,72.60420528141118,65.34378475327007,1.0,3,-20.338033428548115,M3,nan,M3,M3,1,85.68181818181819,-20.338033428548115,1.6948361190456762,5.916666666666666,0.0,poor_tracking_condition,requested_mode_matches_applied_mode
threshold,persistent-low-generation,1,790,13.166666666666666,13.166666666666666,2026-01-01T13:10:00Z,61.96795816960784,61.91714205207697,NORMAL,NORMAL,448.7423020150338,85.0,70.0,0.16787878787878788,162.66908448044975,72.02987060794315,64.82688354714884,1.0,3,-20.85493463466935,M3,nan,M3,M3,1,85.68181818181819,-20.85493463466935,1.7379112195557789,5.916666666666666,0.0,poor_tracking_condition,requested_mode_matches_applied_mode
threshold,persistent-low-generation,1,795,13.25,13.25,2026-01-01T13:15:00Z,61.91714205207697,61.864978008091065,NORMAL,NORMAL,444.9130370647577,85.0,70.0,0.16787878787878788,161.28097593597468,71.41521614444959,64.27369453000463,1.0,3,-21.408123651813554,M3,nan,M3,M3,1,85.68181818181819,-21.408123651813554,1.7840103043177962,5.916666666666666,0.0,poor_tracking_condition,requested_mode_matches_applied_mode
threshold,persistent-low-generation,1,800,13.333333333333334,13.333333333333334,2026-01-01T13:20:00Z,61.864978008091065,61.81137865453919,NORMAL,NORMAL,440.83552927987967,85.0,70.0,0.16787878787878788,159.8028793639564,70.76071498235989,63.684643484123896,1.0,3,-21.99717469769429,M3,nan,M3,M3,1,85.68181818181819,-21.99717469769429,1.8330978914745242,5.916666666666666,0.0,poor_tracking_condition,requested_mode_matches_applied_mode
threshold,persistent-low-generation,1,805,13.416666666666666,13.416666666666666,2026-01-01T13:25:00Z,61.81137865453919,61.75625771485614,NORMAL,NORMAL,436.51292219764787,85.0,70.0,0.16787878787878788,158.23593429664737,70.06687170655545,63.0601845358999,1.0,3,-22.621633645918287,M3,nan,M3,M3,1,85.68181818181819,-22.621633645918287,1.8851361371598572,5.916666666666666,0.0,poor_tracking_condition,requested_mode_matches_applied_mode
threshold,persistent-low-generation,1,810,13.5,13.5,2026-01-01T13:30:00Z,61.75625771485614,61.699530087622854,NORMAL,NORMAL,431.9485542387826,85.0,70.0,0.16787878787878788,156.5813509115587,69.33422218363819,62.40079996527437,1.0,3,-23.281018216543814,M3,nan,M3,M3,1,85.68181818181819,-23.281018216543814,1.940084851378651,5.916666666666666,0.0,poor_tracking_condition,requested_mode_matches_applied_mode
threshold,persistent-low-generation,1,815,13.583333333333334,13.583333333333334,2026-01-01T13:35:00Z,61.699530087622854,61.64111191468357,NORMAL,NORMAL,427.1459573354958,85.0,70.0,0.16787878787878788,154.84040953411724,68.56333334170712,61.70700000753641,1.0,3,-23.97481817428178,M3,nan,M3,M3,1,85.68181818181819,-23.97481817428178,1.9979015145234815,5.916666666666666,0.0,poor_tracking_condition,requested_mode_matches_applied_mode
threshold,persistent-low-generation,1,820,13.666666666666666,13.666666666666666,2026-01-01T13:40:00Z,61.64111191468357,61.58092064876416,NORMAL,NORMAL,422.10885551365175,85.0,70.0,0.16787878787878788,153.01446012369877,67.75480294277381,60.97932264849643,1.0,3,-24.70249553332176,M3,nan,M3,M3,1,85.68181818181819,-24.70249553332176,2.0585412944434798,5.916666666666666,0.0,poor_tracking_condition,requested_mode_matches_applied_mode
threshold,persistent-low-generation,1,825,13.75,13.75,2026-01-01T13:45:00Z,61.58092064876416,61.51887512057788,NORMAL,NORMAL,416.8411634369035,85.0,70.0,0.16787878787878788,151.10492174587753,66.90925934907456,60.218333414167105,1.0,3,-25.46348476765108,M3,nan,M3,M3,1,85.68181818181819,-25.46348476765108,2.1219570639709233,5.916666666666666,0.0,poor_tracking_condition,requested_mode_matches_applied_mode
threshold,persistent-low-generation,1,830,13.833333333333334,13.833333333333334,2026-01-01T13:50:00Z,61.51887512057788,61.45489560540827,NORMAL,NORMAL,411.3469849215117,85.0,70.0,0.16787878787878788,149.113282034048,66.02736128467645,59.424625156208805,1.0,3,-26.257193025609382,M3,nan,M3,M3,1,85.68181818181819,-26.257193025609382,2.188099418800782,5.916666666666666,0.0,poor_tracking_condition,requested_mode_matches_applied_mode
threshold,persistent-low-generation,1,835,13.916666666666666,13.916666666666666,2026-01-01T13:55:00Z,61.45489560540827,61.388903889162464,NORMAL,NORMAL,405.6306114315386,85.0,70.0,0.16787878787878788,147.04109664393278,65.10979759393342,58.59881783454008,1.0,3,-27.08300034727811,M3,nan,M3,M3,1,85.68181818181819,-27.08300034727811,2.2569166956065088,5.916666666666666,0.0,poor_tracking_condition,requested_mode_matches_applied_mode
threshold,persistent-low-generation,1,840,14.0,14.0,2026-01-01T14:00:00Z,61.388903889162464,61.320823333891646,NORMAL,NORMAL,399.69652056520863,85.0,70.0,0.16787878787878788,144.88998870488814,64.15728699852447,57.741558298672025,1.0,3,-27.94025988314616,M3,nan,M3,M3,1,85.68181818181819,-27.94025988314616,2.32835499026218,5.916666666666666,0.0,poor_tracking_condition,requested_mode_matches_applied_mode
threshold,persistent-low-generation,1,845,14.083333333333334,14.083333333333334,2026-01-01T14:05:00Z,61.320823333891646,61.25057894277977,NORMAL,NORMAL,393.5493745444712,85.0,70.0,0.16787878787878788,142.66164827237083,63.1705778550058,56.85352006950522,1.0,3,-28.828298112312964,M3,nan,M3,M3,1,85.68181818181819,-28.828298112312964,2.4023581760260804,5.916666666666666,0.0,poor_tracking_condition,requested_mode_matches_applied_mode
threshold,persistent-low-generation,1,850,14.166666666666666,14.166666666666666,2026-01-01T14:10:00Z,61.25057894277977,61.17809742460655,NORMAL,NORMAL,387.1940187212154,85.0,70.0,0.16787878787878788,140.3578317864406,62.150447915035905,55.93540312353232,1.0,3,-29.74641505828587,M3,nan,M3,M3,1,85.68181818181819,-29.74641505828587,2.4788679215238223,5.916666666666666,0.0,poor_tracking_condition,requested_mode_matches_applied_mode
threshold,persistent-low-generation,1,855,14.25,14.25,2026-01-01T14:15:00Z,61.17809742460655,61.10330725769574,NORMAL,NORMAL,380.63548011518446,85.0,70.0,0.16787878787878788,137.98036154175438,61.097704090688836,54.98793368161996,1.0,3,-30.69388450019823,M3,nan,M3,M3,1,85.68181818181819,-30.69388450019823,2.5578237083498525,5.916666666666666,0.0,poor_tracking_condition,requested_mode_matches_applied_mode
threshold,persistent-low-generation,1,860,14.333333333333334,14.333333333333334,2026-01-01T14:20:00Z,61.10330725769574,61.0261387533658,NORMAL,NORMAL,373.8789660004804,85.0,70.0,0.16787878787878788,135.53112517517414,60.01318222756711,54.0118640048104,1.0,3,-31.66995417700779,M3,nan,M3,M3,1,85.68181818181819,-31.66995417700779,2.6391628480839824,5.916666666666666,0.0,poor_tracking_condition,requested_mode_matches_applied_mode
threshold,persistent-low-generation,1,865,14.416666666666666,14.416666666666666,2026-01-01T14:25:00Z,61.0261387533658,60.9465241189069,NORMAL,NORMAL,366.92986255965087,85.0,70.0,0.16787878787878788,133.01207517787347,58.89774688876237,53.00797219988613,1.0,3,-32.673845981932054,M3,nan,M3,M3,1,85.68181818181819,-32.673845981932054,2.722820498494338,5.916666666666666,0.0,poor_tracking_condition,requested_mode_matches_applied_mode
threshold,persistent-low-generation,1,870,14.5,14.5,2026-01-01T14:30:00Z,60.9465241189069,60.86439752011541,NORMAL,NORMAL,359.7937336267778,85.0,70.0,0.16787878787878788,130.42522843970696,57.75229115310224,51.97706203779202,1.0,3,-33.70475614402617,M3,nan,M3,M3,1,85.68181818181819,-33.70475614402617,2.8087296786688474,5.916666666666666,0.0,poor_tracking_condition,requested_mode_matches_applied_mode
threshold,persistent-low-generation,1,875,14.583333333333334,14.583333333333334,2026-01-01T14:35:00Z,60.86439752011541,60.77969514342583,NORMAL,NORMAL,352.47631954379665,85.0,70.0,0.16787878787878788,127.7726658346263,56.57773643157252,50.91996278841527,1.0,3,-34.76185539340292,M3,nan,M3,M3,1,85.68181818181819,-34.76185539340292,2.896821282783576,5.916666666666666,0.0,poor_tracking_condition,requested_mode_matches_applied_mode
threshold,persistent-low-generation,1,880,14.666666666666666,14.666666666666666,2026-01-01T14:40:00Z,60.77969514342583,60.69235525768966,NORMAL,NORMAL,344.9835361575411,85.0,70.0,0.16787878787878788,125.05653185710867,55.37503230632772,49.837529075694945,1.0,3,-35.84428910612324,M3,nan,M3,M3,1,85.68181818181819,-35.84428910612324,2.9870240921769367,5.916666666666666,0.0,poor_tracking_condition,requested_mode_matches_applied_mode
threshold,persistent-low-generation,1,885,14.75,14.75,2026-01-01T14:45:00Z,60.69235525768966,60.6023182756618,NORMAL,NORMAL,337.3214739888144,85.0,70.0,0.16787878787878788,122.27903432094523,54.145156397314544,48.73064075758309,1.0,3,-36.9511774242351,M3,nan,M3,M3,1,85.68181818181819,-36.9511774242351,3.0792647853529247,5.916666666666666,0.0,poor_tracking_condition,requested_mode_matches_applied_mode
threshold,persistent-low-generation,1,890,14.833333333333334,14.833333333333334,2026-01-01T14:50:00Z,60.6023182756618,60.50952681526757,NORMAL,NORMAL,329.4963976092564,85.0,70.0,0.16787878787878788,119.44244413335547,52.8891142622498,47.60020283602482,1.0,3,-38.08161534579337,M3,nan,M3,M3,1,85.68181818181819,-38.08161534579337,3.1734679454827806,5.916666666666666,0.0,poor_tracking_condition,requested_mode_matches_applied_mode
threshold,persistent-low-generation,1,895,14.916666666666666,14.916666666666666,2026-01-01T14:55:00Z,60.50952681526757,60.413925760738,NORMAL,NORMAL,321.51474526702947,85.0,70.0,0.16787878787878788,116.54909515929819,51.60793933653724,46.44714540288352,1.0,3,-39.234672778934666,M3,nan,M3,M3,1,85.68181818181819,-39.234672778934666,3.269556064911222,5.916666666666666,0.0,poor_tracking_condition,requested_mode_matches_applied_mode
threshold,persistent-low-generation,1,900,15.0,15.0,2026-01-01T15:00:00Z,60.413925760738,60.315462323717576,NORMAL,NORMAL,313.38312880856245,85.0,70.0,0.16787878787878788,113.6013841931039,50.302692920706406,45.272423628635764,1.0,3,-40.40939455318242,M3,nan,M3,M3,1,85.68181818181819,-40.40939455318242,3.367449546098535,5.916666666666666,0.0,poor_tracking_condition,requested_mode_matches_applied_mode
threshold,persistent-low-generation,1,905,15.083333333333334,15.083333333333334,2026-01-01T15:05:00Z,60.315462323717576,60.21408610446784,NORMAL,NORMAL,305.1083339509776,85.0,70.0,0.16787878787878788,110.6017710572294,48.97446422414117,44.07701780172706,1.0,3,-41.60480038009113,M3,nan,M3,M3,1,85.68181818181819,-41.60480038009113,3.4670666983409273,5.916666666666666,0.0,poor_tracking_condition,requested_mode_matches_applied_mode
threshold,persistent-low-generation,1,910,15.166666666666666,15.166666666666666,2026-01-01T15:10:00Z,60.21408610446784,60.1097491533127,NORMAL,NORMAL,296.69732096864095,85.0,70.0,0.16787878787878788,107.55277885113236,47.62437047528141,42.86193342775327,1.0,3,-42.819884754064915,M3,nan,M3,M3,1,85.68181818181819,-42.819884754064915,3.5683237295054093,5.916666666666666,0.0,poor_tracking_condition,requested_mode_matches_applied_mode
threshold,persistent-low-generation,1,915,15.25,15.25,2026-01-01T15:15:00Z,60.1097491533127,60.002406032497255,NORMAL,NORMAL,288.15722586785273,85.0,70.0,0.16787878787878788,104.45699437709663,46.25355711017839,41.62820139916055,1.0,3,-44.053616782657635,M3,nan,M3,M3,1,85.68181818181819,-44.053616782657635,3.671134731888136,5.916666666666666,0.0,poor_tracking_condition,requested_mode_matches_applied_mode
threshold,persistent-low-generation,1,920,15.333333333333334,15.333333333333334,2026-01-01T15:20:00Z,60.002406032497255,59.892013878662425,NORMAL,NORMAL,279.4953621364577,85.0,70.0,0.16787878787878788,101.31706877446592,44.863198053333505,40.37687824800015,1.0,3,-45.304939933818034,M3,nan,M3,M3,1,85.68181818181819,-45.304939933818034,3.7754116611515025,5.916666666666666,0.0,poor_tracking_condition,requested_mode_matches_applied_mode
threshold,persistent-low-generation,1,925,15.416666666666666,15.416666666666666,2026-01-01T15:25:00Z,59.892013878662425,59.77853246617386,NORMAL,NORMAL,270.7192231706225,85.0,70.0,0.16787878787878788,98.13571839935068,43.45449610723247,39.10904649650923,1.0,3,-46.57277168530896,M3,nan,M3,M3,1,85.68181818181819,-46.57277168530896,3.88106430710908,5.916666666666666,0.0,poor_tracking_condition,requested_mode_matches_applied_mode
threshold,persistent-low-generation,1,930,15.5,15.5,2026-01-01T15:30:00Z,59.77853246617386,59.66192427158613,NORMAL,NORMAL,261.8364854999092,85.0,70.0,0.16787878787878788,94.9157259937171,42.02868347001793,37.82581512301614,1.0,3,-47.856003058802045,M3,nan,M3,M3,1,85.68181818181819,-47.856003058802045,3.98800025490017,5.916666666666666,0.0,poor_tracking_condition,requested_mode_matches_applied_mode
threshold,persistent-low-generation,1,935,15.583333333333334,15.583333333333334,2026-01-01T15:35:00Z,59.66192427158613,59.54215453957394,NORMAL,NORMAL,252.855012954932,85.0,70.0,0.16787878787878788,91.65994219616286,40.58702240446092,36.52832016401483,1.0,3,-49.15349801780336,M3,nan,M3,M3,1,85.68181818181819,-49.15349801780336,4.096124834816946,5.916666666666666,0.0,poor_tracking_condition,requested_mode_matches_applied_mode
threshold,persistent-low-generation,1,940,15.666666666666666,15.666666666666666,2026-01-01T15:40:00Z,59.54215453957394,59.41919135072299,NORMAL,NORMAL,243.7828619505026,85.0,70.0,0.16787878787878788,88.3712874570572,39.13080608598493,35.21772547738644,1.0,3,-50.46409270443175,M3,nan,M3,M3,1,85.68181818181819,-50.46409270443175,4.205341058702645,5.916666666666666,0.0,poor_tracking_condition,requested_mode_matches_applied_mode
threshold,persistent-low-generation,1,945,15.75,15.75,2026-01-01T15:45:00Z,59.41919135072299,59.293005691646655,NORMAL,NORMAL,234.6282880927447,85.0,70.0,0.16787878787878788,85.05275443361997,37.66135966320692,33.895223696886234,1.0,3,-51.78659448493195,M3,nan,M3,M3,1,85.68181818181819,-51.78659448493195,4.315549540410996,5.916666666666666,0.0,poor_tracking_condition,requested_mode_matches_applied_mode
threshold,persistent-low-generation,1,950,15.833333333333334,15.833333333333334,2026-01-01T15:50:00Z,59.293005691646655,59.163571527983486,NORMAL,NORMAL,225.39975436323775,85.0,70.0,0.16787878787878788,81.7074109566737,36.18004157161511,32.5620374144536,1.0,3,-53.11978076736459,M3,nan,M3,M3,1,85.68181818181819,-53.11978076736459,4.426648397280382,5.916666666666666,0.0,poor_tracking_condition,requested_mode_matches_applied_mode
threshold,persistent-low-generation,1,955,15.916666666666666,15.916666666666666,2026-01-01T15:55:00Z,59.163571527983486,59.030865880939665,NORMAL,NORMAL,216.1059411895109,85.0,70.0,0.16787878787878788,78.33840368119772,34.688245150034355,31.21942063503092,1.0,3,-54.462397546787265,M3,nan,M3,M3,1,85.68181818181819,-54.462397546787265,4.538533128898939,5.916666666666666,0.0,poor_tracking_condition,requested_mode_matches_applied_mode
threshold,persistent-low-generation,1,960,16.0,16.0,2026-01-01T16:00:00Z,59.030865880939665,58.89486890817433,NORMAL,NORMAL,206.75575878282945,85.0,70.0,0.16787878787878788,74.94896255877568,33.187400621025866,29.86866055892328,1.0,3,-55.813157622894906,M3,nan,M3,M3,1,85.68181818181819,-55.813157622894906,4.6510964685745755,5.916666666666666,0.0,poor_tracking_condition,requested_mode_matches_applied_mode
threshold,persistent-low-generation,1,965,16.083333333333332,16.083333333333332,2026-01-01T16:05:00Z,58.89486890817433,58.755563989992545,NORMAL,NORMAL,197.35836221618453,85.0,70.0,0.16787878787878788,71.5424063033669,31.678977511130867,28.511079760017783,1.0,3,-57.17073842180041,M3,nan,M3,M3,1,85.68181818181819,-57.17073842180041,4.7642282018167,5.916666666666666,0.0,poor_tracking_condition,requested_mode_matches_applied_mode
threshold,persistent-low-generation,1,970,16.166666666666668,16.166666666666668,2026-01-01T16:10:00Z,58.755563989992545,58.612937822018836,NORMAL,NORMAL,187.9231698346319,85.0,70.0,0.16787878787878788,68.12214906505407,30.164487606005945,27.148038845405353,1.0,3,-58.533779336412834,M3,nan,M3,M3,1,85.68181818181819,-58.533779336412834,4.877814944701069,5.916666666666666,0.0,poor_tracking_condition,requested_mode_matches_applied_mode
threshold,persistent-low-generation,1,975,16.25,16.25,2026-01-01T16:15:00Z,58.612937822018836,58.46698051578758,NORMAL,NORMAL,178.45988574631707,85.0,70.0,0.16787878787878788,64.69170858303994,28.645488560570083,25.780939704513074,1.0,3,-59.90087847730511,M3,nan,M3,M3,1,85.68181818181819,-59.90087847730511,4.991739873108759,5.916666666666666,0.0,poor_tracking_condition,requested_mode_matches_applied_mode
threshold,persistent-low-generation,1,980,16.333333333333332,16.333333333333332,2026-01-01T16:20:00Z,58.46698051578758,58.31768570902326,NORMAL,NORMAL,168.97852734939664,85.0,70.0,0.16787878787878788,61.25471616415629,27.123588317488405,24.411229485739565,1.0,3,-61.27058869607862,M3,nan,M3,M3,1,85.68181818181819,-61.27058869607862,5.105882391339884,5.916666666666666,0.0,poor_tracking_condition,requested_mode_matches_applied_mode
threshold,persistent-low-generation,1,985,16.416666666666668,16.416666666666668,2026-01-01T16:25:00Z,58.31768570902326,58.16505068781672,NORMAL,NORMAL,159.48945912743983,85.0,70.0,0.16787878787878788,57.81492893369695,25.60045053184101,23.040405478656908,1.0,3,-62.64141270316128,M3,nan,M3,M3,1,85.68181818181819,-62.64141270316128,5.22011772526344,5.916666666666666,0.0,poor_tracking_condition,requested_mode_matches_applied_mode
threshold,persistent-low-generation,1,990,16.5,16.5,2026-01-01T16:30:00Z,58.16505068781672,58.00907652347088,NORMAL,NORMAL,150.00343432272103,85.0,70.0,0.16787878787878788,54.37624494198638,24.077801260311567,21.67002113428041,1.0,3,-64.01179704753778,M3,nan,M3,M3,1,85.68181818181819,-64.01179704753778,5.334316420628149,5.916666666666666,0.0,poor_tracking_condition,requested_mode_matches_applied_mode
threshold,persistent-low-generation,1,995,16.583333333333332,16.583333333333332,2026-01-01T16:35:00Z,58.00907652347088,57.84976822753796,NORMAL,NORMAL,140.53164661624447,85.0,70.0,0.16787878787878788,50.942721898388626,22.55743725660648,20.301693530945833,1.0,3,-65.38012465087235,M3,nan,M3,M3,1,85.68181818181819,-65.38012465087235,5.448343720906029,5.916666666666666,0.0,poor_tracking_condition,requested_mode_matches_applied_mode
threshold,persistent-low-generation,1,1000,16.666666666666668,16.666666666666668,2026-01-01T16:40:00Z,57.84976822753796,57.687134929576494,NORMAL,NORMAL,131.08579467086645,85.0,70.0,0.16787878787878788,47.51860056818909,21.04123633159413,18.937112698434717,1.0,3,-66.74470548338347,M3,nan,M3,M3,1,85.68181818181819,-66.74470548338347,5.562058790281956,5.916666666666666,0.0,poor_tracking_condition,requested_mode_matches_applied_mode
threshold,persistent-low-generation,1,1005,16.75,16.75,2026-01-01T16:45:00Z,57.687134929576494,57.52119008352631,NORMAL,NORMAL,121.67816343103354,85.0,70.0,0.16787878787878788,44.10833424374967,19.53117040313235,17.578053362819116,1.0,3,-68.10376481899907,M3,nan,M3,M3,1,85.68181818181819,-68.10376481899907,5.675313734916589,5.916666666666666,0.0,poor_tracking_condition,requested_mode_matches_applied_mode
threshold,persistent-low-generation,1,1010,16.833333333333332,16.833333333333332,2026-01-01T16:50:00Z,57.52119008352631,57.35195171050127,NORMAL,NORMAL,112.32172758060456,85.0,70.0,0.16787878787878788,40.71662624796916,18.029322102600744,16.22638989234067,1.0,3,-69.45542828947751,M3,nan,M3,M3,1,85.68181818181819,-69.45542828947751,5.787952357456459,5.916666666666666,0.0,poor_tracking_condition,requested_mode_matches_applied_mode
threshold,persistent-low-generation,1,1015,16.916666666666668,16.916666666666668,2026-01-01T16:55:00Z,57.35195171050127,57.17944268849007,NORMAL,NORMAL,103.03028480154454,85.0,70.0,0.16787878787878788,37.3484782405599,16.537906164919924,14.884115548427932,1.0,3,-70.79770263339026,M3,nan,M3,M3,1,85.68181818181819,-70.79770263339026,5.899808552782521,5.916666666666666,0.0,poor_tracking_condition,requested_mode_matches_applied_mode
threshold,persistent-low-generation,1,1020,17.0,17.0,2026-01-01T17:00:00Z,57.17944268849007,57.00369110334759,NORMAL,NORMAL,93.81862989157457,85.0,70.0,0.16787878787878788,34.00925333569579,15.059297377046093,13.553367639341484,1.0,3,-72.1284505424767,M3,nan,M3,M3,1,85.68181818181819,-72.1284505424767,6.010704211873058,5.916666666666666,0.0,poor_tracking_condition,requested_mode_matches_applied_mode
threshold,persistent-low-generation,1,1025,17.083333333333332,17.083333333333332,2026-01-01T17:05:00Z,57.00369110334759,56.82473068123628,NORMAL,NORMAL,84.70278615246784,85.0,70.0,0.16787878787878788,30.704759980269596,13.596067719263376,12.236460947337038,1.0,3,-73.44535723448115,M3,nan,M3,M3,1,85.68181818181819,-73.44535723448115,6.1204464362067625,5.916666666666666,0.0,poor_tracking_condition,requested_mode_matches_applied_mode
threshold,persistent-low-generation,1,1030,17.166666666666668,17.166666666666668,2026-01-01T17:10:00Z,56.82473068123628,56.642601331506334,NORMAL,NORMAL,75.70031913007257,85.0,70.0,0.16787878787878788,27.44136568465131,12.1510367251636,10.93593305264724,1.0,3,-74.74588512917094,M3,nan,M3,M3,1,85.68181818181819,-74.74588512917094,6.228823760764245,5.916666666666666,0.0,poor_tracking_condition,requested_mode_matches_applied_mode
threshold,persistent-low-generation,1,1035,17.25,17.25,2026-01-01T17:15:00Z,56.642601331506334,56.45734984296329,NORMAL,NORMAL,66.83077236639191,85.0,70.0,0.16787878787878788,24.22615498281707,10.7273414263914,9.65460728375226,1.0,3,-76.02721089806593,M3,nan,M3,M3,1,85.68181818181819,-76.02721089806593,6.335600908172161,5.916666666666666,0.0,poor_tracking_condition,requested_mode_matches_applied_mode
threshold,persistent-low-generation,1,1040,17.333333333333332,17.333333333333332,2026-01-01T17:20:00Z,56.45734984296329,56.26903079945587,NORMAL,NORMAL,58.11629045657233,85.0,70.0,0.16787878787878788,21.067155290507472,9.32853636263671,8.395682726373039,1.0,3,-77.28613545544515,M3,nan,M3,M3,1,85.68181818181819,-77.28613545544515,6.440511287953762,5.916666666666666,0.0,poor_tracking_condition,requested_mode_matches_applied_mode
threshold,persistent-low-generation,1,1045,17.416666666666668,17.416666666666668,2026-01-01T17:25:00Z,56.26903079945587,56.07770782042989,NORMAL,NORMAL,49.58254223077303,85.0,70.0,0.16787878787878788,17.973671558655226,7.958741766172534,7.1628675895552805,1.0,3,-78.51895059226291,M3,nan,M3,M3,1,85.68181818181819,-78.51895059226291,6.543245882688575,5.916666666666666,0.0,poor_tracking_condition,requested_mode_matches_applied_mode
threshold,persistent-low-generation,1,1050,17.5,17.5,2026-01-01T17:30:00Z,56.07770782042989,55.883455304906875,NORMAL,NORMAL,41.260150911287276,85.0,70.0,0.16787878787878788,14.95680470534164,6.622873123525278,5.96058581117275,1.0,3,-79.72123237064544,M3,nan,M3,M3,1,85.68181818181819,-79.72123237064544,6.64343603088712,5.916666666666666,0.0,poor_tracking_condition,requested_mode_matches_applied_mode
threshold,persistent-low-generation,1,1055,17.583333333333332,17.583333333333332,2026-01-01T17:35:00Z,55.883455304906875,55.68636100118361,NORMAL,NORMAL,33.18703986676286,85.0,70.0,0.16787878787878788,12.030301951701539,5.327017704213441,4.794315933792097,1.0,3,-80.8875022480261,M3,nan,M3,M3,1,85.68181818181819,-80.8875022480261,6.740625187335508,5.916666666666666,0.0,poor_tracking_condition,requested_mode_matches_applied_mode
threshold,persistent-low-generation,1,1060,17.666666666666668,17.666666666666668,2026-01-01T17:40:00Z,55.68636100118361,55.486530037691686,NORMAL,NORMAL,25.412583557295164,85.0,70.0,0.16787878787878788,9.212061539519498,4.079100849699234,3.6711907647293107,1.0,3,-82.01062741708887,M3,nan,M3,M3,1,85.68181818181819,-82.01062741708887,6.834218951424072,5.916666666666666,0.0,poor_tracking_condition,requested_mode_matches_applied_mode
threshold,persistent-low-generation,1,1065,17.75,17.75,2026-01-01T17:45:00Z,55.486530037691686,55.28409182920928,NORMAL,NORMAL,18.005775996288865,85.0,70.0,0.16787878787878788,6.527093798654715,2.890197134044308,2.601177420639877,1.0,3,-83.08064076117832,M3,nan,M3,M3,1,85.68181818181819,-83.08064076117832,6.923386730098192,5.916666666666666,0.0,poor_tracking_condition,requested_mode_matches_applied_mode
threshold,persistent-low-generation,1,1070,17.833333333333332,17.833333333333332,2026-01-01T17:50:00Z,55.28409182920928,55.07921363094143,NORMAL,NORMAL,11.074116387152324,85.0,70.0,0.16787878787878788,4.0143671903427185,1.7775617918837558,1.5998056126953804,1.0,3,-84.08201256912281,M3,nan,M3,M3,1,85.68181818181819,-84.08201256912281,7.006834380760234,5.916666666666666,0.0,poor_tracking_condition,requested_mode_matches_applied_mode
threshold,persistent-low-generation,1,1075,17.916666666666668,17.916666666666668,2026-01-01T17:55:00Z,55.07921363094143,54.872134529005514,NORMAL,NORMAL,4.821666007779817,85.0,70.0,0.16787878787878788,1.747853927820184,0.7739497192387774,0.6965547473148997,1.0,3,-84.98526343450328,M3,nan,M3,M3,1,85.68181818181819,-84.98526343450328,7.0821052862086065,5.916666666666666,0.0,poor_tracking_condition,requested_mode_matches_applied_mode
threshold,persistent-low-generation,1,1080,18.0,18.0,2026-01-01T18:00:00Z,54.872134529005514,54.66335816891336,NORMAL,NORMAL,3.822140361187655e-17,85.0,70.0,0.16787878787878788,1.3855258809305252e-17,6.1351086007603655e-18,5.521597740684329e-18,1.0,3,-85.68181818181819,M3,nan,M3,M3,1,85.68181818181819,-85.68181818181819,7.140151515151516,5.916666666666666,0.0,poor_tracking_condition,requested_mode_matches_applied_mode
threshold,persistent-low-generation,1,1085,18.083333333333332,18.083333333333332,2026-01-01T18:05:00Z,54.66335816891336,54.45458180882121,NORMAL,NORMAL,0.0,85.0,70.0,0.16787878787878788,0.0,0.0,0.0,1.0,3,-85.68181818181819,M3,nan,M3,M3,1,85.68181818181819,-85.68181818181819,7.140151515151516,5.916666666666666,0.0,poor_tracking_condition,requested_mode_matches_applied_mode
threshold,persistent-low-generation,1,1090,18.166666666666668,18.166666666666668,2026-01-01T18:10:00Z,54.45458180882121,54.245805448729065,NORMAL,NORMAL,0.0,85.0,70.0,0.16787878787878788,0.0,0.0,0.0,1.0,3,-85.68181818181819,M3,nan,M3,M3,1,85.68181818181819,-85.68181818181819,7.140151515151516,5.916666666666666,0.0,poor_tracking_condition,requested_mode_matches_applied_mode
threshold,persistent-low-generation,1,1095,18.25,18.25,2026-01-01T18:15:00Z,54.245805448729065,54.03702908863691,NORMAL,NORMAL,0.0,85.0,70.0,0.16787878787878788,0.0,0.0,0.0,1.0,3,-85.68181818181819,M3,nan,M3,M3,1,85.68181818181819,-85.68181818181819,7.140151515151516,5.916666666666666,0.0,poor_tracking_condition,requested_mode_matches_applied_mode
threshold,persistent-low-generation,1,1100,18.333333333333332,18.333333333333332,2026-01-01T18:20:00Z,54.03702908863691,53.828252728544754,NORMAL,NORMAL,0.0,85.0,70.0,0.16787878787878788,0.0,0.0,0.0,1.0,3,-85.68181818181819,M3,nan,M3,M3,1,85.68181818181819,-85.68181818181819,7.140151515151516,5.916666666666666,0.0,poor_tracking_condition,requested_mode_matches_applied_mode
threshold,persistent-low-generation,1,1105,18.416666666666668,18.416666666666668,2026-01-01T18:25:00Z,53.828252728544754,53.6194763684526,NORMAL,NORMAL,0.0,85.0,70.0,0.16787878787878788,0.0,0.0,0.0,1.0,3,-85.68181818181819,M3,nan,M3,M3,1,85.68181818181819,-85.68181818181819,7.140151515151516,5.916666666666666,0.0,poor_tracking_condition,requested_mode_matches_applied_mode
threshold,persistent-low-generation,1,1110,18.5,18.5,2026-01-01T18:30:00Z,53.6194763684526,53.41070000836045,NORMAL,NORMAL,0.0,85.0,70.0,0.16787878787878788,0.0,0.0,0.0,1.0,3,-85.68181818181819,M3,nan,M3,M3,1,85.68181818181819,-85.68181818181819,7.140151515151516,5.916666666666666,0.0,poor_tracking_condition,requested_mode_matches_applied_mode
threshold,persistent-low-generation,1,1115,18.583333333333332,18.583333333333332,2026-01-01T18:35:00Z,53.41070000836045,53.201923648268306,NORMAL,NORMAL,0.0,85.0,70.0,0.16787878787878788,0.0,0.0,0.0,1.0,3,-85.68181818181819,M3,nan,M3,M3,1,85.68181818181819,-85.68181818181819,7.140151515151516,5.916666666666666,0.0,poor_tracking_condition,requested_mode_matches_applied_mode
threshold,persistent-low-generation,1,1120,18.666666666666668,18.666666666666668,2026-01-01T18:40:00Z,53.201923648268306,52.993147288176154,NORMAL,NORMAL,0.0,85.0,70.0,0.16787878787878788,0.0,0.0,0.0,1.0,3,-85.68181818181819,M3,nan,M3,M3,1,85.68181818181819,-85.68181818181819,7.140151515151516,5.916666666666666,0.0,poor_tracking_condition,requested_mode_matches_applied_mode
threshold,persistent-low-generation,1,1125,18.75,18.75,2026-01-01T18:45:00Z,52.993147288176154,52.784370928084,NORMAL,NORMAL,0.0,85.0,70.0,0.16787878787878788,0.0,0.0,0.0,1.0,3,-85.68181818181819,M3,nan,M3,M3,1,85.68181818181819,-85.68181818181819,7.140151515151516,5.916666666666666,0.0,poor_tracking_condition,requested_mode_matches_applied_mode
threshold,persistent-low-generation,1,1130,18.833333333333332,18.833333333333332,2026-01-01T18:50:00Z,52.784370928084,52.57559456799185,NORMAL,NORMAL,0.0,85.0,70.0,0.16787878787878788,0.0,0.0,0.0,1.0,3,-85.68181818181819,M3,nan,M3,M3,1,85.68181818181819,-85.68181818181819,7.140151515151516,5.916666666666666,0.0,poor_tracking_condition,requested_mode_matches_applied_mode
threshold,persistent-low-generation,1,1135,18.916666666666668,18.916666666666668,2026-01-01T18:55:00Z,52.57559456799185,52.3668182078997,NORMAL,NORMAL,0.0,85.0,70.0,0.16787878787878788,0.0,0.0,0.0,1.0,3,-85.68181818181819,M3,nan,M3,M3,1,85.68181818181819,-85.68181818181819,7.140151515151516,5.916666666666666,0.0,poor_tracking_condition,requested_mode_matches_applied_mode
threshold,persistent-low-generation,1,1140,19.0,19.0,2026-01-01T19:00:00Z,52.3668182078997,52.158041847807546,NORMAL,NORMAL,0.0,85.0,70.0,0.16787878787878788,0.0,0.0,0.0,1.0,3,-85.68181818181819,M3,nan,M3,M3,1,85.68181818181819,-85.68181818181819,7.140151515151516,5.916666666666666,0.0,poor_tracking_condition,requested_mode_matches_applied_mode
threshold,persistent-low-generation,1,1145,19.083333333333332,19.083333333333332,2026-01-01T19:05:00Z,52.158041847807546,51.9492654877154,NORMAL,NORMAL,0.0,85.0,70.0,0.16787878787878788,0.0,0.0,0.0,1.0,3,-85.68181818181819,M3,nan,M3,M3,1,85.68181818181819,-85.68181818181819,7.140151515151516,5.916666666666666,0.0,poor_tracking_condition,requested_mode_matches_applied_mode
threshold,persistent-low-generation,1,1150,19.166666666666668,19.166666666666668,2026-01-01T19:10:00Z,51.9492654877154,51.74048912762325,NORMAL,NORMAL,0.0,85.0,70.0,0.16787878787878788,0.0,0.0,0.0,1.0,3,-85.68181818181819,M3,nan,M3,M3,1,85.68181818181819,-85.68181818181819,7.140151515151516,5.916666666666666,0.0,poor_tracking_condition,requested_mode_matches_applied_mode
threshold,persistent-low-generation,1,1155,19.25,19.25,2026-01-01T19:15:00Z,51.74048912762325,51.5317127675311,NORMAL,NORMAL,0.0,85.0,70.0,0.16787878787878788,0.0,0.0,0.0,1.0,3,-85.68181818181819,M3,nan,M3,M3,1,85.68181818181819,-85.68181818181819,7.140151515151516,5.916666666666666,0.0,poor_tracking_condition,requested_mode_matches_applied_mode
threshold,persistent-low-generation,1,1160,19.333333333333332,19.333333333333332,2026-01-01T19:20:00Z,51.5317127675311,51.322936407438945,NORMAL,NORMAL,0.0,85.0,70.0,0.16787878787878788,0.0,0.0,0.0,1.0,3,-85.68181818181819,M3,nan,M3,M3,1,85.68181818181819,-85.68181818181819,7.140151515151516,5.916666666666666,0.0,poor_tracking_condition,requested_mode_matches_applied_mode
threshold,persistent-low-generation,1,1165,19.416666666666668,19.416666666666668,2026-01-01T19:25:00Z,51.322936407438945,51.114160047346786,NORMAL,NORMAL,0.0,85.0,70.0,0.16787878787878788,0.0,0.0,0.0,1.0,3,-85.68181818181819,M3,nan,M3,M3,1,85.68181818181819,-85.68181818181819,7.140151515151516,5.916666666666666,0.0,poor_tracking_condition,requested_mode_matches_applied_mode
threshold,persistent-low-generation,1,1170,19.5,19.5,2026-01-01T19:30:00Z,51.114160047346786,50.90538368725464,NORMAL,NORMAL,0.0,85.0,70.0,0.16787878787878788,0.0,0.0,0.0,1.0,3,-85.68181818181819,M3,nan,M3,M3,1,85.68181818181819,-85.68181818181819,7.140151515151516,5.916666666666666,0.0,poor_tracking_condition,requested_mode_matches_applied_mode
threshold,persistent-low-generation,1,1175,19.583333333333332,19.583333333333332,2026-01-01T19:35:00Z,50.90538368725464,50.69660732716249,NORMAL,NORMAL,0.0,85.0,70.0,0.16787878787878788,0.0,0.0,0.0,1.0,3,-85.68181818181819,M3,nan,M3,M3,1,85.68181818181819,-85.68181818181819,7.140151515151516,5.916666666666666,0.0,poor_tracking_condition,requested_mode_matches_applied_mode
threshold,persistent-low-generation,1,1180,19.666666666666668,19.666666666666668,2026-01-01T19:40:00Z,50.69660732716249,50.48783096707034,NORMAL,NORMAL,0.0,85.0,70.0,0.16787878787878788,0.0,0.0,0.0,1.0,3,-85.68181818181819,M3,nan,M3,M3,1,85.68181818181819,-85.68181818181819,7.140151515151516,5.916666666666666,0.0,poor_tracking_condition,requested_mode_matches_applied_mode
threshold,persistent-low-generation,1,1185,19.75,19.75,2026-01-01T19:45:00Z,50.48783096707034,50.279054606978185,NORMAL,NORMAL,0.0,85.0,70.0,0.16787878787878788,0.0,0.0,0.0,1.0,3,-85.68181818181819,M3,nan,M3,M3,1,85.68181818181819,-85.68181818181819,7.140151515151516,5.916666666666666,0.0,poor_tracking_condition,requested_mode_matches_applied_mode
threshold,persistent-low-generation,1,1190,19.833333333333332,19.833333333333332,2026-01-01T19:50:00Z,50.279054606978185,50.07027824688603,NORMAL,NORMAL,0.0,85.0,70.0,0.16787878787878788,0.0,0.0,0.0,1.0,3,-85.68181818181819,M3,nan,M3,M3,1,85.68181818181819,-85.68181818181819,7.140151515151516,5.916666666666666,0.0,poor_tracking_condition,requested_mode_matches_applied_mode
threshold,persistent-low-generation,1,1195,19.916666666666668,19.916666666666668,2026-01-01T19:55:00Z,50.07027824688603,49.86150188679389,NORMAL,NORMAL,0.0,85.0,70.0,0.16787878787878788,0.0,0.0,0.0,1.0,3,-85.68181818181819,M3,nan,M3,M3,1,85.68181818181819,-85.68181818181819,7.140151515151516,5.916666666666666,0.0,poor_tracking_condition,requested_mode_matches_applied_mode
threshold,persistent-low-generation,1,1200,20.0,20.0,2026-01-01T20:00:00Z,49.86150188679389,49.65272552670174,NORMAL,NORMAL,0.0,85.0,70.0,0.16787878787878788,0.0,0.0,0.0,0.75,2,-85.68181818181819,M3,nan,M3,M3,1,85.68181818181819,-85.68181818181819,7.140151515151516,5.916666666666666,0.0,poor_tracking_condition,requested_mode_matches_applied_mode
threshold,persistent-low-generation,1,1205,20.083333333333332,20.083333333333332,2026-01-01T20:05:00Z,49.65272552670174,49.443949166609585,NORMAL,NORMAL,0.0,85.0,70.0,0.16787878787878788,0.0,0.0,0.0,0.75,2,-85.68181818181819,M3,nan,M3,M3,1,85.68181818181819,-85.68181818181819,7.140151515151516,5.916666666666666,0.0,poor_tracking_condition,requested_mode_matches_applied_mode
threshold,persistent-low-generation,1,1210,20.166666666666668,20.166666666666668,2026-01-01T20:10:00Z,49.443949166609585,49.23517280651743,NORMAL,NORMAL,0.0,85.0,70.0,0.16787878787878788,0.0,0.0,0.0,0.75,2,-85.68181818181819,M3,nan,M3,M3,1,85.68181818181819,-85.68181818181819,7.140151515151516,5.916666666666666,0.0,poor_tracking_condition,requested_mode_matches_applied_mode
threshold,persistent-low-generation,1,1215,20.25,20.25,2026-01-01T20:15:00Z,49.23517280651743,49.02639644642528,NORMAL,NORMAL,0.0,85.0,70.0,0.16787878787878788,0.0,0.0,0.0,0.75,2,-85.68181818181819,M3,nan,M3,M3,1,85.68181818181819,-85.68181818181819,7.140151515151516,5.916666666666666,0.0,poor_tracking_condition,requested_mode_matches_applied_mode
threshold,persistent-low-generation,1,1220,20.333333333333332,20.333333333333332,2026-01-01T20:20:00Z,49.02639644642528,48.81762008633313,NORMAL,NORMAL,0.0,85.0,70.0,0.16787878787878788,0.0,0.0,0.0,0.75,2,-85.68181818181819,M3,nan,M3,M3,1,85.68181818181819,-85.68181818181819,7.140151515151516,5.916666666666666,0.0,poor_tracking_condition,requested_mode_matches_applied_mode
threshold,persistent-low-generation,1,1225,20.416666666666668,20.416666666666668,2026-01-01T20:25:00Z,48.81762008633313,48.608843726240984,NORMAL,NORMAL,0.0,85.0,70.0,0.16787878787878788,0.0,0.0,0.0,0.75,2,-85.68181818181819,M3,nan,M3,M3,1,85.68181818181819,-85.68181818181819,7.140151515151516,5.916666666666666,0.0,poor_tracking_condition,requested_mode_matches_applied_mode
threshold,persistent-low-generation,1,1230,20.5,20.5,2026-01-01T20:30:00Z,48.608843726240984,48.40006736614883,NORMAL,NORMAL,0.0,85.0,70.0,0.16787878787878788,0.0,0.0,0.0,0.75,2,-85.68181818181819,M3,nan,M3,M3,1,85.68181818181819,-85.68181818181819,7.140151515151516,5.916666666666666,0.0,poor_tracking_condition,requested_mode_matches_applied_mode
threshold,persistent-low-generation,1,1235,20.583333333333332,20.583333333333332,2026-01-01T20:35:00Z,48.40006736614883,48.19129100605667,NORMAL,NORMAL,0.0,85.0,70.0,0.16787878787878788,0.0,0.0,0.0,0.75,2,-85.68181818181819,M3,nan,M3,M3,1,85.68181818181819,-85.68181818181819,7.140151515151516,5.916666666666666,0.0,poor_tracking_condition,requested_mode_matches_applied_mode
threshold,persistent-low-generation,1,1240,20.666666666666668,20.666666666666668,2026-01-01T20:40:00Z,48.19129100605667,47.98251464596452,NORMAL,NORMAL,0.0,85.0,70.0,0.16787878787878788,0.0,0.0,0.0,0.75,2,-85.68181818181819,M3,nan,M3,M3,1,85.68181818181819,-85.68181818181819,7.140151515151516,5.916666666666666,0.0,poor_tracking_condition,requested_mode_matches_applied_mode
threshold,persistent-low-generation,1,1245,20.75,20.75,2026-01-01T20:45:00Z,47.98251464596452,47.77373828587237,NORMAL,NORMAL,0.0,85.0,70.0,0.16787878787878788,0.0,0.0,0.0,0.75,2,-85.68181818181819,M3,nan,M3,M3,1,85.68181818181819,-85.68181818181819,7.140151515151516,5.916666666666666,0.0,poor_tracking_condition,requested_mode_matches_applied_mode
threshold,persistent-low-generation,1,1250,20.833333333333332,20.833333333333332,2026-01-01T20:50:00Z,47.77373828587237,47.564961925780224,NORMAL,NORMAL,0.0,85.0,70.0,0.16787878787878788,0.0,0.0,0.0,0.75,2,-85.68181818181819,M3,nan,M3,M3,1,85.68181818181819,-85.68181818181819,7.140151515151516,5.916666666666666,0.0,poor_tracking_condition,requested_mode_matches_applied_mode
threshold,persistent-low-generation,1,1255,20.916666666666668,20.916666666666668,2026-01-01T20:55:00Z,47.564961925780224,47.35618556568807,NORMAL,NORMAL,0.0,85.0,70.0,0.16787878787878788,0.0,0.0,0.0,0.75,2,-85.68181818181819,M3,nan,M3,M3,1,85.68181818181819,-85.68181818181819,7.140151515151516,5.916666666666666,0.0,poor_tracking_condition,requested_mode_matches_applied_mode
threshold,persistent-low-generation,1,1260,21.0,21.0,2026-01-01T21:00:00Z,47.35618556568807,47.14740920559592,NORMAL,NORMAL,0.0,85.0,70.0,0.16787878787878788,0.0,0.0,0.0,0.75,2,-85.68181818181819,M3,nan,M3,M3,1,85.68181818181819,-85.68181818181819,7.140151515151516,5.916666666666666,0.0,poor_tracking_condition,requested_mode_matches_applied_mode
threshold,persistent-low-generation,1,1265,21.083333333333332,21.083333333333332,2026-01-01T21:05:00Z,47.14740920559592,46.93863284550377,NORMAL,NORMAL,0.0,85.0,70.0,0.16787878787878788,0.0,0.0,0.0,0.75,2,-85.68181818181819,M3,nan,M3,M3,1,85.68181818181819,-85.68181818181819,7.140151515151516,5.916666666666666,0.0,poor_tracking_condition,requested_mode_matches_applied_mode
threshold,persistent-low-generation,1,1270,21.166666666666668,21.166666666666668,2026-01-01T21:10:00Z,46.93863284550377,46.72985648541162,NORMAL,NORMAL,0.0,85.0,70.0,0.16787878787878788,0.0,0.0,0.0,0.75,2,-85.68181818181819,M3,nan,M3,M3,1,85.68181818181819,-85.68181818181819,7.140151515151516,5.916666666666666,0.0,poor_tracking_condition,requested_mode_matches_applied_mode
threshold,persistent-low-generation,1,1275,21.25,21.25,2026-01-01T21:15:00Z,46.72985648541162,46.52108012531947,NORMAL,NORMAL,0.0,85.0,70.0,0.16787878787878788,0.0,0.0,0.0,0.75,2,-85.68181818181819,M3,nan,M3,M3,1,85.68181818181819,-85.68181818181819,7.140151515151516,5.916666666666666,0.0,poor_tracking_condition,requested_mode_matches_applied_mode
threshold,persistent-low-generation,1,1280,21.333333333333332,21.333333333333332,2026-01-01T21:20:00Z,46.52108012531947,46.31230376522732,NORMAL,NORMAL,0.0,85.0,70.0,0.16787878787878788,0.0,0.0,0.0,0.75,2,-85.68181818181819,M3,nan,M3,M3,1,85.68181818181819,-85.68181818181819,7.140151515151516,5.916666666666666,0.0,poor_tracking_condition,requested_mode_matches_applied_mode
threshold,persistent-low-generation,1,1285,21.416666666666668,21.416666666666668,2026-01-01T21:25:00Z,46.31230376522732,46.10352740513517,NORMAL,NORMAL,0.0,85.0,70.0,0.16787878787878788,0.0,0.0,0.0,0.75,2,-85.68181818181819,M3,nan,M3,M3,1,85.68181818181819,-85.68181818181819,7.140151515151516,5.916666666666666,0.0,poor_tracking_condition,requested_mode_matches_applied_mode
threshold,persistent-low-generation,1,1290,21.5,21.5,2026-01-01T21:30:00Z,46.10352740513517,45.894751045043016,NORMAL,NORMAL,0.0,85.0,70.0,0.16787878787878788,0.0,0.0,0.0,0.75,2,-85.68181818181819,M3,nan,M3,M3,1,85.68181818181819,-85.68181818181819,7.140151515151516,5.916666666666666,0.0,poor_tracking_condition,requested_mode_matches_applied_mode
threshold,persistent-low-generation,1,1295,21.583333333333332,21.583333333333332,2026-01-01T21:35:00Z,45.894751045043016,45.68597468495086,NORMAL,NORMAL,0.0,85.0,70.0,0.16787878787878788,0.0,0.0,0.0,0.75,2,-85.68181818181819,M3,nan,M3,M3,1,85.68181818181819,-85.68181818181819,7.140151515151516,5.916666666666666,0.0,poor_tracking_condition,requested_mode_matches_applied_mode
threshold,persistent-low-generation,1,1300,21.666666666666668,21.666666666666668,2026-01-01T21:40:00Z,45.68597468495086,45.477198324858705,NORMAL,NORMAL,0.0,85.0,70.0,0.16787878787878788,0.0,0.0,0.0,0.75,2,-85.68181818181819,M3,nan,M3,M3,1,85.68181818181819,-85.68181818181819,7.140151515151516,5.916666666666666,0.0,poor_tracking_condition,requested_mode_matches_applied_mode
threshold,persistent-low-generation,1,1305,21.75,21.75,2026-01-01T21:45:00Z,45.477198324858705,45.26842196476656,NORMAL,NORMAL,0.0,85.0,70.0,0.16787878787878788,0.0,0.0,0.0,0.75,2,-85.68181818181819,M3,nan,M3,M3,1,85.68181818181819,-85.68181818181819,7.140151515151516,5.916666666666666,0.0,poor_tracking_condition,requested_mode_matches_applied_mode
threshold,persistent-low-generation,1,1310,21.833333333333332,21.833333333333332,2026-01-01T21:50:00Z,45.26842196476656,45.05964560467441,NORMAL,NORMAL,0.0,85.0,70.0,0.16787878787878788,0.0,0.0,0.0,0.75,2,-85.68181818181819,M3,nan,M3,M3,1,85.68181818181819,-85.68181818181819,7.140151515151516,5.916666666666666,0.0,poor_tracking_condition,requested_mode_matches_applied_mode
threshold,persistent-low-generation,1,1315,21.916666666666668,21.916666666666668,2026-01-01T21:55:00Z,45.05964560467441,44.850869244582256,NORMAL,NORMAL,0.0,85.0,70.0,0.16787878787878788,0.0,0.0,0.0,0.75,2,-85.68181818181819,M3,nan,M3,M3,1,85.68181818181819,-85.68181818181819,7.140151515151516,5.916666666666666,0.0,poor_tracking_condition,requested_mode_matches_applied_mode
threshold,persistent-low-generation,1,1320,22.0,22.0,2026-01-01T22:00:00Z,44.850869244582256,44.83868600871481,NORMAL,NORMAL,0.0,85.0,70.0,0.16787878787878788,0.0,0.0,0.0,0.75,2,-85.68181818181819,M2,nan,M1,M1,0,5.0,-5.0,0.41666666666666663,0.0,0.0,poor_tracking_condition,safety_reduction_applied_immediately
threshold,persistent-low-generation,1,1325,22.083333333333332,22.083333333333332,2026-01-01T22:05:00Z,44.83868600871481,44.82650277284736,NORMAL,NORMAL,0.0,85.0,70.0,0.16787878787878788,0.0,0.0,0.0,0.75,2,-5.0,M2,nan,M1,M1,0,5.0,-5.0,0.41666666666666663,0.0,0.0,poor_tracking_condition,requested_mode_matches_applied_mode
threshold,persistent-low-generation,1,1330,22.166666666666668,22.166666666666668,2026-01-01T22:10:00Z,44.82650277284736,44.814319536979916,NORMAL,NORMAL,0.0,85.0,70.0,0.16787878787878788,0.0,0.0,0.0,0.75,2,-5.0,M2,nan,M1,M1,0,5.0,-5.0,0.41666666666666663,0.0,0.0,poor_tracking_condition,requested_mode_matches_applied_mode
threshold,persistent-low-generation,1,1335,22.25,22.25,2026-01-01T22:15:00Z,44.814319536979916,44.802136301112476,NORMAL,NORMAL,0.0,85.0,70.0,0.16787878787878788,0.0,0.0,0.0,0.75,2,-5.0,M2,nan,M1,M1,0,5.0,-5.0,0.41666666666666663,0.0,0.0,poor_tracking_condition,requested_mode_matches_applied_mode
threshold,persistent-low-generation,1,1340,22.333333333333332,22.333333333333332,2026-01-01T22:20:00Z,44.802136301112476,44.78995306524503,NORMAL,NORMAL,0.0,85.0,70.0,0.16787878787878788,0.0,0.0,0.0,0.75,2,-5.0,M2,nan,M1,M1,0,5.0,-5.0,0.41666666666666663,0.0,0.0,poor_tracking_condition,requested_mode_matches_applied_mode
threshold,persistent-low-generation,1,1345,22.416666666666668,22.416666666666668,2026-01-01T22:25:00Z,44.78995306524503,44.77776982937758,NORMAL,NORMAL,0.0,85.0,70.0,0.16787878787878788,0.0,0.0,0.0,0.75,2,-5.0,M2,nan,M1,M1,0,5.0,-5.0,0.41666666666666663,0.0,0.0,poor_tracking_condition,requested_mode_matches_applied_mode
threshold,persistent-low-generation,1,1350,22.5,22.5,2026-01-01T22:30:00Z,44.77776982937758,44.765586593510136,NORMAL,NORMAL,0.0,85.0,70.0,0.16787878787878788,0.0,0.0,0.0,0.75,2,-5.0,M2,nan,M1,M1,0,5.0,-5.0,0.41666666666666663,0.0,0.0,poor_tracking_condition,requested_mode_matches_applied_mode
threshold,persistent-low-generation,1,1355,22.583333333333332,22.583333333333332,2026-01-01T22:35:00Z,44.765586593510136,44.75340335764269,NORMAL,NORMAL,0.0,85.0,70.0,0.16787878787878788,0.0,0.0,0.0,0.75,2,-5.0,M2,nan,M1,M1,0,5.0,-5.0,0.41666666666666663,0.0,0.0,poor_tracking_condition,requested_mode_matches_applied_mode
threshold,persistent-low-generation,1,1360,22.666666666666668,22.666666666666668,2026-01-01T22:40:00Z,44.75340335764269,44.74122012177524,NORMAL,NORMAL,0.0,85.0,70.0,0.16787878787878788,0.0,0.0,0.0,0.75,2,-5.0,M2,nan,M1,M1,0,5.0,-5.0,0.41666666666666663,0.0,0.0,poor_tracking_condition,requested_mode_matches_applied_mode
threshold,persistent-low-generation,1,1365,22.75,22.75,2026-01-01T22:45:00Z,44.74122012177524,44.729036885907796,NORMAL,NORMAL,0.0,85.0,70.0,0.16787878787878788,0.0,0.0,0.0,0.75,2,-5.0,M2,nan,M1,M1,0,5.0,-5.0,0.41666666666666663,0.0,0.0,poor_tracking_condition,requested_mode_matches_applied_mode
threshold,persistent-low-generation,1,1370,22.833333333333332,22.833333333333332,2026-01-01T22:50:00Z,44.729036885907796,44.71685365004035,NORMAL,NORMAL,0.0,85.0,70.0,0.16787878787878788,0.0,0.0,0.0,0.75,2,-5.0,M2,nan,M1,M1,0,5.0,-5.0,0.41666666666666663,0.0,0.0,poor_tracking_condition,requested_mode_matches_applied_mode
threshold,persistent-low-generation,1,1375,22.916666666666668,22.916666666666668,2026-01-01T22:55:00Z,44.71685365004035,44.70467041417291,NORMAL,NORMAL,0.0,85.0,70.0,0.16787878787878788,0.0,0.0,0.0,0.75,2,-5.0,M2,nan,M1,M1,0,5.0,-5.0,0.41666666666666663,0.0,0.0,poor_tracking_condition,requested_mode_matches_applied_mode
threshold,persistent-low-generation,1,1380,23.0,23.0,2026-01-01T23:00:00Z,44.70467041417291,44.69248717830546,NORMAL,NORMAL,0.0,85.0,70.0,0.16787878787878788,0.0,0.0,0.0,0.35,1,-5.0,M2,nan,M1,M1,0,5.0,-5.0,0.41666666666666663,0.0,0.0,poor_tracking_condition,requested_mode_matches_applied_mode
threshold,persistent-low-generation,1,1385,23.083333333333332,23.083333333333332,2026-01-01T23:05:00Z,44.69248717830546,44.680303942438016,NORMAL,NORMAL,0.0,85.0,70.0,0.16787878787878788,0.0,0.0,0.0,0.35,1,-5.0,M2,nan,M1,M1,0,5.0,-5.0,0.41666666666666663,0.0,0.0,poor_tracking_condition,requested_mode_matches_applied_mode
threshold,persistent-low-generation,1,1390,23.166666666666668,23.166666666666668,2026-01-01T23:10:00Z,44.680303942438016,44.66812070657057,NORMAL,NORMAL,0.0,85.0,70.0,0.16787878787878788,0.0,0.0,0.0,0.35,1,-5.0,M2,nan,M1,M1,0,5.0,-5.0,0.41666666666666663,0.0,0.0,poor_tracking_condition,requested_mode_matches_applied_mode
threshold,persistent-low-generation,1,1395,23.25,23.25,2026-01-01T23:15:00Z,44.66812070657057,44.65593747070312,NORMAL,NORMAL,0.0,85.0,70.0,0.16787878787878788,0.0,0.0,0.0,0.35,1,-5.0,M2,nan,M1,M1,0,5.0,-5.0,0.41666666666666663,0.0,0.0,poor_tracking_condition,requested_mode_matches_applied_mode
threshold,persistent-low-generation,1,1400,23.333333333333332,23.333333333333332,2026-01-01T23:20:00Z,44.65593747070312,44.643754234835676,NORMAL,NORMAL,0.0,85.0,70.0,0.16787878787878788,0.0,0.0,0.0,0.35,1,-5.0,M2,nan,M1,M1,0,5.0,-5.0,0.41666666666666663,0.0,0.0,poor_tracking_condition,requested_mode_matches_applied_mode
threshold,persistent-low-generation,1,1405,23.416666666666668,23.416666666666668,2026-01-01T23:25:00Z,44.643754234835676,44.63157099896823,NORMAL,NORMAL,0.0,85.0,70.0,0.16787878787878788,0.0,0.0,0.0,0.35,1,-5.0,M2,nan,M1,M1,0,5.0,-5.0,0.41666666666666663,0.0,0.0,poor_tracking_condition,requested_mode_matches_applied_mode
threshold,persistent-low-generation,1,1410,23.5,23.5,2026-01-01T23:30:00Z,44.63157099896823,44.61938776310078,NORMAL,NORMAL,0.0,85.0,70.0,0.16787878787878788,0.0,0.0,0.0,0.35,1,-5.0,M2,nan,M1,M1,0,5.0,-5.0,0.41666666666666663,0.0,0.0,poor_tracking_condition,requested_mode_matches_applied_mode
threshold,persistent-low-generation,1,1415,23.583333333333332,23.583333333333332,2026-01-01T23:35:00Z,44.61938776310078,44.60720452723334,NORMAL,NORMAL,0.0,85.0,70.0,0.16787878787878788,0.0,0.0,0.0,0.35,1,-5.0,M2,nan,M1,M1,0,5.0,-5.0,0.41666666666666663,0.0,0.0,poor_tracking_condition,requested_mode_matches_applied_mode
threshold,persistent-low-generation,1,1420,23.666666666666668,23.666666666666668,2026-01-01T23:40:00Z,44.60720452723334,44.595021291365896,NORMAL,NORMAL,0.0,85.0,70.0,0.16787878787878788,0.0,0.0,0.0,0.35,1,-5.0,M2,nan,M1,M1,0,5.0,-5.0,0.41666666666666663,0.0,0.0,poor_tracking_condition,requested_mode_matches_applied_mode
threshold,persistent-low-generation,1,1425,23.75,23.75,2026-01-01T23:45:00Z,44.595021291365896,44.58283805549845,NORMAL,NORMAL,0.0,85.0,70.0,0.16787878787878788,0.0,0.0,0.0,0.35,1,-5.0,M2,nan,M1,M1,0,5.0,-5.0,0.41666666666666663,0.0,0.0,poor_tracking_condition,requested_mode_matches_applied_mode
threshold,persistent-low-generation,1,1430,23.833333333333332,23.833333333333332,2026-01-01T23:50:00Z,44.58283805549845,44.570654819631,NORMAL,NORMAL,0.0,85.0,70.0,0.16787878787878788,0.0,0.0,0.0,0.35,1,-5.0,M2,nan,M1,M1,0,5.0,-5.0,0.41666666666666663,0.0,0.0,poor_tracking_condition,requested_mode_matches_applied_mode
threshold,persistent-low-generation,1,1435,23.916666666666668,23.916666666666668,2026-01-01T23:55:00Z,44.570654819631,44.558471583763556,NORMAL,NORMAL,0.0,85.0,70.0,0.16787878787878788,0.0,0.0,0.0,0.35,1,-5.0,M2,nan,M1,M1,0,5.0,-5.0,0.41666666666666663,0.0,0.0,poor_tracking_condition,requested_mode_matches_applied_mode
threshold,persistent-low-generation,2,1440,24.0,0.0,2026-01-02T00:00:00Z,44.558471583763556,44.54628834789611,NORMAL,NORMAL,0.0,85.0,70.0,0.16787878787878788,0.0,0.0,0.0,0.2,0,-5.0,M2,nan,M1,M1,0,5.0,-5.0,0.41666666666666663,0.0,0.0,poor_tracking_condition,requested_mode_matches_applied_mode
threshold,persistent-low-generation,2,1445,24.083333333333332,0.08333333333333333,2026-01-02T00:05:00Z,44.54628834789611,44.53410511202866,NORMAL,NORMAL,0.0,85.0,70.0,0.16787878787878788,0.0,0.0,0.0,0.2,0,-5.0,M2,nan,M1,M1,0,5.0,-5.0,0.41666666666666663,0.0,0.0,poor_tracking_condition,requested_mode_matches_applied_mode
threshold,persistent-low-generation,2,1450,24.166666666666668,0.16666666666666666,2026-01-02T00:10:00Z,44.53410511202866,44.521921876161215,NORMAL,NORMAL,0.0,85.0,70.0,0.16787878787878788,0.0,0.0,0.0,0.2,0,-5.0,M2,nan,M1,M1,0,5.0,-5.0,0.41666666666666663,0.0,0.0,poor_tracking_condition,requested_mode_matches_applied_mode
threshold,persistent-low-generation,2,1455,24.25,0.25,2026-01-02T00:15:00Z,44.521921876161215,44.509738640293776,NORMAL,NORMAL,0.0,85.0,70.0,0.16787878787878788,0.0,0.0,0.0,0.2,0,-5.0,M2,nan,M1,M1,0,5.0,-5.0,0.41666666666666663,0.0,0.0,poor_tracking_condition,requested_mode_matches_applied_mode
threshold,persistent-low-generation,2,1460,24.333333333333332,0.3333333333333333,2026-01-02T00:20:00Z,44.509738640293776,44.49755540442633,NORMAL,NORMAL,0.0,85.0,70.0,0.16787878787878788,0.0,0.0,0.0,0.2,0,-5.0,M2,nan,M1,M1,0,5.0,-5.0,0.41666666666666663,0.0,0.0,poor_tracking_condition,requested_mode_matches_applied_mode
threshold,persistent-low-generation,2,1465,24.416666666666668,0.4166666666666667,2026-01-02T00:25:00Z,44.49755540442633,44.48537216855888,NORMAL,NORMAL,0.0,85.0,70.0,0.16787878787878788,0.0,0.0,0.0,0.2,0,-5.0,M2,nan,M1,M1,0,5.0,-5.0,0.41666666666666663,0.0,0.0,poor_tracking_condition,requested_mode_matches_applied_mode
threshold,persistent-low-generation,2,1470,24.5,0.5,2026-01-02T00:30:00Z,44.48537216855888,44.473188932691436,NORMAL,NORMAL,0.0,85.0,70.0,0.16787878787878788,0.0,0.0,0.0,0.2,0,-5.0,M2,nan,M1,M1,0,5.0,-5.0,0.41666666666666663,0.0,0.0,poor_tracking_condition,requested_mode_matches_applied_mode
threshold,persistent-low-generation,2,1475,24.583333333333332,0.5833333333333334,2026-01-02T00:35:00Z,44.473188932691436,44.46100569682399,NORMAL,NORMAL,0.0,85.0,70.0,0.16787878787878788,0.0,0.0,0.0,0.2,0,-5.0,M2,nan,M1,M1,0,5.0,-5.0,0.41666666666666663,0.0,0.0,poor_tracking_condition,requested_mode_matches_applied_mode
threshold,persistent-low-generation,2,1480,24.666666666666668,0.6666666666666666,2026-01-02T00:40:00Z,44.46100569682399,44.44882246095654,NORMAL,NORMAL,0.0,85.0,70.0,0.16787878787878788,0.0,0.0,0.0,0.2,0,-5.0,M2,nan,M1,M1,0,5.0,-5.0,0.41666666666666663,0.0,0.0,poor_tracking_condition,requested_mode_matches_applied_mode
threshold,persistent-low-generation,2,1485,24.75,0.75,2026-01-02T00:45:00Z,44.44882246095654,44.436639225089095,NORMAL,NORMAL,0.0,85.0,70.0,0.16787878787878788,0.0,0.0,0.0,0.2,0,-5.0,M2,nan,M1,M1,0,5.0,-5.0,0.41666666666666663,0.0,0.0,poor_tracking_condition,requested_mode_matches_applied_mode
threshold,persistent-low-generation,2,1490,24.833333333333332,0.8333333333333334,2026-01-02T00:50:00Z,44.436639225089095,44.42445598922165,NORMAL,NORMAL,0.0,85.0,70.0,0.16787878787878788,0.0,0.0,0.0,0.2,0,-5.0,M2,nan,M1,M1,0,5.0,-5.0,0.41666666666666663,0.0,0.0,poor_tracking_condition,requested_mode_matches_applied_mode
threshold,persistent-low-generation,2,1495,24.916666666666668,0.9166666666666666,2026-01-02T00:55:00Z,44.42445598922165,44.41227275335421,NORMAL,NORMAL,0.0,85.0,70.0,0.16787878787878788,0.0,0.0,0.0,0.2,0,-5.0,M2,nan,M1,M1,0,5.0,-5.0,0.41666666666666663,0.0,0.0,poor_tracking_condition,requested_mode_matches_applied_mode
threshold,persistent-low-generation,2,1500,25.0,1.0,2026-01-02T01:00:00Z,44.41227275335421,44.40008951748676,NORMAL,NORMAL,0.0,85.0,70.0,0.16787878787878788,0.0,0.0,0.0,0.2,0,-5.0,M2,nan,M1,M1,0,5.0,-5.0,0.41666666666666663,0.0,0.0,poor_tracking_condition,requested_mode_matches_applied_mode
threshold,persistent-low-generation,2,1505,25.083333333333332,1.0833333333333333,2026-01-02T01:05:00Z,44.40008951748676,44.387906281619316,NORMAL,NORMAL,0.0,85.0,70.0,0.16787878787878788,0.0,0.0,0.0,0.2,0,-5.0,M2,nan,M1,M1,0,5.0,-5.0,0.41666666666666663,0.0,0.0,poor_tracking_condition,requested_mode_matches_applied_mode
threshold,persistent-low-generation,2,1510,25.166666666666668,1.1666666666666667,2026-01-02T01:10:00Z,44.387906281619316,44.37572304575187,NORMAL,NORMAL,0.0,85.0,70.0,0.16787878787878788,0.0,0.0,0.0,0.2,0,-5.0,M2,nan,M1,M1,0,5.0,-5.0,0.41666666666666663,0.0,0.0,poor_tracking_condition,requested_mode_matches_applied_mode
threshold,persistent-low-generation,2,1515,25.25,1.25,2026-01-02T01:15:00Z,44.37572304575187,44.36353980988442,NORMAL,NORMAL,0.0,85.0,70.0,0.16787878787878788,0.0,0.0,0.0,0.2,0,-5.0,M2,nan,M1,M1,0,5.0,-5.0,0.41666666666666663,0.0,0.0,poor_tracking_condition,requested_mode_matches_applied_mode
threshold,persistent-low-generation,2,1520,25.333333333333332,1.3333333333333333,2026-01-02T01:20:00Z,44.36353980988442,44.351356574016975,NORMAL,NORMAL,0.0,85.0,70.0,0.16787878787878788,0.0,0.0,0.0,0.2,0,-5.0,M2,nan,M1,M1,0,5.0,-5.0,0.41666666666666663,0.0,0.0,poor_tracking_condition,requested_mode_matches_applied_mode
threshold,persistent-low-generation,2,1525,25.416666666666668,1.4166666666666667,2026-01-02T01:25:00Z,44.351356574016975,44.33917333814953,NORMAL,NORMAL,0.0,85.0,70.0,0.16787878787878788,0.0,0.0,0.0,0.2,0,-5.0,M2,nan,M1,M1,0,5.0,-5.0,0.41666666666666663,0.0,0.0,poor_tracking_condition,requested_mode_matches_applied_mode
threshold,persistent-low-generation,2,1530,25.5,1.5,2026-01-02T01:30:00Z,44.33917333814953,44.32699010228208,NORMAL,NORMAL,0.0,85.0,70.0,0.16787878787878788,0.0,0.0,0.0,0.2,0,-5.0,M2,nan,M1,M1,0,5.0,-5.0,0.41666666666666663,0.0,0.0,poor_tracking_condition,requested_mode_matches_applied_mode
threshold,persistent-low-generation,2,1535,25.583333333333332,1.5833333333333333,2026-01-02T01:35:00Z,44.32699010228208,44.31480686641464,NORMAL,NORMAL,0.0,85.0,70.0,0.16787878787878788,0.0,0.0,0.0,0.2,0,-5.0,M2,nan,M1,M1,0,5.0,-5.0,0.41666666666666663,0.0,0.0,poor_tracking_condition,requested_mode_matches_applied_mode
threshold,persistent-low-generation,2,1540,25.666666666666668,1.6666666666666667,2026-01-02T01:40:00Z,44.31480686641464,44.302623630547195,NORMAL,NORMAL,0.0,85.0,70.0,0.16787878787878788,0.0,0.0,0.0,0.2,0,-5.0,M2,nan,M1,M1,0,5.0,-5.0,0.41666666666666663,0.0,0.0,poor_tracking_condition,requested_mode_matches_applied_mode
threshold,persistent-low-generation,2,1545,25.75,1.75,2026-01-02T01:45:00Z,44.302623630547195,44.29044039467975,NORMAL,NORMAL,0.0,85.0,70.0,0.16787878787878788,0.0,0.0,0.0,0.2,0,-5.0,M2,nan,M1,M1,0,5.0,-5.0,0.41666666666666663,0.0,0.0,poor_tracking_condition,requested_mode_matches_applied_mode
threshold,persistent-low-generation,2,1550,25.833333333333332,1.8333333333333333,2026-01-02T01:50:00Z,44.29044039467975,44.2782571588123,NORMAL,NORMAL,0.0,85.0,70.0,0.16787878787878788,0.0,0.0,0.0,0.2,0,-5.0,M2,nan,M1,M1,0,5.0,-5.0,0.41666666666666663,0.0,0.0,poor_tracking_condition,requested_mode_matches_applied_mode
threshold,persistent-low-generation,2,1555,25.916666666666668,1.9166666666666667,2026-01-02T01:55:00Z,44.2782571588123,44.266073922944855,NORMAL,NORMAL,0.0,85.0,70.0,0.16787878787878788,0.0,0.0,0.0,0.2,0,-5.0,M2,nan,M1,M1,0,5.0,-5.0,0.41666666666666663,0.0,0.0,poor_tracking_condition,requested_mode_matches_applied_mode
threshold,persistent-low-generation,2,1560,26.0,2.0,2026-01-02T02:00:00Z,44.266073922944855,44.2538906870774,NORMAL,NORMAL,0.0,85.0,70.0,0.16787878787878788,0.0,0.0,0.0,0.2,0,-5.0,M2,nan,M1,M1,0,5.0,-5.0,0.41666666666666663,0.0,0.0,poor_tracking_condition,requested_mode_matches_applied_mode
threshold,persistent-low-generation,2,1565,26.083333333333332,2.0833333333333335,2026-01-02T02:05:00Z,44.2538906870774,44.241707451209955,NORMAL,NORMAL,0.0,85.0,70.0,0.16787878787878788,0.0,0.0,0.0,0.2,0,-5.0,M2,nan,M1,M1,0,5.0,-5.0,0.41666666666666663,0.0,0.0,poor_tracking_condition,requested_mode_matches_applied_mode
threshold,persistent-low-generation,2,1570,26.166666666666668,2.1666666666666665,2026-01-02T02:10:00Z,44.241707451209955,44.22952421534251,NORMAL,NORMAL,0.0,85.0,70.0,0.16787878787878788,0.0,0.0,0.0,0.2,0,-5.0,M2,nan,M1,M1,0,5.0,-5.0,0.41666666666666663,0.0,0.0,poor_tracking_condition,requested_mode_matches_applied_mode
threshold,persistent-low-generation,2,1575,26.25,2.25,2026-01-02T02:15:00Z,44.22952421534251,44.217340979475075,NORMAL,NORMAL,0.0,85.0,70.0,0.16787878787878788,0.0,0.0,0.0,0.2,0,-5.0,M2,nan,M1,M1,0,5.0,-5.0,0.41666666666666663,0.0,0.0,poor_tracking_condition,requested_mode_matches_applied_mode
threshold,persistent-low-generation,2,1580,26.333333333333332,2.3333333333333335,2026-01-02T02:20:00Z,44.217340979475075,44.20515774360763,NORMAL,NORMAL,0.0,85.0,70.0,0.16787878787878788,0.0,0.0,0.0,0.2,0,-5.0,M2,nan,M1,M1,0,5.0,-5.0,0.41666666666666663,0.0,0.0,poor_tracking_condition,requested_mode_matches_applied_mode
threshold,persistent-low-generation,2,1585,26.416666666666668,2.4166666666666665,2026-01-02T02:25:00Z,44.20515774360763,44.192974507740175,NORMAL,NORMAL,0.0,85.0,70.0,0.16787878787878788,0.0,0.0,0.0,0.2,0,-5.0,M2,nan,M1,M1,0,5.0,-5.0,0.41666666666666663,0.0,0.0,poor_tracking_condition,requested_mode_matches_applied_mode
threshold,persistent-low-generation,2,1590,26.5,2.5,2026-01-02T02:30:00Z,44.192974507740175,44.18079127187273,NORMAL,NORMAL,0.0,85.0,70.0,0.16787878787878788,0.0,0.0,0.0,0.2,0,-5.0,M2,nan,M1,M1,0,5.0,-5.0,0.41666666666666663,0.0,0.0,poor_tracking_condition,requested_mode_matches_applied_mode
threshold,persistent-low-generation,2,1595,26.583333333333332,2.5833333333333335,2026-01-02T02:35:00Z,44.18079127187273,44.16860803600528,NORMAL,NORMAL,0.0,85.0,70.0,0.16787878787878788,0.0,0.0,0.0,0.2,0,-5.0,M2,nan,M1,M1,0,5.0,-5.0,0.41666666666666663,0.0,0.0,poor_tracking_condition,requested_mode_matches_applied_mode
threshold,persistent-low-generation,2,1600,26.666666666666668,2.6666666666666665,2026-01-02T02:40:00Z,44.16860803600528,44.156424800137835,NORMAL,NORMAL,0.0,85.0,70.0,0.16787878787878788,0.0,0.0,0.0,0.2,0,-5.0,M2,nan,M1,M1,0,5.0,-5.0,0.41666666666666663,0.0,0.0,poor_tracking_condition,requested_mode_matches_applied_mode
threshold,persistent-low-generation,2,1605,26.75,2.75,2026-01-02T02:45:00Z,44.156424800137835,44.14424156427039,NORMAL,NORMAL,0.0,85.0,70.0,0.16787878787878788,0.0,0.0,0.0,0.2,0,-5.0,M2,nan,M1,M1,0,5.0,-5.0,0.41666666666666663,0.0,0.0,poor_tracking_condition,requested_mode_matches_applied_mode
threshold,persistent-low-generation,2,1610,26.833333333333332,2.8333333333333335,2026-01-02T02:50:00Z,44.14424156427039,44.13205832840294,NORMAL,NORMAL,0.0,85.0,70.0,0.16787878787878788,0.0,0.0,0.0,0.2,0,-5.0,M2,nan,M1,M1,0,5.0,-5.0,0.41666666666666663,0.0,0.0,poor_tracking_condition,requested_mode_matches_applied_mode
threshold,persistent-low-generation,2,1615,26.916666666666668,2.9166666666666665,2026-01-02T02:55:00Z,44.13205832840294,44.1198750925355,NORMAL,NORMAL,0.0,85.0,70.0,0.16787878787878788,0.0,0.0,0.0,0.2,0,-5.0,M2,nan,M1,M1,0,5.0,-5.0,0.41666666666666663,0.0,0.0,poor_tracking_condition,requested_mode_matches_applied_mode
threshold,persistent-low-generation,2,1620,27.0,3.0,2026-01-02T03:00:00Z,44.1198750925355,44.107691856668055,NORMAL,NORMAL,0.0,85.0,70.0,0.16787878787878788,0.0,0.0,0.0,0.2,0,-5.0,M2,nan,M1,M1,0,5.0,-5.0,0.41666666666666663,0.0,0.0,poor_tracking_condition,requested_mode_matches_applied_mode
threshold,persistent-low-generation,2,1625,27.083333333333332,3.0833333333333335,2026-01-02T03:05:00Z,44.107691856668055,44.09550862080061,NORMAL,NORMAL,0.0,85.0,70.0,0.16787878787878788,0.0,0.0,0.0,0.2,0,-5.0,M2,nan,M1,M1,0,5.0,-5.0,0.41666666666666663,0.0,0.0,poor_tracking_condition,requested_mode_matches_applied_mode
threshold,persistent-low-generation,2,1630,27.166666666666668,3.1666666666666665,2026-01-02T03:10:00Z,44.09550862080061,44.08332538493316,NORMAL,NORMAL,0.0,85.0,70.0,0.16787878787878788,0.0,0.0,0.0,0.2,0,-5.0,M2,nan,M1,M1,0,5.0,-5.0,0.41666666666666663,0.0,0.0,poor_tracking_condition,requested_mode_matches_applied_mode
threshold,persistent-low-generation,2,1635,27.25,3.25,2026-01-02T03:15:00Z,44.08332538493316,44.071142149065714,NORMAL,NORMAL,0.0,85.0,70.0,0.16787878787878788,0.0,0.0,0.0,0.2,0,-5.0,M2,nan,M1,M1,0,5.0,-5.0,0.41666666666666663,0.0,0.0,poor_tracking_condition,requested_mode_matches_applied_mode
threshold,persistent-low-generation,2,1640,27.333333333333332,3.3333333333333335,2026-01-02T03:20:00Z,44.071142149065714,44.05895891319827,NORMAL,NORMAL,0.0,85.0,70.0,0.16787878787878788,0.0,0.0,0.0,0.2,0,-5.0,M2,nan,M1,M1,0,5.0,-5.0,0.41666666666666663,0.0,0.0,poor_tracking_condition,requested_mode_matches_applied_mode
threshold,persistent-low-generation,2,1645,27.416666666666668,3.4166666666666665,2026-01-02T03:25:00Z,44.05895891319827,44.04677567733082,NORMAL,NORMAL,0.0,85.0,70.0,0.16787878787878788,0.0,0.0,0.0,0.2,0,-5.0,M2,nan,M1,M1,0,5.0,-5.0,0.41666666666666663,0.0,0.0,poor_tracking_condition,requested_mode_matches_applied_mode
threshold,persistent-low-generation,2,1650,27.5,3.5,2026-01-02T03:30:00Z,44.04677567733082,44.034592441463374,NORMAL,NORMAL,0.0,85.0,70.0,0.16787878787878788,0.0,0.0,0.0,0.2,0,-5.0,M2,nan,M1,M1,0,5.0,-5.0,0.41666666666666663,0.0,0.0,poor_tracking_condition,requested_mode_matches_applied_mode
threshold,persistent-low-generation,2,1655,27.583333333333332,3.5833333333333335,2026-01-02T03:35:00Z,44.034592441463374,44.022409205595935,NORMAL,NORMAL,0.0,85.0,70.0,0.16787878787878788,0.0,0.0,0.0,0.2,0,-5.0,M2,nan,M1,M1,0,5.0,-5.0,0.41666666666666663,0.0,0.0,poor_tracking_condition,requested_mode_matches_applied_mode
threshold,persistent-low-generation,2,1660,27.666666666666668,3.6666666666666665,2026-01-02T03:40:00Z,44.022409205595935,44.01022596972849,NORMAL,NORMAL,0.0,85.0,70.0,0.16787878787878788,0.0,0.0,0.0,0.2,0,-5.0,M2,nan,M1,M1,0,5.0,-5.0,0.41666666666666663,0.0,0.0,poor_tracking_condition,requested_mode_matches_applied_mode
threshold,persistent-low-generation,2,1665,27.75,3.75,2026-01-02T03:45:00Z,44.01022596972849,43.99804273386104,NORMAL,NORMAL,0.0,85.0,70.0,0.16787878787878788,0.0,0.0,0.0,0.2,0,-5.0,M2,nan,M1,M1,0,5.0,-5.0,0.41666666666666663,0.0,0.0,poor_tracking_condition,requested_mode_matches_applied_mode
threshold,persistent-low-generation,2,1670,27.833333333333332,3.8333333333333335,2026-01-02T03:50:00Z,43.99804273386104,43.985859497993594,NORMAL,NORMAL,0.0,85.0,70.0,0.16787878787878788,0.0,0.0,0.0,0.2,0,-5.0,M2,nan,M1,M1,0,5.0,-5.0,0.41666666666666663,0.0,0.0,poor_tracking_condition,requested_mode_matches_applied_mode
threshold,persistent-low-generation,2,1675,27.916666666666668,3.9166666666666665,2026-01-02T03:55:00Z,43.985859497993594,43.97367626212615,NORMAL,NORMAL,0.0,85.0,70.0,0.16787878787878788,0.0,0.0,0.0,0.2,0,-5.0,M2,nan,M1,M1,0,5.0,-5.0,0.41666666666666663,0.0,0.0,poor_tracking_condition,requested_mode_matches_applied_mode
threshold,persistent-low-generation,2,1680,28.0,4.0,2026-01-02T04:00:00Z,43.97367626212615,43.9614930262587,NORMAL,NORMAL,0.0,85.0,70.0,0.16787878787878788,0.0,0.0,0.0,0.2,0,-5.0,M2,nan,M1,M1,0,5.0,-5.0,0.41666666666666663,0.0,0.0,poor_tracking_condition,requested_mode_matches_applied_mode
threshold,persistent-low-generation,2,1685,28.083333333333332,4.083333333333333,2026-01-02T04:05:00Z,43.9614930262587,43.949309790391254,NORMAL,NORMAL,0.0,85.0,70.0,0.16787878787878788,0.0,0.0,0.0,0.2,0,-5.0,M2,nan,M1,M1,0,5.0,-5.0,0.41666666666666663,0.0,0.0,poor_tracking_condition,requested_mode_matches_applied_mode
threshold,persistent-low-generation,2,1690,28.166666666666668,4.166666666666667,2026-01-02T04:10:00Z,43.949309790391254,43.93712655452381,NORMAL,NORMAL,0.0,85.0,70.0,0.16787878787878788,0.0,0.0,0.0,0.2,0,-5.0,M2,nan,M1,M1,0,5.0,-5.0,0.41666666666666663,0.0,0.0,poor_tracking_condition,requested_mode_matches_applied_mode
threshold,persistent-low-generation,2,1695,28.25,4.25,2026-01-02T04:15:00Z,43.93712655452381,43.92494331865637,NORMAL,NORMAL,0.0,85.0,70.0,0.16787878787878788,0.0,0.0,0.0,0.2,0,-5.0,M2,nan,M1,M1,0,5.0,-5.0,0.41666666666666663,0.0,0.0,poor_tracking_condition,requested_mode_matches_applied_mode
threshold,persistent-low-generation,2,1700,28.333333333333332,4.333333333333333,2026-01-02T04:20:00Z,43.92494331865637,43.91276008278892,NORMAL,NORMAL,0.0,85.0,70.0,0.16787878787878788,0.0,0.0,0.0,0.2,0,-5.0,M2,nan,M1,M1,0,5.0,-5.0,0.41666666666666663,0.0,0.0,poor_tracking_condition,requested_mode_matches_applied_mode
threshold,persistent-low-generation,2,1705,28.416666666666668,4.416666666666667,2026-01-02T04:25:00Z,43.91276008278892,43.900576846921474,NORMAL,NORMAL,0.0,85.0,70.0,0.16787878787878788,0.0,0.0,0.0,0.2,0,-5.0,M2,nan,M1,M1,0,5.0,-5.0,0.41666666666666663,0.0,0.0,poor_tracking_condition,requested_mode_matches_applied_mode
threshold,persistent-low-generation,2,1710,28.5,4.5,2026-01-02T04:30:00Z,43.900576846921474,43.88839361105403,NORMAL,NORMAL,0.0,85.0,70.0,0.16787878787878788,0.0,0.0,0.0,0.2,0,-5.0,M2,nan,M1,M1,0,5.0,-5.0,0.41666666666666663,0.0,0.0,poor_tracking_condition,requested_mode_matches_applied_mode
threshold,persistent-low-generation,2,1715,28.583333333333332,4.583333333333333,2026-01-02T04:35:00Z,43.88839361105403,43.87621037518658,NORMAL,NORMAL,0.0,85.0,70.0,0.16787878787878788,0.0,0.0,0.0,0.2,0,-5.0,M2,nan,M1,M1,0,5.0,-5.0,0.41666666666666663,0.0,0.0,poor_tracking_condition,requested_mode_matches_applied_mode
threshold,persistent-low-generation,2,1720,28.666666666666668,4.666666666666667,2026-01-02T04:40:00Z,43.87621037518658,43.864027139319134,NORMAL,NORMAL,0.0,85.0,70.0,0.16787878787878788,0.0,0.0,0.0,0.2,0,-5.0,M2,nan,M1,M1,0,5.0,-5.0,0.41666666666666663,0.0,0.0,poor_tracking_condition,requested_mode_matches_applied_mode
threshold,persistent-low-generation,2,1725,28.75,4.75,2026-01-02T04:45:00Z,43.864027139319134,43.85184390345169,NORMAL,NORMAL,0.0,85.0,70.0,0.16787878787878788,0.0,0.0,0.0,0.2,0,-5.0,M2,nan,M1,M1,0,5.0,-5.0,0.41666666666666663,0.0,0.0,poor_tracking_condition,requested_mode_matches_applied_mode
threshold,persistent-low-generation,2,1730,28.833333333333332,4.833333333333333,2026-01-02T04:50:00Z,43.85184390345169,43.83966066758424,NORMAL,NORMAL,0.0,85.0,70.0,0.16787878787878788,0.0,0.0,0.0,0.2,0,-5.0,M2,nan,M1,M1,0,5.0,-5.0,0.41666666666666663,0.0,0.0,poor_tracking_condition,requested_mode_matches_applied_mode
threshold,persistent-low-generation,2,1735,28.916666666666668,4.916666666666667,2026-01-02T04:55:00Z,43.83966066758424,43.8274774317168,NORMAL,NORMAL,0.0,85.0,70.0,0.16787878787878788,0.0,0.0,0.0,0.2,0,-5.0,M2,nan,M1,M1,0,5.0,-5.0,0.41666666666666663,0.0,0.0,poor_tracking_condition,requested_mode_matches_applied_mode
threshold,persistent-low-generation,2,1740,29.0,5.0,2026-01-02T05:00:00Z,43.8274774317168,43.815294195849354,NORMAL,NORMAL,0.0,85.0,70.0,0.16787878787878788,0.0,0.0,0.0,0.2,0,-5.0,M2,nan,M1,M1,0,5.0,-5.0,0.41666666666666663,0.0,0.0,poor_tracking_condition,requested_mode_matches_applied_mode
threshold,persistent-low-generation,2,1745,29.083333333333332,5.083333333333333,2026-01-02T05:05:00Z,43.815294195849354,43.80311095998191,NORMAL,NORMAL,0.0,85.0,70.0,0.16787878787878788,0.0,0.0,0.0,0.2,0,-5.0,M2,nan,M1,M1,0,5.0,-5.0,0.41666666666666663,0.0,0.0,poor_tracking_condition,requested_mode_matches_applied_mode
threshold,persistent-low-generation,2,1750,29.166666666666668,5.166666666666667,2026-01-02T05:10:00Z,43.80311095998191,43.79092772411446,NORMAL,NORMAL,0.0,85.0,70.0,0.16787878787878788,0.0,0.0,0.0,0.2,0,-5.0,M2,nan,M1,M1,0,5.0,-5.0,0.41666666666666663,0.0,0.0,poor_tracking_condition,requested_mode_matches_applied_mode
threshold,persistent-low-generation,2,1755,29.25,5.25,2026-01-02T05:15:00Z,43.79092772411446,43.778744488247014,NORMAL,NORMAL,0.0,85.0,70.0,0.16787878787878788,0.0,0.0,0.0,0.2,0,-5.0,M2,nan,M1,M1,0,5.0,-5.0,0.41666666666666663,0.0,0.0,poor_tracking_condition,requested_mode_matches_applied_mode
threshold,persistent-low-generation,2,1760,29.333333333333332,5.333333333333333,2026-01-02T05:20:00Z,43.778744488247014,43.76656125237957,NORMAL,NORMAL,0.0,85.0,70.0,0.16787878787878788,0.0,0.0,0.0,0.2,0,-5.0,M2,nan,M1,M1,0,5.0,-5.0,0.41666666666666663,0.0,0.0,poor_tracking_condition,requested_mode_matches_applied_mode
threshold,persistent-low-generation,2,1765,29.416666666666668,5.416666666666667,2026-01-02T05:25:00Z,43.76656125237957,43.75437801651212,NORMAL,NORMAL,0.0,85.0,70.0,0.16787878787878788,0.0,0.0,0.0,0.2,0,-5.0,M2,nan,M1,M1,0,5.0,-5.0,0.41666666666666663,0.0,0.0,poor_tracking_condition,requested_mode_matches_applied_mode
threshold,persistent-low-generation,2,1770,29.5,5.5,2026-01-02T05:30:00Z,43.75437801651212,43.742194780644674,NORMAL,NORMAL,0.0,85.0,70.0,0.16787878787878788,0.0,0.0,0.0,0.7,2,-5.0,M2,nan,M1,M1,0,5.0,-5.0,0.41666666666666663,0.0,0.0,poor_tracking_condition,requested_mode_matches_applied_mode
threshold,persistent-low-generation,2,1775,29.583333333333332,5.583333333333333,2026-01-02T05:35:00Z,43.742194780644674,43.730011544777234,NORMAL,NORMAL,0.0,85.0,70.0,0.16787878787878788,0.0,0.0,0.0,0.7,2,-5.0,M2,nan,M1,M1,0,5.0,-5.0,0.41666666666666663,0.0,0.0,poor_tracking_condition,requested_mode_matches_applied_mode
threshold,persistent-low-generation,2,1780,29.666666666666668,5.666666666666667,2026-01-02T05:40:00Z,43.730011544777234,43.71782830890979,NORMAL,NORMAL,0.0,85.0,70.0,0.16787878787878788,0.0,0.0,0.0,0.7,2,-5.0,M2,nan,M1,M1,0,5.0,-5.0,0.41666666666666663,0.0,0.0,poor_tracking_condition,requested_mode_matches_applied_mode
threshold,persistent-low-generation,2,1785,29.75,5.75,2026-01-02T05:45:00Z,43.71782830890979,43.70564507304234,NORMAL,NORMAL,0.0,85.0,70.0,0.16787878787878788,0.0,0.0,0.0,0.7,2,-5.0,M2,nan,M1,M1,0,5.0,-5.0,0.41666666666666663,0.0,0.0,poor_tracking_condition,requested_mode_matches_applied_mode
threshold,persistent-low-generation,2,1790,29.833333333333332,5.833333333333333,2026-01-02T05:50:00Z,43.70564507304234,43.693461837174894,NORMAL,NORMAL,0.0,85.0,70.0,0.16787878787878788,0.0,0.0,0.0,0.7,2,-5.0,M2,nan,M1,M1,0,5.0,-5.0,0.41666666666666663,0.0,0.0,poor_tracking_condition,requested_mode_matches_applied_mode
threshold,persistent-low-generation,2,1795,29.916666666666668,5.916666666666667,2026-01-02T05:55:00Z,43.693461837174894,43.68127860130745,NORMAL,NORMAL,0.0,85.0,70.0,0.16787878787878788,0.0,0.0,0.0,0.7,2,-5.0,M2,nan,M1,M1,0,5.0,-5.0,0.41666666666666663,0.0,0.0,poor_tracking_condition,requested_mode_matches_applied_mode
threshold,persistent-low-generation,2,1800,30.0,6.0,2026-01-02T06:00:00Z,43.68127860130745,43.66909536544,NORMAL,NORMAL,0.0,85.0,70.0,0.16787878787878788,0.0,0.0,0.0,0.7,2,-5.0,M2,nan,M1,M1,0,5.0,-5.0,0.41666666666666663,0.0,0.0,poor_tracking_condition,requested_mode_matches_applied_mode
threshold,persistent-low-generation,2,1805,30.083333333333332,6.083333333333333,2026-01-02T06:05:00Z,43.66909536544,43.658609387728774,NORMAL,NORMAL,4.8216660077797915,85.0,70.0,0.16787878787878788,1.7478539278201746,0.7739497192387732,0.6965547473148959,0.7,2,-4.303445252685104,M2,nan,M1,M1,0,5.0,-4.303445252685104,0.3586204377237586,0.0,0.0,poor_tracking_condition,requested_mode_matches_applied_mode
threshold,persistent-low-generation,2,1810,30.166666666666668,6.166666666666667,2026-01-02T06:10:00Z,43.658609387728774,43.650324313685644,NORMAL,NORMAL,11.074116387152303,85.0,70.0,0.16787878787878788,4.0143671903427105,1.7775617918837523,1.599805612695377,0.7,2,-3.400194387304623,M2,nan,M1,M1,0,5.0,-3.400194387304623,0.28334953227538523,0.0,0.0,poor_tracking_condition,requested_mode_matches_applied_mode
threshold,persistent-low-generation,2,1815,30.25,6.25,2026-01-02T06:15:00Z,43.650324313685644,43.64447922942794,NORMAL,NORMAL,18.005775996288847,85.0,70.0,0.16787878787878788,6.5270937986547075,2.8901971340443047,2.6011774206398743,0.7,2,-2.3988225793601257,M2,nan,M1,M1,0,5.0,-2.3988225793601257,0.1999018816133438,0.0,0.0,poor_tracking_condition,requested_mode_matches_applied_mode
threshold,persistent-low-generation,2,1820,30.333333333333332,6.333333333333333,2026-01-02T06:20:00Z,43.64447922942794,43.64124139016071,NORMAL,NORMAL,25.412583557295157,85.0,70.0,0.16787878787878788,9.212061539519496,4.079100849699233,3.67119076472931,0.7,2,-1.3288092352706902,M2,nan,M1,M1,0,5.0,-1.3288092352706902,0.11073410293922417,0.0,0.0,poor_tracking_condition,requested_mode_matches_applied_mode
threshold,persistent-low-generation,2,1825,30.416666666666668,6.416666666666667,2026-01-02T06:25:00Z,43.64124139016071,43.64074021066216,NORMAL,NORMAL,33.18703986676286,85.0,70.0,0.16787878787878788,12.030301951701539,5.327017704213441,4.794315933792097,0.7,2,-0.20568406620790292,M2,nan,M1,M1,0,5.0,-0.20568406620790292,0.017140338850658576,0.0,0.0,poor_tracking_condition,requested_mode_matches_applied_mode
threshold,persistent-low-generation,2,1830,30.5,6.5,2026-01-02T06:30:00Z,43.64074021066216,43.642741431102095,NORMAL,NORMAL,41.260150911287276,85.0,70.0,0.16787878787878788,14.95680470534164,6.622873123525278,5.96058581117275,0.7,2,0.9605858111727503,M2,nan,M1,M1,0,5.0,0.9605858111727503,0.0,0.0,0.0,poor_tracking_condition,requested_mode_matches_applied_mode
threshold,persistent-low-generation,2,1835,30.583333333333332,6.583333333333333,2026-01-02T06:35:00Z,43.642741431102095,43.647247405247,NORMAL,NORMAL,49.58254223077287,85.0,70.0,0.16787878787878788,17.97367155865517,7.958741766172509,7.162867589555258,0.7,2,2.1628675895552583,M2,nan,M1,M1,0,5.0,2.1628675895552583,0.0,0.0,0.0,poor_tracking_condition,requested_mode_matches_applied_mode
threshold,persistent-low-generation,2,1840,30.666666666666668,6.666666666666667,2026-01-02T06:40:00Z,43.647247405247,43.65432174426028,NORMAL,NORMAL,58.11629045657219,85.0,70.0,0.16787878787878788,21.067155290507422,9.328536362636687,8.395682726373018,0.7,2,3.3956827263730176,M2,nan,M1,M1,0,5.0,3.3956827263730176,0.0,0.0,0.0,poor_tracking_condition,requested_mode_matches_applied_mode
threshold,persistent-low-generation,2,1845,30.75,6.75,2026-01-02T06:45:00Z,43.65432174426028,43.664018842768094,NORMAL,NORMAL,66.83077236639176,85.0,70.0,0.16787878787878788,24.226154982817015,10.727341426391375,9.654607283752238,0.7,2,4.654607283752238,M2,nan,M1,M1,0,5.0,4.654607283752238,0.0,0.0,0.0,poor_tracking_condition,requested_mode_matches_applied_mode
threshold,persistent-low-generation,2,1850,30.833333333333332,6.833333333333333,2026-01-02T06:50:00Z,43.664018842768094,43.67638536996112,NORMAL,NORMAL,75.70031913007261,85.0,70.0,0.16787878787878788,27.441365684651327,12.151036725163607,10.935933052647247,0.7,2,5.935933052647247,M2,nan,M1,M1,0,5.0,5.935933052647247,0.0,0.0,0.0,poor_tracking_condition,requested_mode_matches_applied_mode
threshold,persistent-low-generation,2,1855,30.916666666666668,6.916666666666667,2026-01-02T06:55:00Z,43.67638536996112,43.69146133026807,NORMAL,NORMAL,84.7027861524679,85.0,70.0,0.16787878787878788,30.704759980269614,13.596067719263385,12.236460947337047,0.7,2,7.236460947337047,M2,nan,M1,M1,0,5.0,7.236460947337047,0.0,0.0,0.0,poor_tracking_condition,requested_mode_matches_applied_mode
threshold,persistent-low-generation,2,1860,31.0,7.0,2026-01-02T07:00:00Z,43.69146133026807,43.70928084618337,NORMAL,NORMAL,93.81862989157445,85.0,70.0,0.16787878787878788,34.00925333569574,15.059297377046073,13.553367639341467,1.0,3,8.553367639341467,M2,nan,M1,M1,0,5.0,8.553367639341467,0.0,0.0,0.0,poor_tracking_condition,requested_mode_matches_applied_mode
threshold,persistent-low-generation,2,1865,31.083333333333332,7.083333333333333,2026-01-02T07:05:00Z,43.70928084618337,43.72987275357592,NORMAL,NORMAL,103.03028480154445,85.0,70.0,0.16787878787878788,37.34847824055987,16.53790616491991,14.88411554842792,1.0,3,9.88411554842792,M2,nan,M1,M1,0,5.0,9.88411554842792,0.0,0.0,1.1102230246251565e-16,poor_tracking_condition,requested_mode_matches_applied_mode
threshold,persistent-low-generation,2,1870,31.166666666666668,7.166666666666667,2026-01-02T07:10:00Z,43.72987275357592,43.75326106585163,NORMAL,NORMAL,112.32172758060445,85.0,70.0,0.16787878787878788,40.71662624796912,18.029322102600723,16.226389892340652,1.0,3,11.226389892340652,M2,nan,M1,M1,0,5.0,11.226389892340652,0.0,0.0,1.1102230246251565e-16,poor_tracking_condition,requested_mode_matches_applied_mode
threshold,persistent-low-generation,2,1875,31.25,7.25,2026-01-02T07:15:00Z,43.75326106585163,43.77946534369084,NORMAL,NORMAL,121.67816343103348,85.0,70.0,0.16787878787878788,44.108334243749646,19.531170403132343,17.57805336281911,1.0,3,12.578053362819109,M2,nan,M1,M1,0,5.0,12.578053362819109,0.0,0.0,0.0,poor_tracking_condition,requested_mode_matches_applied_mode
threshold,persistent-low-generation,2,1880,31.333333333333332,7.333333333333333,2026-01-02T07:20:00Z,43.77946534369084,43.80850099514591,NORMAL,NORMAL,131.08579467086636,85.0,70.0,0.16787878787878788,47.518600568189065,21.041236331594117,18.937112698434706,1.0,3,13.937112698434706,M2,nan,M1,M1,0,5.0,13.937112698434706,0.0,0.0,0.0,poor_tracking_condition,requested_mode_matches_applied_mode
threshold,persistent-low-generation,2,1885,31.416666666666668,7.416666666666667,2026-01-02T07:25:00Z,43.80850099514591,43.840379523335386,NORMAL,NORMAL,140.53164661624442,85.0,70.0,0.16787878787878788,50.942721898388605,22.557437256606473,20.301693530945826,1.0,3,15.301693530945826,M2,nan,M1,M1,0,5.0,15.301693530945826,0.0,0.0,0.0,poor_tracking_condition,requested_mode_matches_applied_mode
threshold,persistent-low-generation,2,1890,31.5,7.5,2026-01-02T07:30:00Z,43.840379523335386,43.875108734031805,NORMAL,NORMAL,150.00343432272098,85.0,70.0,0.16787878787878788,54.376244941986364,24.07780126031156,21.670021134280404,1.0,3,16.670021134280404,M2,nan,M1,M1,0,5.0,16.670021134280404,0.0,0.0,0.0,poor_tracking_condition,requested_mode_matches_applied_mode
threshold,persistent-low-generation,2,1895,31.583333333333332,7.583333333333333,2026-01-02T07:35:00Z,43.875108734031805,43.912692912112334,NORMAL,NORMAL,159.4894591274398,85.0,70.0,0.16787878787878788,57.81492893369693,25.600450531841002,23.0404054786569,1.0,3,18.0404054786569,M2,nan,M1,M1,0,5.0,18.0404054786569,0.0,0.0,0.0,poor_tracking_condition,requested_mode_matches_applied_mode
threshold,persistent-low-generation,2,1900,31.666666666666668,7.666666666666667,2026-01-02T07:40:00Z,43.912692912112334,43.95313297354095,NORMAL,NORMAL,168.97852734939661,85.0,70.0,0.16787878787878788,61.25471616415628,27.1235883174884,24.41122948573956,1.0,3,19.41122948573956,M2,nan,M1,M1,0,5.0,19.41122948573956,0.0,0.0,0.0,poor_tracking_condition,requested_mode_matches_applied_mode
threshold,persistent-low-generation,2,1905,31.75,7.75,2026-01-02T07:45:00Z,43.95313297354095,43.99642659792536,NORMAL,NORMAL,178.45988574631707,85.0,70.0,0.16787878787878788,64.69170858303994,28.645488560570083,25.780939704513074,1.0,3,20.780939704513074,M2,nan,M1,M1,0,5.0,20.780939704513074,0.0,0.0,0.0,poor_tracking_condition,requested_mode_matches_applied_mode
threshold,persistent-low-generation,2,1910,31.833333333333332,7.833333333333333,2026-01-02T07:50:00Z,43.99642659792536,44.04256834551995,NORMAL,NORMAL,187.9231698346319,85.0,70.0,0.16787878787878788,68.12214906505407,30.164487606005945,27.148038845405353,1.0,3,22.148038845405353,M2,nan,M1,M1,0,5.0,22.148038845405353,0.0,0.0,0.0,poor_tracking_condition,requested_mode_matches_applied_mode
threshold,persistent-low-generation,2,1915,31.916666666666668,7.916666666666667,2026-01-02T07:55:00Z,44.04256834551995,44.09154976168666,NORMAL,NORMAL,197.35836221618453,85.0,70.0,0.16787878787878788,71.5424063033669,31.678977511130867,28.511079760017783,1.0,3,23.511079760017783,M2,nan,M1,M1,0,5.0,23.511079760017783,0.0,0.0,0.0,poor_tracking_condition,requested_mode_matches_applied_mode
threshold,persistent-low-generation,2,1920,32.0,8.0,2026-01-02T08:00:00Z,44.09154976168666,44.14335947118442,NORMAL,NORMAL,206.75575878282945,85.0,70.0,0.16787878787878788,74.94896255877568,33.187400621025866,29.86866055892328,1.0,3,24.86866055892328,M2,nan,M1,M1,0,5.0,24.86866055892328,0.0,0.0,0.0,poor_tracking_condition,requested_mode_matches_applied_mode
threshold,persistent-low-generation,2,1925,32.083333333333336,8.083333333333334,2026-01-02T08:05:00Z,44.14335947118442,44.19798326417406,NORMAL,NORMAL,216.1059411895107,85.0,70.0,0.16787878787878788,78.33840368119763,34.68824515003431,31.219420635030882,1.0,3,26.219420635030882,M2,nan,M1,M1,0,5.0,26.219420635030882,0.0,0.0,0.0,poor_tracking_condition,requested_mode_matches_applied_mode
threshold,persistent-low-generation,2,1930,32.166666666666664,8.166666666666666,2026-01-02T08:10:00Z,44.19798326417406,44.255404175454174,NORMAL,NORMAL,225.39975436323758,85.0,70.0,0.16787878787878788,81.70741095667363,36.18004157161508,32.56203741445357,1.0,3,27.56203741445357,M2,nan,M1,M1,0,5.0,27.56203741445357,0.0,0.0,0.0,poor_tracking_condition,requested_mode_matches_applied_mode
threshold,persistent-low-generation,2,1935,32.25,8.25,2026-01-02T08:15:00Z,44.255404175454174,44.31560255815602,NORMAL,NORMAL,234.6282880927447,85.0,70.0,0.16787878787878788,85.05275443361997,37.66135966320692,33.895223696886234,1.0,3,28.895223696886234,M2,nan,M1,M1,0,5.0,28.895223696886234,0.0,0.0,0.0,poor_tracking_condition,requested_mode_matches_applied_mode
threshold,persistent-low-generation,2,1940,32.333333333333336,8.333333333333334,2026-01-02T08:20:00Z,44.31560255815602,44.37855615290058,NORMAL,NORMAL,243.78286195050265,85.0,70.0,0.16787878787878788,88.37128745705722,39.130806085984936,35.217725477386445,1.0,3,30.217725477386445,M2,nan,M1,M1,0,5.0,30.217725477386445,0.0,0.0,0.0,poor_tracking_condition,requested_mode_matches_applied_mode
threshold,persistent-low-generation,2,1945,32.416666666666664,8.416666666666666,2026-01-02T08:25:00Z,44.37855615290058,44.44424015324228,NORMAL,NORMAL,252.85501295493205,85.0,70.0,0.16787878787878788,91.65994219616287,40.58702240446092,36.52832016401483,1.0,3,31.52832016401483,M2,nan,M1,M1,0,5.0,31.52832016401483,0.0,0.0,0.0,poor_tracking_condition,requested_mode_matches_applied_mode
threshold,persistent-low-generation,2,1950,32.5,8.5,2026-01-02T08:30:00Z,44.44424015324228,44.5126272680819,NORMAL,NORMAL,261.8364854999091,85.0,70.0,0.16787878787878788,94.91572599371706,42.02868347001791,37.82581512301612,1.0,3,32.82581512301612,M2,nan,M1,M1,0,5.0,32.82581512301612,0.0,0.0,0.0,poor_tracking_condition,requested_mode_matches_applied_mode
threshold,persistent-low-generation,2,1955,32.583333333333336,8.583333333333334,2026-01-02T08:35:00Z,44.5126272680819,44.583687781616284,NORMAL,NORMAL,270.71922317062246,85.0,70.0,0.16787878787878788,98.13571839935065,43.454496107232465,39.10904649650922,1.0,3,34.10904649650922,M2,nan,M1,M1,0,5.0,34.10904649650922,0.0,0.0,0.0,poor_tracking_condition,requested_mode_matches_applied_mode
threshold,persistent-low-generation,2,1960,32.666666666666664,8.666666666666666,2026-01-02T08:40:00Z,44.583687781616284,44.65738961129963,NORMAL,NORMAL,279.4953621364576,85.0,70.0,0.16787878787878788,101.31706877446588,44.86319805333349,40.376878248000146,1.0,3,35.376878248000146,M2,nan,M1,M1,0,5.0,35.376878248000146,0.0,0.0,0.0,poor_tracking_condition,requested_mode_matches_applied_mode
threshold,persistent-low-generation,2,1965,32.75,8.75,2026-01-02T08:45:00Z,44.65738961129963,44.73369836421454,NORMAL,NORMAL,288.1572258678527,85.0,70.0,0.16787878787878788,104.4569943770966,46.25355711017838,41.62820139916054,1.0,3,36.62820139916054,M2,nan,M1,M1,0,5.0,36.62820139916054,0.0,0.0,0.0,poor_tracking_condition,requested_mode_matches_applied_mode
threshold,persistent-low-generation,2,1970,32.833333333333336,8.833333333333334,2026-01-02T08:50:00Z,44.73369836421454,44.81257739218903,NORMAL,NORMAL,296.69732096864084,85.0,70.0,0.16787878787878788,107.55277885113232,47.62437047528139,42.86193342775325,1.0,3,37.86193342775325,M2,nan,M1,M1,0,5.0,37.86193342775325,0.0,0.0,0.0,poor_tracking_condition,requested_mode_matches_applied_mode
threshold,persistent-low-generation,2,1975,32.916666666666664,8.916666666666666,2026-01-02T08:55:00Z,44.81257739218903,44.893987845942625,NORMAL,NORMAL,305.1083339509776,85.0,70.0,0.16787878787878788,110.6017710572294,48.97446422414117,44.07701780172706,1.0,3,39.07701780172706,M2,nan,M1,M1,0,5.0,39.07701780172706,0.0,0.0,0.0,poor_tracking_condition,requested_mode_matches_applied_mode
threshold,persistent-low-generation,2,1980,33.0,9.0,2026-01-02T09:00:00Z,44.893987845942625,44.977888728502286,NORMAL,NORMAL,313.38312880856245,85.0,70.0,0.16787878787878788,113.6013841931039,50.302692920706406,45.272423628635764,1.0,3,40.272423628635764,M2,nan,M1,M1,0,5.0,40.272423628635764,0.0,0.0,0.0,poor_tracking_condition,requested_mode_matches_applied_mode
threshold,persistent-low-generation,2,1985,33.083333333333336,9.083333333333334,2026-01-02T09:05:00Z,44.977888728502286,45.06423694809163,NORMAL,NORMAL,321.5147452670294,85.0,70.0,0.16787878787878788,116.54909515929818,51.607939336537235,46.447145402883514,1.0,3,41.447145402883514,M2,nan,M1,M1,0,5.0,41.447145402883514,0.0,0.0,0.0,poor_tracking_condition,requested_mode_matches_applied_mode
threshold,persistent-low-generation,2,1990,33.166666666666664,9.166666666666666,2026-01-02T09:10:00Z,45.06423694809163,45.152987370666686,NORMAL,NORMAL,329.4963976092564,85.0,70.0,0.16787878787878788,119.44244413335547,52.8891142622498,47.60020283602482,1.0,3,42.60020283602482,M3,nan,M3,M1,0,5.0,42.60020283602482,0.0,0.0,0.0,poor_tracking_condition,new_candidate_started
threshold,persistent-low-generation,2,1995,33.25,9.25,2026-01-02T09:15:00Z,45.152987370666686,45.24409287224498,NORMAL,NORMAL,337.3214739888143,85.0,70.0,0.16787878787878788,122.2790343209452,54.14515639731453,48.730640757583075,1.0,3,43.730640757583075,M3,nan,M3,M1,0,5.0,43.730640757583075,0.0,0.0,0.0,poor_tracking_condition,waiting_for_candidate_confirmation
threshold,persistent-low-generation,2,2000,33.333333333333336,9.333333333333334,2026-01-02T09:20:00Z,45.24409287224498,45.15675298650881,NORMAL,NORMAL,344.9835361575411,85.0,70.0,0.16787878787878788,125.05653185710867,55.37503230632772,49.837529075694945,1.0,3,44.837529075694945,M3,nan,M3,M3,1,85.68181818181819,-35.84428910612324,2.9870240921769367,5.916666666666666,0.0,poor_tracking_condition,candidate_confirmed_and_dwell_satisfied
threshold,persistent-low-generation,2,2005,33.416666666666664,9.416666666666666,2026-01-02T09:25:00Z,45.15675298650881,45.072050609819236,NORMAL,NORMAL,352.47631954379665,85.0,70.0,0.16787878787878788,127.7726658346263,56.57773643157252,50.91996278841527,1.0,3,-34.76185539340292,M3,nan,M3,M3,1,85.68181818181819,-34.76185539340292,2.896821282783576,5.916666666666666,0.0,poor_tracking_condition,requested_mode_matches_applied_mode
threshold,persistent-low-generation,2,2010,33.5,9.5,2026-01-02T09:30:00Z,45.072050609819236,44.989924011027746,NORMAL,NORMAL,359.7937336267778,85.0,70.0,0.16787878787878788,130.42522843970696,57.75229115310224,51.97706203779202,1.0,3,-33.70475614402617,M3,nan,M3,M3,1,85.68181818181819,-33.70475614402617,2.8087296786688474,5.916666666666666,0.0,poor_tracking_condition,requested_mode_matches_applied_mode
threshold,persistent-low-generation,2,2015,33.583333333333336,9.583333333333334,2026-01-02T09:35:00Z,44.989924011027746,45.089940619777515,NORMAL,NORMAL,366.9298625596508,85.0,70.0,0.16787878787878788,133.01207517787344,58.897746888762356,53.00797219988612,1.0,3,-32.67384598193207,M2,nan,M1,M1,0,5.0,48.00797219988612,0.0,0.0,0.0,poor_tracking_condition,safety_reduction_applied_immediately
threshold,persistent-low-generation,2,2020,33.666666666666664,9.666666666666666,2026-01-02T09:40:00Z,45.089940619777515,45.19204866978753,NORMAL,NORMAL,373.8789660004802,85.0,70.0,0.16787878787878788,135.53112517517408,60.01318222756708,54.01186400481037,1.0,3,49.01186400481037,M3,nan,M3,M1,0,5.0,49.01186400481037,0.0,0.0,0.0,poor_tracking_condition,new_candidate_started
threshold,persistent-low-generation,2,2025,33.75,9.75,2026-01-02T09:45:00Z,45.19204866978753,45.29619019829091,NORMAL,NORMAL,380.63548011518435,85.0,70.0,0.16787878787878788,137.98036154175435,61.09770409068883,54.98793368161995,1.0,3,49.98793368161995,M3,nan,M3,M1,0,5.0,49.98793368161995,0.0,0.0,0.0,poor_tracking_condition,waiting_for_candidate_confirmation
threshold,persistent-low-generation,2,2030,33.833333333333336,9.833333333333334,2026-01-02T09:50:00Z,45.29619019829091,45.22370868011769,NORMAL,NORMAL,387.1940187212154,85.0,70.0,0.16787878787878788,140.3578317864406,62.150447915035905,55.93540312353232,1.0,3,50.93540312353232,M3,nan,M3,M3,1,85.68181818181819,-29.74641505828587,2.4788679215238223,5.916666666666666,0.0,poor_tracking_condition,candidate_confirmed_and_dwell_satisfied
threshold,persistent-low-generation,2,2035,33.916666666666664,9.916666666666666,2026-01-02T09:55:00Z,45.22370868011769,45.15346428900582,NORMAL,NORMAL,393.5493745444713,85.0,70.0,0.16787878787878788,142.66164827237085,63.17057785500582,56.85352006950524,1.0,3,-28.82829811231295,M3,nan,M3,M3,1,85.68181818181819,-28.82829811231295,2.402358176026079,5.916666666666666,0.0,poor_tracking_condition,requested_mode_matches_applied_mode
threshold,persistent-low-generation,2,2040,34.0,10.0,2026-01-02T10:00:00Z,45.15346428900582,45.085383733735,NORMAL,NORMAL,399.6965205652085,85.0,70.0,0.16787878787878788,144.8899887048881,64.15728699852446,57.74155829867201,0.95,3,-27.940259883146176,M3,nan,M3,M3,1,85.68181818181819,-27.940259883146176,2.328354990262181,5.916666666666666,0.0,poor_tracking_condition,requested_mode_matches_applied_mode
threshold,persistent-low-generation,2,2045,34.083333333333336,10.083333333333334,2026-01-02T10:05:00Z,45.085383733735,45.019392017489196,NORMAL,NORMAL,405.6306114315386,85.0,70.0,0.16787878787878788,147.04109664393278,65.10979759393342,58.59881783454008,0.95,3,-27.08300034727811,M3,nan,M3,M3,1,85.68181818181819,-27.08300034727811,2.2569166956065088,5.916666666666666,0.0,poor_tracking_condition,requested_mode_matches_applied_mode
threshold,persistent-low-generation,2,2050,34.166666666666664,10.166666666666666,2026-01-02T10:10:00Z,45.019392017489196,44.95541250231958,NORMAL,NORMAL,411.3469849215116,85.0,70.0,0.16787878787878788,149.11328203404798,66.02736128467643,59.42462515620879,0.95,3,-26.257193025609396,M3,nan,M3,M3,1,85.68181818181819,-26.257193025609396,2.1880994188007827,5.916666666666666,0.0,poor_tracking_condition,requested_mode_matches_applied_mode
threshold,persistent-low-generation,2,2055,34.25,10.25,2026-01-02T10:15:00Z,44.95541250231958,45.07045069693243,NORMAL,NORMAL,416.8411634369035,85.0,70.0,0.16787878787878788,151.10492174587753,66.90925934907456,60.218333414167105,0.95,3,-25.46348476765108,M2,nan,M1,M1,0,5.0,55.218333414167105,0.0,0.0,0.0,poor_tracking_condition,safety_reduction_applied_immediately
threshold,persistent-low-generation,2,2060,34.333333333333336,10.333333333333334,2026-01-02T10:20:00Z,45.07045069693243,45.18707428578347,NORMAL,NORMAL,422.1088555136517,85.0,70.0,0.16787878787878788,153.01446012369877,67.75480294277381,60.97932264849643,0.95,3,55.97932264849643,M3,nan,M3,M1,0,5.0,55.97932264849643,0.0,0.0,0.0,poor_tracking_condition,new_candidate_started
threshold,persistent-low-generation,2,2065,34.416666666666664,10.416666666666666,2026-01-02T10:25:00Z,45.18707428578347,45.3052138691325,NORMAL,NORMAL,427.1459573354957,85.0,70.0,0.16787878787878788,154.8404095341172,68.56333334170711,61.7070000075364,0.95,3,56.7070000075364,M3,nan,M3,M1,0,5.0,56.7070000075364,0.0,0.0,0.0,poor_tracking_condition,waiting_for_candidate_confirmation
threshold,persistent-low-generation,2,2070,34.5,10.5,2026-01-02T10:30:00Z,45.3052138691325,45.24848624189921,NORMAL,NORMAL,431.9485542387826,85.0,70.0,0.16787878787878788,156.5813509115587,69.33422218363819,62.40079996527437,0.95,3,57.40079996527437,M3,nan,M3,M3,1,85.68181818181819,-23.281018216543814,1.940084851378651,5.916666666666666,0.0,poor_tracking_condition,candidate_confirmed_and_dwell_satisfied
threshold,persistent-low-generation,2,2075,34.583333333333336,10.583333333333334,2026-01-02T10:35:00Z,45.24848624189921,45.19336530221617,NORMAL,NORMAL,436.5129221976478,85.0,70.0,0.16787878787878788,158.23593429664734,70.06687170655545,63.0601845358999,0.95,3,-22.621633645918287,M3,nan,M3,M3,1,85.68181818181819,-22.621633645918287,1.8851361371598572,5.916666666666666,0.0,poor_tracking_condition,requested_mode_matches_applied_mode
threshold,persistent-low-generation,2,2080,34.666666666666664,10.666666666666666,2026-01-02T10:40:00Z,45.19336530221617,45.13976594866429,NORMAL,NORMAL,440.8355292798796,85.0,70.0,0.16787878787878788,159.80287936395638,70.76071498235987,63.68464348412389,0.95,3,-21.997174697694298,M3,nan,M3,M3,1,85.68181818181819,-21.997174697694298,1.8330978914745248,5.916666666666666,0.0,poor_tracking_condition,requested_mode_matches_applied_mode
threshold,persistent-low-generation,2,2085,34.75,10.75,2026-01-02T10:45:00Z,45.13976594866429,45.08760190467839,NORMAL,NORMAL,444.91303706475765,85.0,70.0,0.16787878787878788,161.28097593597465,71.41521614444957,64.27369453000462,0.95,3,-21.40812365181357,M3,nan,M3,M3,1,85.68181818181819,-21.40812365181357,1.7840103043177973,5.916666666666666,0.0,poor_tracking_condition,requested_mode_matches_applied_mode
threshold,persistent-low-generation,2,2090,34.833333333333336,10.833333333333334,2026-01-02T10:50:00Z,45.08760190467839,45.036785787147515,NORMAL,NORMAL,448.7423020150338,85.0,70.0,0.16787878787878788,162.66908448044975,72.02987060794315,64.82688354714884,0.95,3,-20.85493463466935,M3,nan,M3,M3,1,85.68181818181819,-20.85493463466935,1.7379112195557789,5.916666666666666,0.0,poor_tracking_condition,requested_mode_matches_applied_mode
threshold,persistent-low-generation,2,2095,34.916666666666664,10.916666666666666,2026-01-02T10:55:00Z,45.036785787147515,44.98722917547951,NORMAL,NORMAL,452.3203767960078,85.0,70.0,0.16787878787878788,163.96613658855284,72.60420528141118,65.34378475327007,0.95,3,-20.338033428548115,M3,nan,M3,M3,1,85.68181818181819,-20.338033428548115,1.6948361190456762,5.916666666666666,0.0,poor_tracking_condition,requested_mode_matches_applied_mode
threshold,persistent-low-generation,2,2100,35.0,11.0,2026-01-02T11:00:00Z,44.98722917547951,45.1139458440049,NORMAL,NORMAL,455.64451153536436,85.0,70.0,0.16787878787878788,165.1711354315696,73.13777876909901,65.82400089218912,0.95,3,-19.857817289629068,M2,nan,M1,M1,0,5.0,60.82400089218912,0.0,0.0,0.0,poor_tracking_condition,safety_reduction_applied_immediately
threshold,persistent-low-generation,2,2105,35.083333333333336,11.083333333333334,2026-01-02T11:05:00Z,45.1139458440049,45.241585767768356,NORMAL,NORMAL,458.71215501807666,85.0,70.0,0.16787878787878788,166.28315619405282,73.63018156272658,66.26716340645392,0.95,3,61.26716340645392,M3,nan,M3,M1,0,5.0,61.26716340645392,0.0,0.0,0.0,poor_tracking_condition,new_candidate_started
threshold,persistent-low-generation,2,2110,35.166666666666664,11.166666666666666,2026-01-02T11:10:00Z,45.241585767768356,45.37007104401803,NORMAL,NORMAL,461.52095581127423,85.0,70.0,0.16787878787878788,167.30134648158693,74.08103622204669,66.67293259984203,0.95,3,61.67293259984203,M3,nan,M3,M1,0,5.0,61.67293259984203,0.0,0.0,0.0,poor_tracking_condition,waiting_for_candidate_confirmation
threshold,persistent-low-generation,2,2115,35.25,11.25,2026-01-02T11:15:00Z,45.37007104401803,45.32464994169655,NORMAL,NORMAL,464.06876331450326,85.0,70.0,0.16787878787878788,168.22492670150746,74.48999754342749,67.04099778908474,0.95,3,62.04099778908474,M3,nan,M3,M3,1,85.68181818181819,-18.640820392733445,1.5534016993944537,5.916666666666666,0.0,poor_tracking_condition,candidate_confirmed_and_dwell_satisfied
threshold,persistent-low-generation,2,2120,35.333333333333336,11.333333333333334,2026-01-02T11:20:00Z,45.32464994169655,45.2800331270338,NORMAL,NORMAL,466.3536287313086,85.0,70.0,0.16787878787878788,169.0531904150994,74.85675271580602,67.37107744422542,0.95,3,-18.310740737592766,M3,nan,M3,M3,1,85.68181818181819,-18.310740737592766,1.5258950614660638,5.916666666666666,0.0,poor_tracking_condition,requested_mode_matches_applied_mode
threshold,persistent-low-generation,2,2125,35.416666666666664,11.416666666666666,2026-01-02T11:25:00Z,45.2800331270338,45.23612742804567,NORMAL,NORMAL,468.37380595852005,85.0,70.0,0.16787878787878788,169.78550465996355,75.18102146343188,67.6629193170887,0.95,3,-18.018898864729493,M3,nan,M3,M3,1,85.68181818181819,-18.018898864729493,1.5015749053941243,5.916666666666666,0.0,poor_tracking_condition,requested_mode_matches_applied_mode
threshold,persistent-low-generation,2,2130,35.5,11.5,2026-01-02T11:30:00Z,45.23612742804567,45.19283912974056,NORMAL,NORMAL,470.1277523900539,85.0,70.0,0.16787878787878788,170.42131024139456,75.46255617488951,67.91630055740056,0.95,3,-17.765517624417626,M3,nan,M3,M3,1,85.68181818181819,-17.765517624417626,1.480459802034802,5.916666666666666,0.0,poor_tracking_condition,requested_mode_matches_applied_mode
threshold,persistent-low-generation,2,2135,35.583333333333336,11.583333333333334,2026-01-02T11:35:00Z,45.19283912974056,45.15007404600357,NORMAL,NORMAL,471.61412963244163,85.0,70.0,0.16787878787878788,170.9601219917601,75.70114201795137,68.13102781615623,0.95,3,-17.550790365661953,M3,nan,M3,M3,1,85.68181818181819,-17.550790365661953,1.4625658638051626,5.916666666666666,0.0,poor_tracking_condition,requested_mode_matches_applied_mode
threshold,persistent-low-generation,2,2140,35.666666666666664,11.666666666666666,2026-01-02T11:40:00Z,45.15007404600357,45.10773759170062,NORMAL,NORMAL,472.8318041296715,85.0,70.0,0.16787878787878788,171.40152899700595,75.89659703987422,68.3069373358868,0.95,3,-17.374880845931386,M3,nan,M3,M3,1,85.68181818181819,-17.374880845931386,1.4479067371609489,5.916666666666666,0.0,poor_tracking_condition,requested_mode_matches_applied_mode
threshold,persistent-low-generation,2,2145,35.75,11.75,2026-01-02T11:45:00Z,45.10773759170062,45.06573485496989,NORMAL,NORMAL,473.77984769529087,85.0,70.0,0.16787878787878788,171.74519478954295,76.04877225280961,68.44389502752865,0.95,3,-17.237923154289533,M3,nan,M3,M3,1,85.68181818181819,-17.237923154289533,1.4364935961907943,5.916666666666666,0.0,poor_tracking_condition,requested_mode_matches_applied_mode
threshold,persistent-low-generation,2,2150,35.833333333333336,11.833333333333334,2026-01-02T11:50:00Z,45.06573485496989,45.023970669667335,NORMAL,NORMAL,474.457537950053,85.0,70.0,0.16787878787878788,171.99085750689423,76.15755170405276,68.54179653364749,0.95,3,-17.140021648170702,M3,nan,M3,M3,1,85.68181818181819,-17.140021648170702,1.4283351373475583,5.916666666666666,0.0,poor_tracking_condition,requested_mode_matches_applied_mode
threshold,persistent-low-generation,2,2155,35.916666666666664,11.916666666666666,2026-01-02T11:55:00Z,45.023970669667335,44.98234968793243,NORMAL,NORMAL,474.86435866372636,85.0,70.0,0.16787878787878788,172.13833001560081,76.22285253090804,68.60056727781723,0.95,3,-17.081250904000953,M3,nan,M3,M3,1,85.68181818181819,-17.081250904000953,1.4234375753334128,5.916666666666666,0.0,poor_tracking_condition,requested_mode_matches_applied_mode
threshold,persistent-low-generation,2,2160,36.0,12.0,2026-01-02T12:00:00Z,44.98234968793243,45.11489169314077,NORMAL,NORMAL,475.0,85.0,70.0,0.16787878787878788,172.18750000000003,76.24462500000001,68.62016250000002,0.95,3,-17.061655681818166,M2,nan,M1,M1,0,5.0,63.62016250000002,0.0,0.0,0.0,poor_tracking_condition,safety_reduction_applied_immediately
threshold,persistent-low-generation,2,2165,36.083333333333336,12.083333333333334,2026-01-02T12:05:00Z,45.11489169314077,45.24739287496955,NORMAL,NORMAL,474.86435866372636,85.0,70.0,0.16787878787878788,172.13833001560081,76.22285253090804,68.60056727781723,0.95,3,63.600567277817234,M3,nan,M3,M1,0,5.0,63.600567277817234,0.0,0.0,0.0,poor_tracking_condition,new_candidate_started
threshold,persistent-low-generation,2,2170,36.166666666666664,12.166666666666666,2026-01-02T12:10:00Z,45.24739287496955,45.37977161774799,NORMAL,NORMAL,474.457537950053,85.0,70.0,0.16787878787878788,171.99085750689423,76.15755170405276,68.54179653364749,0.95,3,63.541796533647485,M3,nan,M3,M1,0,5.0,63.541796533647485,0.0,0.0,0.0,poor_tracking_condition,waiting_for_candidate_confirmation
threshold,persistent-low-generation,2,2175,36.25,12.25,2026-01-02T12:15:00Z,45.37977161774799,45.33776888101726,NORMAL,NORMAL,473.77984769529087,85.0,70.0,0.16787878787878788,171.74519478954295,76.04877225280961,68.44389502752865,0.95,3,63.443895027528654,M3,nan,M3,M3,1,85.68181818181819,-17.237923154289533,1.4364935961907943,5.916666666666666,0.0,poor_tracking_condition,candidate_confirmed_and_dwell_satisfied
threshold,persistent-low-generation,2,2180,36.333333333333336,12.333333333333334,2026-01-02T12:20:00Z,45.33776888101726,45.29543242671431,NORMAL,NORMAL,472.8318041296715,85.0,70.0,0.16787878787878788,171.40152899700595,75.89659703987422,68.3069373358868,0.95,3,-17.374880845931386,M3,nan,M3,M3,1,85.68181818181819,-17.374880845931386,1.4479067371609489,5.916666666666666,0.0,poor_tracking_condition,requested_mode_matches_applied_mode
threshold,persistent-low-generation,2,2185,36.416666666666664,12.416666666666666,2026-01-02T12:25:00Z,45.29543242671431,45.25266734297732,NORMAL,NORMAL,471.61412963244163,85.0,70.0,0.16787878787878788,170.9601219917601,75.70114201795137,68.13102781615623,0.95,3,-17.550790365661953,M3,nan,M3,M3,1,85.68181818181819,-17.550790365661953,1.4625658638051626,5.916666666666666,0.0,poor_tracking_condition,requested_mode_matches_applied_mode
threshold,persistent-low-generation,2,2190,36.5,12.5,2026-01-02T12:30:00Z,45.25266734297732,45.20937904467221,NORMAL,NORMAL,470.12775239005396,85.0,70.0,0.16787878787878788,170.4213102413946,75.46255617488953,67.91630055740058,0.95,3,-17.765517624417612,M3,nan,M3,M3,1,85.68181818181819,-17.765517624417612,1.480459802034801,5.916666666666666,0.0,poor_tracking_condition,requested_mode_matches_applied_mode
threshold,persistent-low-generation,2,2195,36.583333333333336,12.583333333333334,2026-01-02T12:35:00Z,45.20937904467221,45.16547334568408,NORMAL,NORMAL,468.37380595852005,85.0,70.0,0.16787878787878788,169.78550465996355,75.18102146343188,67.6629193170887,0.95,3,-18.018898864729493,M3,nan,M3,M3,1,85.68181818181819,-18.018898864729493,1.5015749053941243,5.916666666666666,0.0,poor_tracking_condition,requested_mode_matches_applied_mode
threshold,persistent-low-generation,2,2200,36.666666666666664,12.666666666666666,2026-01-02T12:40:00Z,45.16547334568408,45.12085653102133,NORMAL,NORMAL,466.3536287313086,85.0,70.0,0.16787878787878788,169.0531904150994,74.85675271580602,67.37107744422542,0.95,3,-18.310740737592766,M3,nan,M3,M3,1,85.68181818181819,-18.310740737592766,1.5258950614660638,5.916666666666666,0.0,poor_tracking_condition,requested_mode_matches_applied_mode
threshold,persistent-low-generation,2,2205,36.75,12.75,2026-01-02T12:45:00Z,45.12085653102133,45.07543542869985,NORMAL,NORMAL,464.06876331450326,85.0,70.0,0.16787878787878788,168.22492670150746,74.48999754342749,67.04099778908474,0.95,3,-18.640820392733445,M3,nan,M3,M3,1,85.68181818181819,-18.640820392733445,1.5534016993944537,5.916666666666666,0.0,poor_tracking_condition,requested_mode_matches_applied_mode
threshold,persistent-low-generation,2,2210,36.833333333333336,12.833333333333334,2026-01-02T12:50:00Z,45.07543542869985,45.029117481375344,NORMAL,NORMAL,461.52095581127423,85.0,70.0,0.16787878787878788,167.30134648158693,74.08103622204669,66.67293259984203,0.95,3,-19.00888558197616,M3,nan,M3,M3,1,85.68181818181819,-19.00888558197616,1.584073798498013,5.916666666666666,0.0,poor_tracking_condition,requested_mode_matches_applied_mode
threshold,persistent-low-generation,2,2215,36.916666666666664,12.916666666666666,2026-01-02T12:55:00Z,45.029117481375344,44.98181081769268,NORMAL,NORMAL,458.71215501807666,85.0,70.0,0.16787878787878788,166.28315619405282,73.63018156272658,66.26716340645392,0.95,3,-19.41465477536427,M3,nan,M3,M3,1,85.68181818181819,-19.41465477536427,1.6178878979470224,5.916666666666666,0.0,poor_tracking_condition,requested_mode_matches_applied_mode
threshold,persistent-low-generation,2,2220,37.0,13.0,2026-01-02T13:00:00Z,44.98181081769268,45.10852748621808,NORMAL,NORMAL,455.64451153536436,85.0,70.0,0.16787878787878788,165.1711354315696,73.13777876909901,65.82400089218912,1.0,3,-19.857817289629068,M2,nan,M1,M1,0,5.0,60.82400089218912,0.0,0.0,0.0,poor_tracking_condition,safety_reduction_applied_immediately
threshold,persistent-low-generation,2,2225,37.083333333333336,13.083333333333334,2026-01-02T13:05:00Z,45.10852748621808,45.23424370445406,NORMAL,NORMAL,452.3203767960078,85.0,70.0,0.16787878787878788,163.96613658855284,72.60420528141118,65.34378475327007,1.0,3,60.34378475327007,M3,nan,M3,M1,0,5.0,60.34378475327007,0.0,0.0,0.0,poor_tracking_condition,new_candidate_started
threshold,persistent-low-generation,2,2230,37.166666666666664,13.166666666666666,2026-01-02T13:10:00Z,45.23424370445406,45.35888304517728,NORMAL,NORMAL,448.7423020150338,85.0,70.0,0.16787878787878788,162.66908448044975,72.02987060794315,64.82688354714884,1.0,3,59.82688354714884,M3,nan,M3,M1,0,5.0,59.82688354714884,0.0,0.0,0.0,poor_tracking_condition,waiting_for_candidate_confirmation
threshold,persistent-low-generation,2,2235,37.25,13.25,2026-01-02T13:15:00Z,45.35888304517728,45.306719001191375,NORMAL,NORMAL,444.9130370647577,85.0,70.0,0.16787878787878788,161.28097593597468,71.41521614444959,64.27369453000463,1.0,3,59.27369453000463,M3,nan,M3,M3,1,85.68181818181819,-21.408123651813554,1.7840103043177962,5.916666666666666,0.0,poor_tracking_condition,candidate_confirmed_and_dwell_satisfied
threshold,persistent-low-generation,2,2240,37.333333333333336,13.333333333333334,2026-01-02T13:20:00Z,45.306719001191375,45.253119647639494,NORMAL,NORMAL,440.83552927987967,85.0,70.0,0.16787878787878788,159.8028793639564,70.76071498235989,63.684643484123896,1.0,3,-21.99717469769429,M3,nan,M3,M3,1,85.68181818181819,-21.99717469769429,1.8330978914745242,5.916666666666666,0.0,poor_tracking_condition,requested_mode_matches_applied_mode
threshold,persistent-low-generation,2,2245,37.416666666666664,13.416666666666666,2026-01-02T13:25:00Z,45.253119647639494,45.19799870795646,NORMAL,NORMAL,436.51292219764787,85.0,70.0,0.16787878787878788,158.23593429664737,70.06687170655545,63.0601845358999,1.0,3,-22.621633645918287,M3,nan,M3,M3,1,85.68181818181819,-22.621633645918287,1.8851361371598572,5.916666666666666,0.0,poor_tracking_condition,requested_mode_matches_applied_mode
threshold,persistent-low-generation,2,2250,37.5,13.5,2026-01-02T13:30:00Z,45.19799870795646,45.141271080723165,NORMAL,NORMAL,431.9485542387826,85.0,70.0,0.16787878787878788,156.5813509115587,69.33422218363819,62.40079996527437,1.0,3,-23.281018216543814,M3,nan,M3,M3,1,85.68181818181819,-23.281018216543814,1.940084851378651,5.916666666666666,0.0,poor_tracking_condition,requested_mode_matches_applied_mode
threshold,persistent-low-generation,2,2255,37.583333333333336,13.583333333333334,2026-01-02T13:35:00Z,45.141271080723165,45.08285290778388,NORMAL,NORMAL,427.1459573354958,85.0,70.0,0.16787878787878788,154.84040953411724,68.56333334170712,61.70700000753641,1.0,3,-23.97481817428178,M3,nan,M3,M3,1,85.68181818181819,-23.97481817428178,1.9979015145234815,5.916666666666666,0.0,poor_tracking_condition,requested_mode_matches_applied_mode
threshold,persistent-low-generation,2,2260,37.666666666666664,13.666666666666666,2026-01-02T13:40:00Z,45.08285290778388,45.02266164186448,NORMAL,NORMAL,422.10885551365175,85.0,70.0,0.16787878787878788,153.01446012369877,67.75480294277381,60.97932264849643,1.0,3,-24.70249553332176,M3,nan,M3,M3,1,85.68181818181819,-24.70249553332176,2.0585412944434798,5.916666666666666,0.0,poor_tracking_condition,requested_mode_matches_applied_mode
threshold,persistent-low-generation,2,2265,37.75,13.75,2026-01-02T13:45:00Z,45.02266164186448,44.9606161136782,NORMAL,NORMAL,416.8411634369035,85.0,70.0,0.16787878787878788,151.10492174587753,66.90925934907456,60.218333414167105,1.0,3,-25.46348476765108,M3,nan,M3,M3,1,85.68181818181819,-25.46348476765108,2.1219570639709233,5.916666666666666,0.0,poor_tracking_condition,requested_mode_matches_applied_mode
threshold,persistent-low-generation,2,2270,37.833333333333336,13.833333333333334,2026-01-02T13:50:00Z,44.9606161136782,45.0740007494203,NORMAL,NORMAL,411.3469849215117,85.0,70.0,0.16787878787878788,149.113282034048,66.02736128467645,59.424625156208805,1.0,3,-26.257193025609382,M2,nan,M1,M1,0,5.0,54.424625156208805,0.0,0.0,0.0,poor_tracking_condition,safety_reduction_applied_immediately
threshold,persistent-low-generation,2,2275,37.916666666666664,13.916666666666666,2026-01-02T13:55:00Z,45.0740007494203,45.18566495324225,NORMAL,NORMAL,405.6306114315386,85.0,70.0,0.16787878787878788,147.04109664393278,65.10979759393342,58.59881783454008,1.0,3,53.59881783454008,M3,nan,M3,M1,0,5.0,53.59881783454008,0.0,0.0,0.0,poor_tracking_condition,new_candidate_started
threshold,persistent-low-generation,2,2280,38.0,14.0,2026-01-02T14:00:00Z,45.18566495324225,45.295543199697825,NORMAL,NORMAL,399.69652056520863,85.0,70.0,0.16787878787878788,144.88998870488814,64.15728699852447,57.741558298672025,1.0,3,52.741558298672025,M3,nan,M3,M1,0,5.0,52.741558298672025,0.0,0.0,0.0,poor_tracking_condition,waiting_for_candidate_confirmation
threshold,persistent-low-generation,2,2285,38.083333333333336,14.083333333333334,2026-01-02T14:05:00Z,45.295543199697825,45.225298808585954,NORMAL,NORMAL,393.5493745444712,85.0,70.0,0.16787878787878788,142.66164827237083,63.1705778550058,56.85352006950522,1.0,3,51.85352006950522,M3,nan,M3,M3,1,85.68181818181819,-28.828298112312964,2.4023581760260804,5.916666666666666,0.0,poor_tracking_condition,candidate_confirmed_and_dwell_satisfied
threshold,persistent-low-generation,2,2290,38.166666666666664,14.166666666666666,2026-01-02T14:10:00Z,45.225298808585954,45.152817290412735,NORMAL,NORMAL,387.1940187212154,85.0,70.0,0.16787878787878788,140.3578317864406,62.150447915035905,55.93540312353232,1.0,3,-29.74641505828587,M3,nan,M3,M3,1,85.68181818181819,-29.74641505828587,2.4788679215238223,5.916666666666666,0.0,poor_tracking_condition,requested_mode_matches_applied_mode
threshold,persistent-low-generation,2,2295,38.25,14.25,2026-01-02T14:15:00Z,45.152817290412735,45.07802712350192,NORMAL,NORMAL,380.63548011518446,85.0,70.0,0.16787878787878788,137.98036154175438,61.097704090688836,54.98793368161996,1.0,3,-30.69388450019823,M3,nan,M3,M3,1,85.68181818181819,-30.69388450019823,2.5578237083498525,5.916666666666666,0.0,poor_tracking_condition,requested_mode_matches_applied_mode
threshold,persistent-low-generation,2,2300,38.333333333333336,14.333333333333334,2026-01-02T14:20:00Z,45.07802712350192,45.00085861917198,NORMAL,NORMAL,373.8789660004804,85.0,70.0,0.16787878787878788,135.53112517517414,60.01318222756711,54.0118640048104,1.0,3,-31.66995417700779,M3,nan,M3,M3,1,85.68181818181819,-31.66995417700779,2.6391628480839824,5.916666666666666,0.0,poor_tracking_condition,requested_mode_matches_applied_mode
threshold,persistent-low-generation,2,2305,38.416666666666664,14.416666666666666,2026-01-02T14:25:00Z,45.00085861917198,44.92124398471308,NORMAL,NORMAL,366.92986255965087,85.0,70.0,0.16787878787878788,133.01207517787347,58.89774688876237,53.00797219988613,1.0,3,-32.673845981932054,M3,nan,M3,M3,1,85.68181818181819,-32.673845981932054,2.722820498494338,5.916666666666666,0.0,poor_tracking_condition,requested_mode_matches_applied_mode
threshold,persistent-low-generation,2,2310,38.5,14.5,2026-01-02T14:30:00Z,44.92124398471308,45.01911286395848,NORMAL,NORMAL,359.7937336267778,85.0,70.0,0.16787878787878788,130.42522843970696,57.75229115310224,51.97706203779202,1.0,3,-33.70475614402617,M2,nan,M1,M1,0,5.0,46.97706203779202,0.0,0.0,0.0,poor_tracking_condition,safety_reduction_applied_immediately
threshold,persistent-low-generation,2,2315,38.583333333333336,14.583333333333334,2026-01-02T14:35:00Z,45.01911286395848,45.11477945310101,NORMAL,NORMAL,352.47631954379665,85.0,70.0,0.16787878787878788,127.7726658346263,56.57773643157252,50.91996278841527,1.0,3,45.91996278841527,M3,nan,M3,M1,0,5.0,45.91996278841527,0.0,0.0,0.0,poor_tracking_condition,new_candidate_started
threshold,persistent-low-generation,2,2320,38.666666666666664,14.666666666666666,2026-01-02T14:40:00Z,45.11477945310101,45.20819097200871,NORMAL,NORMAL,344.9835361575411,85.0,70.0,0.16787878787878788,125.05653185710867,55.37503230632772,49.837529075694945,1.0,3,44.837529075694945,M3,nan,M3,M1,0,5.0,44.837529075694945,0.0,0.0,4.440892098500626e-16,poor_tracking_condition,waiting_for_candidate_confirmation
threshold,persistent-low-generation,2,2325,38.75,14.75,2026-01-02T14:45:00Z,45.20819097200871,45.11815398998085,NORMAL,NORMAL,337.3214739888144,85.0,70.0,0.16787878787878788,122.27903432094523,54.145156397314544,48.73064075758309,1.0,3,43.73064075758309,M3,nan,M3,M3,1,85.68181818181819,-36.9511774242351,3.0792647853529247,5.916666666666666,0.0,poor_tracking_condition,candidate_confirmed_and_dwell_satisfied
threshold,persistent-low-generation,2,2330,38.833333333333336,14.833333333333334,2026-01-02T14:50:00Z,45.11815398998085,45.025362529586616,NORMAL,NORMAL,329.4963976092564,85.0,70.0,0.16787878787878788,119.44244413335547,52.8891142622498,47.60020283602482,1.0,3,-38.08161534579337,M3,nan,M3,M3,1,85.68181818181819,-38.08161534579337,3.1734679454827806,5.916666666666666,0.0,poor_tracking_condition,requested_mode_matches_applied_mode
threshold,persistent-low-generation,2,2335,38.916666666666664,14.916666666666666,2026-01-02T14:55:00Z,45.025362529586616,44.929761475057035,NORMAL,NORMAL,321.51474526702947,85.0,70.0,0.16787878787878788,116.54909515929819,51.60793933653724,46.44714540288352,1.0,3,-39.234672778934666,M3,nan,M3,M3,1,85.68181818181819,-39.234672778934666,3.269556064911222,5.916666666666666,0.0,poor_tracking_condition,requested_mode_matches_applied_mode
threshold,persistent-low-generation,2,2340,39.0,15.0,2026-01-02T15:00:00Z,44.929761475057035,45.0136623576167,NORMAL,NORMAL,313.38312880856245,85.0,70.0,0.16787878787878788,113.6013841931039,50.302692920706406,45.272423628635764,1.0,3,-40.40939455318242,M2,nan,M1,M1,0,5.0,40.272423628635764,0.0,0.0,0.0,poor_tracking_condition,safety_reduction_applied_immediately
threshold,persistent-low-generation,2,2345,39.083333333333336,15.083333333333334,2026-01-02T15:05:00Z,45.0136623576167,45.09507281137031,NORMAL,NORMAL,305.1083339509776,85.0,70.0,0.16787878787878788,110.6017710572294,48.97446422414117,44.07701780172706,1.0,3,39.07701780172706,M3,nan,M3,M1,0,5.0,39.07701780172706,0.0,0.0,0.0,poor_tracking_condition,new_candidate_started
threshold,persistent-low-generation,2,2350,39.166666666666664,15.166666666666666,2026-01-02T15:10:00Z,45.09507281137031,45.173951839344795,NORMAL,NORMAL,296.69732096864095,85.0,70.0,0.16787878787878788,107.55277885113236,47.62437047528141,42.86193342775327,1.0,3,37.86193342775327,M3,nan,M3,M1,0,5.0,37.86193342775327,0.0,0.0,0.0,poor_tracking_condition,waiting_for_candidate_confirmation
threshold,persistent-low-generation,2,2355,39.25,15.25,2026-01-02T15:15:00Z,45.173951839344795,45.066608718529345,NORMAL,NORMAL,288.15722586785273,85.0,70.0,0.16787878787878788,104.45699437709663,46.25355711017839,41.62820139916055,1.0,3,36.62820139916055,M3,nan,M3,M3,1,85.68181818181819,-44.053616782657635,3.671134731888136,5.916666666666666,0.0,poor_tracking_condition,candidate_confirmed_and_dwell_satisfied
threshold,persistent-low-generation,2,2360,39.333333333333336,15.333333333333334,2026-01-02T15:20:00Z,45.066608718529345,44.95621656469451,NORMAL,NORMAL,279.4953621364577,85.0,70.0,0.16787878787878788,101.31706877446592,44.863198053333505,40.37687824800015,1.0,3,-45.304939933818034,M3,nan,M3,M3,1,85.68181818181819,-45.304939933818034,3.7754116611515025,5.916666666666666,0.0,poor_tracking_condition,requested_mode_matches_applied_mode
threshold,persistent-low-generation,2,2365,39.416666666666664,15.416666666666666,2026-01-02T15:25:00Z,44.95621656469451,45.0272770782289,NORMAL,NORMAL,270.7192231706225,85.0,70.0,0.16787878787878788,98.13571839935068,43.45449610723247,39.10904649650923,1.0,3,-46.57277168530896,M2,nan,M1,M1,0,5.0,34.10904649650923,0.0,0.0,0.0,poor_tracking_condition,safety_reduction_applied_immediately
threshold,persistent-low-generation,2,2370,39.5,15.5,2026-01-02T15:30:00Z,45.0272770782289,45.095664193068515,NORMAL,NORMAL,261.8364854999092,85.0,70.0,0.16787878787878788,94.9157259937171,42.02868347001793,37.82581512301614,1.0,3,32.82581512301614,M3,nan,M3,M1,0,5.0,32.82581512301614,0.0,0.0,0.0,poor_tracking_condition,new_candidate_started
threshold,persistent-low-generation,2,2375,39.583333333333336,15.583333333333334,2026-01-02T15:35:00Z,45.095664193068515,45.16134819341021,NORMAL,NORMAL,252.855012954932,85.0,70.0,0.16787878787878788,91.65994219616286,40.58702240446092,36.52832016401483,1.0,3,31.52832016401483,M3,nan,M3,M1,0,5.0,31.52832016401483,0.0,0.0,0.0,poor_tracking_condition,waiting_for_candidate_confirmation
threshold,persistent-low-generation,2,2380,39.666666666666664,15.666666666666666,2026-01-02T15:40:00Z,45.16134819341021,45.03838500455926,NORMAL,NORMAL,243.7828619505026,85.0,70.0,0.16787878787878788,88.3712874570572,39.13080608598493,35.21772547738644,1.0,3,30.217725477386438,M3,nan,M3,M3,1,85.68181818181819,-50.46409270443175,4.205341058702645,5.916666666666666,0.0,poor_tracking_condition,candidate_confirmed_and_dwell_satisfied
threshold,persistent-low-generation,2,2385,39.75,15.75,2026-01-02T15:45:00Z,45.03838500455926,44.91219934548291,NORMAL,NORMAL,234.6282880927447,85.0,70.0,0.16787878787878788,85.05275443361997,37.66135966320692,33.895223696886234,1.0,3,-51.78659448493195,M3,nan,M3,M3,1,85.68181818181819,-51.78659448493195,4.315549540410996,5.916666666666666,0.0,poor_tracking_condition,requested_mode_matches_applied_mode
threshold,persistent-low-generation,2,2390,39.833333333333336,15.833333333333334,2026-01-02T15:50:00Z,44.91219934548291,44.96962025676303,NORMAL,NORMAL,225.39975436323775,85.0,70.0,0.16787878787878788,81.7074109566737,36.18004157161511,32.5620374144536,1.0,3,-53.11978076736459,M2,nan,M1,M1,0,5.0,27.5620374144536,0.0,0.0,0.0,poor_tracking_condition,safety_reduction_applied_immediately
threshold,persistent-low-generation,2,2395,39.916666666666664,15.916666666666666,2026-01-02T15:55:00Z,44.96962025676303,45.024244049752674,NORMAL,NORMAL,216.1059411895109,85.0,70.0,0.16787878787878788,78.33840368119772,34.688245150034355,31.21942063503092,1.0,3,26.21942063503092,M2,nan,M1,M1,0,5.0,26.21942063503092,0.0,0.0,0.0,poor_tracking_condition,requested_mode_matches_applied_mode
threshold,persistent-low-generation,2,2400,40.0,16.0,2026-01-02T16:00:00Z,45.024244049752674,45.07605375925043,NORMAL,NORMAL,206.75575878282945,85.0,70.0,0.16787878787878788,74.94896255877568,33.187400621025866,29.86866055892328,1.0,3,24.86866055892328,M3,nan,M3,M1,0,5.0,24.86866055892328,0.0,0.0,0.0,poor_tracking_condition,new_candidate_started
threshold,persistent-low-generation,2,2405,40.083333333333336,16.083333333333332,2026-01-02T16:05:00Z,45.07605375925043,45.12503517541713,NORMAL,NORMAL,197.35836221618453,85.0,70.0,0.16787878787878788,71.5424063033669,31.678977511130867,28.511079760017783,1.0,3,23.511079760017783,M3,nan,M3,M1,0,5.0,23.511079760017783,0.0,0.0,0.0,poor_tracking_condition,waiting_for_candidate_confirmation
threshold,persistent-low-generation,2,2410,40.166666666666664,16.166666666666668,2026-01-02T16:10:00Z,45.12503517541713,44.98240900744342,NORMAL,NORMAL,187.9231698346319,85.0,70.0,0.16787878787878788,68.12214906505407,30.164487606005945,27.148038845405353,1.0,3,22.148038845405353,M3,nan,M3,M3,1,85.68181818181819,-58.533779336412834,4.877814944701069,5.916666666666666,0.0,poor_tracking_condition,candidate_confirmed_and_dwell_satisfied
threshold,persistent-low-generation,2,2415,40.25,16.25,2026-01-02T16:15:00Z,44.98240900744342,45.02570263182781,NORMAL,NORMAL,178.45988574631707,85.0,70.0,0.16787878787878788,64.69170858303994,28.645488560570083,25.780939704513074,1.0,3,-59.90087847730511,M2,nan,M1,M1,0,5.0,20.780939704513074,0.0,0.0,0.0,poor_tracking_condition,safety_reduction_applied_immediately
threshold,persistent-low-generation,2,2420,40.333333333333336,16.333333333333332,2026-01-02T16:20:00Z,45.02570263182781,45.066142693256445,NORMAL,NORMAL,168.97852734939664,85.0,70.0,0.16787878787878788,61.25471616415629,27.123588317488405,24.411229485739565,1.0,3,19.411229485739565,M3,nan,M3,M1,0,5.0,19.411229485739565,0.0,0.0,2.220446049250313e-16,poor_tracking_condition,new_candidate_started
threshold,persistent-low-generation,2,2425,40.416666666666664,16.416666666666668,2026-01-02T16:25:00Z,45.066142693256445,45.103726871336974,NORMAL,NORMAL,159.48945912743983,85.0,70.0,0.16787878787878788,57.81492893369695,25.60045053184101,23.040405478656908,1.0,3,18.040405478656908,M3,nan,M3,M1,0,5.0,18.040405478656908,0.0,0.0,0.0,poor_tracking_condition,waiting_for_candidate_confirmation
threshold,persistent-low-generation,2,2430,40.5,16.5,2026-01-02T16:30:00Z,45.103726871336974,44.947752706991125,NORMAL,NORMAL,150.00343432272103,85.0,70.0,0.16787878787878788,54.37624494198638,24.077801260311567,21.67002113428041,1.0,3,16.67002113428041,M3,nan,M3,M3,1,85.68181818181819,-64.01179704753778,5.334316420628149,5.916666666666666,0.0,poor_tracking_condition,candidate_confirmed_and_dwell_satisfied
threshold,persistent-low-generation,2,2435,40.583333333333336,16.583333333333332,2026-01-02T16:35:00Z,44.947752706991125,44.9796312351806,NORMAL,NORMAL,140.53164661624447,85.0,70.0,0.16787878787878788,50.942721898388626,22.55743725660648,20.301693530945833,1.0,3,-65.38012465087235,M2,nan,M1,M1,0,5.0,15.301693530945833,0.0,0.0,0.0,poor_tracking_condition,safety_reduction_applied_immediately
threshold,persistent-low-generation,2,2440,40.666666666666664,16.666666666666668,2026-01-02T16:40:00Z,44.9796312351806,45.008666886635666,NORMAL,NORMAL,131.08579467086645,85.0,70.0,0.16787878787878788,47.51860056818909,21.04123633159413,18.937112698434717,1.0,3,13.937112698434717,M2,nan,M1,M1,0,5.0,13.937112698434717,0.0,0.0,0.0,poor_tracking_condition,requested_mode_matches_applied_mode
threshold,persistent-low-generation,2,2445,40.75,16.75,2026-01-02T16:45:00Z,45.008666886635666,45.03487116447487,NORMAL,NORMAL,121.67816343103354,85.0,70.0,0.16787878787878788,44.10833424374967,19.53117040313235,17.578053362819116,1.0,3,12.578053362819116,M3,nan,M3,M1,0,5.0,12.578053362819116,0.0,0.0,0.0,poor_tracking_condition,new_candidate_started
threshold,persistent-low-generation,2,2450,40.833333333333336,16.833333333333332,2026-01-02T16:50:00Z,45.03487116447487,45.058259476750585,NORMAL,NORMAL,112.32172758060456,85.0,70.0,0.16787878787878788,40.71662624796916,18.029322102600744,16.22638989234067,1.0,3,11.22638989234067,M3,nan,M3,M1,0,5.0,11.22638989234067,0.0,0.0,0.0,poor_tracking_condition,waiting_for_candidate_confirmation
threshold,persistent-low-generation,2,2455,40.916666666666664,16.916666666666668,2026-01-02T16:55:00Z,45.058259476750585,44.88575045473941,NORMAL,NORMAL,103.03028480154454,85.0,70.0,0.16787878787878788,37.3484782405599,16.537906164919924,14.884115548427932,1.0,3,9.884115548427932,M3,nan,M3,M3,1,85.68181818181819,-70.79770263339026,5.899808552782521,5.916666666666666,0.0,poor_tracking_condition,candidate_confirmed_and_dwell_satisfied
threshold,persistent-low-generation,2,2460,41.0,17.0,2026-01-02T17:00:00Z,44.88575045473941,44.9035699706547,NORMAL,NORMAL,93.81862989157457,85.0,70.0,0.16787878787878788,34.00925333569579,15.059297377046093,13.553367639341484,1.0,3,-72.1284505424767,M2,nan,M1,M1,0,5.0,8.553367639341484,0.0,0.0,0.0,poor_tracking_condition,safety_reduction_applied_immediately
threshold,persistent-low-generation,2,2465,41.083333333333336,17.083333333333332,2026-01-02T17:05:00Z,44.9035699706547,44.918645930961645,NORMAL,NORMAL,84.70278615246784,85.0,70.0,0.16787878787878788,30.704759980269596,13.596067719263376,12.236460947337038,1.0,3,7.236460947337038,M2,nan,M1,M1,0,5.0,7.236460947337038,0.0,0.0,0.0,poor_tracking_condition,requested_mode_matches_applied_mode
threshold,persistent-low-generation,2,2470,41.166666666666664,17.166666666666668,2026-01-02T17:10:00Z,44.918645930961645,44.93101245815467,NORMAL,NORMAL,75.70031913007257,85.0,70.0,0.16787878787878788,27.44136568465131,12.1510367251636,10.93593305264724,1.0,3,5.93593305264724,M2,nan,M1,M1,0,5.0,5.93593305264724,0.0,0.0,0.0,poor_tracking_condition,requested_mode_matches_applied_mode
threshold,persistent-low-generation,2,2475,41.25,17.25,2026-01-02T17:15:00Z,44.93101245815467,44.94070955666248,NORMAL,NORMAL,66.83077236639191,85.0,70.0,0.16787878787878788,24.22615498281707,10.7273414263914,9.65460728375226,1.0,3,4.654607283752259,M2,nan,M1,M1,0,5.0,4.654607283752259,0.0,0.0,0.0,poor_tracking_condition,requested_mode_matches_applied_mode
threshold,persistent-low-generation,2,2480,41.333333333333336,17.333333333333332,2026-01-02T17:20:00Z,44.94070955666248,44.94778389567576,NORMAL,NORMAL,58.11629045657233,85.0,70.0,0.16787878787878788,21.067155290507472,9.32853636263671,8.395682726373039,1.0,3,3.395682726373039,M2,nan,M1,M1,0,5.0,3.395682726373039,0.0,0.0,0.0,poor_tracking_condition,requested_mode_matches_applied_mode
threshold,persistent-low-generation,2,2485,41.416666666666664,17.416666666666668,2026-01-02T17:25:00Z,44.94778389567576,44.952289869820675,NORMAL,NORMAL,49.58254223077303,85.0,70.0,0.16787878787878788,17.973671558655226,7.958741766172534,7.1628675895552805,1.0,3,2.1628675895552805,M2,nan,M1,M1,0,5.0,2.1628675895552805,0.0,0.0,0.0,poor_tracking_condition,requested_mode_matches_applied_mode
threshold,persistent-low-generation,2,2490,41.5,17.5,2026-01-02T17:30:00Z,44.952289869820675,44.95429109026062,NORMAL,NORMAL,41.260150911287276,85.0,70.0,0.16787878787878788,14.95680470534164,6.622873123525278,5.96058581117275,1.0,3,0.9605858111727503,M2,nan,M1,M1,0,5.0,0.9605858111727503,0.0,0.0,0.0,poor_tracking_condition,requested_mode_matches_applied_mode
threshold,persistent-low-generation,2,2495,41.583333333333336,17.583333333333332,2026-01-02T17:35:00Z,44.95429109026062,44.95378991076206,NORMAL,NORMAL,33.18703986676286,85.0,70.0,0.16787878787878788,12.030301951701539,5.327017704213441,4.794315933792097,1.0,3,-0.20568406620790292,M2,nan,M1,M1,0,5.0,-0.20568406620790292,0.017140338850658576,0.0,0.0,poor_tracking_condition,requested_mode_matches_applied_mode
threshold,persistent-low-generation,2,2500,41.666666666666664,17.666666666666668,2026-01-02T17:40:00Z,44.95378991076206,44.950552071494826,NORMAL,NORMAL,25.412583557295164,85.0,70.0,0.16787878787878788,9.212061539519498,4.079100849699234,3.6711907647293107,1.0,3,-1.3288092352706893,M2,nan,M1,M1,0,5.0,-1.3288092352706893,0.1107341029392241,0.0,0.0,poor_tracking_condition,requested_mode_matches_applied_mode
threshold,persistent-low-generation,2,2505,41.75,17.75,2026-01-02T17:45:00Z,44.950552071494826,44.94470698723713,NORMAL,NORMAL,18.005775996288865,85.0,70.0,0.16787878787878788,6.527093798654715,2.890197134044308,2.601177420639877,1.0,3,-2.398822579360123,M2,nan,M1,M1,0,5.0,-2.398822579360123,0.19990188161334357,0.0,0.0,poor_tracking_condition,requested_mode_matches_applied_mode
threshold,persistent-low-generation,2,2510,41.833333333333336,17.833333333333332,2026-01-02T17:50:00Z,44.94470698723713,44.93642191319399,NORMAL,NORMAL,11.074116387152324,85.0,70.0,0.16787878787878788,4.0143671903427185,1.7775617918837558,1.5998056126953804,1.0,3,-3.4001943873046194,M2,nan,M1,M1,0,5.0,-3.4001943873046194,0.28334953227538495,0.0,0.0,poor_tracking_condition,requested_mode_matches_applied_mode
threshold,persistent-low-generation,2,2515,41.916666666666664,17.916666666666668,2026-01-02T17:55:00Z,44.93642191319399,44.92593593548277,NORMAL,NORMAL,4.821666007779817,85.0,70.0,0.16787878787878788,1.747853927820184,0.7739497192387774,0.6965547473148997,1.0,3,-4.3034452526851,M2,nan,M1,M1,0,5.0,-4.3034452526851,0.35862043772375835,0.0,0.0,poor_tracking_condition,requested_mode_matches_applied_mode
threshold,persistent-low-generation,2,2520,42.0,18.0,2026-01-02T18:00:00Z,44.92593593548277,44.91375269961532,NORMAL,NORMAL,3.822140361187655e-17,85.0,70.0,0.16787878787878788,1.3855258809305252e-17,6.1351086007603655e-18,5.521597740684329e-18,1.0,3,-5.0,M2,nan,M1,M1,0,5.0,-5.0,0.41666666666666663,0.0,0.0,poor_tracking_condition,requested_mode_matches_applied_mode
threshold,persistent-low-generation,2,2525,42.083333333333336,18.083333333333332,2026-01-02T18:05:00Z,44.91375269961532,44.901569463747876,NORMAL,NORMAL,0.0,85.0,70.0,0.16787878787878788,0.0,0.0,0.0,1.0,3,-5.0,M2,nan,M1,M1,0,5.0,-5.0,0.41666666666666663,0.0,0.0,poor_tracking_condition,requested_mode_matches_applied_mode
threshold,persistent-low-generation,2,2530,42.166666666666664,18.166666666666668,2026-01-02T18:10:00Z,44.901569463747876,44.88938622788043,NORMAL,NORMAL,0.0,85.0,70.0,0.16787878787878788,0.0,0.0,0.0,1.0,3,-5.0,M2,nan,M1,M1,0,5.0,-5.0,0.41666666666666663,0.0,0.0,poor_tracking_condition,requested_mode_matches_applied_mode
threshold,persistent-low-generation,2,2535,42.25,18.25,2026-01-02T18:15:00Z,44.88938622788043,44.87720299201299,NORMAL,NORMAL,0.0,85.0,70.0,0.16787878787878788,0.0,0.0,0.0,1.0,3,-5.0,M2,nan,M1,M1,0,5.0,-5.0,0.41666666666666663,0.0,0.0,poor_tracking_condition,requested_mode_matches_applied_mode
threshold,persistent-low-generation,2,2540,42.333333333333336,18.333333333333332,2026-01-02T18:20:00Z,44.87720299201299,44.86501975614554,NORMAL,NORMAL,0.0,85.0,70.0,0.16787878787878788,0.0,0.0,0.0,1.0,3,-5.0,M2,nan,M1,M1,0,5.0,-5.0,0.41666666666666663,0.0,0.0,poor_tracking_condition,requested_mode_matches_applied_mode
threshold,persistent-low-generation,2,2545,42.416666666666664,18.416666666666668,2026-01-02T18:25:00Z,44.86501975614554,44.852836520278096,NORMAL,NORMAL,0.0,85.0,70.0,0.16787878787878788,0.0,0.0,0.0,1.0,3,-5.0,M2,nan,M1,M1,0,5.0,-5.0,0.41666666666666663,0.0,0.0,poor_tracking_condition,requested_mode_matches_applied_mode
threshold,persistent-low-generation,2,2550,42.5,18.5,2026-01-02T18:30:00Z,44.852836520278096,44.84065328441065,NORMAL,NORMAL,0.0,85.0,70.0,0.16787878787878788,0.0,0.0,0.0,1.0,3,-5.0,M2,nan,M1,M1,0,5.0,-5.0,0.41666666666666663,0.0,0.0,poor_tracking_condition,requested_mode_matches_applied_mode
threshold,persistent-low-generation,2,2555,42.583333333333336,18.583333333333332,2026-01-02T18:35:00Z,44.84065328441065,44.8284700485432,NORMAL,NORMAL,0.0,85.0,70.0,0.16787878787878788,0.0,0.0,0.0,1.0,3,-5.0,M2,nan,M1,M1,0,5.0,-5.0,0.41666666666666663,0.0,0.0,poor_tracking_condition,requested_mode_matches_applied_mode
threshold,persistent-low-generation,2,2560,42.666666666666664,18.666666666666668,2026-01-02T18:40:00Z,44.8284700485432,44.816286812675756,NORMAL,NORMAL,0.0,85.0,70.0,0.16787878787878788,0.0,0.0,0.0,1.0,3,-5.0,M2,nan,M1,M1,0,5.0,-5.0,0.41666666666666663,0.0,0.0,poor_tracking_condition,requested_mode_matches_applied_mode
threshold,persistent-low-generation,2,2565,42.75,18.75,2026-01-02T18:45:00Z,44.816286812675756,44.80410357680831,NORMAL,NORMAL,0.0,85.0,70.0,0.16787878787878788,0.0,0.0,0.0,1.0,3,-5.0,M2,nan,M1,M1,0,5.0,-5.0,0.41666666666666663,0.0,0.0,poor_tracking_condition,requested_mode_matches_applied_mode
threshold,persistent-low-generation,2,2570,42.833333333333336,18.833333333333332,2026-01-02T18:50:00Z,44.80410357680831,44.79192034094086,NORMAL,NORMAL,0.0,85.0,70.0,0.16787878787878788,0.0,0.0,0.0,1.0,3,-5.0,M2,nan,M1,M1,0,5.0,-5.0,0.41666666666666663,0.0,0.0,poor_tracking_condition,requested_mode_matches_applied_mode
threshold,persistent-low-generation,2,2575,42.916666666666664,18.916666666666668,2026-01-02T18:55:00Z,44.79192034094086,44.77973710507342,NORMAL,NORMAL,0.0,85.0,70.0,0.16787878787878788,0.0,0.0,0.0,1.0,3,-5.0,M2,nan,M1,M1,0,5.0,-5.0,0.41666666666666663,0.0,0.0,poor_tracking_condition,requested_mode_matches_applied_mode
threshold,persistent-low-generation,2,2580,43.0,19.0,2026-01-02T19:00:00Z,44.77973710507342,44.767553869205976,NORMAL,NORMAL,0.0,85.0,70.0,0.16787878787878788,0.0,0.0,0.0,1.0,3,-5.0,M2,nan,M1,M1,0,5.0,-5.0,0.41666666666666663,0.0,0.0,poor_tracking_condition,requested_mode_matches_applied_mode
threshold,persistent-low-generation,2,2585,43.083333333333336,19.083333333333332,2026-01-02T19:05:00Z,44.767553869205976,44.75537063333853,NORMAL,NORMAL,0.0,85.0,70.0,0.16787878787878788,0.0,0.0,0.0,1.0,3,-5.0,M2,nan,M1,M1,0,5.0,-5.0,0.41666666666666663,0.0,0.0,poor_tracking_condition,requested_mode_matches_applied_mode
threshold,persistent-low-generation,2,2590,43.166666666666664,19.166666666666668,2026-01-02T19:10:00Z,44.75537063333853,44.74318739747108,NORMAL,NORMAL,0.0,85.0,70.0,0.16787878787878788,0.0,0.0,0.0,1.0,3,-5.0,M2,nan,M1,M1,0,5.0,-5.0,0.41666666666666663,0.0,0.0,poor_tracking_condition,requested_mode_matches_applied_mode
threshold,persistent-low-generation,2,2595,43.25,19.25,2026-01-02T19:15:00Z,44.74318739747108,44.731004161603636,NORMAL,NORMAL,0.0,85.0,70.0,0.16787878787878788,0.0,0.0,0.0,1.0,3,-5.0,M2,nan,M1,M1,0,5.0,-5.0,0.41666666666666663,0.0,0.0,poor_tracking_condition,requested_mode_matches_applied_mode
threshold,persistent-low-generation,2,2600,43.333333333333336,19.333333333333332,2026-01-02T19:20:00Z,44.731004161603636,44.71882092573618,NORMAL,NORMAL,0.0,85.0,70.0,0.16787878787878788,0.0,0.0,0.0,1.0,3,-5.0,M2,nan,M1,M1,0,5.0,-5.0,0.41666666666666663,0.0,0.0,poor_tracking_condition,requested_mode_matches_applied_mode
threshold,persistent-low-generation,2,2605,43.416666666666664,19.416666666666668,2026-01-02T19:25:00Z,44.71882092573618,44.706637689868735,NORMAL,NORMAL,0.0,85.0,70.0,0.16787878787878788,0.0,0.0,0.0,1.0,3,-5.0,M2,nan,M1,M1,0,5.0,-5.0,0.41666666666666663,0.0,0.0,poor_tracking_condition,requested_mode_matches_applied_mode
threshold,persistent-low-generation,2,2610,43.5,19.5,2026-01-02T19:30:00Z,44.706637689868735,44.69445445400129,NORMAL,NORMAL,0.0,85.0,70.0,0.16787878787878788,0.0,0.0,0.0,1.0,3,-5.0,M2,nan,M1,M1,0,5.0,-5.0,0.41666666666666663,0.0,0.0,poor_tracking_condition,requested_mode_matches_applied_mode
threshold,persistent-low-generation,2,2615,43.583333333333336,19.583333333333332,2026-01-02T19:35:00Z,44.69445445400129,44.682271218133856,NORMAL,NORMAL,0.0,85.0,70.0,0.16787878787878788,0.0,0.0,0.0,1.0,3,-5.0,M2,nan,M1,M1,0,5.0,-5.0,0.41666666666666663,0.0,0.0,poor_tracking_condition,requested_mode_matches_applied_mode
threshold,persistent-low-generation,2,2620,43.666666666666664,19.666666666666668,2026-01-02T19:40:00Z,44.682271218133856,44.67008798226641,NORMAL,NORMAL,0.0,85.0,70.0,0.16787878787878788,0.0,0.0,0.0,1.0,3,-5.0,M2,nan,M1,M1,0,5.0,-5.0,0.41666666666666663,0.0,0.0,poor_tracking_condition,requested_mode_matches_applied_mode
threshold,persistent-low-generation,2,2625,43.75,19.75,2026-01-02T19:45:00Z,44.67008798226641,44.657904746398955,NORMAL,NORMAL,0.0,85.0,70.0,0.16787878787878788,0.0,0.0,0.0,1.0,3,-5.0,M2,nan,M1,M1,0,5.0,-5.0,0.41666666666666663,0.0,0.0,poor_tracking_condition,requested_mode_matches_applied_mode
threshold,persistent-low-generation,2,2630,43.833333333333336,19.833333333333332,2026-01-02T19:50:00Z,44.657904746398955,44.64572151053151,NORMAL,NORMAL,0.0,85.0,70.0,0.16787878787878788,0.0,0.0,0.0,1.0,3,-5.0,M2,nan,M1,M1,0,5.0,-5.0,0.41666666666666663,0.0,0.0,poor_tracking_condition,requested_mode_matches_applied_mode
threshold,persistent-low-generation,2,2635,43.916666666666664,19.916666666666668,2026-01-02T19:55:00Z,44.64572151053151,44.63353827466406,NORMAL,NORMAL,0.0,85.0,70.0,0.16787878787878788,0.0,0.0,0.0,1.0,3,-5.0,M2,nan,M1,M1,0,5.0,-5.0,0.41666666666666663,0.0,0.0,poor_tracking_condition,requested_mode_matches_applied_mode
threshold,persistent-low-generation,2,2640,44.0,20.0,2026-01-02T20:00:00Z,44.63353827466406,44.621355038796615,NORMAL,NORMAL,0.0,85.0,70.0,0.16787878787878788,0.0,0.0,0.0,0.75,2,-5.0,M2,nan,M1,M1,0,5.0,-5.0,0.41666666666666663,0.0,0.0,poor_tracking_condition,requested_mode_matches_applied_mode
threshold,persistent-low-generation,2,2645,44.083333333333336,20.083333333333332,2026-01-02T20:05:00Z,44.621355038796615,44.60917180292917,NORMAL,NORMAL,0.0,85.0,70.0,0.16787878787878788,0.0,0.0,0.0,0.75,2,-5.0,M2,nan,M1,M1,0,5.0,-5.0,0.41666666666666663,0.0,0.0,poor_tracking_condition,requested_mode_matches_applied_mode
threshold,persistent-low-generation,2,2650,44.166666666666664,20.166666666666668,2026-01-02T20:10:00Z,44.60917180292917,44.59698856706172,NORMAL,NORMAL,0.0,85.0,70.0,0.16787878787878788,0.0,0.0,0.0,0.75,2,-5.0,M2,nan,M1,M1,0,5.0,-5.0,0.41666666666666663,0.0,0.0,poor_tracking_condition,requested_mode_matches_applied_mode
threshold,persistent-low-generation,2,2655,44.25,20.25,2026-01-02T20:15:00Z,44.59698856706172,44.58480533119428,NORMAL,NORMAL,0.0,85.0,70.0,0.16787878787878788,0.0,0.0,0.0,0.75,2,-5.0,M2,nan,M1,M1,0,5.0,-5.0,0.41666666666666663,0.0,0.0,poor_tracking_condition,requested_mode_matches_applied_mode
threshold,persistent-low-generation,2,2660,44.333333333333336,20.333333333333332,2026-01-02T20:20:00Z,44.58480533119428,44.572622095326835,NORMAL,NORMAL,0.0,85.0,70.0,0.16787878787878788,0.0,0.0,0.0,0.75,2,-5.0,M2,nan,M1,M1,0,5.0,-5.0,0.41666666666666663,0.0,0.0,poor_tracking_condition,requested_mode_matches_applied_mode
threshold,persistent-low-generation,2,2665,44.416666666666664,20.416666666666668,2026-01-02T20:25:00Z,44.572622095326835,44.56043885945939,NORMAL,NORMAL,0.0,85.0,70.0,0.16787878787878788,0.0,0.0,0.0,0.75,2,-5.0,M2,nan,M1,M1,0,5.0,-5.0,0.41666666666666663,0.0,0.0,poor_tracking_condition,requested_mode_matches_applied_mode
threshold,persistent-low-generation,2,2670,44.5,20.5,2026-01-02T20:30:00Z,44.56043885945939,44.54825562359194,NORMAL,NORMAL,0.0,85.0,70.0,0.16787878787878788,0.0,0.0,0.0,0.75,2,-5.0,M2,nan,M1,M1,0,5.0,-5.0,0.41666666666666663,0.0,0.0,poor_tracking_condition,requested_mode_matches_applied_mode
threshold,persistent-low-generation,2,2675,44.583333333333336,20.583333333333332,2026-01-02T20:35:00Z,44.54825562359194,44.536072387724495,NORMAL,NORMAL,0.0,85.0,70.0,0.16787878787878788,0.0,0.0,0.0,0.75,2,-5.0,M2,nan,M1,M1,0,5.0,-5.0,0.41666666666666663,0.0,0.0,poor_tracking_condition,requested_mode_matches_applied_mode
threshold,persistent-low-generation,2,2680,44.666666666666664,20.666666666666668,2026-01-02T20:40:00Z,44.536072387724495,44.52388915185705,NORMAL,NORMAL,0.0,85.0,70.0,0.16787878787878788,0.0,0.0,0.0,0.75,2,-5.0,M2,nan,M1,M1,0,5.0,-5.0,0.41666666666666663,0.0,0.0,poor_tracking_condition,requested_mode_matches_applied_mode
threshold,persistent-low-generation,2,2685,44.75,20.75,2026-01-02T20:45:00Z,44.52388915185705,44.5117059159896,NORMAL,NORMAL,0.0,85.0,70.0,0.16787878787878788,0.0,0.0,0.0,0.75,2,-5.0,M2,nan,M1,M1,0,5.0,-5.0,0.41666666666666663,0.0,0.0,poor_tracking_condition,requested_mode_matches_applied_mode
threshold,persistent-low-generation,2,2690,44.833333333333336,20.833333333333332,2026-01-02T20:50:00Z,44.5117059159896,44.499522680122155,NORMAL,NORMAL,0.0,85.0,70.0,0.16787878787878788,0.0,0.0,0.0,0.75,2,-5.0,M2,nan,M1,M1,0,5.0,-5.0,0.41666666666666663,0.0,0.0,poor_tracking_condition,requested_mode_matches_applied_mode
threshold,persistent-low-generation,2,2695,44.916666666666664,20.916666666666668,2026-01-02T20:55:00Z,44.499522680122155,44.487339444254715,NORMAL,NORMAL,0.0,85.0,70.0,0.16787878787878788,0.0,0.0,0.0,0.75,2,-5.0,M2,nan,M1,M1,0,5.0,-5.0,0.41666666666666663,0.0,0.0,poor_tracking_condition,requested_mode_matches_applied_mode
threshold,persistent-low-generation,2,2700,45.0,21.0,2026-01-02T21:00:00Z,44.487339444254715,44.47515620838727,NORMAL,NORMAL,0.0,85.0,70.0,0.16787878787878788,0.0,0.0,0.0,0.75,2,-5.0,M2,nan,M1,M1,0,5.0,-5.0,0.41666666666666663,0.0,0.0,poor_tracking_condition,requested_mode_matches_applied_mode
threshold,persistent-low-generation,2,2705,45.083333333333336,21.083333333333332,2026-01-02T21:05:00Z,44.47515620838727,44.46297297251982,NORMAL,NORMAL,0.0,85.0,70.0,0.16787878787878788,0.0,0.0,0.0,0.75,2,-5.0,M2,nan,M1,M1,0,5.0,-5.0,0.41666666666666663,0.0,0.0,poor_tracking_condition,requested_mode_matches_applied_mode
threshold,persistent-low-generation,2,2710,45.166666666666664,21.166666666666668,2026-01-02T21:10:00Z,44.46297297251982,44.450789736652375,NORMAL,NORMAL,0.0,85.0,70.0,0.16787878787878788,0.0,0.0,0.0,0.75,2,-5.0,M2,nan,M1,M1,0,5.0,-5.0,0.41666666666666663,0.0,0.0,poor_tracking_condition,requested_mode_matches_applied_mode
threshold,persistent-low-generation,2,2715,45.25,21.25,2026-01-02T21:15:00Z,44.450789736652375,44.43860650078493,NORMAL,NORMAL,0.0,85.0,70.0,0.16787878787878788,0.0,0.0,0.0,0.75,2,-5.0,M2,nan,M1,M1,0,5.0,-5.0,0.41666666666666663,0.0,0.0,poor_tracking_condition,requested_mode_matches_applied_mode
threshold,persistent-low-generation,2,2720,45.333333333333336,21.333333333333332,2026-01-02T21:20:00Z,44.43860650078493,44.42642326491748,NORMAL,NORMAL,0.0,85.0,70.0,0.16787878787878788,0.0,0.0,0.0,0.75,2,-5.0,M2,nan,M1,M1,0,5.0,-5.0,0.41666666666666663,0.0,0.0,poor_tracking_condition,requested_mode_matches_applied_mode
threshold,persistent-low-generation,2,2725,45.416666666666664,21.416666666666668,2026-01-02T21:25:00Z,44.42642326491748,44.414240029050035,NORMAL,NORMAL,0.0,85.0,70.0,0.16787878787878788,0.0,0.0,0.0,0.75,2,-5.0,M2,nan,M1,M1,0,5.0,-5.0,0.41666666666666663,0.0,0.0,poor_tracking_condition,requested_mode_matches_applied_mode
threshold,persistent-low-generation,2,2730,45.5,21.5,2026-01-02T21:30:00Z,44.414240029050035,44.40205679318259,NORMAL,NORMAL,0.0,85.0,70.0,0.16787878787878788,0.0,0.0,0.0,0.75,2,-5.0,M2,nan,M1,M1,0,5.0,-5.0,0.41666666666666663,0.0,0.0,poor_tracking_condition,requested_mode_matches_applied_mode
threshold,persistent-low-generation,2,2735,45.583333333333336,21.583333333333332,2026-01-02T21:35:00Z,44.40205679318259,44.38987355731515,NORMAL,NORMAL,0.0,85.0,70.0,0.16787878787878788,0.0,0.0,0.0,0.75,2,-5.0,M2,nan,M1,M1,0,5.0,-5.0,0.41666666666666663,0.0,0.0,poor_tracking_condition,requested_mode_matches_applied_mode
threshold,persistent-low-generation,2,2740,45.666666666666664,21.666666666666668,2026-01-02T21:40:00Z,44.38987355731515,44.3776903214477,NORMAL,NORMAL,0.0,85.0,70.0,0.16787878787878788,0.0,0.0,0.0,0.75,2,-5.0,M2,nan,M1,M1,0,5.0,-5.0,0.41666666666666663,0.0,0.0,poor_tracking_condition,requested_mode_matches_applied_mode
threshold,persistent-low-generation,2,2745,45.75,21.75,2026-01-02T21:45:00Z,44.3776903214477,44.365507085580255,NORMAL,NORMAL,0.0,85.0,70.0,0.16787878787878788,0.0,0.0,0.0,0.75,2,-5.0,M2,nan,M1,M1,0,5.0,-5.0,0.41666666666666663,0.0,0.0,poor_tracking_condition,requested_mode_matches_applied_mode
threshold,persistent-low-generation,2,2750,45.833333333333336,21.833333333333332,2026-01-02T21:50:00Z,44.365507085580255,44.35332384971281,NORMAL,NORMAL,0.0,85.0,70.0,0.16787878787878788,0.0,0.0,0.0,0.75,2,-5.0,M2,nan,M1,M1,0,5.0,-5.0,0.41666666666666663,0.0,0.0,poor_tracking_condition,requested_mode_matches_applied_mode
threshold,persistent-low-generation,2,2755,45.916666666666664,21.916666666666668,2026-01-02T21:55:00Z,44.35332384971281,44.34114061384536,NORMAL,NORMAL,0.0,85.0,70.0,0.16787878787878788,0.0,0.0,0.0,0.75,2,-5.0,M2,nan,M1,M1,0,5.0,-5.0,0.41666666666666663,0.0,0.0,poor_tracking_condition,requested_mode_matches_applied_mode
threshold,persistent-low-generation,2,2760,46.0,22.0,2026-01-02T22:00:00Z,44.34114061384536,44.328957377977915,NORMAL,NORMAL,0.0,85.0,70.0,0.16787878787878788,0.0,0.0,0.0,0.75,2,-5.0,M2,nan,M1,M1,0,5.0,-5.0,0.41666666666666663,0.0,0.0,poor_tracking_condition,requested_mode_matches_applied_mode
threshold,persistent-low-generation,2,2765,46.083333333333336,22.083333333333332,2026-01-02T22:05:00Z,44.328957377977915,44.31677414211047,NORMAL,NORMAL,0.0,85.0,70.0,0.16787878787878788,0.0,0.0,0.0,0.75,2,-5.0,M2,nan,M1,M1,0,5.0,-5.0,0.41666666666666663,0.0,0.0,poor_tracking_condition,requested_mode_matches_applied_mode
threshold,persistent-low-generation,2,2770,46.166666666666664,22.166666666666668,2026-01-02T22:10:00Z,44.31677414211047,44.30459090624302,NORMAL,NORMAL,0.0,85.0,70.0,0.16787878787878788,0.0,0.0,0.0,0.75,2,-5.0,M2,nan,M1,M1,0,5.0,-5.0,0.41666666666666663,0.0,0.0,poor_tracking_condition,requested_mode_matches_applied_mode
threshold,persistent-low-generation,2,2775,46.25,22.25,2026-01-02T22:15:00Z,44.30459090624302,44.29240767037558,NORMAL,NORMAL,0.0,85.0,70.0,0.16787878787878788,0.0,0.0,0.0,0.75,2,-5.0,M2,nan,M1,M1,0,5.0,-5.0,0.41666666666666663,0.0,0.0,poor_tracking_condition,requested_mode_matches_applied_mode
threshold,persistent-low-generation,2,2780,46.333333333333336,22.333333333333332,2026-01-02T22:20:00Z,44.29240767037558,44.280224434508135,NORMAL,NORMAL,0.0,85.0,70.0,0.16787878787878788,0.0,0.0,0.0,0.75,2,-5.0,M2,nan,M1,M1,0,5.0,-5.0,0.41666666666666663,0.0,0.0,poor_tracking_condition,requested_mode_matches_applied_mode
threshold,persistent-low-generation,2,2785,46.416666666666664,22.416666666666668,2026-01-02T22:25:00Z,44.280224434508135,44.26804119864069,NORMAL,NORMAL,0.0,85.0,70.0,0.16787878787878788,0.0,0.0,0.0,0.75,2,-5.0,M2,nan,M1,M1,0,5.0,-5.0,0.41666666666666663,0.0,0.0,poor_tracking_condition,requested_mode_matches_applied_mode
threshold,persistent-low-generation,2,2790,46.5,22.5,2026-01-02T22:30:00Z,44.26804119864069,44.25585796277324,NORMAL,NORMAL,0.0,85.0,70.0,0.16787878787878788,0.0,0.0,0.0,0.75,2,-5.0,M2,nan,M1,M1,0,5.0,-5.0,0.41666666666666663,0.0,0.0,poor_tracking_condition,requested_mode_matches_applied_mode
threshold,persistent-low-generation,2,2795,46.583333333333336,22.583333333333332,2026-01-02T22:35:00Z,44.25585796277324,44.243674726905795,NORMAL,NORMAL,0.0,85.0,70.0,0.16787878787878788,0.0,0.0,0.0,0.75,2,-5.0,M2,nan,M1,M1,0,5.0,-5.0,0.41666666666666663,0.0,0.0,poor_tracking_condition,requested_mode_matches_applied_mode
threshold,persistent-low-generation,2,2800,46.666666666666664,22.666666666666668,2026-01-02T22:40:00Z,44.243674726905795,44.23149149103835,NORMAL,NORMAL,0.0,85.0,70.0,0.16787878787878788,0.0,0.0,0.0,0.75,2,-5.0,M2,nan,M1,M1,0,5.0,-5.0,0.41666666666666663,0.0,0.0,poor_tracking_condition,requested_mode_matches_applied_mode
threshold,persistent-low-generation,2,2805,46.75,22.75,2026-01-02T22:45:00Z,44.23149149103835,44.2193082551709,NORMAL,NORMAL,0.0,85.0,70.0,0.16787878787878788,0.0,0.0,0.0,0.75,2,-5.0,M2,nan,M1,M1,0,5.0,-5.0,0.41666666666666663,0.0,0.0,poor_tracking_condition,requested_mode_matches_applied_mode
threshold,persistent-low-generation,2,2810,46.833333333333336,22.833333333333332,2026-01-02T22:50:00Z,44.2193082551709,44.207125019303454,NORMAL,NORMAL,0.0,85.0,70.0,0.16787878787878788,0.0,0.0,0.0,0.75,2,-5.0,M2,nan,M1,M1,0,5.0,-5.0,0.41666666666666663,0.0,0.0,poor_tracking_condition,requested_mode_matches_applied_mode
threshold,persistent-low-generation,2,2815,46.916666666666664,22.916666666666668,2026-01-02T22:55:00Z,44.207125019303454,44.194941783436015,NORMAL,NORMAL,0.0,85.0,70.0,0.16787878787878788,0.0,0.0,0.0,0.75,2,-5.0,M2,nan,M1,M1,0,5.0,-5.0,0.41666666666666663,0.0,0.0,poor_tracking_condition,requested_mode_matches_applied_mode
threshold,persistent-low-generation,2,2820,47.0,23.0,2026-01-02T23:00:00Z,44.194941783436015,44.18275854756857,NORMAL,NORMAL,0.0,85.0,70.0,0.16787878787878788,0.0,0.0,0.0,0.35,1,-5.0,M2,nan,M1,M1,0,5.0,-5.0,0.41666666666666663,0.0,0.0,poor_tracking_condition,requested_mode_matches_applied_mode
threshold,persistent-low-generation,2,2825,47.083333333333336,23.083333333333332,2026-01-02T23:05:00Z,44.18275854756857,44.17057531170112,NORMAL,NORMAL,0.0,85.0,70.0,0.16787878787878788,0.0,0.0,0.0,0.35,1,-5.0,M2,nan,M1,M1,0,5.0,-5.0,0.41666666666666663,0.0,0.0,poor_tracking_condition,requested_mode_matches_applied_mode
threshold,persistent-low-generation,2,2830,47.166666666666664,23.166666666666668,2026-01-02T23:10:00Z,44.17057531170112,44.158392075833675,NORMAL,NORMAL,0.0,85.0,70.0,0.16787878787878788,0.0,0.0,0.0,0.35,1,-5.0,M2,nan,M1,M1,0,5.0,-5.0,0.41666666666666663,0.0,0.0,poor_tracking_condition,requested_mode_matches_applied_mode
threshold,persistent-low-generation,2,2835,47.25,23.25,2026-01-02T23:15:00Z,44.158392075833675,44.14620883996623,NORMAL,NORMAL,0.0,85.0,70.0,0.16787878787878788,0.0,0.0,0.0,0.35,1,-5.0,M2,nan,M1,M1,0,5.0,-5.0,0.41666666666666663,0.0,0.0,poor_tracking_condition,requested_mode_matches_applied_mode
threshold,persistent-low-generation,2,2840,47.333333333333336,23.333333333333332,2026-01-02T23:20:00Z,44.14620883996623,44.13402560409878,NORMAL,NORMAL,0.0,85.0,70.0,0.16787878787878788,0.0,0.0,0.0,0.35,1,-5.0,M2,nan,M1,M1,0,5.0,-5.0,0.41666666666666663,0.0,0.0,poor_tracking_condition,requested_mode_matches_applied_mode
threshold,persistent-low-generation,2,2845,47.416666666666664,23.416666666666668,2026-01-02T23:25:00Z,44.13402560409878,44.121842368231334,NORMAL,NORMAL,0.0,85.0,70.0,0.16787878787878788,0.0,0.0,0.0,0.35,1,-5.0,M2,nan,M1,M1,0,5.0,-5.0,0.41666666666666663,0.0,0.0,poor_tracking_condition,requested_mode_matches_applied_mode
threshold,persistent-low-generation,2,2850,47.5,23.5,2026-01-02T23:30:00Z,44.121842368231334,44.10965913236389,NORMAL,NORMAL,0.0,85.0,70.0,0.16787878787878788,0.0,0.0,0.0,0.35,1,-5.0,M2,nan,M1,M1,0,5.0,-5.0,0.41666666666666663,0.0,0.0,poor_tracking_condition,requested_mode_matches_applied_mode
threshold,persistent-low-generation,2,2855,47.583333333333336,23.583333333333332,2026-01-02T23:35:00Z,44.10965913236389,44.09747589649645,NORMAL,NORMAL,0.0,85.0,70.0,0.16787878787878788,0.0,0.0,0.0,0.35,1,-5.0,M2,nan,M1,M1,0,5.0,-5.0,0.41666666666666663,0.0,0.0,poor_tracking_condition,requested_mode_matches_applied_mode
threshold,persistent-low-generation,2,2860,47.666666666666664,23.666666666666668,2026-01-02T23:40:00Z,44.09747589649645,44.085292660629,NORMAL,NORMAL,0.0,85.0,70.0,0.16787878787878788,0.0,0.0,0.0,0.35,1,-5.0,M2,nan,M1,M1,0,5.0,-5.0,0.41666666666666663,0.0,0.0,poor_tracking_condition,requested_mode_matches_applied_mode
threshold,persistent-low-generation,2,2865,47.75,23.75,2026-01-02T23:45:00Z,44.085292660629,44.073109424761554,NORMAL,NORMAL,0.0,85.0,70.0,0.16787878787878788,0.0,0.0,0.0,0.35,1,-5.0,M2,nan,M1,M1,0,5.0,-5.0,0.41666666666666663,0.0,0.0,poor_tracking_condition,requested_mode_matches_applied_mode
threshold,persistent-low-generation,2,2870,47.833333333333336,23.833333333333332,2026-01-02T23:50:00Z,44.073109424761554,44.06092618889411,NORMAL,NORMAL,0.0,85.0,70.0,0.16787878787878788,0.0,0.0,0.0,0.35,1,-5.0,M2,nan,M1,M1,0,5.0,-5.0,0.41666666666666663,0.0,0.0,poor_tracking_condition,requested_mode_matches_applied_mode
threshold,persistent-low-generation,2,2875,47.916666666666664,23.916666666666668,2026-01-02T23:55:00Z,44.06092618889411,44.04874295302666,NORMAL,NORMAL,0.0,85.0,70.0,0.16787878787878788,0.0,0.0,0.0,0.35,1,-5.0,M2,nan,M1,M1,0,5.0,-5.0,0.41666666666666663,0.0,0.0,poor_tracking_condition,requested_mode_matches_applied_mode
threshold,persistent-low-generation,3,2880,48.0,0.0,2026-01-03T00:00:00Z,44.04874295302666,44.036559717159214,NORMAL,NORMAL,0.0,85.0,70.0,0.16787878787878788,0.0,0.0,0.0,0.2,0,-5.0,M2,nan,M1,M1,0,5.0,-5.0,0.41666666666666663,0.0,0.0,poor_tracking_condition,requested_mode_matches_applied_mode
threshold,persistent-low-generation,3,2885,48.083333333333336,0.08333333333333333,2026-01-03T00:05:00Z,44.036559717159214,44.02437648129177,NORMAL,NORMAL,0.0,85.0,70.0,0.16787878787878788,0.0,0.0,0.0,0.2,0,-5.0,M2,nan,M1,M1,0,5.0,-5.0,0.41666666666666663,0.0,0.0,poor_tracking_condition,requested_mode_matches_applied_mode
threshold,persistent-low-generation,3,2890,48.166666666666664,0.16666666666666666,2026-01-03T00:10:00Z,44.02437648129177,44.01219324542432,NORMAL,NORMAL,0.0,85.0,70.0,0.16787878787878788,0.0,0.0,0.0,0.2,0,-5.0,M2,nan,M1,M1,0,5.0,-5.0,0.41666666666666663,0.0,0.0,poor_tracking_condition,requested_mode_matches_applied_mode
threshold,persistent-low-generation,3,2895,48.25,0.25,2026-01-03T00:15:00Z,44.01219324542432,44.00001000955688,NORMAL,NORMAL,0.0,85.0,70.0,0.16787878787878788,0.0,0.0,0.0,0.2,0,-5.0,M2,nan,M1,M1,0,5.0,-5.0,0.41666666666666663,0.0,0.0,poor_tracking_condition,requested_mode_matches_applied_mode
threshold,persistent-low-generation,3,2900,48.333333333333336,0.3333333333333333,2026-01-03T00:20:00Z,44.00001000955688,43.987826773689434,NORMAL,NORMAL,0.0,85.0,70.0,0.16787878787878788,0.0,0.0,0.0,0.2,0,-5.0,M2,nan,M1,M1,0,5.0,-5.0,0.41666666666666663,0.0,0.0,poor_tracking_condition,requested_mode_matches_applied_mode
threshold,persistent-low-generation,3,2905,48.416666666666664,0.4166666666666667,2026-01-03T00:25:00Z,43.987826773689434,43.97564353782199,NORMAL,NORMAL,0.0,85.0,70.0,0.16787878787878788,0.0,0.0,0.0,0.2,0,-5.0,M2,nan,M1,M1,0,5.0,-5.0,0.41666666666666663,0.0,0.0,poor_tracking_condition,requested_mode_matches_applied_mode
threshold,persistent-low-generation,3,2910,48.5,0.5,2026-01-03T00:30:00Z,43.97564353782199,43.96346030195454,NORMAL,NORMAL,0.0,85.0,70.0,0.16787878787878788,0.0,0.0,0.0,0.2,0,-5.0,M2,nan,M1,M1,0,5.0,-5.0,0.41666666666666663,0.0,0.0,poor_tracking_condition,requested_mode_matches_applied_mode
threshold,persistent-low-generation,3,2915,48.583333333333336,0.5833333333333334,2026-01-03T00:35:00Z,43.96346030195454,43.951277066087094,NORMAL,NORMAL,0.0,85.0,70.0,0.16787878787878788,0.0,0.0,0.0,0.2,0,-5.0,M2,nan,M1,M1,0,5.0,-5.0,0.41666666666666663,0.0,0.0,poor_tracking_condition,requested_mode_matches_applied_mode
threshold,persistent-low-generation,3,2920,48.666666666666664,0.6666666666666666,2026-01-03T00:40:00Z,43.951277066087094,43.93909383021965,NORMAL,NORMAL,0.0,85.0,70.0,0.16787878787878788,0.0,0.0,0.0,0.2,0,-5.0,M2,nan,M1,M1,0,5.0,-5.0,0.41666666666666663,0.0,0.0,poor_tracking_condition,requested_mode_matches_applied_mode
threshold,persistent-low-generation,3,2925,48.75,0.75,2026-01-03T00:45:00Z,43.93909383021965,43.9269105943522,NORMAL,NORMAL,0.0,85.0,70.0,0.16787878787878788,0.0,0.0,0.0,0.2,0,-5.0,M2,nan,M1,M1,0,5.0,-5.0,0.41666666666666663,0.0,0.0,poor_tracking_condition,requested_mode_matches_applied_mode
threshold,persistent-low-generation,3,2930,48.833333333333336,0.8333333333333334,2026-01-03T00:50:00Z,43.9269105943522,43.914727358484754,NORMAL,NORMAL,0.0,85.0,70.0,0.16787878787878788,0.0,0.0,0.0,0.2,0,-5.0,M2,nan,M1,M1,0,5.0,-5.0,0.41666666666666663,0.0,0.0,poor_tracking_condition,requested_mode_matches_applied_mode
threshold,persistent-low-generation,3,2935,48.916666666666664,0.9166666666666666,2026-01-03T00:55:00Z,43.914727358484754,43.902544122617314,NORMAL,NORMAL,0.0,85.0,70.0,0.16787878787878788,0.0,0.0,0.0,0.2,0,-5.0,M2,nan,M1,M1,0,5.0,-5.0,0.41666666666666663,0.0,0.0,poor_tracking_condition,requested_mode_matches_applied_mode
threshold,persistent-low-generation,3,2940,49.0,1.0,2026-01-03T01:00:00Z,43.902544122617314,43.89036088674987,NORMAL,NORMAL,0.0,85.0,70.0,0.16787878787878788,0.0,0.0,0.0,0.2,0,-5.0,M2,nan,M1,M1,0,5.0,-5.0,0.41666666666666663,0.0,0.0,poor_tracking_condition,requested_mode_matches_applied_mode
threshold,persistent-low-generation,3,2945,49.083333333333336,1.0833333333333333,2026-01-03T01:05:00Z,43.89036088674987,43.87817765088242,NORMAL,NORMAL,0.0,85.0,70.0,0.16787878787878788,0.0,0.0,0.0,0.2,0,-5.0,M2,nan,M1,M1,0,5.0,-5.0,0.41666666666666663,0.0,0.0,poor_tracking_condition,requested_mode_matches_applied_mode
threshold,persistent-low-generation,3,2950,49.166666666666664,1.1666666666666667,2026-01-03T01:10:00Z,43.87817765088242,43.865994415014974,NORMAL,NORMAL,0.0,85.0,70.0,0.16787878787878788,0.0,0.0,0.0,0.2,0,-5.0,M2,nan,M1,M1,0,5.0,-5.0,0.41666666666666663,0.0,0.0,poor_tracking_condition,requested_mode_matches_applied_mode
threshold,persistent-low-generation,3,2955,49.25,1.25,2026-01-03T01:15:00Z,43.865994415014974,43.85381117914753,NORMAL,NORMAL,0.0,85.0,70.0,0.16787878787878788,0.0,0.0,0.0,0.2,0,-5.0,M2,nan,M1,M1,0,5.0,-5.0,0.41666666666666663,0.0,0.0,poor_tracking_condition,requested_mode_matches_applied_mode
threshold,persistent-low-generation,3,2960,49.333333333333336,1.3333333333333333,2026-01-03T01:20:00Z,43.85381117914753,43.84162794328007,NORMAL,NORMAL,0.0,85.0,70.0,0.16787878787878788,0.0,0.0,0.0,0.2,0,-5.0,M2,nan,M1,M1,0,5.0,-5.0,0.41666666666666663,0.0,0.0,poor_tracking_condition,requested_mode_matches_applied_mode
threshold,persistent-low-generation,3,2965,49.416666666666664,1.4166666666666667,2026-01-03T01:25:00Z,43.84162794328007,43.82944470741263,NORMAL,NORMAL,0.0,85.0,70.0,0.16787878787878788,0.0,0.0,0.0,0.2,0,-5.0,M2,nan,M1,M1,0,5.0,-5.0,0.41666666666666663,0.0,0.0,poor_tracking_condition,requested_mode_matches_applied_mode
threshold,persistent-low-generation,3,2970,49.5,1.5,2026-01-03T01:30:00Z,43.82944470741263,43.81726147154518,NORMAL,NORMAL,0.0,85.0,70.0,0.16787878787878788,0.0,0.0,0.0,0.2,0,-5.0,M2,nan,M1,M1,0,5.0,-5.0,0.41666666666666663,0.0,0.0,poor_tracking_condition,requested_mode_matches_applied_mode
threshold,persistent-low-generation,3,2975,49.583333333333336,1.5833333333333333,2026-01-03T01:35:00Z,43.81726147154518,43.80507823567775,NORMAL,NORMAL,0.0,85.0,70.0,0.16787878787878788,0.0,0.0,0.0,0.2,0,-5.0,M2,nan,M1,M1,0,5.0,-5.0,0.41666666666666663,0.0,0.0,poor_tracking_condition,requested_mode_matches_applied_mode
threshold,persistent-low-generation,3,2980,49.666666666666664,1.6666666666666667,2026-01-03T01:40:00Z,43.80507823567775,43.7928949998103,NORMAL,NORMAL,0.0,85.0,70.0,0.16787878787878788,0.0,0.0,0.0,0.2,0,-5.0,M2,nan,M1,M1,0,5.0,-5.0,0.41666666666666663,0.0,0.0,poor_tracking_condition,requested_mode_matches_applied_mode
threshold,persistent-low-generation,3,2985,49.75,1.75,2026-01-03T01:45:00Z,43.7928949998103,43.78071176394285,NORMAL,NORMAL,0.0,85.0,70.0,0.16787878787878788,0.0,0.0,0.0,0.2,0,-5.0,M2,nan,M1,M1,0,5.0,-5.0,0.41666666666666663,0.0,0.0,poor_tracking_condition,requested_mode_matches_applied_mode
threshold,persistent-low-generation,3,2990,49.833333333333336,1.8333333333333333,2026-01-03T01:50:00Z,43.78071176394285,43.7685285280754,NORMAL,NORMAL,0.0,85.0,70.0,0.16787878787878788,0.0,0.0,0.0,0.2,0,-5.0,M2,nan,M1,M1,0,5.0,-5.0,0.41666666666666663,0.0,0.0,poor_tracking_condition,requested_mode_matches_applied_mode
threshold,persistent-low-generation,3,2995,49.916666666666664,1.9166666666666667,2026-01-03T01:55:00Z,43.7685285280754,43.75634529220795,NORMAL,NORMAL,0.0,85.0,70.0,0.16787878787878788,0.0,0.0,0.0,0.2,0,-5.0,M2,nan,M1,M1,0,5.0,-5.0,0.41666666666666663,0.0,0.0,poor_tracking_condition,requested_mode_matches_applied_mode
threshold,persistent-low-generation,3,3000,50.0,2.0,2026-01-03T02:00:00Z,43.75634529220795,43.74416205634051,NORMAL,NORMAL,0.0,85.0,70.0,0.16787878787878788,0.0,0.0,0.0,0.2,0,-5.0,M2,nan,M1,M1,0,5.0,-5.0,0.41666666666666663,0.0,0.0,poor_tracking_condition,requested_mode_matches_applied_mode
threshold,persistent-low-generation,3,3005,50.083333333333336,2.0833333333333335,2026-01-03T02:05:00Z,43.74416205634051,43.73197882047306,NORMAL,NORMAL,0.0,85.0,70.0,0.16787878787878788,0.0,0.0,0.0,0.2,0,-5.0,M2,nan,M1,M1,0,5.0,-5.0,0.41666666666666663,0.0,0.0,poor_tracking_condition,requested_mode_matches_applied_mode
threshold,persistent-low-generation,3,3010,50.166666666666664,2.1666666666666665,2026-01-03T02:10:00Z,43.73197882047306,43.71979558460561,NORMAL,NORMAL,0.0,85.0,70.0,0.16787878787878788,0.0,0.0,0.0,0.2,0,-5.0,M2,nan,M1,M1,0,5.0,-5.0,0.41666666666666663,0.0,0.0,poor_tracking_condition,requested_mode_matches_applied_mode
threshold,persistent-low-generation,3,3015,50.25,2.25,2026-01-03T02:15:00Z,43.71979558460561,43.707612348738174,NORMAL,NORMAL,0.0,85.0,70.0,0.16787878787878788,0.0,0.0,0.0,0.2,0,-5.0,M2,nan,M1,M1,0,5.0,-5.0,0.41666666666666663,0.0,0.0,poor_tracking_condition,requested_mode_matches_applied_mode
threshold,persistent-low-generation,3,3020,50.333333333333336,2.3333333333333335,2026-01-03T02:20:00Z,43.707612348738174,43.69542911287073,NORMAL,NORMAL,0.0,85.0,70.0,0.16787878787878788,0.0,0.0,0.0,0.2,0,-5.0,M2,nan,M1,M1,0,5.0,-5.0,0.41666666666666663,0.0,0.0,poor_tracking_condition,requested_mode_matches_applied_mode
threshold,persistent-low-generation,3,3025,50.416666666666664,2.4166666666666665,2026-01-03T02:25:00Z,43.69542911287073,43.68324587700328,NORMAL,NORMAL,0.0,85.0,70.0,0.16787878787878788,0.0,0.0,0.0,0.2,0,-5.0,M2,nan,M1,M1,0,5.0,-5.0,0.41666666666666663,0.0,0.0,poor_tracking_condition,requested_mode_matches_applied_mode
threshold,persistent-low-generation,3,3030,50.5,2.5,2026-01-03T02:30:00Z,43.68324587700328,43.67106264113583,NORMAL,NORMAL,0.0,85.0,70.0,0.16787878787878788,0.0,0.0,0.0,0.2,0,-5.0,M2,nan,M1,M1,0,5.0,-5.0,0.41666666666666663,0.0,0.0,poor_tracking_condition,requested_mode_matches_applied_mode
threshold,persistent-low-generation,3,3035,50.583333333333336,2.5833333333333335,2026-01-03T02:35:00Z,43.67106264113583,43.65887940526839,NORMAL,NORMAL,0.0,85.0,70.0,0.16787878787878788,0.0,0.0,0.0,0.2,0,-5.0,M2,nan,M1,M1,0,5.0,-5.0,0.41666666666666663,0.0,0.0,poor_tracking_condition,requested_mode_matches_applied_mode
threshold,persistent-low-generation,3,3040,50.666666666666664,2.6666666666666665,2026-01-03T02:40:00Z,43.65887940526839,43.64669616940094,NORMAL,NORMAL,0.0,85.0,70.0,0.16787878787878788,0.0,0.0,0.0,0.2,0,-5.0,M2,nan,M1,M1,0,5.0,-5.0,0.41666666666666663,0.0,0.0,poor_tracking_condition,requested_mode_matches_applied_mode
threshold,persistent-low-generation,3,3045,50.75,2.75,2026-01-03T02:45:00Z,43.64669616940094,43.63451293353349,NORMAL,NORMAL,0.0,85.0,70.0,0.16787878787878788,0.0,0.0,0.0,0.2,0,-5.0,M2,nan,M1,M1,0,5.0,-5.0,0.41666666666666663,0.0,0.0,poor_tracking_condition,requested_mode_matches_applied_mode
threshold,persistent-low-generation,3,3050,50.833333333333336,2.8333333333333335,2026-01-03T02:50:00Z,43.63451293353349,43.622329697666046,NORMAL,NORMAL,0.0,85.0,70.0,0.16787878787878788,0.0,0.0,0.0,0.2,0,-5.0,M2,nan,M1,M1,0,5.0,-5.0,0.41666666666666663,0.0,0.0,poor_tracking_condition,requested_mode_matches_applied_mode
threshold,persistent-low-generation,3,3055,50.916666666666664,2.9166666666666665,2026-01-03T02:55:00Z,43.622329697666046,43.61014646179861,NORMAL,NORMAL,0.0,85.0,70.0,0.16787878787878788,0.0,0.0,0.0,0.2,0,-5.0,M2,nan,M1,M1,0,5.0,-5.0,0.41666666666666663,0.0,0.0,poor_tracking_condition,requested_mode_matches_applied_mode
threshold,persistent-low-generation,3,3060,51.0,3.0,2026-01-03T03:00:00Z,43.61014646179861,43.59796322593116,NORMAL,NORMAL,0.0,85.0,70.0,0.16787878787878788,0.0,0.0,0.0,0.2,0,-5.0,M2,nan,M1,M1,0,5.0,-5.0,0.41666666666666663,0.0,0.0,poor_tracking_condition,requested_mode_matches_applied_mode
threshold,persistent-low-generation,3,3065,51.083333333333336,3.0833333333333335,2026-01-03T03:05:00Z,43.59796322593116,43.58577999006371,NORMAL,NORMAL,0.0,85.0,70.0,0.16787878787878788,0.0,0.0,0.0,0.2,0,-5.0,M2,nan,M1,M1,0,5.0,-5.0,0.41666666666666663,0.0,0.0,poor_tracking_condition,requested_mode_matches_applied_mode
threshold,persistent-low-generation,3,3070,51.166666666666664,3.1666666666666665,2026-01-03T03:10:00Z,43.58577999006371,43.57359675419627,NORMAL,NORMAL,0.0,85.0,70.0,0.16787878787878788,0.0,0.0,0.0,0.2,0,-5.0,M2,nan,M1,M1,0,5.0,-5.0,0.41666666666666663,0.0,0.0,poor_tracking_condition,requested_mode_matches_applied_mode
threshold,persistent-low-generation,3,3075,51.25,3.25,2026-01-03T03:15:00Z,43.57359675419627,43.56141351832882,NORMAL,NORMAL,0.0,85.0,70.0,0.16787878787878788,0.0,0.0,0.0,0.2,0,-5.0,M2,nan,M1,M1,0,5.0,-5.0,0.41666666666666663,0.0,0.0,poor_tracking_condition,requested_mode_matches_applied_mode
threshold,persistent-low-generation,3,3080,51.333333333333336,3.3333333333333335,2026-01-03T03:20:00Z,43.56141351832882,43.54923028246137,NORMAL,NORMAL,0.0,85.0,70.0,0.16787878787878788,0.0,0.0,0.0,0.2,0,-5.0,M2,nan,M1,M1,0,5.0,-5.0,0.41666666666666663,0.0,0.0,poor_tracking_condition,requested_mode_matches_applied_mode
threshold,persistent-low-generation,3,3085,51.416666666666664,3.4166666666666665,2026-01-03T03:25:00Z,43.54923028246137,43.537047046593926,NORMAL,NORMAL,0.0,85.0,70.0,0.16787878787878788,0.0,0.0,0.0,0.2,0,-5.0,M2,nan,M1,M1,0,5.0,-5.0,0.41666666666666663,0.0,0.0,poor_tracking_condition,requested_mode_matches_applied_mode
threshold,persistent-low-generation,3,3090,51.5,3.5,2026-01-03T03:30:00Z,43.537047046593926,43.52486381072648,NORMAL,NORMAL,0.0,85.0,70.0,0.16787878787878788,0.0,0.0,0.0,0.2,0,-5.0,M2,nan,M1,M1,0,5.0,-5.0,0.41666666666666663,0.0,0.0,poor_tracking_condition,requested_mode_matches_applied_mode
threshold,persistent-low-generation,3,3095,51.583333333333336,3.5833333333333335,2026-01-03T03:35:00Z,43.52486381072648,43.51268057485904,NORMAL,NORMAL,0.0,85.0,70.0,0.16787878787878788,0.0,0.0,0.0,0.2,0,-5.0,M2,nan,M1,M1,0,5.0,-5.0,0.41666666666666663,0.0,0.0,poor_tracking_condition,requested_mode_matches_applied_mode
threshold,persistent-low-generation,3,3100,51.666666666666664,3.6666666666666665,2026-01-03T03:40:00Z,43.51268057485904,43.50049733899159,NORMAL,NORMAL,0.0,85.0,70.0,0.16787878787878788,0.0,0.0,0.0,0.2,0,-5.0,M2,nan,M1,M1,0,5.0,-5.0,0.41666666666666663,0.0,0.0,poor_tracking_condition,requested_mode_matches_applied_mode
threshold,persistent-low-generation,3,3105,51.75,3.75,2026-01-03T03:45:00Z,43.50049733899159,43.48831410312415,NORMAL,NORMAL,0.0,85.0,70.0,0.16787878787878788,0.0,0.0,0.0,0.2,0,-5.0,M2,nan,M1,M1,0,5.0,-5.0,0.41666666666666663,0.0,0.0,poor_tracking_condition,requested_mode_matches_applied_mode
threshold,persistent-low-generation,3,3110,51.833333333333336,3.8333333333333335,2026-01-03T03:50:00Z,43.48831410312415,43.4761308672567,NORMAL,NORMAL,0.0,85.0,70.0,0.16787878787878788,0.0,0.0,0.0,0.2,0,-5.0,M2,nan,M1,M1,0,5.0,-5.0,0.41666666666666663,0.0,0.0,poor_tracking_condition,requested_mode_matches_applied_mode
threshold,persistent-low-generation,3,3115,51.916666666666664,3.9166666666666665,2026-01-03T03:55:00Z,43.4761308672567,43.46394763138925,NORMAL,NORMAL,0.0,85.0,70.0,0.16787878787878788,0.0,0.0,0.0,0.2,0,-5.0,M2,nan,M1,M1,0,5.0,-5.0,0.41666666666666663,0.0,0.0,poor_tracking_condition,requested_mode_matches_applied_mode
threshold,persistent-low-generation,3,3120,52.0,4.0,2026-01-03T04:00:00Z,43.46394763138925,43.451764395521806,NORMAL,NORMAL,0.0,85.0,70.0,0.16787878787878788,0.0,0.0,0.0,0.2,0,-5.0,M2,nan,M1,M1,0,5.0,-5.0,0.41666666666666663,0.0,0.0,poor_tracking_condition,requested_mode_matches_applied_mode
threshold,persistent-low-generation,3,3125,52.083333333333336,4.083333333333333,2026-01-03T04:05:00Z,43.451764395521806,43.43958115965436,NORMAL,NORMAL,0.0,85.0,70.0,0.16787878787878788,0.0,0.0,0.0,0.2,0,-5.0,M2,nan,M1,M1,0,5.0,-5.0,0.41666666666666663,0.0,0.0,poor_tracking_condition,requested_mode_matches_applied_mode
threshold,persistent-low-generation,3,3130,52.166666666666664,4.166666666666667,2026-01-03T04:10:00Z,43.43958115965436,43.42739792378691,NORMAL,NORMAL,0.0,85.0,70.0,0.16787878787878788,0.0,0.0,0.0,0.2,0,-5.0,M2,nan,M1,M1,0,5.0,-5.0,0.41666666666666663,0.0,0.0,poor_tracking_condition,requested_mode_matches_applied_mode
threshold,persistent-low-generation,3,3135,52.25,4.25,2026-01-03T04:15:00Z,43.42739792378691,43.41521468791947,NORMAL,NORMAL,0.0,85.0,70.0,0.16787878787878788,0.0,0.0,0.0,0.2,0,-5.0,M2,nan,M1,M1,0,5.0,-5.0,0.41666666666666663,0.0,0.0,poor_tracking_condition,requested_mode_matches_applied_mode
threshold,persistent-low-generation,3,3140,52.333333333333336,4.333333333333333,2026-01-03T04:20:00Z,43.41521468791947,43.403031452052026,NORMAL,NORMAL,0.0,85.0,70.0,0.16787878787878788,0.0,0.0,0.0,0.2,0,-5.0,M2,nan,M1,M1,0,5.0,-5.0,0.41666666666666663,0.0,0.0,poor_tracking_condition,requested_mode_matches_applied_mode
threshold,persistent-low-generation,3,3145,52.416666666666664,4.416666666666667,2026-01-03T04:25:00Z,43.403031452052026,43.39084821618458,NORMAL,NORMAL,0.0,85.0,70.0,0.16787878787878788,0.0,0.0,0.0,0.2,0,-5.0,M2,nan,M1,M1,0,5.0,-5.0,0.41666666666666663,0.0,0.0,poor_tracking_condition,requested_mode_matches_applied_mode
threshold,persistent-low-generation,3,3150,52.5,4.5,2026-01-03T04:30:00Z,43.39084821618458,43.37866498031713,NORMAL,NORMAL,0.0,85.0,70.0,0.16787878787878788,0.0,0.0,0.0,0.2,0,-5.0,M2,nan,M1,M1,0,5.0,-5.0,0.41666666666666663,0.0,0.0,poor_tracking_condition,requested_mode_matches_applied_mode
threshold,persistent-low-generation,3,3155,52.583333333333336,4.583333333333333,2026-01-03T04:35:00Z,43.37866498031713,43.366481744449686,NORMAL,NORMAL,0.0,85.0,70.0,0.16787878787878788,0.0,0.0,0.0,0.2,0,-5.0,M2,nan,M1,M1,0,5.0,-5.0,0.41666666666666663,0.0,0.0,poor_tracking_condition,requested_mode_matches_applied_mode
threshold,persistent-low-generation,3,3160,52.666666666666664,4.666666666666667,2026-01-03T04:40:00Z,43.366481744449686,43.35429850858224,NORMAL,NORMAL,0.0,85.0,70.0,0.16787878787878788,0.0,0.0,0.0,0.2,0,-5.0,M2,nan,M1,M1,0,5.0,-5.0,0.41666666666666663,0.0,0.0,poor_tracking_condition,requested_mode_matches_applied_mode
threshold,persistent-low-generation,3,3165,52.75,4.75,2026-01-03T04:45:00Z,43.35429850858224,43.34211527271479,NORMAL,NORMAL,0.0,85.0,70.0,0.16787878787878788,0.0,0.0,0.0,0.2,0,-5.0,M2,nan,M1,M1,0,5.0,-5.0,0.41666666666666663,0.0,0.0,poor_tracking_condition,requested_mode_matches_applied_mode
threshold,persistent-low-generation,3,3170,52.833333333333336,4.833333333333333,2026-01-03T04:50:00Z,43.34211527271479,43.329932036847346,NORMAL,NORMAL,0.0,85.0,70.0,0.16787878787878788,0.0,0.0,0.0,0.2,0,-5.0,M2,nan,M1,M1,0,5.0,-5.0,0.41666666666666663,0.0,0.0,poor_tracking_condition,requested_mode_matches_applied_mode
threshold,persistent-low-generation,3,3175,52.916666666666664,4.916666666666667,2026-01-03T04:55:00Z,43.329932036847346,43.317748800979906,NORMAL,NORMAL,0.0,85.0,70.0,0.16787878787878788,0.0,0.0,0.0,0.2,0,-5.0,M2,nan,M1,M1,0,5.0,-5.0,0.41666666666666663,0.0,0.0,poor_tracking_condition,requested_mode_matches_applied_mode
threshold,persistent-low-generation,3,3180,53.0,5.0,2026-01-03T05:00:00Z,43.317748800979906,43.30556556511246,NORMAL,NORMAL,0.0,85.0,70.0,0.16787878787878788,0.0,0.0,0.0,0.2,0,-5.0,M2,nan,M1,M1,0,5.0,-5.0,0.41666666666666663,0.0,0.0,poor_tracking_condition,requested_mode_matches_applied_mode
threshold,persistent-low-generation,3,3185,53.083333333333336,5.083333333333333,2026-01-03T05:05:00Z,43.30556556511246,43.29338232924501,NORMAL,NORMAL,0.0,85.0,70.0,0.16787878787878788,0.0,0.0,0.0,0.2,0,-5.0,M2,nan,M1,M1,0,5.0,-5.0,0.41666666666666663,0.0,0.0,poor_tracking_condition,requested_mode_matches_applied_mode
threshold,persistent-low-generation,3,3190,53.166666666666664,5.166666666666667,2026-01-03T05:10:00Z,43.29338232924501,43.281199093377566,NORMAL,NORMAL,0.0,85.0,70.0,0.16787878787878788,0.0,0.0,0.0,0.2,0,-5.0,M2,nan,M1,M1,0,5.0,-5.0,0.41666666666666663,0.0,0.0,poor_tracking_condition,requested_mode_matches_applied_mode
threshold,persistent-low-generation,3,3195,53.25,5.25,2026-01-03T05:15:00Z,43.281199093377566,43.26901585751012,NORMAL,NORMAL,0.0,85.0,70.0,0.16787878787878788,0.0,0.0,0.0,0.2,0,-5.0,M2,nan,M1,M1,0,5.0,-5.0,0.41666666666666663,0.0,0.0,poor_tracking_condition,requested_mode_matches_applied_mode
threshold,persistent-low-generation,3,3200,53.333333333333336,5.333333333333333,2026-01-03T05:20:00Z,43.26901585751012,43.25683262164267,NORMAL,NORMAL,0.0,85.0,70.0,0.16787878787878788,0.0,0.0,0.0,0.2,0,-5.0,M2,nan,M1,M1,0,5.0,-5.0,0.41666666666666663,0.0,0.0,poor_tracking_condition,requested_mode_matches_applied_mode
threshold,persistent-low-generation,3,3205,53.416666666666664,5.416666666666667,2026-01-03T05:25:00Z,43.25683262164267,43.244649385775226,NORMAL,NORMAL,0.0,85.0,70.0,0.16787878787878788,0.0,0.0,0.0,0.2,0,-5.0,M2,nan,M1,M1,0,5.0,-5.0,0.41666666666666663,0.0,0.0,poor_tracking_condition,requested_mode_matches_applied_mode
threshold,persistent-low-generation,3,3210,53.5,5.5,2026-01-03T05:30:00Z,43.244649385775226,43.23246614990778,NORMAL,NORMAL,0.0,85.0,70.0,0.16787878787878788,0.0,0.0,0.0,0.7,2,-5.0,M2,nan,M1,M1,0,5.0,-5.0,0.41666666666666663,0.0,0.0,poor_tracking_condition,requested_mode_matches_applied_mode
threshold,persistent-low-generation,3,3215,53.583333333333336,5.583333333333333,2026-01-03T05:35:00Z,43.23246614990778,43.22028291404034,NORMAL,NORMAL,0.0,85.0,70.0,0.16787878787878788,0.0,0.0,0.0,0.7,2,-5.0,M2,nan,M1,M1,0,5.0,-5.0,0.41666666666666663,0.0,0.0,poor_tracking_condition,requested_mode_matches_applied_mode
threshold,persistent-low-generation,3,3220,53.666666666666664,5.666666666666667,2026-01-03T05:40:00Z,43.22028291404034,43.20809967817289,NORMAL,NORMAL,0.0,85.0,70.0,0.16787878787878788,0.0,0.0,0.0,0.7,2,-5.0,M2,nan,M1,M1,0,5.0,-5.0,0.41666666666666663,0.0,0.0,poor_tracking_condition,requested_mode_matches_applied_mode
threshold,persistent-low-generation,3,3225,53.75,5.75,2026-01-03T05:45:00Z,43.20809967817289,43.195916442305446,NORMAL,NORMAL,0.0,85.0,70.0,0.16787878787878788,0.0,0.0,0.0,0.7,2,-5.0,M2,nan,M1,M1,0,5.0,-5.0,0.41666666666666663,0.0,0.0,poor_tracking_condition,requested_mode_matches_applied_mode
threshold,persistent-low-generation,3,3230,53.833333333333336,5.833333333333333,2026-01-03T05:50:00Z,43.195916442305446,43.183733206438,NORMAL,NORMAL,0.0,85.0,70.0,0.16787878787878788,0.0,0.0,0.0,0.7,2,-5.0,M2,nan,M1,M1,0,5.0,-5.0,0.41666666666666663,0.0,0.0,poor_tracking_condition,requested_mode_matches_applied_mode
threshold,persistent-low-generation,3,3235,53.916666666666664,5.916666666666667,2026-01-03T05:55:00Z,43.183733206438,43.17154997057055,NORMAL,NORMAL,0.0,85.0,70.0,0.16787878787878788,0.0,0.0,0.0,0.7,2,-5.0,M2,nan,M1,M1,0,5.0,-5.0,0.41666666666666663,0.0,0.0,poor_tracking_condition,requested_mode_matches_applied_mode
threshold,persistent-low-generation,3,3240,54.0,6.0,2026-01-03T06:00:00Z,43.17154997057055,43.159366734703106,NORMAL,NORMAL,0.0,85.0,70.0,0.16787878787878788,0.0,0.0,0.0,0.7,2,-5.0,M2,nan,M1,M1,0,5.0,-5.0,0.41666666666666663,0.0,0.0,poor_tracking_condition,requested_mode_matches_applied_mode
threshold,persistent-low-generation,3,3245,54.083333333333336,6.083333333333333,2026-01-03T06:05:00Z,43.159366734703106,43.14888075699188,NORMAL,NORMAL,4.8216660077797915,85.0,70.0,0.16787878787878788,1.7478539278201746,0.7739497192387732,0.6965547473148959,0.7,2,-4.303445252685104,M2,nan,M1,M1,0,5.0,-4.303445252685104,0.3586204377237586,0.0,0.0,poor_tracking_condition,requested_mode_matches_applied_mode
threshold,persistent-low-generation,3,3250,54.166666666666664,6.166666666666667,2026-01-03T06:10:00Z,43.14888075699188,43.14059568294874,NORMAL,NORMAL,11.074116387152303,85.0,70.0,0.16787878787878788,4.0143671903427105,1.7775617918837523,1.599805612695377,0.7,2,-3.400194387304623,M2,nan,M1,M1,0,5.0,-3.400194387304623,0.28334953227538523,0.0,0.0,poor_tracking_condition,requested_mode_matches_applied_mode
threshold,persistent-low-generation,3,3255,54.25,6.25,2026-01-03T06:15:00Z,43.14059568294874,43.13475059869104,NORMAL,NORMAL,18.005775996288847,85.0,70.0,0.16787878787878788,6.5270937986547075,2.8901971340443047,2.6011774206398743,0.7,2,-2.3988225793601257,M2,nan,M1,M1,0,5.0,-2.3988225793601257,0.1999018816133438,0.0,0.0,poor_tracking_condition,requested_mode_matches_applied_mode
threshold,persistent-low-generation,3,3260,54.333333333333336,6.333333333333333,2026-01-03T06:20:00Z,43.13475059869104,43.131512759423806,NORMAL,NORMAL,25.412583557295157,85.0,70.0,0.16787878787878788,9.212061539519496,4.079100849699233,3.67119076472931,0.7,2,-1.3288092352706902,M2,nan,M1,M1,0,5.0,-1.3288092352706902,0.11073410293922417,0.0,0.0,poor_tracking_condition,requested_mode_matches_applied_mode
threshold,persistent-low-generation,3,3265,54.416666666666664,6.416666666666667,2026-01-03T06:25:00Z,43.131512759423806,43.13101157992526,NORMAL,NORMAL,33.18703986676286,85.0,70.0,0.16787878787878788,12.030301951701539,5.327017704213441,4.794315933792097,0.7,2,-0.20568406620790292,M2,nan,M1,M1,0,5.0,-0.20568406620790292,0.017140338850658576,0.0,0.0,poor_tracking_condition,requested_mode_matches_applied_mode
threshold,persistent-low-generation,3,3270,54.5,6.5,2026-01-03T06:30:00Z,43.13101157992526,43.1330128003652,NORMAL,NORMAL,41.260150911287276,85.0,70.0,0.16787878787878788,14.95680470534164,6.622873123525278,5.96058581117275,0.7,2,0.9605858111727503,M2,nan,M1,M1,0,5.0,0.9605858111727503,0.0,0.0,0.0,poor_tracking_condition,requested_mode_matches_applied_mode
threshold,persistent-low-generation,3,3275,54.583333333333336,6.583333333333333,2026-01-03T06:35:00Z,43.1330128003652,43.137518774510106,NORMAL,NORMAL,49.58254223077287,85.0,70.0,0.16787878787878788,17.97367155865517,7.958741766172509,7.162867589555258,0.7,2,2.1628675895552583,M2,nan,M1,M1,0,5.0,2.1628675895552583,0.0,0.0,0.0,poor_tracking_condition,requested_mode_matches_applied_mode
threshold,persistent-low-generation,3,3280,54.666666666666664,6.666666666666667,2026-01-03T06:40:00Z,43.137518774510106,43.144593113523385,NORMAL,NORMAL,58.11629045657219,85.0,70.0,0.16787878787878788,21.067155290507422,9.328536362636687,8.395682726373018,0.7,2,3.3956827263730176,M2,nan,M1,M1,0,5.0,3.3956827263730176,0.0,0.0,0.0,poor_tracking_condition,requested_mode_matches_applied_mode
threshold,persistent-low-generation,3,3285,54.75,6.75,2026-01-03T06:45:00Z,43.144593113523385,43.154290212031206,NORMAL,NORMAL,66.83077236639176,85.0,70.0,0.16787878787878788,24.226154982817015,10.727341426391375,9.654607283752238,0.7,2,4.654607283752238,M2,nan,M1,M1,0,5.0,4.654607283752238,0.0,0.0,0.0,poor_tracking_condition,requested_mode_matches_applied_mode
threshold,persistent-low-generation,3,3290,54.833333333333336,6.833333333333333,2026-01-03T06:50:00Z,43.154290212031206,43.16665673922422,NORMAL,NORMAL,75.70031913007261,85.0,70.0,0.16787878787878788,27.441365684651327,12.151036725163607,10.935933052647247,0.7,2,5.935933052647247,M2,nan,M1,M1,0,5.0,5.935933052647247,0.0,0.0,0.0,poor_tracking_condition,requested_mode_matches_applied_mode
threshold,persistent-low-generation,3,3295,54.916666666666664,6.916666666666667,2026-01-03T06:55:00Z,43.16665673922422,43.18173269953117,NORMAL,NORMAL,84.7027861524679,85.0,70.0,0.16787878787878788,30.704759980269614,13.596067719263385,12.236460947337047,0.7,2,7.236460947337047,M2,nan,M1,M1,0,5.0,7.236460947337047,0.0,0.0,0.0,poor_tracking_condition,requested_mode_matches_applied_mode
threshold,persistent-low-generation,3,3300,55.0,7.0,2026-01-03T07:00:00Z,43.18173269953117,43.199552215446474,NORMAL,NORMAL,93.81862989157445,85.0,70.0,0.16787878787878788,34.00925333569574,15.059297377046073,13.553367639341467,1.0,3,8.553367639341467,M2,nan,M1,M1,0,5.0,8.553367639341467,0.0,0.0,0.0,poor_tracking_condition,requested_mode_matches_applied_mode
threshold,persistent-low-generation,3,3305,55.083333333333336,7.083333333333333,2026-01-03T07:05:00Z,43.199552215446474,43.220144122839024,NORMAL,NORMAL,103.03028480154445,85.0,70.0,0.16787878787878788,37.34847824055987,16.53790616491991,14.88411554842792,1.0,3,9.88411554842792,M2,nan,M1,M1,0,5.0,9.88411554842792,0.0,0.0,1.1102230246251565e-16,poor_tracking_condition,requested_mode_matches_applied_mode
threshold,persistent-low-generation,3,3310,55.166666666666664,7.166666666666667,2026-01-03T07:10:00Z,43.220144122839024,43.24353243511473,NORMAL,NORMAL,112.32172758060445,85.0,70.0,0.16787878787878788,40.71662624796912,18.029322102600723,16.226389892340652,1.0,3,11.226389892340652,M2,nan,M1,M1,0,5.0,11.226389892340652,0.0,0.0,1.1102230246251565e-16,poor_tracking_condition,requested_mode_matches_applied_mode
threshold,persistent-low-generation,3,3315,55.25,7.25,2026-01-03T07:15:00Z,43.24353243511473,43.269736712953936,NORMAL,NORMAL,121.67816343103348,85.0,70.0,0.16787878787878788,44.108334243749646,19.531170403132343,17.57805336281911,1.0,3,12.578053362819109,M2,nan,M1,M1,0,5.0,12.578053362819109,0.0,0.0,0.0,poor_tracking_condition,requested_mode_matches_applied_mode
threshold,persistent-low-generation,3,3320,55.333333333333336,7.333333333333333,2026-01-03T07:20:00Z,43.269736712953936,43.29877236440902,NORMAL,NORMAL,131.08579467086636,85.0,70.0,0.16787878787878788,47.518600568189065,21.041236331594117,18.937112698434706,1.0,3,13.937112698434706,M2,nan,M1,M1,0,5.0,13.937112698434706,0.0,0.0,0.0,poor_tracking_condition,requested_mode_matches_applied_mode
threshold,persistent-low-generation,3,3325,55.416666666666664,7.416666666666667,2026-01-03T07:25:00Z,43.29877236440902,43.33065089259849,NORMAL,NORMAL,140.53164661624442,85.0,70.0,0.16787878787878788,50.942721898388605,22.557437256606473,20.301693530945826,1.0,3,15.301693530945826,M2,nan,M1,M1,0,5.0,15.301693530945826,0.0,0.0,0.0,poor_tracking_condition,requested_mode_matches_applied_mode
threshold,persistent-low-generation,3,3330,55.5,7.5,2026-01-03T07:30:00Z,43.33065089259849,43.36538010329491,NORMAL,NORMAL,150.00343432272098,85.0,70.0,0.16787878787878788,54.376244941986364,24.07780126031156,21.670021134280404,1.0,3,16.670021134280404,M2,nan,M1,M1,0,5.0,16.670021134280404,0.0,0.0,0.0,poor_tracking_condition,requested_mode_matches_applied_mode
threshold,persistent-low-generation,3,3335,55.583333333333336,7.583333333333333,2026-01-03T07:35:00Z,43.36538010329491,43.40296428137544,NORMAL,NORMAL,159.4894591274398,85.0,70.0,0.16787878787878788,57.81492893369693,25.600450531841002,23.0404054786569,1.0,3,18.0404054786569,M2,nan,M1,M1,0,5.0,18.0404054786569,0.0,0.0,0.0,poor_tracking_condition,requested_mode_matches_applied_mode
threshold,persistent-low-generation,3,3340,55.666666666666664,7.666666666666667,2026-01-03T07:40:00Z,43.40296428137544,43.443404342804065,NORMAL,NORMAL,168.97852734939661,85.0,70.0,0.16787878787878788,61.25471616415628,27.1235883174884,24.41122948573956,1.0,3,19.41122948573956,M2,nan,M1,M1,0,5.0,19.41122948573956,0.0,0.0,0.0,poor_tracking_condition,requested_mode_matches_applied_mode
threshold,persistent-low-generation,3,3345,55.75,7.75,2026-01-03T07:45:00Z,43.443404342804065,43.48669796718846,NORMAL,NORMAL,178.45988574631707,85.0,70.0,0.16787878787878788,64.69170858303994,28.645488560570083,25.780939704513074,1.0,3,20.780939704513074,M2,nan,M1,M1,0,5.0,20.780939704513074,0.0,0.0,0.0,poor_tracking_condition,requested_mode_matches_applied_mode
threshold,persistent-low-generation,3,3350,55.833333333333336,7.833333333333333,2026-01-03T07:50:00Z,43.48669796718846,43.53283971478306,NORMAL,NORMAL,187.9231698346319,85.0,70.0,0.16787878787878788,68.12214906505407,30.164487606005945,27.148038845405353,1.0,3,22.148038845405353,M2,nan,M1,M1,0,5.0,22.148038845405353,0.0,0.0,0.0,poor_tracking_condition,requested_mode_matches_applied_mode
threshold,persistent-low-generation,3,3355,55.916666666666664,7.916666666666667,2026-01-03T07:55:00Z,43.53283971478306,43.58182113094976,NORMAL,NORMAL,197.35836221618453,85.0,70.0,0.16787878787878788,71.5424063033669,31.678977511130867,28.511079760017783,1.0,3,23.511079760017783,M2,nan,M1,M1,0,5.0,23.511079760017783,0.0,0.0,0.0,poor_tracking_condition,requested_mode_matches_applied_mode
threshold,persistent-low-generation,3,3360,56.0,8.0,2026-01-03T08:00:00Z,43.58182113094976,43.63363084044752,NORMAL,NORMAL,206.75575878282945,85.0,70.0,0.16787878787878788,74.94896255877568,33.187400621025866,29.86866055892328,1.0,3,24.86866055892328,M2,nan,M1,M1,0,5.0,24.86866055892328,0.0,0.0,0.0,poor_tracking_condition,requested_mode_matches_applied_mode
threshold,persistent-low-generation,3,3365,56.083333333333336,8.083333333333334,2026-01-03T08:05:00Z,43.63363084044752,43.68825463343717,NORMAL,NORMAL,216.1059411895107,85.0,70.0,0.16787878787878788,78.33840368119763,34.68824515003431,31.219420635030882,1.0,3,26.219420635030882,M2,nan,M1,M1,0,5.0,26.219420635030882,0.0,0.0,0.0,poor_tracking_condition,requested_mode_matches_applied_mode
threshold,persistent-low-generation,3,3370,56.166666666666664,8.166666666666666,2026-01-03T08:10:00Z,43.68825463343717,43.74567554471728,NORMAL,NORMAL,225.39975436323758,85.0,70.0,0.16787878787878788,81.70741095667363,36.18004157161508,32.56203741445357,1.0,3,27.56203741445357,M2,nan,M1,M1,0,5.0,27.56203741445357,0.0,0.0,0.0,poor_tracking_condition,requested_mode_matches_applied_mode
threshold,persistent-low-generation,3,3375,56.25,8.25,2026-01-03T08:15:00Z,43.74567554471728,43.80587392741913,NORMAL,NORMAL,234.6282880927447,85.0,70.0,0.16787878787878788,85.05275443361997,37.66135966320692,33.895223696886234,1.0,3,28.895223696886234,M2,nan,M1,M1,0,5.0,28.895223696886234,0.0,0.0,0.0,poor_tracking_condition,requested_mode_matches_applied_mode
threshold,persistent-low-generation,3,3380,56.333333333333336,8.333333333333334,2026-01-03T08:20:00Z,43.80587392741913,43.868827522163684,NORMAL,NORMAL,243.78286195050265,85.0,70.0,0.16787878787878788,88.37128745705722,39.130806085984936,35.217725477386445,1.0,3,30.217725477386445,M2,nan,M1,M1,0,5.0,30.217725477386445,0.0,0.0,0.0,poor_tracking_condition,requested_mode_matches_applied_mode
threshold,persistent-low-generation,3,3385,56.416666666666664,8.416666666666666,2026-01-03T08:25:00Z,43.868827522163684,43.93451152250539,NORMAL,NORMAL,252.85501295493205,85.0,70.0,0.16787878787878788,91.65994219616287,40.58702240446092,36.52832016401483,1.0,3,31.52832016401483,M2,nan,M1,M1,0,5.0,31.52832016401483,0.0,0.0,0.0,poor_tracking_condition,requested_mode_matches_applied_mode
threshold,persistent-low-generation,3,3390,56.5,8.5,2026-01-03T08:30:00Z,43.93451152250539,44.002898637345005,NORMAL,NORMAL,261.8364854999091,85.0,70.0,0.16787878787878788,94.91572599371706,42.02868347001791,37.82581512301612,1.0,3,32.82581512301612,M2,nan,M1,M1,0,5.0,32.82581512301612,0.0,0.0,0.0,poor_tracking_condition,requested_mode_matches_applied_mode
threshold,persistent-low-generation,3,3395,56.583333333333336,8.583333333333334,2026-01-03T08:35:00Z,44.002898637345005,44.073959150879396,NORMAL,NORMAL,270.71922317062246,85.0,70.0,0.16787878787878788,98.13571839935065,43.454496107232465,39.10904649650922,1.0,3,34.10904649650922,M2,nan,M1,M1,0,5.0,34.10904649650922,0.0,0.0,0.0,poor_tracking_condition,requested_mode_matches_applied_mode
threshold,persistent-low-generation,3,3400,56.666666666666664,8.666666666666666,2026-01-03T08:40:00Z,44.073959150879396,44.14766098056273,NORMAL,NORMAL,279.4953621364576,85.0,70.0,0.16787878787878788,101.31706877446588,44.86319805333349,40.376878248000146,1.0,3,35.376878248000146,M2,nan,M1,M1,0,5.0,35.376878248000146,0.0,0.0,0.0,poor_tracking_condition,requested_mode_matches_applied_mode
threshold,persistent-low-generation,3,3405,56.75,8.75,2026-01-03T08:45:00Z,44.14766098056273,44.223969733477645,NORMAL,NORMAL,288.1572258678527,85.0,70.0,0.16787878787878788,104.4569943770966,46.25355711017838,41.62820139916054,1.0,3,36.62820139916054,M2,nan,M1,M1,0,5.0,36.62820139916054,0.0,0.0,0.0,poor_tracking_condition,requested_mode_matches_applied_mode
threshold,persistent-low-generation,3,3410,56.833333333333336,8.833333333333334,2026-01-03T08:50:00Z,44.223969733477645,44.30284876145213,NORMAL,NORMAL,296.69732096864084,85.0,70.0,0.16787878787878788,107.55277885113232,47.62437047528139,42.86193342775325,1.0,3,37.86193342775325,M2,nan,M1,M1,0,5.0,37.86193342775325,0.0,0.0,0.0,poor_tracking_condition,requested_mode_matches_applied_mode
threshold,persistent-low-generation,3,3415,56.916666666666664,8.916666666666666,2026-01-03T08:55:00Z,44.30284876145213,44.38425921520573,NORMAL,NORMAL,305.1083339509776,85.0,70.0,0.16787878787878788,110.6017710572294,48.97446422414117,44.07701780172706,1.0,3,39.07701780172706,M2,nan,M1,M1,0,5.0,39.07701780172706,0.0,0.0,0.0,poor_tracking_condition,requested_mode_matches_applied_mode
threshold,persistent-low-generation,3,3420,57.0,9.0,2026-01-03T09:00:00Z,44.38425921520573,44.46816009776539,NORMAL,NORMAL,313.38312880856245,85.0,70.0,0.16787878787878788,113.6013841931039,50.302692920706406,45.272423628635764,1.0,3,40.272423628635764,M2,nan,M1,M1,0,5.0,40.272423628635764,0.0,0.0,0.0,poor_tracking_condition,requested_mode_matches_applied_mode
threshold,persistent-low-generation,3,3425,57.083333333333336,9.083333333333334,2026-01-03T09:05:00Z,44.46816009776539,44.55450831735474,NORMAL,NORMAL,321.5147452670294,85.0,70.0,0.16787878787878788,116.54909515929818,51.607939336537235,46.447145402883514,1.0,3,41.447145402883514,M2,nan,M1,M1,0,5.0,41.447145402883514,0.0,0.0,0.0,poor_tracking_condition,requested_mode_matches_applied_mode
threshold,persistent-low-generation,3,3430,57.166666666666664,9.166666666666666,2026-01-03T09:10:00Z,44.55450831735474,44.64325873992979,NORMAL,NORMAL,329.4963976092564,85.0,70.0,0.16787878787878788,119.44244413335547,52.8891142622498,47.60020283602482,1.0,3,42.60020283602482,M2,nan,M1,M1,0,5.0,42.60020283602482,0.0,0.0,0.0,poor_tracking_condition,requested_mode_matches_applied_mode
threshold,persistent-low-generation,3,3435,57.25,9.25,2026-01-03T09:15:00Z,44.64325873992979,44.73436424150808,NORMAL,NORMAL,337.3214739888143,85.0,70.0,0.16787878787878788,122.2790343209452,54.14515639731453,48.730640757583075,1.0,3,43.730640757583075,M2,nan,M1,M1,0,5.0,43.730640757583075,0.0,0.0,0.0,poor_tracking_condition,requested_mode_matches_applied_mode
threshold,persistent-low-generation,3,3440,57.333333333333336,9.333333333333334,2026-01-03T09:20:00Z,44.73436424150808,44.827775760415776,NORMAL,NORMAL,344.9835361575411,85.0,70.0,0.16787878787878788,125.05653185710867,55.37503230632772,49.837529075694945,1.0,3,44.837529075694945,M2,nan,M1,M1,0,5.0,44.837529075694945,0.0,0.0,4.440892098500626e-16,poor_tracking_condition,requested_mode_matches_applied_mode
threshold,persistent-low-generation,3,3445,57.416666666666664,9.416666666666666,2026-01-03T09:25:00Z,44.827775760415776,44.92344234955831,NORMAL,NORMAL,352.47631954379665,85.0,70.0,0.16787878787878788,127.7726658346263,56.57773643157252,50.91996278841527,1.0,3,45.91996278841527,M2,nan,M1,M1,0,5.0,45.91996278841527,0.0,0.0,0.0,poor_tracking_condition,requested_mode_matches_applied_mode
threshold,persistent-low-generation,3,3450,57.5,9.5,2026-01-03T09:30:00Z,44.92344234955831,45.02131122880371,NORMAL,NORMAL,359.7937336267778,85.0,70.0,0.16787878787878788,130.42522843970696,57.75229115310224,51.97706203779202,1.0,3,46.97706203779202,M2,nan,M1,M1,0,5.0,46.97706203779202,0.0,0.0,0.0,poor_tracking_condition,requested_mode_matches_applied_mode
threshold,persistent-low-generation,3,3455,57.583333333333336,9.583333333333334,2026-01-03T09:35:00Z,45.02131122880371,45.12132783755348,NORMAL,NORMAL,366.9298625596508,85.0,70.0,0.16787878787878788,133.01207517787344,58.897746888762356,53.00797219988612,1.0,3,48.00797219988612,M3,nan,M3,M1,0,5.0,48.00797219988612,0.0,0.0,0.0,poor_tracking_condition,new_candidate_started
threshold,persistent-low-generation,3,3460,57.666666666666664,9.666666666666666,2026-01-03T09:40:00Z,45.12132783755348,45.2234358875635,NORMAL,NORMAL,373.8789660004802,85.0,70.0,0.16787878787878788,135.53112517517408,60.01318222756708,54.01186400481037,1.0,3,49.01186400481037,M3,nan,M3,M1,0,5.0,49.01186400481037,0.0,0.0,0.0,poor_tracking_condition,waiting_for_candidate_confirmation
threshold,persistent-low-generation,3,3465,57.75,9.75,2026-01-03T09:45:00Z,45.2234358875635,45.14864572065268,NORMAL,NORMAL,380.63548011518435,85.0,70.0,0.16787878787878788,137.98036154175435,61.09770409068883,54.98793368161995,1.0,3,49.98793368161995,M3,nan,M3,M3,1,85.68181818181819,-30.693884500198237,2.557823708349853,5.916666666666666,0.0,poor_tracking_condition,candidate_confirmed_and_dwell_satisfied
threshold,persistent-low-generation,3,3470,57.833333333333336,9.833333333333334,2026-01-03T09:50:00Z,45.14864572065268,45.07616420247947,NORMAL,NORMAL,387.1940187212154,85.0,70.0,0.16787878787878788,140.3578317864406,62.150447915035905,55.93540312353232,1.0,3,-29.74641505828587,M3,nan,M3,M3,1,85.68181818181819,-29.74641505828587,2.4788679215238223,5.916666666666666,0.0,poor_tracking_condition,requested_mode_matches_applied_mode
threshold,persistent-low-generation,3,3475,57.916666666666664,9.916666666666666,2026-01-03T09:55:00Z,45.07616420247947,45.00591981136759,NORMAL,NORMAL,393.5493745444713,85.0,70.0,0.16787878787878788,142.66164827237085,63.17057785500582,56.85352006950524,1.0,3,-28.82829811231295,M3,nan,M3,M3,1,85.68181818181819,-28.82829811231295,2.402358176026079,5.916666666666666,0.0,poor_tracking_condition,requested_mode_matches_applied_mode
threshold,persistent-low-generation,3,3480,58.0,10.0,2026-01-03T10:00:00Z,45.00591981136759,44.937839256096765,NORMAL,NORMAL,399.6965205652085,85.0,70.0,0.16787878787878788,144.8899887048881,64.15728699852446,57.74155829867201,0.95,3,-27.940259883146176,M3,nan,M3,M3,1,85.68181818181819,-27.940259883146176,2.328354990262181,5.916666666666666,0.0,poor_tracking_condition,requested_mode_matches_applied_mode
threshold,persistent-low-generation,3,3485,58.083333333333336,10.083333333333334,2026-01-03T10:05:00Z,44.937839256096765,45.04950345991873,NORMAL,NORMAL,405.6306114315386,85.0,70.0,0.16787878787878788,147.04109664393278,65.10979759393342,58.59881783454008,0.95,3,-27.08300034727811,M2,nan,M1,M1,0,5.0,53.59881783454008,0.0,0.0,0.0,poor_tracking_condition,safety_reduction_applied_immediately
threshold,persistent-low-generation,3,3490,58.166666666666664,10.166666666666666,2026-01-03T10:10:00Z,45.04950345991873,45.16288809566083,NORMAL,NORMAL,411.3469849215116,85.0,70.0,0.16787878787878788,149.11328203404798,66.02736128467643,59.42462515620879,0.95,3,54.42462515620879,M3,nan,M3,M1,0,5.0,54.42462515620879,0.0,0.0,0.0,poor_tracking_condition,new_candidate_started
threshold,persistent-low-generation,3,3495,58.25,10.25,2026-01-03T10:15:00Z,45.16288809566083,45.27792629027368,NORMAL,NORMAL,416.8411634369035,85.0,70.0,0.16787878787878788,151.10492174587753,66.90925934907456,60.218333414167105,0.95,3,55.218333414167105,M3,nan,M3,M1,0,5.0,55.218333414167105,0.0,0.0,0.0,poor_tracking_condition,waiting_for_candidate_confirmation
threshold,persistent-low-generation,3,3500,58.333333333333336,10.333333333333334,2026-01-03T10:20:00Z,45.27792629027368,45.21773502435428,NORMAL,NORMAL,422.1088555136517,85.0,70.0,0.16787878787878788,153.01446012369877,67.75480294277381,60.97932264849643,0.95,3,55.97932264849643,M3,nan,M3,M3,1,85.68181818181819,-24.70249553332176,2.0585412944434798,5.916666666666666,0.0,poor_tracking_condition,candidate_confirmed_and_dwell_satisfied
threshold,persistent-low-generation,3,3505,58.416666666666664,10.416666666666666,2026-01-03T10:25:00Z,45.21773502435428,45.15931685141499,NORMAL,NORMAL,427.1459573354957,85.0,70.0,0.16787878787878788,154.8404095341172,68.56333334170711,61.7070000075364,0.95,3,-23.974818174281786,M3,nan,M3,M3,1,85.68181818181819,-23.974818174281786,1.9979015145234822,5.916666666666666,0.0,poor_tracking_condition,requested_mode_matches_applied_mode
threshold,persistent-low-generation,3,3510,58.5,10.5,2026-01-03T10:30:00Z,45.15931685141499,45.102589224181706,NORMAL,NORMAL,431.9485542387826,85.0,70.0,0.16787878787878788,156.5813509115587,69.33422218363819,62.40079996527437,0.95,3,-23.281018216543814,M3,nan,M3,M3,1,85.68181818181819,-23.281018216543814,1.940084851378651,5.916666666666666,0.0,poor_tracking_condition,requested_mode_matches_applied_mode
threshold,persistent-low-generation,3,3515,58.583333333333336,10.583333333333334,2026-01-03T10:35:00Z,45.102589224181706,45.04746828449868,NORMAL,NORMAL,436.5129221976478,85.0,70.0,0.16787878787878788,158.23593429664734,70.06687170655545,63.0601845358999,0.95,3,-22.621633645918287,M3,nan,M3,M3,1,85.68181818181819,-22.621633645918287,1.8851361371598572,5.916666666666666,0.0,poor_tracking_condition,requested_mode_matches_applied_mode
threshold,persistent-low-generation,3,3520,58.666666666666664,10.666666666666666,2026-01-03T10:40:00Z,45.04746828449868,44.99386893094678,NORMAL,NORMAL,440.8355292798796,85.0,70.0,0.16787878787878788,159.80287936395638,70.76071498235987,63.68464348412389,0.95,3,-21.997174697694298,M3,nan,M3,M3,1,85.68181818181819,-21.997174697694298,1.8330978914745248,5.916666666666666,0.0,poor_tracking_condition,requested_mode_matches_applied_mode
threshold,persistent-low-generation,3,3525,58.75,10.75,2026-01-03T10:45:00Z,44.99386893094678,45.11735579455096,NORMAL,NORMAL,444.91303706475765,85.0,70.0,0.16787878787878788,161.28097593597465,71.41521614444957,64.27369453000462,0.95,3,-21.40812365181357,M2,nan,M1,M1,0,5.0,59.27369453000462,0.0,0.0,0.0,poor_tracking_condition,safety_reduction_applied_immediately
threshold,persistent-low-generation,3,3530,58.833333333333336,10.833333333333334,2026-01-03T10:50:00Z,45.11735579455096,45.24199513527418,NORMAL,NORMAL,448.7423020150338,85.0,70.0,0.16787878787878788,162.66908448044975,72.02987060794315,64.82688354714884,0.95,3,59.82688354714884,M3,nan,M3,M1,0,5.0,59.82688354714884,0.0,0.0,0.0,poor_tracking_condition,new_candidate_started
threshold,persistent-low-generation,3,3535,58.916666666666664,10.916666666666666,2026-01-03T10:55:00Z,45.24199513527418,45.36771135351017,NORMAL,NORMAL,452.3203767960078,85.0,70.0,0.16787878787878788,163.96613658855284,72.60420528141118,65.34378475327007,0.95,3,60.34378475327007,M3,nan,M3,M1,0,5.0,60.34378475327007,0.0,0.0,0.0,poor_tracking_condition,waiting_for_candidate_confirmation
threshold,persistent-low-generation,3,3540,59.0,11.0,2026-01-03T11:00:00Z,45.36771135351017,45.319324859139726,NORMAL,NORMAL,455.64451153536436,85.0,70.0,0.16787878787878788,165.1711354315696,73.13777876909901,65.82400089218912,0.95,3,60.82400089218912,M3,nan,M3,M3,1,85.68181818181819,-19.857817289629068,1.6548181074690889,5.916666666666666,0.0,poor_tracking_condition,candidate_confirmed_and_dwell_satisfied
threshold,persistent-low-generation,3,3545,59.083333333333336,11.083333333333334,2026-01-03T11:05:00Z,45.319324859139726,45.272018195457065,NORMAL,NORMAL,458.71215501807666,85.0,70.0,0.16787878787878788,166.28315619405282,73.63018156272658,66.26716340645392,0.95,3,-19.41465477536427,M3,nan,M3,M3,1,85.68181818181819,-19.41465477536427,1.6178878979470224,5.916666666666666,0.0,poor_tracking_condition,requested_mode_matches_applied_mode
threshold,persistent-low-generation,3,3550,59.166666666666664,11.166666666666666,2026-01-03T11:10:00Z,45.272018195457065,45.22570024813256,NORMAL,NORMAL,461.52095581127423,85.0,70.0,0.16787878787878788,167.30134648158693,74.08103622204669,66.67293259984203,0.95,3,-19.00888558197616,M3,nan,M3,M3,1,85.68181818181819,-19.00888558197616,1.584073798498013,5.916666666666666,0.0,poor_tracking_condition,requested_mode_matches_applied_mode
threshold,persistent-low-generation,3,3555,59.25,11.25,2026-01-03T11:15:00Z,45.22570024813256,45.180279145811085,NORMAL,NORMAL,464.06876331450326,85.0,70.0,0.16787878787878788,168.22492670150746,74.48999754342749,67.04099778908474,0.95,3,-18.640820392733445,M3,nan,M3,M3,1,85.68181818181819,-18.640820392733445,1.5534016993944537,5.916666666666666,0.0,poor_tracking_condition,requested_mode_matches_applied_mode
threshold,persistent-low-generation,3,3560,59.333333333333336,11.333333333333334,2026-01-03T11:20:00Z,45.180279145811085,45.13566233114833,NORMAL,NORMAL,466.3536287313086,85.0,70.0,0.16787878787878788,169.0531904150994,74.85675271580602,67.37107744422542,0.95,3,-18.310740737592766,M3,nan,M3,M3,1,85.68181818181819,-18.310740737592766,1.5258950614660638,5.916666666666666,0.0,poor_tracking_condition,requested_mode_matches_applied_mode
threshold,persistent-low-generation,3,3565,59.416666666666664,11.416666666666666,2026-01-03T11:25:00Z,45.13566233114833,45.0917566321602,NORMAL,NORMAL,468.37380595852005,85.0,70.0,0.16787878787878788,169.78550465996355,75.18102146343188,67.6629193170887,0.95,3,-18.018898864729493,M3,nan,M3,M3,1,85.68181818181819,-18.018898864729493,1.5015749053941243,5.916666666666666,0.0,poor_tracking_condition,requested_mode_matches_applied_mode
threshold,persistent-low-generation,3,3570,59.5,11.5,2026-01-03T11:30:00Z,45.0917566321602,45.04846833385509,NORMAL,NORMAL,470.1277523900539,85.0,70.0,0.16787878787878788,170.42131024139456,75.46255617488951,67.91630055740056,0.95,3,-17.765517624417626,M3,nan,M3,M3,1,85.68181818181819,-17.765517624417626,1.480459802034802,5.916666666666666,0.0,poor_tracking_condition,requested_mode_matches_applied_mode
threshold,persistent-low-generation,3,3575,59.583333333333336,11.583333333333334,2026-01-03T11:35:00Z,45.04846833385509,45.0057032501181,NORMAL,NORMAL,471.61412963244163,85.0,70.0,0.16787878787878788,170.9601219917601,75.70114201795137,68.13102781615623,0.95,3,-17.550790365661953,M3,nan,M3,M3,1,85.68181818181819,-17.550790365661953,1.4625658638051626,5.916666666666666,0.0,poor_tracking_condition,requested_mode_matches_applied_mode
threshold,persistent-low-generation,3,3580,59.666666666666664,11.666666666666666,2026-01-03T11:40:00Z,45.0057032501181,44.96336679581515,NORMAL,NORMAL,472.8318041296715,85.0,70.0,0.16787878787878788,171.40152899700595,75.89659703987422,68.3069373358868,0.95,3,-17.374880845931386,M3,nan,M3,M3,1,85.68181818181819,-17.374880845931386,1.4479067371609489,5.916666666666666,0.0,poor_tracking_condition,requested_mode_matches_applied_mode
threshold,persistent-low-generation,3,3585,59.75,11.75,2026-01-03T11:45:00Z,44.96336679581515,45.095541577122496,NORMAL,NORMAL,473.77984769529087,85.0,70.0,0.16787878787878788,171.74519478954295,76.04877225280961,68.44389502752865,0.95,3,-17.237923154289533,M2,nan,M1,M1,0,5.0,63.443895027528654,0.0,0.0,0.0,poor_tracking_condition,safety_reduction_applied_immediately
threshold,persistent-low-generation,3,3590,59.833333333333336,11.833333333333334,2026-01-03T11:50:00Z,45.095541577122496,45.22792031990093,NORMAL,NORMAL,474.457537950053,85.0,70.0,0.16787878787878788,171.99085750689423,76.15755170405276,68.54179653364749,0.95,3,63.541796533647485,M3,nan,M3,M1,0,5.0,63.541796533647485,0.0,0.0,0.0,poor_tracking_condition,new_candidate_started
threshold,persistent-low-generation,3,3595,59.916666666666664,11.916666666666666,2026-01-03T11:55:00Z,45.22792031990093,45.36042150172972,NORMAL,NORMAL,474.86435866372636,85.0,70.0,0.16787878787878788,172.13833001560081,76.22285253090804,68.60056727781723,0.95,3,63.600567277817234,M3,nan,M3,M1,0,5.0,63.600567277817234,0.0,0.0,0.0,poor_tracking_condition,waiting_for_candidate_confirmation
threshold,persistent-low-generation,3,3600,60.0,12.0,2026-01-03T12:00:00Z,45.36042150172972,45.31884826663757,NORMAL,NORMAL,475.0,85.0,70.0,0.16787878787878788,172.18750000000003,76.24462500000001,68.62016250000002,0.95,3,63.62016250000002,M3,nan,M3,M3,1,85.68181818181819,-17.061655681818166,1.4218046401515139,5.916666666666666,0.0,poor_tracking_condition,candidate_confirmed_and_dwell_satisfied
threshold,persistent-low-generation,3,3605,60.083333333333336,12.083333333333334,2026-01-03T12:05:00Z,45.31884826663757,45.277227284902665,NORMAL,NORMAL,474.86435866372636,85.0,70.0,0.16787878787878788,172.13833001560081,76.22285253090804,68.60056727781723,0.95,3,-17.081250904000953,M3,nan,M3,M3,1,85.68181818181819,-17.081250904000953,1.4234375753334128,5.916666666666666,0.0,poor_tracking_condition,requested_mode_matches_applied_mode
threshold,persistent-low-generation,3,3610,60.166666666666664,12.166666666666666,2026-01-03T12:10:00Z,45.277227284902665,45.23546309960011,NORMAL,NORMAL,474.457537950053,85.0,70.0,0.16787878787878788,171.99085750689423,76.15755170405276,68.54179653364749,0.95,3,-17.140021648170702,M3,nan,M3,M3,1,85.68181818181819,-17.140021648170702,1.4283351373475583,5.916666666666666,0.0,poor_tracking_condition,requested_mode_matches_applied_mode
threshold,persistent-low-generation,3,3615,60.25,12.25,2026-01-03T12:15:00Z,45.23546309960011,45.19346036286938,NORMAL,NORMAL,473.77984769529087,85.0,70.0,0.16787878787878788,171.74519478954295,76.04877225280961,68.44389502752865,0.95,3,-17.237923154289533,M3,nan,M3,M3,1,85.68181818181819,-17.237923154289533,1.4364935961907943,5.916666666666666,0.0,poor_tracking_condition,requested_mode_matches_applied_mode
threshold,persistent-low-generation,3,3620,60.333333333333336,12.333333333333334,2026-01-03T12:20:00Z,45.19346036286938,45.15112390856643,NORMAL,NORMAL,472.8318041296715,85.0,70.0,0.16787878787878788,171.40152899700595,75.89659703987422,68.3069373358868,0.95,3,-17.374880845931386,M3,nan,M3,M3,1,85.68181818181819,-17.374880845931386,1.4479067371609489,5.916666666666666,0.0,poor_tracking_condition,requested_mode_matches_applied_mode
threshold,persistent-low-generation,3,3625,60.416666666666664,12.416666666666666,2026-01-03T12:25:00Z,45.15112390856643,45.10835882482944,NORMAL,NORMAL,471.61412963244163,85.0,70.0,0.16787878787878788,170.9601219917601,75.70114201795137,68.13102781615623,0.95,3,-17.550790365661953,M3,nan,M3,M3,1,85.68181818181819,-17.550790365661953,1.4625658638051626,5.916666666666666,0.0,poor_tracking_condition,requested_mode_matches_applied_mode
threshold,persistent-low-generation,3,3630,60.5,12.5,2026-01-03T12:30:00Z,45.10835882482944,45.06507052652433,NORMAL,NORMAL,470.12775239005396,85.0,70.0,0.16787878787878788,170.4213102413946,75.46255617488953,67.91630055740058,0.95,3,-17.765517624417612,M3,nan,M3,M3,1,85.68181818181819,-17.765517624417612,1.480459802034801,5.916666666666666,0.0,poor_tracking_condition,requested_mode_matches_applied_mode
threshold,persistent-low-generation,3,3635,60.583333333333336,12.583333333333334,2026-01-03T12:35:00Z,45.06507052652433,45.0211648275362,NORMAL,NORMAL,468.37380595852005,85.0,70.0,0.16787878787878788,169.78550465996355,75.18102146343188,67.6629193170887,0.95,3,-18.018898864729493,M3,nan,M3,M3,1,85.68181818181819,-18.018898864729493,1.5015749053941243,5.916666666666666,0.0,poor_tracking_condition,requested_mode_matches_applied_mode
threshold,persistent-low-generation,3,3640,60.666666666666664,12.666666666666666,2026-01-03T12:40:00Z,45.0211648275362,44.976548012873444,NORMAL,NORMAL,466.3536287313086,85.0,70.0,0.16787878787878788,169.0531904150994,74.85675271580602,67.37107744422542,0.95,3,-18.310740737592766,M3,nan,M3,M3,1,85.68181818181819,-18.310740737592766,1.5258950614660638,5.916666666666666,0.0,poor_tracking_condition,requested_mode_matches_applied_mode
threshold,persistent-low-generation,3,3645,60.75,12.75,2026-01-03T12:45:00Z,44.976548012873444,45.10580009160071,NORMAL,NORMAL,464.06876331450326,85.0,70.0,0.16787878787878788,168.22492670150746,74.48999754342749,67.04099778908474,0.95,3,-18.640820392733445,M2,nan,M1,M1,0,5.0,62.04099778908474,0.0,0.0,0.0,poor_tracking_condition,safety_reduction_applied_immediately
threshold,persistent-low-generation,3,3650,60.833333333333336,12.833333333333334,2026-01-03T12:50:00Z,45.10580009160071,45.23428536785038,NORMAL,NORMAL,461.52095581127423,85.0,70.0,0.16787878787878788,167.30134648158693,74.08103622204669,66.67293259984203,0.95,3,61.67293259984203,M3,nan,M3,M1,0,5.0,61.67293259984203,0.0,0.0,0.0,poor_tracking_condition,new_candidate_started
threshold,persistent-low-generation,3,3655,60.916666666666664,12.916666666666666,2026-01-03T12:55:00Z,45.23428536785038,45.36192529161383,NORMAL,NORMAL,458.71215501807666,85.0,70.0,0.16787878787878788,166.28315619405282,73.63018156272658,66.26716340645392,0.95,3,61.26716340645392,M3,nan,M3,M1,0,5.0,61.26716340645392,0.0,0.0,0.0,poor_tracking_condition,waiting_for_candidate_confirmation
threshold,persistent-low-generation,3,3660,61.0,13.0,2026-01-03T13:00:00Z,45.36192529161383,45.31353879724339,NORMAL,NORMAL,455.64451153536436,85.0,70.0,0.16787878787878788,165.1711354315696,73.13777876909901,65.82400089218912,1.0,3,60.82400089218912,M3,nan,M3,M3,1,85.68181818181819,-19.857817289629068,1.6548181074690889,5.916666666666666,0.0,poor_tracking_condition,candidate_confirmed_and_dwell_satisfied
threshold,persistent-low-generation,3,3665,61.083333333333336,13.083333333333334,2026-01-03T13:05:00Z,45.31353879724339,45.26398218557539,NORMAL,NORMAL,452.3203767960078,85.0,70.0,0.16787878787878788,163.96613658855284,72.60420528141118,65.34378475327007,1.0,3,-20.338033428548115,M3,nan,M3,M3,1,85.68181818181819,-20.338033428548115,1.6948361190456762,5.916666666666666,0.0,poor_tracking_condition,requested_mode_matches_applied_mode
threshold,persistent-low-generation,3,3670,61.166666666666664,13.166666666666666,2026-01-03T13:10:00Z,45.26398218557539,45.21316606804452,NORMAL,NORMAL,448.7423020150338,85.0,70.0,0.16787878787878788,162.66908448044975,72.02987060794315,64.82688354714884,1.0,3,-20.85493463466935,M3,nan,M3,M3,1,85.68181818181819,-20.85493463466935,1.7379112195557789,5.916666666666666,0.0,poor_tracking_condition,requested_mode_matches_applied_mode
threshold,persistent-low-generation,3,3675,61.25,13.25,2026-01-03T13:15:00Z,45.21316606804452,45.16100202405862,NORMAL,NORMAL,444.9130370647577,85.0,70.0,0.16787878787878788,161.28097593597468,71.41521614444959,64.27369453000463,1.0,3,-21.408123651813554,M3,nan,M3,M3,1,85.68181818181819,-21.408123651813554,1.7840103043177962,5.916666666666666,0.0,poor_tracking_condition,requested_mode_matches_applied_mode
threshold,persistent-low-generation,3,3680,61.333333333333336,13.333333333333334,2026-01-03T13:20:00Z,45.16100202405862,45.10740267050672,NORMAL,NORMAL,440.83552927987967,85.0,70.0,0.16787878787878788,159.8028793639564,70.76071498235989,63.684643484123896,1.0,3,-21.99717469769429,M3,nan,M3,M3,1,85.68181818181819,-21.99717469769429,1.8330978914745242,5.916666666666666,0.0,poor_tracking_condition,requested_mode_matches_applied_mode
threshold,persistent-low-generation,3,3685,61.416666666666664,13.416666666666666,2026-01-03T13:25:00Z,45.10740267050672,45.052281730823694,NORMAL,NORMAL,436.51292219764787,85.0,70.0,0.16787878787878788,158.23593429664737,70.06687170655545,63.0601845358999,1.0,3,-22.621633645918287,M3,nan,M3,M3,1,85.68181818181819,-22.621633645918287,1.8851361371598572,5.916666666666666,0.0,poor_tracking_condition,requested_mode_matches_applied_mode
threshold,persistent-low-generation,3,3690,61.5,13.5,2026-01-03T13:30:00Z,45.052281730823694,44.9955541035904,NORMAL,NORMAL,431.9485542387826,85.0,70.0,0.16787878787878788,156.5813509115587,69.33422218363819,62.40079996527437,1.0,3,-23.281018216543814,M3,nan,M3,M3,1,85.68181818181819,-23.281018216543814,1.940084851378651,5.916666666666666,0.0,poor_tracking_condition,requested_mode_matches_applied_mode
threshold,persistent-low-generation,3,3695,61.583333333333336,13.583333333333334,2026-01-03T13:35:00Z,44.9955541035904,45.113693686939435,NORMAL,NORMAL,427.1459573354958,85.0,70.0,0.16787878787878788,154.84040953411724,68.56333334170712,61.70700000753641,1.0,3,-23.97481817428178,M2,nan,M1,M1,0,5.0,56.70700000753641,0.0,0.0,0.0,poor_tracking_condition,safety_reduction_applied_immediately
threshold,persistent-low-generation,3,3700,61.666666666666664,13.666666666666666,2026-01-03T13:40:00Z,45.113693686939435,45.23031727579047,NORMAL,NORMAL,422.10885551365175,85.0,70.0,0.16787878787878788,153.01446012369877,67.75480294277381,60.97932264849643,1.0,3,55.97932264849643,M3,nan,M3,M1,0,5.0,55.97932264849643,0.0,0.0,0.0,poor_tracking_condition,new_candidate_started
threshold,persistent-low-generation,3,3705,61.75,13.75,2026-01-03T13:45:00Z,45.23031727579047,45.34535547040332,NORMAL,NORMAL,416.8411634369035,85.0,70.0,0.16787878787878788,151.10492174587753,66.90925934907456,60.218333414167105,1.0,3,55.218333414167105,M3,nan,M3,M1,0,5.0,55.218333414167105,0.0,0.0,0.0,poor_tracking_condition,waiting_for_candidate_confirmation
threshold,persistent-low-generation,3,3710,61.833333333333336,13.833333333333334,2026-01-03T13:50:00Z,45.34535547040332,45.28137595523371,NORMAL,NORMAL,411.3469849215117,85.0,70.0,0.16787878787878788,149.113282034048,66.02736128467645,59.424625156208805,1.0,3,54.424625156208805,M3,nan,M3,M3,1,85.68181818181819,-26.257193025609382,2.188099418800782,5.916666666666666,0.0,poor_tracking_condition,candidate_confirmed_and_dwell_satisfied
threshold,persistent-low-generation,3,3715,61.916666666666664,13.916666666666666,2026-01-03T13:55:00Z,45.28137595523371,45.21538423898791,NORMAL,NORMAL,405.6306114315386,85.0,70.0,0.16787878787878788,147.04109664393278,65.10979759393342,58.59881783454008,1.0,3,-27.08300034727811,M3,nan,M3,M3,1,85.68181818181819,-27.08300034727811,2.2569166956065088,5.916666666666666,0.0,poor_tracking_condition,requested_mode_matches_applied_mode
threshold,persistent-low-generation,3,3720,62.0,14.0,2026-01-03T14:00:00Z,45.21538423898791,45.147303683717084,NORMAL,NORMAL,399.69652056520863,85.0,70.0,0.16787878787878788,144.88998870488814,64.15728699852447,57.741558298672025,1.0,3,-27.94025988314616,M3,nan,M3,M3,1,85.68181818181819,-27.94025988314616,2.32835499026218,5.916666666666666,0.0,poor_tracking_condition,requested_mode_matches_applied_mode
threshold,persistent-low-generation,3,3725,62.083333333333336,14.083333333333334,2026-01-03T14:05:00Z,45.147303683717084,45.07705929260521,NORMAL,NORMAL,393.5493745444712,85.0,70.0,0.16787878787878788,142.66164827237083,63.1705778550058,56.85352006950522,1.0,3,-28.828298112312964,M3,nan,M3,M3,1,85.68181818181819,-28.828298112312964,2.4023581760260804,5.916666666666666,0.0,poor_tracking_condition,requested_mode_matches_applied_mode
threshold,persistent-low-generation,3,3730,62.166666666666664,14.166666666666666,2026-01-03T14:10:00Z,45.07705929260521,45.00457777443199,NORMAL,NORMAL,387.1940187212154,85.0,70.0,0.16787878787878788,140.3578317864406,62.150447915035905,55.93540312353232,1.0,3,-29.74641505828587,M3,nan,M3,M3,1,85.68181818181819,-29.74641505828587,2.4788679215238223,5.916666666666666,0.0,poor_tracking_condition,requested_mode_matches_applied_mode
threshold,persistent-low-generation,3,3735,62.25,14.25,2026-01-03T14:15:00Z,45.00457777443199,44.929787607521185,NORMAL,NORMAL,380.63548011518446,85.0,70.0,0.16787878787878788,137.98036154175438,61.097704090688836,54.98793368161996,1.0,3,-30.69388450019823,M3,nan,M3,M3,1,85.68181818181819,-30.69388450019823,2.5578237083498525,5.916666666666666,0.0,poor_tracking_condition,requested_mode_matches_applied_mode
threshold,persistent-low-generation,3,3740,62.333333333333336,14.333333333333334,2026-01-03T14:20:00Z,44.929787607521185,45.03189565753121,NORMAL,NORMAL,373.8789660004804,85.0,70.0,0.16787878787878788,135.53112517517414,60.01318222756711,54.0118640048104,1.0,3,-31.66995417700779,M2,nan,M1,M1,0,5.0,49.0118640048104,0.0,0.0,0.0,poor_tracking_condition,safety_reduction_applied_immediately
threshold,persistent-low-generation,3,3745,62.416666666666664,14.416666666666666,2026-01-03T14:25:00Z,45.03189565753121,45.13191226628097,NORMAL,NORMAL,366.92986255965087,85.0,70.0,0.16787878787878788,133.01207517787347,58.89774688876237,53.00797219988613,1.0,3,48.00797219988613,M3,nan,M3,M1,0,5.0,48.00797219988613,0.0,0.0,0.0,poor_tracking_condition,new_candidate_started
threshold,persistent-low-generation,3,3750,62.5,14.5,2026-01-03T14:30:00Z,45.13191226628097,45.229781145526374,NORMAL,NORMAL,359.7937336267778,85.0,70.0,0.16787878787878788,130.42522843970696,57.75229115310224,51.97706203779202,1.0,3,46.97706203779202,M3,nan,M3,M1,0,5.0,46.97706203779202,0.0,0.0,0.0,poor_tracking_condition,waiting_for_candidate_confirmation
threshold,persistent-low-generation,3,3755,62.583333333333336,14.583333333333334,2026-01-03T14:35:00Z,45.229781145526374,45.1450787688368,NORMAL,NORMAL,352.47631954379665,85.0,70.0,0.16787878787878788,127.7726658346263,56.57773643157252,50.91996278841527,1.0,3,45.91996278841527,M3,nan,M3,M3,1,85.68181818181819,-34.76185539340292,2.896821282783576,5.916666666666666,0.0,poor_tracking_condition,candidate_confirmed_and_dwell_satisfied
threshold,persistent-low-generation,3,3760,62.666666666666664,14.666666666666666,2026-01-03T14:40:00Z,45.1450787688368,45.05773888310063,NORMAL,NORMAL,344.9835361575411,85.0,70.0,0.16787878787878788,125.05653185710867,55.37503230632772,49.837529075694945,1.0,3,-35.84428910612324,M3,nan,M3,M3,1,85.68181818181819,-35.84428910612324,2.9870240921769367,5.916666666666666,0.0,poor_tracking_condition,requested_mode_matches_applied_mode
threshold,persistent-low-generation,3,3765,62.75,14.75,2026-01-03T14:45:00Z,45.05773888310063,44.96770190107277,NORMAL,NORMAL,337.3214739888144,85.0,70.0,0.16787878787878788,122.27903432094523,54.145156397314544,48.73064075758309,1.0,3,-36.9511774242351,M3,nan,M3,M3,1,85.68181818181819,-36.9511774242351,3.0792647853529247,5.916666666666666,0.0,poor_tracking_condition,requested_mode_matches_applied_mode
threshold,persistent-low-generation,3,3770,62.833333333333336,14.833333333333334,2026-01-03T14:50:00Z,44.96770190107277,45.056452323647825,NORMAL,NORMAL,329.4963976092564,85.0,70.0,0.16787878787878788,119.44244413335547,52.8891142622498,47.60020283602482,1.0,3,-38.08161534579337,M2,nan,M1,M1,0,5.0,42.60020283602482,0.0,0.0,0.0,poor_tracking_condition,safety_reduction_applied_immediately
threshold,persistent-low-generation,3,3775,62.916666666666664,14.916666666666666,2026-01-03T14:55:00Z,45.056452323647825,45.142800543237165,NORMAL,NORMAL,321.51474526702947,85.0,70.0,0.16787878787878788,116.54909515929819,51.60793933653724,46.44714540288352,1.0,3,41.44714540288352,M3,nan,M3,M1,0,5.0,41.44714540288352,0.0,0.0,0.0,poor_tracking_condition,new_candidate_started
threshold,persistent-low-generation,3,3780,63.0,15.0,2026-01-03T15:00:00Z,45.142800543237165,45.226701425796826,NORMAL,NORMAL,313.38312880856245,85.0,70.0,0.16787878787878788,113.6013841931039,50.302692920706406,45.272423628635764,1.0,3,40.272423628635764,M3,nan,M3,M1,0,5.0,40.272423628635764,0.0,0.0,0.0,poor_tracking_condition,waiting_for_candidate_confirmation
threshold,persistent-low-generation,3,3785,63.083333333333336,15.083333333333334,2026-01-03T15:05:00Z,45.226701425796826,45.12532520654709,NORMAL,NORMAL,305.1083339509776,85.0,70.0,0.16787878787878788,110.6017710572294,48.97446422414117,44.07701780172706,1.0,3,39.07701780172706,M3,nan,M3,M3,1,85.68181818181819,-41.60480038009113,3.4670666983409273,5.916666666666666,0.0,poor_tracking_condition,candidate_confirmed_and_dwell_satisfied
threshold,persistent-low-generation,3,3790,63.166666666666664,15.166666666666666,2026-01-03T15:10:00Z,45.12532520654709,45.020988255391956,NORMAL,NORMAL,296.69732096864095,85.0,70.0,0.16787878787878788,107.55277885113236,47.62437047528141,42.86193342775327,1.0,3,-42.819884754064915,M3,nan,M3,M3,1,85.68181818181819,-42.819884754064915,3.5683237295054093,5.916666666666666,0.0,poor_tracking_condition,requested_mode_matches_applied_mode
threshold,persistent-low-generation,3,3795,63.25,15.25,2026-01-03T15:15:00Z,45.020988255391956,44.91364513457652,NORMAL,NORMAL,288.15722586785273,85.0,70.0,0.16787878787878788,104.45699437709663,46.25355711017839,41.62820139916055,1.0,3,-44.053616782657635,M3,nan,M3,M3,1,85.68181818181819,-44.053616782657635,3.671134731888136,5.916666666666666,0.0,poor_tracking_condition,requested_mode_matches_applied_mode
threshold,persistent-low-generation,3,3800,63.333333333333336,15.333333333333334,2026-01-03T15:20:00Z,44.91364513457652,44.98734696425985,NORMAL,NORMAL,279.4953621364577,85.0,70.0,0.16787878787878788,101.31706877446592,44.863198053333505,40.37687824800015,1.0,3,-45.304939933818034,M2,nan,M1,M1,0,5.0,35.37687824800015,0.0,0.0,0.0,poor_tracking_condition,safety_reduction_applied_immediately
threshold,persistent-low-generation,3,3805,63.416666666666664,15.416666666666666,2026-01-03T15:25:00Z,44.98734696425985,45.05840747779425,NORMAL,NORMAL,270.7192231706225,85.0,70.0,0.16787878787878788,98.13571839935068,43.45449610723247,39.10904649650923,1.0,3,34.10904649650923,M2,nan,M1,M1,0,5.0,34.10904649650923,0.0,0.0,0.0,poor_tracking_condition,requested_mode_matches_applied_mode
threshold,persistent-low-generation,3,3810,63.5,15.5,2026-01-03T15:30:00Z,45.05840747779425,45.12679459263386,NORMAL,NORMAL,261.8364854999092,85.0,70.0,0.16787878787878788,94.9157259937171,42.02868347001793,37.82581512301614,1.0,3,32.82581512301614,M3,nan,M3,M1,0,5.0,32.82581512301614,0.0,0.0,0.0,poor_tracking_condition,new_candidate_started
threshold,persistent-low-generation,3,3815,63.583333333333336,15.583333333333334,2026-01-03T15:35:00Z,45.12679459263386,45.192478592975554,NORMAL,NORMAL,252.855012954932,85.0,70.0,0.16787878787878788,91.65994219616286,40.58702240446092,36.52832016401483,1.0,3,31.52832016401483,M3,nan,M3,M1,0,5.0,31.52832016401483,0.0,0.0,0.0,poor_tracking_condition,waiting_for_candidate_confirmation
threshold,persistent-low-generation,3,3820,63.666666666666664,15.666666666666666,2026-01-03T15:40:00Z,45.192478592975554,45.06951540412461,NORMAL,NORMAL,243.7828619505026,85.0,70.0,0.16787878787878788,88.3712874570572,39.13080608598493,35.21772547738644,1.0,3,30.217725477386438,M3,nan,M3,M3,1,85.68181818181819,-50.46409270443175,4.205341058702645,5.916666666666666,0.0,poor_tracking_condition,candidate_confirmed_and_dwell_satisfied
threshold,persistent-low-generation,3,3825,63.75,15.75,2026-01-03T15:45:00Z,45.06951540412461,44.94332974504826,NORMAL,NORMAL,234.6282880927447,85.0,70.0,0.16787878787878788,85.05275443361997,37.66135966320692,33.895223696886234,1.0,3,-51.78659448493195,M3,nan,M3,M3,1,85.68181818181819,-51.78659448493195,4.315549540410996,5.916666666666666,0.0,poor_tracking_condition,requested_mode_matches_applied_mode
threshold,persistent-low-generation,3,3830,63.833333333333336,15.833333333333334,2026-01-03T15:50:00Z,44.94332974504826,45.00075065632837,NORMAL,NORMAL,225.39975436323775,85.0,70.0,0.16787878787878788,81.7074109566737,36.18004157161511,32.5620374144536,1.0,3,-53.11978076736459,M2,nan,M1,M1,0,5.0,27.5620374144536,0.0,0.0,0.0,poor_tracking_condition,safety_reduction_applied_immediately
threshold,persistent-low-generation,3,3835,63.916666666666664,15.916666666666666,2026-01-03T15:55:00Z,45.00075065632837,45.055374449318016,NORMAL,NORMAL,216.1059411895109,85.0,70.0,0.16787878787878788,78.33840368119772,34.688245150034355,31.21942063503092,1.0,3,26.21942063503092,M3,nan,M3,M1,0,5.0,26.21942063503092,0.0,0.0,0.0,poor_tracking_condition,new_candidate_started
threshold,persistent-low-generation,3,3840,64.0,16.0,2026-01-03T16:00:00Z,45.055374449318016,45.10718415881578,NORMAL,NORMAL,206.75575878282945,85.0,70.0,0.16787878787878788,74.94896255877568,33.187400621025866,29.86866055892328,1.0,3,24.86866055892328,M3,nan,M3,M1,0,5.0,24.86866055892328,0.0,0.0,0.0,poor_tracking_condition,waiting_for_candidate_confirmation
threshold,persistent-low-generation,3,3845,64.08333333333333,16.083333333333332,2026-01-03T16:05:00Z,45.10718415881578,44.967879240634,NORMAL,NORMAL,197.35836221618453,85.0,70.0,0.16787878787878788,71.5424063033669,31.678977511130867,28.511079760017783,1.0,3,23.511079760017783,M3,nan,M3,M3,1,85.68181818181819,-57.17073842180041,4.7642282018167,5.916666666666666,0.0,poor_tracking_condition,candidate_confirmed_and_dwell_satisfied
threshold,persistent-low-generation,3,3850,64.16666666666667,16.166666666666668,2026-01-03T16:10:00Z,44.967879240634,45.014020988228594,NORMAL,NORMAL,187.9231698346319,85.0,70.0,0.16787878787878788,68.12214906505407,30.164487606005945,27.148038845405353,1.0,3,-58.533779336412834,M2,nan,M1,M1,0,5.0,22.148038845405353,0.0,0.0,0.0,poor_tracking_condition,safety_reduction_applied_immediately
threshold,persistent-low-generation,3,3855,64.25,16.25,2026-01-03T16:15:00Z,45.014020988228594,45.057314612613,NORMAL,NORMAL,178.45988574631707,85.0,70.0,0.16787878787878788,64.69170858303994,28.645488560570083,25.780939704513074,1.0,3,20.780939704513074,M3,nan,M3,M1,0,5.0,20.780939704513074,0.0,0.0,0.0,poor_tracking_condition,new_candidate_started
threshold,persistent-low-generation,3,3860,64.33333333333333,16.333333333333332,2026-01-03T16:20:00Z,45.057314612613,45.09775467404162,NORMAL,NORMAL,168.97852734939664,85.0,70.0,0.16787878787878788,61.25471616415629,27.123588317488405,24.411229485739565,1.0,3,19.411229485739565,M3,nan,M3,M1,0,5.0,19.411229485739565,0.0,0.0,2.220446049250313e-16,poor_tracking_condition,waiting_for_candidate_confirmation
threshold,persistent-low-generation,3,3865,64.41666666666667,16.416666666666668,2026-01-03T16:25:00Z,45.09775467404162,44.94511965283509,NORMAL,NORMAL,159.48945912743983,85.0,70.0,0.16787878787878788,57.81492893369695,25.60045053184101,23.040405478656908,1.0,3,18.040405478656908,M3,nan,M3,M3,1,85.68181818181819,-62.64141270316128,5.22011772526344,5.916666666666666,0.0,poor_tracking_condition,candidate_confirmed_and_dwell_satisfied
threshold,persistent-low-generation,3,3870,64.5,16.5,2026-01-03T16:30:00Z,44.94511965283509,44.97984886353151,NORMAL,NORMAL,150.00343432272103,85.0,70.0,0.16787878787878788,54.37624494198638,24.077801260311567,21.67002113428041,1.0,3,-64.01179704753778,M2,nan,M1,M1,0,5.0,16.67002113428041,0.0,0.0,0.0,poor_tracking_condition,safety_reduction_applied_immediately
threshold,persistent-low-generation,3,3875,64.58333333333333,16.583333333333332,2026-01-03T16:35:00Z,44.97984886353151,45.01172739172098,NORMAL,NORMAL,140.53164661624447,85.0,70.0,0.16787878787878788,50.942721898388626,22.55743725660648,20.301693530945833,1.0,3,15.301693530945833,M2,nan,M1,M1,0,5.0,15.301693530945833,0.0,0.0,0.0,poor_tracking_condition,requested_mode_matches_applied_mode
threshold,persistent-low-generation,3,3880,64.66666666666667,16.666666666666668,2026-01-03T16:40:00Z,45.01172739172098,45.04076304317605,NORMAL,NORMAL,131.08579467086645,85.0,70.0,0.16787878787878788,47.51860056818909,21.04123633159413,18.937112698434717,1.0,3,13.937112698434717,M3,nan,M3,M1,0,5.0,13.937112698434717,0.0,0.0,0.0,poor_tracking_condition,new_candidate_started
threshold,persistent-low-generation,3,3885,64.75,16.75,2026-01-03T16:45:00Z,45.04076304317605,45.06696732101526,NORMAL,NORMAL,121.67816343103354,85.0,70.0,0.16787878787878788,44.10833424374967,19.53117040313235,17.578053362819116,1.0,3,12.578053362819116,M3,nan,M3,M1,0,5.0,12.578053362819116,0.0,0.0,0.0,poor_tracking_condition,waiting_for_candidate_confirmation
threshold,persistent-low-generation,3,3890,64.83333333333333,16.833333333333332,2026-01-03T16:50:00Z,45.06696732101526,44.897728947990224,NORMAL,NORMAL,112.32172758060456,85.0,70.0,0.16787878787878788,40.71662624796916,18.029322102600744,16.22638989234067,1.0,3,11.22638989234067,M3,nan,M3,M3,1,85.68181818181819,-69.45542828947751,5.787952357456459,5.916666666666666,0.0,poor_tracking_condition,candidate_confirmed_and_dwell_satisfied
threshold,persistent-low-generation,3,3895,64.91666666666667,16.916666666666668,2026-01-03T16:55:00Z,44.897728947990224,44.918320855382774,NORMAL,NORMAL,103.03028480154454,85.0,70.0,0.16787878787878788,37.3484782405599,16.537906164919924,14.884115548427932,1.0,3,-70.79770263339026,M2,nan,M1,M1,0,5.0,9.884115548427932,0.0,0.0,0.0,poor_tracking_condition,safety_reduction_applied_immediately
threshold,persistent-low-generation,3,3900,65.0,17.0,2026-01-03T17:00:00Z,44.918320855382774,44.93614037129807,NORMAL,NORMAL,93.81862989157457,85.0,70.0,0.16787878787878788,34.00925333569579,15.059297377046093,13.553367639341484,1.0,3,8.553367639341484,M2,nan,M1,M1,0,5.0,8.553367639341484,0.0,0.0,0.0,poor_tracking_condition,requested_mode_matches_applied_mode
threshold,persistent-low-generation,3,3905,65.08333333333333,17.083333333333332,2026-01-03T17:05:00Z,44.93614037129807,44.95121633160502,NORMAL,NORMAL,84.70278615246784,85.0,70.0,0.16787878787878788,30.704759980269596,13.596067719263376,12.236460947337038,1.0,3,7.236460947337038,M2,nan,M1,M1,0,5.0,7.236460947337038,0.0,0.0,0.0,poor_tracking_condition,requested_mode_matches_applied_mode
threshold,persistent-low-generation,3,3910,65.16666666666667,17.166666666666668,2026-01-03T17:10:00Z,44.95121633160502,44.963582858798034,NORMAL,NORMAL,75.70031913007257,85.0,70.0,0.16787878787878788,27.44136568465131,12.1510367251636,10.93593305264724,1.0,3,5.93593305264724,M2,nan,M1,M1,0,5.0,5.93593305264724,0.0,0.0,0.0,poor_tracking_condition,requested_mode_matches_applied_mode
threshold,persistent-low-generation,3,3915,65.25,17.25,2026-01-03T17:15:00Z,44.963582858798034,44.973279957305856,NORMAL,NORMAL,66.83077236639191,85.0,70.0,0.16787878787878788,24.22615498281707,10.7273414263914,9.65460728375226,1.0,3,4.654607283752259,M2,nan,M1,M1,0,5.0,4.654607283752259,0.0,0.0,0.0,poor_tracking_condition,requested_mode_matches_applied_mode
threshold,persistent-low-generation,3,3920,65.33333333333333,17.333333333333332,2026-01-03T17:20:00Z,44.973279957305856,44.980354296319135,NORMAL,NORMAL,58.11629045657233,85.0,70.0,0.16787878787878788,21.067155290507472,9.32853636263671,8.395682726373039,1.0,3,3.395682726373039,M2,nan,M1,M1,0,5.0,3.395682726373039,0.0,0.0,0.0,poor_tracking_condition,requested_mode_matches_applied_mode
threshold,persistent-low-generation,3,3925,65.41666666666667,17.416666666666668,2026-01-03T17:25:00Z,44.980354296319135,44.98486027046404,NORMAL,NORMAL,49.58254223077303,85.0,70.0,0.16787878787878788,17.973671558655226,7.958741766172534,7.1628675895552805,1.0,3,2.1628675895552805,M2,nan,M1,M1,0,5.0,2.1628675895552805,0.0,0.0,0.0,poor_tracking_condition,requested_mode_matches_applied_mode
threshold,persistent-low-generation,3,3930,65.5,17.5,2026-01-03T17:30:00Z,44.98486027046404,44.98686149090398,NORMAL,NORMAL,41.260150911287276,85.0,70.0,0.16787878787878788,14.95680470534164,6.622873123525278,5.96058581117275,1.0,3,0.9605858111727503,M2,nan,M1,M1,0,5.0,0.9605858111727503,0.0,0.0,0.0,poor_tracking_condition,requested_mode_matches_applied_mode
threshold,persistent-low-generation,3,3935,65.58333333333333,17.583333333333332,2026-01-03T17:35:00Z,44.98686149090398,44.986360311405434,NORMAL,NORMAL,33.18703986676286,85.0,70.0,0.16787878787878788,12.030301951701539,5.327017704213441,4.794315933792097,1.0,3,-0.20568406620790292,M2,nan,M1,M1,0,5.0,-0.20568406620790292,0.017140338850658576,0.0,0.0,poor_tracking_condition,requested_mode_matches_applied_mode
threshold,persistent-low-generation,3,3940,65.66666666666667,17.666666666666668,2026-01-03T17:40:00Z,44.986360311405434,44.983122472138206,NORMAL,NORMAL,25.412583557295164,85.0,70.0,0.16787878787878788,9.212061539519498,4.079100849699234,3.6711907647293107,1.0,3,-1.3288092352706893,M2,nan,M1,M1,0,5.0,-1.3288092352706893,0.1107341029392241,0.0,0.0,poor_tracking_condition,requested_mode_matches_applied_mode
threshold,persistent-low-generation,3,3945,65.75,17.75,2026-01-03T17:45:00Z,44.983122472138206,44.9772773878805,NORMAL,NORMAL,18.005775996288865,85.0,70.0,0.16787878787878788,6.527093798654715,2.890197134044308,2.601177420639877,1.0,3,-2.398822579360123,M2,nan,M1,M1,0,5.0,-2.398822579360123,0.19990188161334357,0.0,0.0,poor_tracking_condition,requested_mode_matches_applied_mode
threshold,persistent-low-generation,3,3950,65.83333333333333,17.833333333333332,2026-01-03T17:50:00Z,44.9772773878805,44.96899231383736,NORMAL,NORMAL,11.074116387152324,85.0,70.0,0.16787878787878788,4.0143671903427185,1.7775617918837558,1.5998056126953804,1.0,3,-3.4001943873046194,M2,nan,M1,M1,0,5.0,-3.4001943873046194,0.28334953227538495,0.0,0.0,poor_tracking_condition,requested_mode_matches_applied_mode
threshold,persistent-low-generation,3,3955,65.91666666666667,17.916666666666668,2026-01-03T17:55:00Z,44.96899231383736,44.95850633612614,NORMAL,NORMAL,4.821666007779817,85.0,70.0,0.16787878787878788,1.747853927820184,0.7739497192387774,0.6965547473148997,1.0,3,-4.3034452526851,M2,nan,M1,M1,0,5.0,-4.3034452526851,0.35862043772375835,0.0,0.0,poor_tracking_condition,requested_mode_matches_applied_mode
threshold,persistent-low-generation,3,3960,66.0,18.0,2026-01-03T18:00:00Z,44.95850633612614,44.946323100258695,NORMAL,NORMAL,3.822140361187655e-17,85.0,70.0,0.16787878787878788,1.3855258809305252e-17,6.1351086007603655e-18,5.521597740684329e-18,1.0,3,-5.0,M2,nan,M1,M1,0,5.0,-5.0,0.41666666666666663,0.0,0.0,poor_tracking_condition,requested_mode_matches_applied_mode
threshold,persistent-low-generation,3,3965,66.08333333333333,18.083333333333332,2026-01-03T18:05:00Z,44.946323100258695,44.93413986439125,NORMAL,NORMAL,0.0,85.0,70.0,0.16787878787878788,0.0,0.0,0.0,1.0,3,-5.0,M2,nan,M1,M1,0,5.0,-5.0,0.41666666666666663,0.0,0.0,poor_tracking_condition,requested_mode_matches_applied_mode
threshold,persistent-low-generation,3,3970,66.16666666666667,18.166666666666668,2026-01-03T18:10:00Z,44.93413986439125,44.9219566285238,NORMAL,NORMAL,0.0,85.0,70.0,0.16787878787878788,0.0,0.0,0.0,1.0,3,-5.0,M2,nan,M1,M1,0,5.0,-5.0,0.41666666666666663,0.0,0.0,poor_tracking_condition,requested_mode_matches_applied_mode
threshold,persistent-low-generation,3,3975,66.25,18.25,2026-01-03T18:15:00Z,44.9219566285238,44.909773392656355,NORMAL,NORMAL,0.0,85.0,70.0,0.16787878787878788,0.0,0.0,0.0,1.0,3,-5.0,M2,nan,M1,M1,0,5.0,-5.0,0.41666666666666663,0.0,0.0,poor_tracking_condition,requested_mode_matches_applied_mode
threshold,persistent-low-generation,3,3980,66.33333333333333,18.333333333333332,2026-01-03T18:20:00Z,44.909773392656355,44.89759015678891,NORMAL,NORMAL,0.0,85.0,70.0,0.16787878787878788,0.0,0.0,0.0,1.0,3,-5.0,M2,nan,M1,M1,0,5.0,-5.0,0.41666666666666663,0.0,0.0,poor_tracking_condition,requested_mode_matches_applied_mode
threshold,persistent-low-generation,3,3985,66.41666666666667,18.416666666666668,2026-01-03T18:25:00Z,44.89759015678891,44.88540692092146,NORMAL,NORMAL,0.0,85.0,70.0,0.16787878787878788,0.0,0.0,0.0,1.0,3,-5.0,M2,nan,M1,M1,0,5.0,-5.0,0.41666666666666663,0.0,0.0,poor_tracking_condition,requested_mode_matches_applied_mode
threshold,persistent-low-generation,3,3990,66.5,18.5,2026-01-03T18:30:00Z,44.88540692092146,44.87322368505402,NORMAL,NORMAL,0.0,85.0,70.0,0.16787878787878788,0.0,0.0,0.0,1.0,3,-5.0,M2,nan,M1,M1,0,5.0,-5.0,0.41666666666666663,0.0,0.0,poor_tracking_condition,requested_mode_matches_applied_mode
threshold,persistent-low-generation,3,3995,66.58333333333333,18.583333333333332,2026-01-03T18:35:00Z,44.87322368505402,44.861040449186575,NORMAL,NORMAL,0.0,85.0,70.0,0.16787878787878788,0.0,0.0,0.0,1.0,3,-5.0,M2,nan,M1,M1,0,5.0,-5.0,0.41666666666666663,0.0,0.0,poor_tracking_condition,requested_mode_matches_applied_mode
threshold,persistent-low-generation,3,4000,66.66666666666667,18.666666666666668,2026-01-03T18:40:00Z,44.861040449186575,44.84885721331913,NORMAL,NORMAL,0.0,85.0,70.0,0.16787878787878788,0.0,0.0,0.0,1.0,3,-5.0,M2,nan,M1,M1,0,5.0,-5.0,0.41666666666666663,0.0,0.0,poor_tracking_condition,requested_mode_matches_applied_mode
threshold,persistent-low-generation,3,4005,66.75,18.75,2026-01-03T18:45:00Z,44.84885721331913,44.83667397745168,NORMAL,NORMAL,0.0,85.0,70.0,0.16787878787878788,0.0,0.0,0.0,1.0,3,-5.0,M2,nan,M1,M1,0,5.0,-5.0,0.41666666666666663,0.0,0.0,poor_tracking_condition,requested_mode_matches_applied_mode
threshold,persistent-low-generation,3,4010,66.83333333333333,18.833333333333332,2026-01-03T18:50:00Z,44.83667397745168,44.824490741584235,NORMAL,NORMAL,0.0,85.0,70.0,0.16787878787878788,0.0,0.0,0.0,1.0,3,-5.0,M2,nan,M1,M1,0,5.0,-5.0,0.41666666666666663,0.0,0.0,poor_tracking_condition,requested_mode_matches_applied_mode
threshold,persistent-low-generation,3,4015,66.91666666666667,18.916666666666668,2026-01-03T18:55:00Z,44.824490741584235,44.81230750571679,NORMAL,NORMAL,0.0,85.0,70.0,0.16787878787878788,0.0,0.0,0.0,1.0,3,-5.0,M2,nan,M1,M1,0,5.0,-5.0,0.41666666666666663,0.0,0.0,poor_tracking_condition,requested_mode_matches_applied_mode
threshold,persistent-low-generation,3,4020,67.0,19.0,2026-01-03T19:00:00Z,44.81230750571679,44.800124269849334,NORMAL,NORMAL,0.0,85.0,70.0,0.16787878787878788,0.0,0.0,0.0,1.0,3,-5.0,M2,nan,M1,M1,0,5.0,-5.0,0.41666666666666663,0.0,0.0,poor_tracking_condition,requested_mode_matches_applied_mode
threshold,persistent-low-generation,3,4025,67.08333333333333,19.083333333333332,2026-01-03T19:05:00Z,44.800124269849334,44.78794103398189,NORMAL,NORMAL,0.0,85.0,70.0,0.16787878787878788,0.0,0.0,0.0,1.0,3,-5.0,M2,nan,M1,M1,0,5.0,-5.0,0.41666666666666663,0.0,0.0,poor_tracking_condition,requested_mode_matches_applied_mode
threshold,persistent-low-generation,3,4030,67.16666666666667,19.166666666666668,2026-01-03T19:10:00Z,44.78794103398189,44.775757798114455,NORMAL,NORMAL,0.0,85.0,70.0,0.16787878787878788,0.0,0.0,0.0,1.0,3,-5.0,M2,nan,M1,M1,0,5.0,-5.0,0.41666666666666663,0.0,0.0,poor_tracking_condition,requested_mode_matches_applied_mode
threshold,persistent-low-generation,3,4035,67.25,19.25,2026-01-03T19:15:00Z,44.775757798114455,44.76357456224701,NORMAL,NORMAL,0.0,85.0,70.0,0.16787878787878788,0.0,0.0,0.0,1.0,3,-5.0,M2,nan,M1,M1,0,5.0,-5.0,0.41666666666666663,0.0,0.0,poor_tracking_condition,requested_mode_matches_applied_mode
threshold,persistent-low-generation,3,4040,67.33333333333333,19.333333333333332,2026-01-03T19:20:00Z,44.76357456224701,44.75139132637956,NORMAL,NORMAL,0.0,85.0,70.0,0.16787878787878788,0.0,0.0,0.0,1.0,3,-5.0,M2,nan,M1,M1,0,5.0,-5.0,0.41666666666666663,0.0,0.0,poor_tracking_condition,requested_mode_matches_applied_mode
threshold,persistent-low-generation,3,4045,67.41666666666667,19.416666666666668,2026-01-03T19:25:00Z,44.75139132637956,44.73920809051211,NORMAL,NORMAL,0.0,85.0,70.0,0.16787878787878788,0.0,0.0,0.0,1.0,3,-5.0,M2,nan,M1,M1,0,5.0,-5.0,0.41666666666666663,0.0,0.0,poor_tracking_condition,requested_mode_matches_applied_mode
threshold,persistent-low-generation,3,4050,67.5,19.5,2026-01-03T19:30:00Z,44.73920809051211,44.72702485464466,NORMAL,NORMAL,0.0,85.0,70.0,0.16787878787878788,0.0,0.0,0.0,1.0,3,-5.0,M2,nan,M1,M1,0,5.0,-5.0,0.41666666666666663,0.0,0.0,poor_tracking_condition,requested_mode_matches_applied_mode
threshold,persistent-low-generation,3,4055,67.58333333333333,19.583333333333332,2026-01-03T19:35:00Z,44.72702485464466,44.714841618777214,NORMAL,NORMAL,0.0,85.0,70.0,0.16787878787878788,0.0,0.0,0.0,1.0,3,-5.0,M2,nan,M1,M1,0,5.0,-5.0,0.41666666666666663,0.0,0.0,poor_tracking_condition,requested_mode_matches_applied_mode
threshold,persistent-low-generation,3,4060,67.66666666666667,19.666666666666668,2026-01-03T19:40:00Z,44.714841618777214,44.70265838290977,NORMAL,NORMAL,0.0,85.0,70.0,0.16787878787878788,0.0,0.0,0.0,1.0,3,-5.0,M2,nan,M1,M1,0,5.0,-5.0,0.41666666666666663,0.0,0.0,poor_tracking_condition,requested_mode_matches_applied_mode
threshold,persistent-low-generation,3,4065,67.75,19.75,2026-01-03T19:45:00Z,44.70265838290977,44.69047514704232,NORMAL,NORMAL,0.0,85.0,70.0,0.16787878787878788,0.0,0.0,0.0,1.0,3,-5.0,M2,nan,M1,M1,0,5.0,-5.0,0.41666666666666663,0.0,0.0,poor_tracking_condition,requested_mode_matches_applied_mode
threshold,persistent-low-generation,3,4070,67.83333333333333,19.833333333333332,2026-01-03T19:50:00Z,44.69047514704232,44.67829191117488,NORMAL,NORMAL,0.0,85.0,70.0,0.16787878787878788,0.0,0.0,0.0,1.0,3,-5.0,M2,nan,M1,M1,0,5.0,-5.0,0.41666666666666663,0.0,0.0,poor_tracking_condition,requested_mode_matches_applied_mode
threshold,persistent-low-generation,3,4075,67.91666666666667,19.916666666666668,2026-01-03T19:55:00Z,44.67829191117488,44.666108675307434,NORMAL,NORMAL,0.0,85.0,70.0,0.16787878787878788,0.0,0.0,0.0,1.0,3,-5.0,M2,nan,M1,M1,0,5.0,-5.0,0.41666666666666663,0.0,0.0,poor_tracking_condition,requested_mode_matches_applied_mode
threshold,persistent-low-generation,3,4080,68.0,20.0,2026-01-03T20:00:00Z,44.666108675307434,44.65392543943999,NORMAL,NORMAL,0.0,85.0,70.0,0.16787878787878788,0.0,0.0,0.0,0.75,2,-5.0,M2,nan,M1,M1,0,5.0,-5.0,0.41666666666666663,0.0,0.0,poor_tracking_condition,requested_mode_matches_applied_mode
threshold,persistent-low-generation,3,4085,68.08333333333333,20.083333333333332,2026-01-03T20:05:00Z,44.65392543943999,44.64174220357254,NORMAL,NORMAL,0.0,85.0,70.0,0.16787878787878788,0.0,0.0,0.0,0.75,2,-5.0,M2,nan,M1,M1,0,5.0,-5.0,0.41666666666666663,0.0,0.0,poor_tracking_condition,requested_mode_matches_applied_mode
threshold,persistent-low-generation,3,4090,68.16666666666667,20.166666666666668,2026-01-03T20:10:00Z,44.64174220357254,44.629558967705094,NORMAL,NORMAL,0.0,85.0,70.0,0.16787878787878788,0.0,0.0,0.0,0.75,2,-5.0,M2,nan,M1,M1,0,5.0,-5.0,0.41666666666666663,0.0,0.0,poor_tracking_condition,requested_mode_matches_applied_mode
threshold,persistent-low-generation,3,4095,68.25,20.25,2026-01-03T20:15:00Z,44.629558967705094,44.61737573183765,NORMAL,NORMAL,0.0,85.0,70.0,0.16787878787878788,0.0,0.0,0.0,0.75,2,-5.0,M2,nan,M1,M1,0,5.0,-5.0,0.41666666666666663,0.0,0.0,poor_tracking_condition,requested_mode_matches_applied_mode
threshold,persistent-low-generation,3,4100,68.33333333333333,20.333333333333332,2026-01-03T20:20:00Z,44.61737573183765,44.6051924959702,NORMAL,NORMAL,0.0,85.0,70.0,0.16787878787878788,0.0,0.0,0.0,0.75,2,-5.0,M2,nan,M1,M1,0,5.0,-5.0,0.41666666666666663,0.0,0.0,poor_tracking_condition,requested_mode_matches_applied_mode
threshold,persistent-low-generation,3,4105,68.41666666666667,20.416666666666668,2026-01-03T20:25:00Z,44.6051924959702,44.593009260102754,NORMAL,NORMAL,0.0,85.0,70.0,0.16787878787878788,0.0,0.0,0.0,0.75,2,-5.0,M2,nan,M1,M1,0,5.0,-5.0,0.41666666666666663,0.0,0.0,poor_tracking_condition,requested_mode_matches_applied_mode
threshold,persistent-low-generation,3,4110,68.5,20.5,2026-01-03T20:30:00Z,44.593009260102754,44.580826024235314,NORMAL,NORMAL,0.0,85.0,70.0,0.16787878787878788,0.0,0.0,0.0,0.75,2,-5.0,M2,nan,M1,M1,0,5.0,-5.0,0.41666666666666663,0.0,0.0,poor_tracking_condition,requested_mode_matches_applied_mode
threshold,persistent-low-generation,3,4115,68.58333333333333,20.583333333333332,2026-01-03T20:35:00Z,44.580826024235314,44.56864278836787,NORMAL,NORMAL,0.0,85.0,70.0,0.16787878787878788,0.0,0.0,0.0,0.75,2,-5.0,M2,nan,M1,M1,0,5.0,-5.0,0.41666666666666663,0.0,0.0,poor_tracking_condition,requested_mode_matches_applied_mode
threshold,persistent-low-generation,3,4120,68.66666666666667,20.666666666666668,2026-01-03T20:40:00Z,44.56864278836787,44.55645955250042,NORMAL,NORMAL,0.0,85.0,70.0,0.16787878787878788,0.0,0.0,0.0,0.75,2,-5.0,M2,nan,M1,M1,0,5.0,-5.0,0.41666666666666663,0.0,0.0,poor_tracking_condition,requested_mode_matches_applied_mode
threshold,persistent-low-generation,3,4125,68.75,20.75,2026-01-03T20:45:00Z,44.55645955250042,44.544276316632974,NORMAL,NORMAL,0.0,85.0,70.0,0.16787878787878788,0.0,0.0,0.0,0.75,2,-5.0,M2,nan,M1,M1,0,5.0,-5.0,0.41666666666666663,0.0,0.0,poor_tracking_condition,requested_mode_matches_applied_mode
threshold,persistent-low-generation,3,4130,68.83333333333333,20.833333333333332,2026-01-03T20:50:00Z,44.544276316632974,44.53209308076553,NORMAL,NORMAL,0.0,85.0,70.0,0.16787878787878788,0.0,0.0,0.0,0.75,2,-5.0,M2,nan,M1,M1,0,5.0,-5.0,0.41666666666666663,0.0,0.0,poor_tracking_condition,requested_mode_matches_applied_mode
threshold,persistent-low-generation,3,4135,68.91666666666667,20.916666666666668,2026-01-03T20:55:00Z,44.53209308076553,44.51990984489808,NORMAL,NORMAL,0.0,85.0,70.0,0.16787878787878788,0.0,0.0,0.0,0.75,2,-5.0,M2,nan,M1,M1,0,5.0,-5.0,0.41666666666666663,0.0,0.0,poor_tracking_condition,requested_mode_matches_applied_mode
threshold,persistent-low-generation,3,4140,69.0,21.0,2026-01-03T21:00:00Z,44.51990984489808,44.507726609030634,NORMAL,NORMAL,0.0,85.0,70.0,0.16787878787878788,0.0,0.0,0.0,0.75,2,-5.0,M2,nan,M1,M1,0,5.0,-5.0,0.41666666666666663,0.0,0.0,poor_tracking_condition,requested_mode_matches_applied_mode
threshold,persistent-low-generation,3,4145,69.08333333333333,21.083333333333332,2026-01-03T21:05:00Z,44.507726609030634,44.49554337316319,NORMAL,NORMAL,0.0,85.0,70.0,0.16787878787878788,0.0,0.0,0.0,0.75,2,-5.0,M2,nan,M1,M1,0,5.0,-5.0,0.41666666666666663,0.0,0.0,poor_tracking_condition,requested_mode_matches_applied_mode
threshold,persistent-low-generation,3,4150,69.16666666666667,21.166666666666668,2026-01-03T21:10:00Z,44.49554337316319,44.48336013729575,NORMAL,NORMAL,0.0,85.0,70.0,0.16787878787878788,0.0,0.0,0.0,0.75,2,-5.0,M2,nan,M1,M1,0,5.0,-5.0,0.41666666666666663,0.0,0.0,poor_tracking_condition,requested_mode_matches_applied_mode
threshold,persistent-low-generation,3,4155,69.25,21.25,2026-01-03T21:15:00Z,44.48336013729575,44.4711769014283,NORMAL,NORMAL,0.0,85.0,70.0,0.16787878787878788,0.0,0.0,0.0,0.75,2,-5.0,M2,nan,M1,M1,0,5.0,-5.0,0.41666666666666663,0.0,0.0,poor_tracking_condition,requested_mode_matches_applied_mode
threshold,persistent-low-generation,3,4160,69.33333333333333,21.333333333333332,2026-01-03T21:20:00Z,44.4711769014283,44.458993665560854,NORMAL,NORMAL,0.0,85.0,70.0,0.16787878787878788,0.0,0.0,0.0,0.75,2,-5.0,M2,nan,M1,M1,0,5.0,-5.0,0.41666666666666663,0.0,0.0,poor_tracking_condition,requested_mode_matches_applied_mode
threshold,persistent-low-generation,3,4165,69.41666666666667,21.416666666666668,2026-01-03T21:25:00Z,44.458993665560854,44.44681042969341,NORMAL,NORMAL,0.0,85.0,70.0,0.16787878787878788,0.0,0.0,0.0,0.75,2,-5.0,M2,nan,M1,M1,0,5.0,-5.0,0.41666666666666663,0.0,0.0,poor_tracking_condition,requested_mode_matches_applied_mode
threshold,persistent-low-generation,3,4170,69.5,21.5,2026-01-03T21:30:00Z,44.44681042969341,44.43462719382596,NORMAL,NORMAL,0.0,85.0,70.0,0.16787878787878788,0.0,0.0,0.0,0.75,2,-5.0,M2,nan,M1,M1,0,5.0,-5.0,0.41666666666666663,0.0,0.0,poor_tracking_condition,requested_mode_matches_applied_mode
threshold,persistent-low-generation,3,4175,69.58333333333333,21.583333333333332,2026-01-03T21:35:00Z,44.43462719382596,44.422443957958514,NORMAL,NORMAL,0.0,85.0,70.0,0.16787878787878788,0.0,0.0,0.0,0.75,2,-5.0,M2,nan,M1,M1,0,5.0,-5.0,0.41666666666666663,0.0,0.0,poor_tracking_condition,requested_mode_matches_applied_mode
threshold,persistent-low-generation,3,4180,69.66666666666667,21.666666666666668,2026-01-03T21:40:00Z,44.422443957958514,44.41026072209107,NORMAL,NORMAL,0.0,85.0,70.0,0.16787878787878788,0.0,0.0,0.0,0.75,2,-5.0,M2,nan,M1,M1,0,5.0,-5.0,0.41666666666666663,0.0,0.0,poor_tracking_condition,requested_mode_matches_applied_mode
threshold,persistent-low-generation,3,4185,69.75,21.75,2026-01-03T21:45:00Z,44.41026072209107,44.39807748622362,NORMAL,NORMAL,0.0,85.0,70.0,0.16787878787878788,0.0,0.0,0.0,0.75,2,-5.0,M2,nan,M1,M1,0,5.0,-5.0,0.41666666666666663,0.0,0.0,poor_tracking_condition,requested_mode_matches_applied_mode
threshold,persistent-low-generation,3,4190,69.83333333333333,21.833333333333332,2026-01-03T21:50:00Z,44.39807748622362,44.38589425035618,NORMAL,NORMAL,0.0,85.0,70.0,0.16787878787878788,0.0,0.0,0.0,0.75,2,-5.0,M2,nan,M1,M1,0,5.0,-5.0,0.41666666666666663,0.0,0.0,poor_tracking_condition,requested_mode_matches_applied_mode
threshold,persistent-low-generation,3,4195,69.91666666666667,21.916666666666668,2026-01-03T21:55:00Z,44.38589425035618,44.373711014488734,NORMAL,NORMAL,0.0,85.0,70.0,0.16787878787878788,0.0,0.0,0.0,0.75,2,-5.0,M2,nan,M1,M1,0,5.0,-5.0,0.41666666666666663,0.0,0.0,poor_tracking_condition,requested_mode_matches_applied_mode
threshold,persistent-low-generation,3,4200,70.0,22.0,2026-01-03T22:00:00Z,44.373711014488734,44.36152777862129,NORMAL,NORMAL,0.0,85.0,70.0,0.16787878787878788,0.0,0.0,0.0,0.75,2,-5.0,M2,nan,M1,M1,0,5.0,-5.0,0.41666666666666663,0.0,0.0,poor_tracking_condition,requested_mode_matches_applied_mode
threshold,persistent-low-generation,3,4205,70.08333333333333,22.083333333333332,2026-01-03T22:05:00Z,44.36152777862129,44.34934454275384,NORMAL,NORMAL,0.0,85.0,70.0,0.16787878787878788,0.0,0.0,0.0,0.75,2,-5.0,M2,nan,M1,M1,0,5.0,-5.0,0.41666666666666663,0.0,0.0,poor_tracking_condition,requested_mode_matches_applied_mode
threshold,persistent-low-generation,3,4210,70.16666666666667,22.166666666666668,2026-01-03T22:10:00Z,44.34934454275384,44.337161306886394,NORMAL,NORMAL,0.0,85.0,70.0,0.16787878787878788,0.0,0.0,0.0,0.75,2,-5.0,M2,nan,M1,M1,0,5.0,-5.0,0.41666666666666663,0.0,0.0,poor_tracking_condition,requested_mode_matches_applied_mode
threshold,persistent-low-generation,3,4215,70.25,22.25,2026-01-03T22:15:00Z,44.337161306886394,44.32497807101895,NORMAL,NORMAL,0.0,85.0,70.0,0.16787878787878788,0.0,0.0,0.0,0.75,2,-5.0,M2,nan,M1,M1,0,5.0,-5.0,0.41666666666666663,0.0,0.0,poor_tracking_condition,requested_mode_matches_applied_mode
threshold,persistent-low-generation,3,4220,70.33333333333333,22.333333333333332,2026-01-03T22:20:00Z,44.32497807101895,44.3127948351515,NORMAL,NORMAL,0.0,85.0,70.0,0.16787878787878788,0.0,0.0,0.0,0.75,2,-5.0,M2,nan,M1,M1,0,5.0,-5.0,0.41666666666666663,0.0,0.0,poor_tracking_condition,requested_mode_matches_applied_mode
threshold,persistent-low-generation,3,4225,70.41666666666667,22.416666666666668,2026-01-03T22:25:00Z,44.3127948351515,44.30061159928405,NORMAL,NORMAL,0.0,85.0,70.0,0.16787878787878788,0.0,0.0,0.0,0.75,2,-5.0,M2,nan,M1,M1,0,5.0,-5.0,0.41666666666666663,0.0,0.0,poor_tracking_condition,requested_mode_matches_applied_mode
threshold,persistent-low-generation,3,4230,70.5,22.5,2026-01-03T22:30:00Z,44.30061159928405,44.288428363416614,NORMAL,NORMAL,0.0,85.0,70.0,0.16787878787878788,0.0,0.0,0.0,0.75,2,-5.0,M2,nan,M1,M1,0,5.0,-5.0,0.41666666666666663,0.0,0.0,poor_tracking_condition,requested_mode_matches_applied_mode
threshold,persistent-low-generation,3,4235,70.58333333333333,22.583333333333332,2026-01-03T22:35:00Z,44.288428363416614,44.27624512754917,NORMAL,NORMAL,0.0,85.0,70.0,0.16787878787878788,0.0,0.0,0.0,0.75,2,-5.0,M2,nan,M1,M1,0,5.0,-5.0,0.41666666666666663,0.0,0.0,poor_tracking_condition,requested_mode_matches_applied_mode
threshold,persistent-low-generation,3,4240,70.66666666666667,22.666666666666668,2026-01-03T22:40:00Z,44.27624512754917,44.26406189168172,NORMAL,NORMAL,0.0,85.0,70.0,0.16787878787878788,0.0,0.0,0.0,0.75,2,-5.0,M2,nan,M1,M1,0,5.0,-5.0,0.41666666666666663,0.0,0.0,poor_tracking_condition,requested_mode_matches_applied_mode
threshold,persistent-low-generation,3,4245,70.75,22.75,2026-01-03T22:45:00Z,44.26406189168172,44.251878655814274,NORMAL,NORMAL,0.0,85.0,70.0,0.16787878787878788,0.0,0.0,0.0,0.75,2,-5.0,M2,nan,M1,M1,0,5.0,-5.0,0.41666666666666663,0.0,0.0,poor_tracking_condition,requested_mode_matches_applied_mode
threshold,persistent-low-generation,3,4250,70.83333333333333,22.833333333333332,2026-01-03T22:50:00Z,44.251878655814274,44.23969541994683,NORMAL,NORMAL,0.0,85.0,70.0,0.16787878787878788,0.0,0.0,0.0,0.75,2,-5.0,M2,nan,M1,M1,0,5.0,-5.0,0.41666666666666663,0.0,0.0,poor_tracking_condition,requested_mode_matches_applied_mode
threshold,persistent-low-generation,3,4255,70.91666666666667,22.916666666666668,2026-01-03T22:55:00Z,44.23969541994683,44.22751218407938,NORMAL,NORMAL,0.0,85.0,70.0,0.16787878787878788,0.0,0.0,0.0,0.75,2,-5.0,M2,nan,M1,M1,0,5.0,-5.0,0.41666666666666663,0.0,0.0,poor_tracking_condition,requested_mode_matches_applied_mode
threshold,persistent-low-generation,3,4260,71.0,23.0,2026-01-03T23:00:00Z,44.22751218407938,44.21532894821193,NORMAL,NORMAL,0.0,85.0,70.0,0.16787878787878788,0.0,0.0,0.0,0.35,1,-5.0,M2,nan,M1,M1,0,5.0,-5.0,0.41666666666666663,0.0,0.0,poor_tracking_condition,requested_mode_matches_applied_mode
threshold,persistent-low-generation,3,4265,71.08333333333333,23.083333333333332,2026-01-03T23:05:00Z,44.21532894821193,44.20314571234449,NORMAL,NORMAL,0.0,85.0,70.0,0.16787878787878788,0.0,0.0,0.0,0.35,1,-5.0,M2,nan,M1,M1,0,5.0,-5.0,0.41666666666666663,0.0,0.0,poor_tracking_condition,requested_mode_matches_applied_mode
threshold,persistent-low-generation,3,4270,71.16666666666667,23.166666666666668,2026-01-03T23:10:00Z,44.20314571234449,44.19096247647705,NORMAL,NORMAL,0.0,85.0,70.0,0.16787878787878788,0.0,0.0,0.0,0.35,1,-5.0,M2,nan,M1,M1,0,5.0,-5.0,0.41666666666666663,0.0,0.0,poor_tracking_condition,requested_mode_matches_applied_mode
threshold,persistent-low-generation,3,4275,71.25,23.25,2026-01-03T23:15:00Z,44.19096247647705,44.1787792406096,NORMAL,NORMAL,0.0,85.0,70.0,0.16787878787878788,0.0,0.0,0.0,0.35,1,-5.0,M2,nan,M1,M1,0,5.0,-5.0,0.41666666666666663,0.0,0.0,poor_tracking_condition,requested_mode_matches_applied_mode
threshold,persistent-low-generation,3,4280,71.33333333333333,23.333333333333332,2026-01-03T23:20:00Z,44.1787792406096,44.16659600474215,NORMAL,NORMAL,0.0,85.0,70.0,0.16787878787878788,0.0,0.0,0.0,0.35,1,-5.0,M2,nan,M1,M1,0,5.0,-5.0,0.41666666666666663,0.0,0.0,poor_tracking_condition,requested_mode_matches_applied_mode
threshold,persistent-low-generation,3,4285,71.41666666666667,23.416666666666668,2026-01-03T23:25:00Z,44.16659600474215,44.15441276887471,NORMAL,NORMAL,0.0,85.0,70.0,0.16787878787878788,0.0,0.0,0.0,0.35,1,-5.0,M2,nan,M1,M1,0,5.0,-5.0,0.41666666666666663,0.0,0.0,poor_tracking_condition,requested_mode_matches_applied_mode
threshold,persistent-low-generation,3,4290,71.5,23.5,2026-01-03T23:30:00Z,44.15441276887471,44.14222953300726,NORMAL,NORMAL,0.0,85.0,70.0,0.16787878787878788,0.0,0.0,0.0,0.35,1,-5.0,M2,nan,M1,M1,0,5.0,-5.0,0.41666666666666663,0.0,0.0,poor_tracking_condition,requested_mode_matches_applied_mode
threshold,persistent-low-generation,3,4295,71.58333333333333,23.583333333333332,2026-01-03T23:35:00Z,44.14222953300726,44.13004629713981,NORMAL,NORMAL,0.0,85.0,70.0,0.16787878787878788,0.0,0.0,0.0,0.35,1,-5.0,M2,nan,M1,M1,0,5.0,-5.0,0.41666666666666663,0.0,0.0,poor_tracking_condition,requested_mode_matches_applied_mode
threshold,persistent-low-generation,3,4300,71.66666666666667,23.666666666666668,2026-01-03T23:40:00Z,44.13004629713981,44.11786306127237,NORMAL,NORMAL,0.0,85.0,70.0,0.16787878787878788,0.0,0.0,0.0,0.35,1,-5.0,M2,nan,M1,M1,0,5.0,-5.0,0.41666666666666663,0.0,0.0,poor_tracking_condition,requested_mode_matches_applied_mode
threshold,persistent-low-generation,3,4305,71.75,23.75,2026-01-03T23:45:00Z,44.11786306127237,44.10567982540492,NORMAL,NORMAL,0.0,85.0,70.0,0.16787878787878788,0.0,0.0,0.0,0.35,1,-5.0,M2,nan,M1,M1,0,5.0,-5.0,0.41666666666666663,0.0,0.0,poor_tracking_condition,requested_mode_matches_applied_mode
threshold,persistent-low-generation,3,4310,71.83333333333333,23.833333333333332,2026-01-03T23:50:00Z,44.10567982540492,44.09349658953748,NORMAL,NORMAL,0.0,85.0,70.0,0.16787878787878788,0.0,0.0,0.0,0.35,1,-5.0,M2,nan,M1,M1,0,5.0,-5.0,0.41666666666666663,0.0,0.0,poor_tracking_condition,requested_mode_matches_applied_mode
threshold,persistent-low-generation,3,4315,71.91666666666667,23.916666666666668,2026-01-03T23:55:00Z,44.09349658953748,44.08131335367003,NORMAL,NORMAL,0.0,85.0,70.0,0.16787878787878788,0.0,0.0,0.0,0.35,1,-5.0,M2,nan,M1,M1,0,5.0,-5.0,0.41666666666666663,0.0,0.0,poor_tracking_condition,requested_mode_matches_applied_mode
threshold,persistent-low-generation,4,4320,72.0,0.0,2026-01-04T00:00:00Z,44.08131335367003,44.06913011780259,NORMAL,NORMAL,0.0,85.0,70.0,0.16787878787878788,0.0,0.0,0.0,0.2,0,-5.0,M2,nan,M1,M1,0,5.0,-5.0,0.41666666666666663,0.0,0.0,poor_tracking_condition,requested_mode_matches_applied_mode
threshold,persistent-low-generation,4,4325,72.08333333333333,0.08333333333333333,2026-01-04T00:05:00Z,44.06913011780259,44.05694688193514,NORMAL,NORMAL,0.0,85.0,70.0,0.16787878787878788,0.0,0.0,0.0,0.2,0,-5.0,M2,nan,M1,M1,0,5.0,-5.0,0.41666666666666663,0.0,0.0,poor_tracking_condition,requested_mode_matches_applied_mode
threshold,persistent-low-generation,4,4330,72.16666666666667,0.16666666666666666,2026-01-04T00:10:00Z,44.05694688193514,44.04476364606769,NORMAL,NORMAL,0.0,85.0,70.0,0.16787878787878788,0.0,0.0,0.0,0.2,0,-5.0,M2,nan,M1,M1,0,5.0,-5.0,0.41666666666666663,0.0,0.0,poor_tracking_condition,requested_mode_matches_applied_mode
threshold,persistent-low-generation,4,4335,72.25,0.25,2026-01-04T00:15:00Z,44.04476364606769,44.03258041020025,NORMAL,NORMAL,0.0,85.0,70.0,0.16787878787878788,0.0,0.0,0.0,0.2,0,-5.0,M2,nan,M1,M1,0,5.0,-5.0,0.41666666666666663,0.0,0.0,poor_tracking_condition,requested_mode_matches_applied_mode
threshold,persistent-low-generation,4,4340,72.33333333333333,0.3333333333333333,2026-01-04T00:20:00Z,44.03258041020025,44.0203971743328,NORMAL,NORMAL,0.0,85.0,70.0,0.16787878787878788,0.0,0.0,0.0,0.2,0,-5.0,M2,nan,M1,M1,0,5.0,-5.0,0.41666666666666663,0.0,0.0,poor_tracking_condition,requested_mode_matches_applied_mode
threshold,persistent-low-generation,4,4345,72.41666666666667,0.4166666666666667,2026-01-04T00:25:00Z,44.0203971743328,44.00821393846535,NORMAL,NORMAL,0.0,85.0,70.0,0.16787878787878788,0.0,0.0,0.0,0.2,0,-5.0,M2,nan,M1,M1,0,5.0,-5.0,0.41666666666666663,0.0,0.0,poor_tracking_condition,requested_mode_matches_applied_mode
threshold,persistent-low-generation,4,4350,72.5,0.5,2026-01-04T00:30:00Z,44.00821393846535,43.99603070259791,NORMAL,NORMAL,0.0,85.0,70.0,0.16787878787878788,0.0,0.0,0.0,0.2,0,-5.0,M2,nan,M1,M1,0,5.0,-5.0,0.41666666666666663,0.0,0.0,poor_tracking_condition,requested_mode_matches_applied_mode
threshold,persistent-low-generation,4,4355,72.58333333333333,0.5833333333333334,2026-01-04T00:35:00Z,43.99603070259791,43.98384746673047,NORMAL,NORMAL,0.0,85.0,70.0,0.16787878787878788,0.0,0.0,0.0,0.2,0,-5.0,M2,nan,M1,M1,0,5.0,-5.0,0.41666666666666663,0.0,0.0,poor_tracking_condition,requested_mode_matches_applied_mode
threshold,persistent-low-generation,4,4360,72.66666666666667,0.6666666666666666,2026-01-04T00:40:00Z,43.98384746673047,43.97166423086302,NORMAL,NORMAL,0.0,85.0,70.0,0.16787878787878788,0.0,0.0,0.0,0.2,0,-5.0,M2,nan,M1,M1,0,5.0,-5.0,0.41666666666666663,0.0,0.0,poor_tracking_condition,requested_mode_matches_applied_mode
threshold,persistent-low-generation,4,4365,72.75,0.75,2026-01-04T00:45:00Z,43.97166423086302,43.95948099499557,NORMAL,NORMAL,0.0,85.0,70.0,0.16787878787878788,0.0,0.0,0.0,0.2,0,-5.0,M2,nan,M1,M1,0,5.0,-5.0,0.41666666666666663,0.0,0.0,poor_tracking_condition,requested_mode_matches_applied_mode
threshold,persistent-low-generation,4,4370,72.83333333333333,0.8333333333333334,2026-01-04T00:50:00Z,43.95948099499557,43.947297759128126,NORMAL,NORMAL,0.0,85.0,70.0,0.16787878787878788,0.0,0.0,0.0,0.2,0,-5.0,M2,nan,M1,M1,0,5.0,-5.0,0.41666666666666663,0.0,0.0,poor_tracking_condition,requested_mode_matches_applied_mode
threshold,persistent-low-generation,4,4375,72.91666666666667,0.9166666666666666,2026-01-04T00:55:00Z,43.947297759128126,43.93511452326068,NORMAL,NORMAL,0.0,85.0,70.0,0.16787878787878788,0.0,0.0,0.0,0.2,0,-5.0,M2,nan,M1,M1,0,5.0,-5.0,0.41666666666666663,0.0,0.0,poor_tracking_condition,requested_mode_matches_applied_mode
threshold,persistent-low-generation,4,4380,73.0,1.0,2026-01-04T01:00:00Z,43.93511452326068,43.922931287393226,NORMAL,NORMAL,0.0,85.0,70.0,0.16787878787878788,0.0,0.0,0.0,0.2,0,-5.0,M2,nan,M1,M1,0,5.0,-5.0,0.41666666666666663,0.0,0.0,poor_tracking_condition,requested_mode_matches_applied_mode
threshold,persistent-low-generation,4,4385,73.08333333333333,1.0833333333333333,2026-01-04T01:05:00Z,43.922931287393226,43.91074805152578,NORMAL,NORMAL,0.0,85.0,70.0,0.16787878787878788,0.0,0.0,0.0,0.2,0,-5.0,M2,nan,M1,M1,0,5.0,-5.0,0.41666666666666663,0.0,0.0,poor_tracking_condition,requested_mode_matches_applied_mode
threshold,persistent-low-generation,4,4390,73.16666666666667,1.1666666666666667,2026-01-04T01:10:00Z,43.91074805152578,43.89856481565835,NORMAL,NORMAL,0.0,85.0,70.0,0.16787878787878788,0.0,0.0,0.0,0.2,0,-5.0,M2,nan,M1,M1,0,5.0,-5.0,0.41666666666666663,0.0,0.0,poor_tracking_condition,requested_mode_matches_applied_mode
threshold,persistent-low-generation,4,4395,73.25,1.25,2026-01-04T01:15:00Z,43.89856481565835,43.8863815797909,NORMAL,NORMAL,0.0,85.0,70.0,0.16787878787878788,0.0,0.0,0.0,0.2,0,-5.0,M2,nan,M1,M1,0,5.0,-5.0,0.41666666666666663,0.0,0.0,poor_tracking_condition,requested_mode_matches_applied_mode
threshold,persistent-low-generation,4,4400,73.33333333333333,1.3333333333333333,2026-01-04T01:20:00Z,43.8863815797909,43.87419834392345,NORMAL,NORMAL,0.0,85.0,70.0,0.16787878787878788,0.0,0.0,0.0,0.2,0,-5.0,M2,nan,M1,M1,0,5.0,-5.0,0.41666666666666663,0.0,0.0,poor_tracking_condition,requested_mode_matches_applied_mode
threshold,persistent-low-generation,4,4405,73.41666666666667,1.4166666666666667,2026-01-04T01:25:00Z,43.87419834392345,43.862015108056,NORMAL,NORMAL,0.0,85.0,70.0,0.16787878787878788,0.0,0.0,0.0,0.2,0,-5.0,M2,nan,M1,M1,0,5.0,-5.0,0.41666666666666663,0.0,0.0,poor_tracking_condition,requested_mode_matches_applied_mode
threshold,persistent-low-generation,4,4410,73.5,1.5,2026-01-04T01:30:00Z,43.862015108056,43.84983187218855,NORMAL,NORMAL,0.0,85.0,70.0,0.16787878787878788,0.0,0.0,0.0,0.2,0,-5.0,M2,nan,M1,M1,0,5.0,-5.0,0.41666666666666663,0.0,0.0,poor_tracking_condition,requested_mode_matches_applied_mode
threshold,persistent-low-generation,4,4415,73.58333333333333,1.5833333333333333,2026-01-04T01:35:00Z,43.84983187218855,43.837648636321106,NORMAL,NORMAL,0.0,85.0,70.0,0.16787878787878788,0.0,0.0,0.0,0.2,0,-5.0,M2,nan,M1,M1,0,5.0,-5.0,0.41666666666666663,0.0,0.0,poor_tracking_condition,requested_mode_matches_applied_mode
threshold,persistent-low-generation,4,4420,73.66666666666667,1.6666666666666667,2026-01-04T01:40:00Z,43.837648636321106,43.82546540045366,NORMAL,NORMAL,0.0,85.0,70.0,0.16787878787878788,0.0,0.0,0.0,0.2,0,-5.0,M2,nan,M1,M1,0,5.0,-5.0,0.41666666666666663,0.0,0.0,poor_tracking_condition,requested_mode_matches_applied_mode
threshold,persistent-low-generation,4,4425,73.75,1.75,2026-01-04T01:45:00Z,43.82546540045366,43.81328216458621,NORMAL,NORMAL,0.0,85.0,70.0,0.16787878787878788,0.0,0.0,0.0,0.2,0,-5.0,M2,nan,M1,M1,0,5.0,-5.0,0.41666666666666663,0.0,0.0,poor_tracking_condition,requested_mode_matches_applied_mode
threshold,persistent-low-generation,4,4430,73.83333333333333,1.8333333333333333,2026-01-04T01:50:00Z,43.81328216458621,43.80109892871877,NORMAL,NORMAL,0.0,85.0,70.0,0.16787878787878788,0.0,0.0,0.0,0.2,0,-5.0,M2,nan,M1,M1,0,5.0,-5.0,0.41666666666666663,0.0,0.0,poor_tracking_condition,requested_mode_matches_applied_mode
threshold,persistent-low-generation,4,4435,73.91666666666667,1.9166666666666667,2026-01-04T01:55:00Z,43.80109892871877,43.788915692851326,NORMAL,NORMAL,0.0,85.0,70.0,0.16787878787878788,0.0,0.0,0.0,0.2,0,-5.0,M2,nan,M1,M1,0,5.0,-5.0,0.41666666666666663,0.0,0.0,poor_tracking_condition,requested_mode_matches_applied_mode
threshold,persistent-low-generation,4,4440,74.0,2.0,2026-01-04T02:00:00Z,43.788915692851326,43.77673245698388,NORMAL,NORMAL,0.0,85.0,70.0,0.16787878787878788,0.0,0.0,0.0,0.2,0,-5.0,M2,nan,M1,M1,0,5.0,-5.0,0.41666666666666663,0.0,0.0,poor_tracking_condition,requested_mode_matches_applied_mode
threshold,persistent-low-generation,4,4445,74.08333333333333,2.0833333333333335,2026-01-04T02:05:00Z,43.77673245698388,43.76454922111643,NORMAL,NORMAL,0.0,85.0,70.0,0.16787878787878788,0.0,0.0,0.0,0.2,0,-5.0,M2,nan,M1,M1,0,5.0,-5.0,0.41666666666666663,0.0,0.0,poor_tracking_condition,requested_mode_matches_applied_mode
threshold,persistent-low-generation,4,4450,74.16666666666667,2.1666666666666665,2026-01-04T02:10:00Z,43.76454922111643,43.752365985248986,NORMAL,NORMAL,0.0,85.0,70.0,0.16787878787878788,0.0,0.0,0.0,0.2,0,-5.0,M2,nan,M1,M1,0,5.0,-5.0,0.41666666666666663,0.0,0.0,poor_tracking_condition,requested_mode_matches_applied_mode
threshold,persistent-low-generation,4,4455,74.25,2.25,2026-01-04T02:15:00Z,43.752365985248986,43.74018274938154,NORMAL,NORMAL,0.0,85.0,70.0,0.16787878787878788,0.0,0.0,0.0,0.2,0,-5.0,M2,nan,M1,M1,0,5.0,-5.0,0.41666666666666663,0.0,0.0,poor_tracking_condition,requested_mode_matches_applied_mode
threshold,persistent-low-generation,4,4460,74.33333333333333,2.3333333333333335,2026-01-04T02:20:00Z,43.74018274938154,43.72799951351409,NORMAL,NORMAL,0.0,85.0,70.0,0.16787878787878788,0.0,0.0,0.0,0.2,0,-5.0,M2,nan,M1,M1,0,5.0,-5.0,0.41666666666666663,0.0,0.0,poor_tracking_condition,requested_mode_matches_applied_mode
threshold,persistent-low-generation,4,4465,74.41666666666667,2.4166666666666665,2026-01-04T02:25:00Z,43.72799951351409,43.715816277646645,NORMAL,NORMAL,0.0,85.0,70.0,0.16787878787878788,0.0,0.0,0.0,0.2,0,-5.0,M2,nan,M1,M1,0,5.0,-5.0,0.41666666666666663,0.0,0.0,poor_tracking_condition,requested_mode_matches_applied_mode
threshold,persistent-low-generation,4,4470,74.5,2.5,2026-01-04T02:30:00Z,43.715816277646645,43.703633041779206,NORMAL,NORMAL,0.0,85.0,70.0,0.16787878787878788,0.0,0.0,0.0,0.2,0,-5.0,M2,nan,M1,M1,0,5.0,-5.0,0.41666666666666663,0.0,0.0,poor_tracking_condition,requested_mode_matches_applied_mode
threshold,persistent-low-generation,4,4475,74.58333333333333,2.5833333333333335,2026-01-04T02:35:00Z,43.703633041779206,43.69144980591176,NORMAL,NORMAL,0.0,85.0,70.0,0.16787878787878788,0.0,0.0,0.0,0.2,0,-5.0,M2,nan,M1,M1,0,5.0,-5.0,0.41666666666666663,0.0,0.0,poor_tracking_condition,requested_mode_matches_applied_mode
threshold,persistent-low-generation,4,4480,74.66666666666667,2.6666666666666665,2026-01-04T02:40:00Z,43.69144980591176,43.67926657004431,NORMAL,NORMAL,0.0,85.0,70.0,0.16787878787878788,0.0,0.0,0.0,0.2,0,-5.0,M2,nan,M1,M1,0,5.0,-5.0,0.41666666666666663,0.0,0.0,poor_tracking_condition,requested_mode_matches_applied_mode
threshold,persistent-low-generation,4,4485,74.75,2.75,2026-01-04T02:45:00Z,43.67926657004431,43.667083334176866,NORMAL,NORMAL,0.0,85.0,70.0,0.16787878787878788,0.0,0.0,0.0,0.2,0,-5.0,M2,nan,M1,M1,0,5.0,-5.0,0.41666666666666663,0.0,0.0,poor_tracking_condition,requested_mode_matches_applied_mode
threshold,persistent-low-generation,4,4490,74.83333333333333,2.8333333333333335,2026-01-04T02:50:00Z,43.667083334176866,43.65490009830942,NORMAL,NORMAL,0.0,85.0,70.0,0.16787878787878788,0.0,0.0,0.0,0.2,0,-5.0,M2,nan,M1,M1,0,5.0,-5.0,0.41666666666666663,0.0,0.0,poor_tracking_condition,requested_mode_matches_applied_mode
threshold,persistent-low-generation,4,4495,74.91666666666667,2.9166666666666665,2026-01-04T02:55:00Z,43.65490009830942,43.64271686244197,NORMAL,NORMAL,0.0,85.0,70.0,0.16787878787878788,0.0,0.0,0.0,0.2,0,-5.0,M2,nan,M1,M1,0,5.0,-5.0,0.41666666666666663,0.0,0.0,poor_tracking_condition,requested_mode_matches_applied_mode
threshold,persistent-low-generation,4,4500,75.0,3.0,2026-01-04T03:00:00Z,43.64271686244197,43.630533626574525,NORMAL,NORMAL,0.0,85.0,70.0,0.16787878787878788,0.0,0.0,0.0,0.2,0,-5.0,M2,nan,M1,M1,0,5.0,-5.0,0.41666666666666663,0.0,0.0,poor_tracking_condition,requested_mode_matches_applied_mode
threshold,persistent-low-generation,4,4505,75.08333333333333,3.0833333333333335,2026-01-04T03:05:00Z,43.630533626574525,43.61835039070708,NORMAL,NORMAL,0.0,85.0,70.0,0.16787878787878788,0.0,0.0,0.0,0.2,0,-5.0,M2,nan,M1,M1,0,5.0,-5.0,0.41666666666666663,0.0,0.0,poor_tracking_condition,requested_mode_matches_applied_mode
threshold,persistent-low-generation,4,4510,75.16666666666667,3.1666666666666665,2026-01-04T03:10:00Z,43.61835039070708,43.60616715483964,NORMAL,NORMAL,0.0,85.0,70.0,0.16787878787878788,0.0,0.0,0.0,0.2,0,-5.0,M2,nan,M1,M1,0,5.0,-5.0,0.41666666666666663,0.0,0.0,poor_tracking_condition,requested_mode_matches_applied_mode
threshold,persistent-low-generation,4,4515,75.25,3.25,2026-01-04T03:15:00Z,43.60616715483964,43.59398391897219,NORMAL,NORMAL,0.0,85.0,70.0,0.16787878787878788,0.0,0.0,0.0,0.2,0,-5.0,M2,nan,M1,M1,0,5.0,-5.0,0.41666666666666663,0.0,0.0,poor_tracking_condition,requested_mode_matches_applied_mode
threshold,persistent-low-generation,4,4520,75.33333333333333,3.3333333333333335,2026-01-04T03:20:00Z,43.59398391897219,43.581800683104746,NORMAL,NORMAL,0.0,85.0,70.0,0.16787878787878788,0.0,0.0,0.0,0.2,0,-5.0,M2,nan,M1,M1,0,5.0,-5.0,0.41666666666666663,0.0,0.0,poor_tracking_condition,requested_mode_matches_applied_mode
threshold,persistent-low-generation,4,4525,75.41666666666667,3.4166666666666665,2026-01-04T03:25:00Z,43.581800683104746,43.5696174472373,NORMAL,NORMAL,0.0,85.0,70.0,0.16787878787878788,0.0,0.0,0.0,0.2,0,-5.0,M2,nan,M1,M1,0,5.0,-5.0,0.41666666666666663,0.0,0.0,poor_tracking_condition,requested_mode_matches_applied_mode
threshold,persistent-low-generation,4,4530,75.5,3.5,2026-01-04T03:30:00Z,43.5696174472373,43.55743421136985,NORMAL,NORMAL,0.0,85.0,70.0,0.16787878787878788,0.0,0.0,0.0,0.2,0,-5.0,M2,nan,M1,M1,0,5.0,-5.0,0.41666666666666663,0.0,0.0,poor_tracking_condition,requested_mode_matches_applied_mode
threshold,persistent-low-generation,4,4535,75.58333333333333,3.5833333333333335,2026-01-04T03:35:00Z,43.55743421136985,43.545250975502405,NORMAL,NORMAL,0.0,85.0,70.0,0.16787878787878788,0.0,0.0,0.0,0.2,0,-5.0,M2,nan,M1,M1,0,5.0,-5.0,0.41666666666666663,0.0,0.0,poor_tracking_condition,requested_mode_matches_applied_mode
threshold,persistent-low-generation,4,4540,75.66666666666667,3.6666666666666665,2026-01-04T03:40:00Z,43.545250975502405,43.53306773963496,NORMAL,NORMAL,0.0,85.0,70.0,0.16787878787878788,0.0,0.0,0.0,0.2,0,-5.0,M2,nan,M1,M1,0,5.0,-5.0,0.41666666666666663,0.0,0.0,poor_tracking_condition,requested_mode_matches_applied_mode
threshold,persistent-low-generation,4,4545,75.75,3.75,2026-01-04T03:45:00Z,43.53306773963496,43.52088450376751,NORMAL,NORMAL,0.0,85.0,70.0,0.16787878787878788,0.0,0.0,0.0,0.2,0,-5.0,M2,nan,M1,M1,0,5.0,-5.0,0.41666666666666663,0.0,0.0,poor_tracking_condition,requested_mode_matches_applied_mode
threshold,persistent-low-generation,4,4550,75.83333333333333,3.8333333333333335,2026-01-04T03:50:00Z,43.52088450376751,43.50870126790007,NORMAL,NORMAL,0.0,85.0,70.0,0.16787878787878788,0.0,0.0,0.0,0.2,0,-5.0,M2,nan,M1,M1,0,5.0,-5.0,0.41666666666666663,0.0,0.0,poor_tracking_condition,requested_mode_matches_applied_mode
threshold,persistent-low-generation,4,4555,75.91666666666667,3.9166666666666665,2026-01-04T03:55:00Z,43.50870126790007,43.496518032032625,NORMAL,NORMAL,0.0,85.0,70.0,0.16787878787878788,0.0,0.0,0.0,0.2,0,-5.0,M2,nan,M1,M1,0,5.0,-5.0,0.41666666666666663,0.0,0.0,poor_tracking_condition,requested_mode_matches_applied_mode
threshold,persistent-low-generation,4,4560,76.0,4.0,2026-01-04T04:00:00Z,43.496518032032625,43.48433479616518,NORMAL,NORMAL,0.0,85.0,70.0,0.16787878787878788,0.0,0.0,0.0,0.2,0,-5.0,M2,nan,M1,M1,0,5.0,-5.0,0.41666666666666663,0.0,0.0,poor_tracking_condition,requested_mode_matches_applied_mode
threshold,persistent-low-generation,4,4565,76.08333333333333,4.083333333333333,2026-01-04T04:05:00Z,43.48433479616518,43.47215156029773,NORMAL,NORMAL,0.0,85.0,70.0,0.16787878787878788,0.0,0.0,0.0,0.2,0,-5.0,M2,nan,M1,M1,0,5.0,-5.0,0.41666666666666663,0.0,0.0,poor_tracking_condition,requested_mode_matches_applied_mode
threshold,persistent-low-generation,4,4570,76.16666666666667,4.166666666666667,2026-01-04T04:10:00Z,43.47215156029773,43.459968324430285,NORMAL,NORMAL,0.0,85.0,70.0,0.16787878787878788,0.0,0.0,0.0,0.2,0,-5.0,M2,nan,M1,M1,0,5.0,-5.0,0.41666666666666663,0.0,0.0,poor_tracking_condition,requested_mode_matches_applied_mode
threshold,persistent-low-generation,4,4575,76.25,4.25,2026-01-04T04:15:00Z,43.459968324430285,43.44778508856284,NORMAL,NORMAL,0.0,85.0,70.0,0.16787878787878788,0.0,0.0,0.0,0.2,0,-5.0,M2,nan,M1,M1,0,5.0,-5.0,0.41666666666666663,0.0,0.0,poor_tracking_condition,requested_mode_matches_applied_mode
threshold,persistent-low-generation,4,4580,76.33333333333333,4.333333333333333,2026-01-04T04:20:00Z,43.44778508856284,43.43560185269539,NORMAL,NORMAL,0.0,85.0,70.0,0.16787878787878788,0.0,0.0,0.0,0.2,0,-5.0,M2,nan,M1,M1,0,5.0,-5.0,0.41666666666666663,0.0,0.0,poor_tracking_condition,requested_mode_matches_applied_mode
threshold,persistent-low-generation,4,4585,76.41666666666667,4.416666666666667,2026-01-04T04:25:00Z,43.43560185269539,43.423418616827945,NORMAL,NORMAL,0.0,85.0,70.0,0.16787878787878788,0.0,0.0,0.0,0.2,0,-5.0,M2,nan,M1,M1,0,5.0,-5.0,0.41666666666666663,0.0,0.0,poor_tracking_condition,requested_mode_matches_applied_mode
threshold,persistent-low-generation,4,4590,76.5,4.5,2026-01-04T04:30:00Z,43.423418616827945,43.411235380960505,NORMAL,NORMAL,0.0,85.0,70.0,0.16787878787878788,0.0,0.0,0.0,0.2,0,-5.0,M2,nan,M1,M1,0,5.0,-5.0,0.41666666666666663,0.0,0.0,poor_tracking_condition,requested_mode_matches_applied_mode
threshold,persistent-low-generation,4,4595,76.58333333333333,4.583333333333333,2026-01-04T04:35:00Z,43.411235380960505,43.39905214509306,NORMAL,NORMAL,0.0,85.0,70.0,0.16787878787878788,0.0,0.0,0.0,0.2,0,-5.0,M2,nan,M1,M1,0,5.0,-5.0,0.41666666666666663,0.0,0.0,poor_tracking_condition,requested_mode_matches_applied_mode
threshold,persistent-low-generation,4,4600,76.66666666666667,4.666666666666667,2026-01-04T04:40:00Z,43.39905214509306,43.38686890922561,NORMAL,NORMAL,0.0,85.0,70.0,0.16787878787878788,0.0,0.0,0.0,0.2,0,-5.0,M2,nan,M1,M1,0,5.0,-5.0,0.41666666666666663,0.0,0.0,poor_tracking_condition,requested_mode_matches_applied_mode
threshold,persistent-low-generation,4,4605,76.75,4.75,2026-01-04T04:45:00Z,43.38686890922561,43.374685673358165,NORMAL,NORMAL,0.0,85.0,70.0,0.16787878787878788,0.0,0.0,0.0,0.2,0,-5.0,M2,nan,M1,M1,0,5.0,-5.0,0.41666666666666663,0.0,0.0,poor_tracking_condition,requested_mode_matches_applied_mode
threshold,persistent-low-generation,4,4610,76.83333333333333,4.833333333333333,2026-01-04T04:50:00Z,43.374685673358165,43.36250243749072,NORMAL,NORMAL,0.0,85.0,70.0,0.16787878787878788,0.0,0.0,0.0,0.2,0,-5.0,M2,nan,M1,M1,0,5.0,-5.0,0.41666666666666663,0.0,0.0,poor_tracking_condition,requested_mode_matches_applied_mode
threshold,persistent-low-generation,4,4615,76.91666666666667,4.916666666666667,2026-01-04T04:55:00Z,43.36250243749072,43.35031920162327,NORMAL,NORMAL,0.0,85.0,70.0,0.16787878787878788,0.0,0.0,0.0,0.2,0,-5.0,M2,nan,M1,M1,0,5.0,-5.0,0.41666666666666663,0.0,0.0,poor_tracking_condition,requested_mode_matches_applied_mode
threshold,persistent-low-generation,4,4620,77.0,5.0,2026-01-04T05:00:00Z,43.35031920162327,43.338135965755825,NORMAL,NORMAL,0.0,85.0,70.0,0.16787878787878788,0.0,0.0,0.0,0.2,0,-5.0,M2,nan,M1,M1,0,5.0,-5.0,0.41666666666666663,0.0,0.0,poor_tracking_condition,requested_mode_matches_applied_mode
threshold,persistent-low-generation,4,4625,77.08333333333333,5.083333333333333,2026-01-04T05:05:00Z,43.338135965755825,43.32595272988838,NORMAL,NORMAL,0.0,85.0,70.0,0.16787878787878788,0.0,0.0,0.0,0.2,0,-5.0,M2,nan,M1,M1,0,5.0,-5.0,0.41666666666666663,0.0,0.0,poor_tracking_condition,requested_mode_matches_applied_mode
threshold,persistent-low-generation,4,4630,77.16666666666667,5.166666666666667,2026-01-04T05:10:00Z,43.32595272988838,43.31376949402094,NORMAL,NORMAL,0.0,85.0,70.0,0.16787878787878788,0.0,0.0,0.0,0.2,0,-5.0,M2,nan,M1,M1,0,5.0,-5.0,0.41666666666666663,0.0,0.0,poor_tracking_condition,requested_mode_matches_applied_mode
threshold,persistent-low-generation,4,4635,77.25,5.25,2026-01-04T05:15:00Z,43.31376949402094,43.30158625815349,NORMAL,NORMAL,0.0,85.0,70.0,0.16787878787878788,0.0,0.0,0.0,0.2,0,-5.0,M2,nan,M1,M1,0,5.0,-5.0,0.41666666666666663,0.0,0.0,poor_tracking_condition,requested_mode_matches_applied_mode
threshold,persistent-low-generation,4,4640,77.33333333333333,5.333333333333333,2026-01-04T05:20:00Z,43.30158625815349,43.289403022286045,NORMAL,NORMAL,0.0,85.0,70.0,0.16787878787878788,0.0,0.0,0.0,0.2,0,-5.0,M2,nan,M1,M1,0,5.0,-5.0,0.41666666666666663,0.0,0.0,poor_tracking_condition,requested_mode_matches_applied_mode
threshold,persistent-low-generation,4,4645,77.41666666666667,5.416666666666667,2026-01-04T05:25:00Z,43.289403022286045,43.2772197864186,NORMAL,NORMAL,0.0,85.0,70.0,0.16787878787878788,0.0,0.0,0.0,0.2,0,-5.0,M2,nan,M1,M1,0,5.0,-5.0,0.41666666666666663,0.0,0.0,poor_tracking_condition,requested_mode_matches_applied_mode
threshold,persistent-low-generation,4,4650,77.5,5.5,2026-01-04T05:30:00Z,43.2772197864186,43.26503655055115,NORMAL,NORMAL,0.0,85.0,70.0,0.16787878787878788,0.0,0.0,0.0,0.7,2,-5.0,M2,nan,M1,M1,0,5.0,-5.0,0.41666666666666663,0.0,0.0,poor_tracking_condition,requested_mode_matches_applied_mode
threshold,persistent-low-generation,4,4655,77.58333333333333,5.583333333333333,2026-01-04T05:35:00Z,43.26503655055115,43.252853314683705,NORMAL,NORMAL,0.0,85.0,70.0,0.16787878787878788,0.0,0.0,0.0,0.7,2,-5.0,M2,nan,M1,M1,0,5.0,-5.0,0.41666666666666663,0.0,0.0,poor_tracking_condition,requested_mode_matches_applied_mode
threshold,persistent-low-generation,4,4660,77.66666666666667,5.666666666666667,2026-01-04T05:40:00Z,43.252853314683705,43.24067007881626,NORMAL,NORMAL,0.0,85.0,70.0,0.16787878787878788,0.0,0.0,0.0,0.7,2,-5.0,M2,nan,M1,M1,0,5.0,-5.0,0.41666666666666663,0.0,0.0,poor_tracking_condition,requested_mode_matches_applied_mode
threshold,persistent-low-generation,4,4665,77.75,5.75,2026-01-04T05:45:00Z,43.24067007881626,43.22848684294881,NORMAL,NORMAL,0.0,85.0,70.0,0.16787878787878788,0.0,0.0,0.0,0.7,2,-5.0,M2,nan,M1,M1,0,5.0,-5.0,0.41666666666666663,0.0,0.0,poor_tracking_condition,requested_mode_matches_applied_mode
threshold,persistent-low-generation,4,4670,77.83333333333333,5.833333333333333,2026-01-04T05:50:00Z,43.22848684294881,43.21630360708137,NORMAL,NORMAL,0.0,85.0,70.0,0.16787878787878788,0.0,0.0,0.0,0.7,2,-5.0,M2,nan,M1,M1,0,5.0,-5.0,0.41666666666666663,0.0,0.0,poor_tracking_condition,requested_mode_matches_applied_mode
threshold,persistent-low-generation,4,4675,77.91666666666667,5.916666666666667,2026-01-04T05:55:00Z,43.21630360708137,43.204120371213925,NORMAL,NORMAL,0.0,85.0,70.0,0.16787878787878788,0.0,0.0,0.0,0.7,2,-5.0,M2,nan,M1,M1,0,5.0,-5.0,0.41666666666666663,0.0,0.0,poor_tracking_condition,requested_mode_matches_applied_mode
threshold,persistent-low-generation,4,4680,78.0,6.0,2026-01-04T06:00:00Z,43.204120371213925,43.19193713534648,NORMAL,NORMAL,0.0,85.0,70.0,0.16787878787878788,0.0,0.0,0.0,0.7,2,-5.0,M2,nan,M1,M1,0,5.0,-5.0,0.41666666666666663,0.0,0.0,poor_tracking_condition,requested_mode_matches_applied_mode
threshold,persistent-low-generation,4,4685,78.08333333333333,6.083333333333333,2026-01-04T06:05:00Z,43.19193713534648,43.18145115763525,NORMAL,NORMAL,4.8216660077797915,85.0,70.0,0.16787878787878788,1.7478539278201746,0.7739497192387732,0.6965547473148959,0.7,2,-4.303445252685104,M2,nan,M1,M1,0,5.0,-4.303445252685104,0.3586204377237586,0.0,0.0,poor_tracking_condition,requested_mode_matches_applied_mode
threshold,persistent-low-generation,4,4690,78.16666666666667,6.166666666666667,2026-01-04T06:10:00Z,43.18145115763525,43.17316608359211,NORMAL,NORMAL,11.074116387152303,85.0,70.0,0.16787878787878788,4.0143671903427105,1.7775617918837523,1.599805612695377,0.7,2,-3.400194387304623,M2,nan,M1,M1,0,5.0,-3.400194387304623,0.28334953227538523,0.0,0.0,poor_tracking_condition,requested_mode_matches_applied_mode
threshold,persistent-low-generation,4,4695,78.25,6.25,2026-01-04T06:15:00Z,43.17316608359211,43.167320999334414,NORMAL,NORMAL,18.005775996288847,85.0,70.0,0.16787878787878788,6.5270937986547075,2.8901971340443047,2.6011774206398743,0.7,2,-2.3988225793601257,M2,nan,M1,M1,0,5.0,-2.3988225793601257,0.1999018816133438,0.0,0.0,poor_tracking_condition,requested_mode_matches_applied_mode
threshold,persistent-low-generation,4,4700,78.33333333333333,6.333333333333333,2026-01-04T06:20:00Z,43.167320999334414,43.164083160067186,NORMAL,NORMAL,25.412583557295157,85.0,70.0,0.16787878787878788,9.212061539519496,4.079100849699233,3.67119076472931,0.7,2,-1.3288092352706902,M2,nan,M1,M1,0,5.0,-1.3288092352706902,0.11073410293922417,0.0,0.0,poor_tracking_condition,requested_mode_matches_applied_mode
threshold,persistent-low-generation,4,4705,78.41666666666667,6.416666666666667,2026-01-04T06:25:00Z,43.164083160067186,43.16358198056862,NORMAL,NORMAL,33.18703986676286,85.0,70.0,0.16787878787878788,12.030301951701539,5.327017704213441,4.794315933792097,0.7,2,-0.20568406620790292,M2,nan,M1,M1,0,5.0,-0.20568406620790292,0.017140338850658576,0.0,0.0,poor_tracking_condition,requested_mode_matches_applied_mode
threshold,persistent-low-generation,4,4710,78.5,6.5,2026-01-04T06:30:00Z,43.16358198056862,43.165583201008566,NORMAL,NORMAL,41.260150911287276,85.0,70.0,0.16787878787878788,14.95680470534164,6.622873123525278,5.96058581117275,0.7,2,0.9605858111727503,M2,nan,M1,M1,0,5.0,0.9605858111727503,0.0,0.0,0.0,poor_tracking_condition,requested_mode_matches_applied_mode
threshold,persistent-low-generation,4,4715,78.58333333333333,6.583333333333333,2026-01-04T06:35:00Z,43.165583201008566,43.17008917515348,NORMAL,NORMAL,49.58254223077287,85.0,70.0,0.16787878787878788,17.97367155865517,7.958741766172509,7.162867589555258,0.7,2,2.1628675895552583,M2,nan,M1,M1,0,5.0,2.1628675895552583,0.0,0.0,0.0,poor_tracking_condition,requested_mode_matches_applied_mode
threshold,persistent-low-generation,4,4720,78.66666666666667,6.666666666666667,2026-01-04T06:40:00Z,43.17008917515348,43.17716351416676,NORMAL,NORMAL,58.11629045657219,85.0,70.0,0.16787878787878788,21.067155290507422,9.328536362636687,8.395682726373018,0.7,2,3.3956827263730176,M2,nan,M1,M1,0,5.0,3.3956827263730176,0.0,0.0,0.0,poor_tracking_condition,requested_mode_matches_applied_mode
threshold,persistent-low-generation,4,4725,78.75,6.75,2026-01-04T06:45:00Z,43.17716351416676,43.18686061267457,NORMAL,NORMAL,66.83077236639176,85.0,70.0,0.16787878787878788,24.226154982817015,10.727341426391375,9.654607283752238,0.7,2,4.654607283752238,M2,nan,M1,M1,0,5.0,4.654607283752238,0.0,0.0,0.0,poor_tracking_condition,requested_mode_matches_applied_mode
threshold,persistent-low-generation,4,4730,78.83333333333333,6.833333333333333,2026-01-04T06:50:00Z,43.18686061267457,43.19922713986759,NORMAL,NORMAL,75.70031913007261,85.0,70.0,0.16787878787878788,27.441365684651327,12.151036725163607,10.935933052647247,0.7,2,5.935933052647247,M2,nan,M1,M1,0,5.0,5.935933052647247,0.0,0.0,0.0,poor_tracking_condition,requested_mode_matches_applied_mode
threshold,persistent-low-generation,4,4735,78.91666666666667,6.916666666666667,2026-01-04T06:55:00Z,43.19922713986759,43.21430310017455,NORMAL,NORMAL,84.7027861524679,85.0,70.0,0.16787878787878788,30.704759980269614,13.596067719263385,12.236460947337047,0.7,2,7.236460947337047,M2,nan,M1,M1,0,5.0,7.236460947337047,0.0,0.0,0.0,poor_tracking_condition,requested_mode_matches_applied_mode
threshold,persistent-low-generation,4,4740,79.0,7.0,2026-01-04T07:00:00Z,43.21430310017455,43.23212261608984,NORMAL,NORMAL,93.81862989157445,85.0,70.0,0.16787878787878788,34.00925333569574,15.059297377046073,13.553367639341467,1.0,3,8.553367639341467,M2,nan,M1,M1,0,5.0,8.553367639341467,0.0,0.0,0.0,poor_tracking_condition,requested_mode_matches_applied_mode
threshold,persistent-low-generation,4,4745,79.08333333333333,7.083333333333333,2026-01-04T07:05:00Z,43.23212261608984,43.252714523482396,NORMAL,NORMAL,103.03028480154445,85.0,70.0,0.16787878787878788,37.34847824055987,16.53790616491991,14.88411554842792,1.0,3,9.88411554842792,M2,nan,M1,M1,0,5.0,9.88411554842792,0.0,0.0,1.1102230246251565e-16,poor_tracking_condition,requested_mode_matches_applied_mode
threshold,persistent-low-generation,4,4750,79.16666666666667,7.166666666666667,2026-01-04T07:10:00Z,43.252714523482396,43.2761028357581,NORMAL,NORMAL,112.32172758060445,85.0,70.0,0.16787878787878788,40.71662624796912,18.029322102600723,16.226389892340652,1.0,3,11.226389892340652,M2,nan,M1,M1,0,5.0,11.226389892340652,0.0,0.0,1.1102230246251565e-16,poor_tracking_condition,requested_mode_matches_applied_mode
threshold,persistent-low-generation,4,4755,79.25,7.25,2026-01-04T07:15:00Z,43.2761028357581,43.30230711359731,NORMAL,NORMAL,121.67816343103348,85.0,70.0,0.16787878787878788,44.108334243749646,19.531170403132343,17.57805336281911,1.0,3,12.578053362819109,M2,nan,M1,M1,0,5.0,12.578053362819109,0.0,0.0,0.0,poor_tracking_condition,requested_mode_matches_applied_mode
threshold,persistent-low-generation,4,4760,79.33333333333333,7.333333333333333,2026-01-04T07:20:00Z,43.30230711359731,43.33134276505239,NORMAL,NORMAL,131.08579467086636,85.0,70.0,0.16787878787878788,47.518600568189065,21.041236331594117,18.937112698434706,1.0,3,13.937112698434706,M2,nan,M1,M1,0,5.0,13.937112698434706,0.0,0.0,0.0,poor_tracking_condition,requested_mode_matches_applied_mode
threshold,persistent-low-generation,4,4765,79.41666666666667,7.416666666666667,2026-01-04T07:25:00Z,43.33134276505239,43.36322129324185,NORMAL,NORMAL,140.53164661624442,85.0,70.0,0.16787878787878788,50.942721898388605,22.557437256606473,20.301693530945826,1.0,3,15.301693530945826,M2,nan,M1,M1,0,5.0,15.301693530945826,0.0,0.0,0.0,poor_tracking_condition,requested_mode_matches_applied_mode
threshold,persistent-low-generation,4,4770,79.5,7.5,2026-01-04T07:30:00Z,43.36322129324185,43.39795050393827,NORMAL,NORMAL,150.00343432272098,85.0,70.0,0.16787878787878788,54.376244941986364,24.07780126031156,21.670021134280404,1.0,3,16.670021134280404,M2,nan,M1,M1,0,5.0,16.670021134280404,0.0,0.0,0.0,poor_tracking_condition,requested_mode_matches_applied_mode
threshold,persistent-low-generation,4,4775,79.58333333333333,7.583333333333333,2026-01-04T07:35:00Z,43.39795050393827,43.43553468201881,NORMAL,NORMAL,159.4894591274398,85.0,70.0,0.16787878787878788,57.81492893369693,25.600450531841002,23.0404054786569,1.0,3,18.0404054786569,M2,nan,M1,M1,0,5.0,18.0404054786569,0.0,0.0,0.0,poor_tracking_condition,requested_mode_matches_applied_mode
threshold,persistent-low-generation,4,4780,79.66666666666667,7.666666666666667,2026-01-04T07:40:00Z,43.43553468201881,43.47597474344743,NORMAL,NORMAL,168.97852734939661,85.0,70.0,0.16787878787878788,61.25471616415628,27.1235883174884,24.41122948573956,1.0,3,19.41122948573956,M2,nan,M1,M1,0,5.0,19.41122948573956,0.0,0.0,0.0,poor_tracking_condition,requested_mode_matches_applied_mode
threshold,persistent-low-generation,4,4785,79.75,7.75,2026-01-04T07:45:00Z,43.47597474344743,43.519268367831835,NORMAL,NORMAL,178.45988574631707,85.0,70.0,0.16787878787878788,64.69170858303994,28.645488560570083,25.780939704513074,1.0,3,20.780939704513074,M2,nan,M1,M1,0,5.0,20.780939704513074,0.0,0.0,0.0,poor_tracking_condition,requested_mode_matches_applied_mode
threshold,persistent-low-generation,4,4790,79.83333333333333,7.833333333333333,2026-01-04T07:50:00Z,43.519268367831835,43.56541011542643,NORMAL,NORMAL,187.9231698346319,85.0,70.0,0.16787878787878788,68.12214906505407,30.164487606005945,27.148038845405353,1.0,3,22.148038845405353,M2,nan,M1,M1,0,5.0,22.148038845405353,0.0,0.0,0.0,poor_tracking_condition,requested_mode_matches_applied_mode
threshold,persistent-low-generation,4,4795,79.91666666666667,7.916666666666667,2026-01-04T07:55:00Z,43.56541011542643,43.614391531593135,NORMAL,NORMAL,197.35836221618453,85.0,70.0,0.16787878787878788,71.5424063033669,31.678977511130867,28.511079760017783,1.0,3,23.511079760017783,M2,nan,M1,M1,0,5.0,23.511079760017783,0.0,0.0,0.0,poor_tracking_condition,requested_mode_matches_applied_mode
threshold,persistent-low-generation,4,4800,80.0,8.0,2026-01-04T08:00:00Z,43.614391531593135,43.666201241090896,NORMAL,NORMAL,206.75575878282945,85.0,70.0,0.16787878787878788,74.94896255877568,33.187400621025866,29.86866055892328,1.0,3,24.86866055892328,M2,nan,M1,M1,0,5.0,24.86866055892328,0.0,0.0,0.0,poor_tracking_condition,requested_mode_matches_applied_mode
threshold,persistent-low-generation,4,4805,80.08333333333333,8.083333333333334,2026-01-04T08:05:00Z,43.666201241090896,43.72082503408054,NORMAL,NORMAL,216.1059411895107,85.0,70.0,0.16787878787878788,78.33840368119763,34.68824515003431,31.219420635030882,1.0,3,26.219420635030882,M2,nan,M1,M1,0,5.0,26.219420635030882,0.0,0.0,0.0,poor_tracking_condition,requested_mode_matches_applied_mode
threshold,persistent-low-generation,4,4810,80.16666666666667,8.166666666666666,2026-01-04T08:10:00Z,43.72082503408054,43.77824594536065,NORMAL,NORMAL,225.39975436323758,85.0,70.0,0.16787878787878788,81.70741095667363,36.18004157161508,32.56203741445357,1.0,3,27.56203741445357,M2,nan,M1,M1,0,5.0,27.56203741445357,0.0,0.0,0.0,poor_tracking_condition,requested_mode_matches_applied_mode
threshold,persistent-low-generation,4,4815,80.25,8.25,2026-01-04T08:15:00Z,43.77824594536065,43.8384443280625,NORMAL,NORMAL,234.6282880927447,85.0,70.0,0.16787878787878788,85.05275443361997,37.66135966320692,33.895223696886234,1.0,3,28.895223696886234,M2,nan,M1,M1,0,5.0,28.895223696886234,0.0,0.0,0.0,poor_tracking_condition,requested_mode_matches_applied_mode
threshold,persistent-low-generation,4,4820,80.33333333333333,8.333333333333334,2026-01-04T08:20:00Z,43.8384443280625,43.90139792280706,NORMAL,NORMAL,243.78286195050265,85.0,70.0,0.16787878787878788,88.37128745705722,39.130806085984936,35.217725477386445,1.0,3,30.217725477386445,M2,nan,M1,M1,0,5.0,30.217725477386445,0.0,0.0,0.0,poor_tracking_condition,requested_mode_matches_applied_mode
threshold,persistent-low-generation,4,4825,80.41666666666667,8.416666666666666,2026-01-04T08:25:00Z,43.90139792280706,43.96708192314876,NORMAL,NORMAL,252.85501295493205,85.0,70.0,0.16787878787878788,91.65994219616287,40.58702240446092,36.52832016401483,1.0,3,31.52832016401483,M2,nan,M1,M1,0,5.0,31.52832016401483,0.0,0.0,0.0,poor_tracking_condition,requested_mode_matches_applied_mode
threshold,persistent-low-generation,4,4830,80.5,8.5,2026-01-04T08:30:00Z,43.96708192314876,44.03546903798837,NORMAL,NORMAL,261.8364854999091,85.0,70.0,0.16787878787878788,94.91572599371706,42.02868347001791,37.82581512301612,1.0,3,32.82581512301612,M2,nan,M1,M1,0,5.0,32.82581512301612,0.0,0.0,0.0,poor_tracking_condition,requested_mode_matches_applied_mode
threshold,persistent-low-generation,4,4835,80.58333333333333,8.583333333333334,2026-01-04T08:35:00Z,44.03546903798837,44.10652955152276,NORMAL,NORMAL,270.71922317062246,85.0,70.0,0.16787878787878788,98.13571839935065,43.454496107232465,39.10904649650922,1.0,3,34.10904649650922,M2,nan,M1,M1,0,5.0,34.10904649650922,0.0,0.0,0.0,poor_tracking_condition,requested_mode_matches_applied_mode
threshold,persistent-low-generation,4,4840,80.66666666666667,8.666666666666666,2026-01-04T08:40:00Z,44.10652955152276,44.180231381206106,NORMAL,NORMAL,279.4953621364576,85.0,70.0,0.16787878787878788,101.31706877446588,44.86319805333349,40.376878248000146,1.0,3,35.376878248000146,M2,nan,M1,M1,0,5.0,35.376878248000146,0.0,0.0,0.0,poor_tracking_condition,requested_mode_matches_applied_mode
threshold,persistent-low-generation,4,4845,80.75,8.75,2026-01-04T08:45:00Z,44.180231381206106,44.25654013412102,NORMAL,NORMAL,288.1572258678527,85.0,70.0,0.16787878787878788,104.4569943770966,46.25355711017838,41.62820139916054,1.0,3,36.62820139916054,M2,nan,M1,M1,0,5.0,36.62820139916054,0.0,0.0,0.0,poor_tracking_condition,requested_mode_matches_applied_mode
threshold,persistent-low-generation,4,4850,80.83333333333333,8.833333333333334,2026-01-04T08:50:00Z,44.25654013412102,44.335419162095505,NORMAL,NORMAL,296.69732096864084,85.0,70.0,0.16787878787878788,107.55277885113232,47.62437047528139,42.86193342775325,1.0,3,37.86193342775325,M2,nan,M1,M1,0,5.0,37.86193342775325,0.0,0.0,0.0,poor_tracking_condition,requested_mode_matches_applied_mode
threshold,persistent-low-generation,4,4855,80.91666666666667,8.916666666666666,2026-01-04T08:55:00Z,44.335419162095505,44.4168296158491,NORMAL,NORMAL,305.1083339509776,85.0,70.0,0.16787878787878788,110.6017710572294,48.97446422414117,44.07701780172706,1.0,3,39.07701780172706,M2,nan,M1,M1,0,5.0,39.07701780172706,0.0,0.0,0.0,poor_tracking_condition,requested_mode_matches_applied_mode
threshold,persistent-low-generation,4,4860,81.0,9.0,2026-01-04T09:00:00Z,44.4168296158491,44.500730498408764,NORMAL,NORMAL,313.38312880856245,85.0,70.0,0.16787878787878788,113.6013841931039,50.302692920706406,45.272423628635764,1.0,3,40.272423628635764,M2,nan,M1,M1,0,5.0,40.272423628635764,0.0,0.0,0.0,poor_tracking_condition,requested_mode_matches_applied_mode
threshold,persistent-low-generation,4,4865,81.08333333333333,9.083333333333334,2026-01-04T09:05:00Z,44.500730498408764,44.58707871799811,NORMAL,NORMAL,321.5147452670294,85.0,70.0,0.16787878787878788,116.54909515929818,51.607939336537235,46.447145402883514,1.0,3,41.447145402883514,M2,nan,M1,M1,0,5.0,41.447145402883514,0.0,0.0,0.0,poor_tracking_condition,requested_mode_matches_applied_mode
threshold,persistent-low-generation,4,4870,81.16666666666667,9.166666666666666,2026-01-04T09:10:00Z,44.58707871799811,44.67582914057316,NORMAL,NORMAL,329.4963976092564,85.0,70.0,0.16787878787878788,119.44244413335547,52.8891142622498,47.60020283602482,1.0,3,42.60020283602482,M2,nan,M1,M1,0,5.0,42.60020283602482,0.0,0.0,0.0,poor_tracking_condition,requested_mode_matches_applied_mode
threshold,persistent-low-generation,4,4875,81.25,9.25,2026-01-04T09:15:00Z,44.67582914057316,44.766934642151455,NORMAL,NORMAL,337.3214739888143,85.0,70.0,0.16787878787878788,122.2790343209452,54.14515639731453,48.730640757583075,1.0,3,43.730640757583075,M2,nan,M1,M1,0,5.0,43.730640757583075,0.0,0.0,0.0,poor_tracking_condition,requested_mode_matches_applied_mode
threshold,persistent-low-generation,4,4880,81.33333333333333,9.333333333333334,2026-01-04T09:20:00Z,44.766934642151455,44.86034616105915,NORMAL,NORMAL,344.9835361575411,85.0,70.0,0.16787878787878788,125.05653185710867,55.37503230632772,49.837529075694945,1.0,3,44.837529075694945,M2,nan,M1,M1,0,5.0,44.837529075694945,0.0,0.0,4.440892098500626e-16,poor_tracking_condition,requested_mode_matches_applied_mode
threshold,persistent-low-generation,4,4885,81.41666666666667,9.416666666666666,2026-01-04T09:25:00Z,44.86034616105915,44.95601275020168,NORMAL,NORMAL,352.47631954379665,85.0,70.0,0.16787878787878788,127.7726658346263,56.57773643157252,50.91996278841527,1.0,3,45.91996278841527,M2,nan,M1,M1,0,5.0,45.91996278841527,0.0,0.0,0.0,poor_tracking_condition,requested_mode_matches_applied_mode
threshold,persistent-low-generation,4,4890,81.5,9.5,2026-01-04T09:30:00Z,44.95601275020168,45.05388162944708,NORMAL,NORMAL,359.7937336267778,85.0,70.0,0.16787878787878788,130.42522843970696,57.75229115310224,51.97706203779202,1.0,3,46.97706203779202,M2,nan,M1,M1,0,5.0,46.97706203779202,0.0,0.0,0.0,poor_tracking_condition,requested_mode_matches_applied_mode
threshold,persistent-low-generation,4,4895,81.58333333333333,9.583333333333334,2026-01-04T09:35:00Z,45.05388162944708,45.153898238196845,NORMAL,NORMAL,366.9298625596508,85.0,70.0,0.16787878787878788,133.01207517787344,58.897746888762356,53.00797219988612,1.0,3,48.00797219988612,M3,nan,M3,M1,0,5.0,48.00797219988612,0.0,0.0,0.0,poor_tracking_condition,new_candidate_started
threshold,persistent-low-generation,4,4900,81.66666666666667,9.666666666666666,2026-01-04T09:40:00Z,45.153898238196845,45.25600628820686,NORMAL,NORMAL,373.8789660004802,85.0,70.0,0.16787878787878788,135.53112517517408,60.01318222756708,54.01186400481037,1.0,3,49.01186400481037,M3,nan,M3,M1,0,5.0,49.01186400481037,0.0,0.0,0.0,poor_tracking_condition,waiting_for_candidate_confirmation
threshold,persistent-low-generation,4,4905,81.75,9.75,2026-01-04T09:45:00Z,45.25600628820686,45.18121612129605,NORMAL,NORMAL,380.63548011518435,85.0,70.0,0.16787878787878788,137.98036154175435,61.09770409068883,54.98793368161995,1.0,3,49.98793368161995,M3,nan,M3,M3,1,85.68181818181819,-30.693884500198237,2.557823708349853,5.916666666666666,0.0,poor_tracking_condition,candidate_confirmed_and_dwell_satisfied
threshold,persistent-low-generation,4,4910,81.83333333333333,9.833333333333334,2026-01-04T09:50:00Z,45.18121612129605,45.108734603122834,NORMAL,NORMAL,387.1940187212154,85.0,70.0,0.16787878787878788,140.3578317864406,62.150447915035905,55.93540312353232,1.0,3,-29.74641505828587,M3,nan,M3,M3,1,85.68181818181819,-29.74641505828587,2.4788679215238223,5.916666666666666,0.0,poor_tracking_condition,requested_mode_matches_applied_mode
threshold,persistent-low-generation,4,4915,81.91666666666667,9.916666666666666,2026-01-04T09:55:00Z,45.108734603122834,45.03849021201096,NORMAL,NORMAL,393.5493745444713,85.0,70.0,0.16787878787878788,142.66164827237085,63.17057785500582,56.85352006950524,1.0,3,-28.82829811231295,M3,nan,M3,M3,1,85.68181818181819,-28.82829811231295,2.402358176026079,5.916666666666666,0.0,poor_tracking_condition,requested_mode_matches_applied_mode
threshold,persistent-low-generation,4,4920,82.0,10.0,2026-01-04T10:00:00Z,45.03849021201096,44.97040965674014,NORMAL,NORMAL,399.6965205652085,85.0,70.0,0.16787878787878788,144.8899887048881,64.15728699852446,57.74155829867201,0.95,3,-27.940259883146176,M3,nan,M3,M3,1,85.68181818181819,-27.940259883146176,2.328354990262181,5.916666666666666,0.0,poor_tracking_condition,requested_mode_matches_applied_mode
threshold,persistent-low-generation,4,4925,82.08333333333333,10.083333333333334,2026-01-04T10:05:00Z,44.97040965674014,45.0820738605621,NORMAL,NORMAL,405.6306114315386,85.0,70.0,0.16787878787878788,147.04109664393278,65.10979759393342,58.59881783454008,0.95,3,-27.08300034727811,M2,nan,M1,M1,0,5.0,53.59881783454008,0.0,0.0,0.0,poor_tracking_condition,safety_reduction_applied_immediately
threshold,persistent-low-generation,4,4930,82.16666666666667,10.166666666666666,2026-01-04T10:10:00Z,45.0820738605621,45.1954584963042,NORMAL,NORMAL,411.3469849215116,85.0,70.0,0.16787878787878788,149.11328203404798,66.02736128467643,59.42462515620879,0.95,3,54.42462515620879,M3,nan,M3,M1,0,5.0,54.42462515620879,0.0,0.0,0.0,poor_tracking_condition,new_candidate_started
threshold,persistent-low-generation,4,4935,82.25,10.25,2026-01-04T10:15:00Z,45.1954584963042,45.310496690917056,NORMAL,NORMAL,416.8411634369035,85.0,70.0,0.16787878787878788,151.10492174587753,66.90925934907456,60.218333414167105,0.95,3,55.218333414167105,M3,nan,M3,M1,0,5.0,55.218333414167105,0.0,0.0,0.0,poor_tracking_condition,waiting_for_candidate_confirmation
threshold,persistent-low-generation,4,4940,82.33333333333333,10.333333333333334,2026-01-04T10:20:00Z,45.310496690917056,45.250305424997656,NORMAL,NORMAL,422.1088555136517,85.0,70.0,0.16787878787878788,153.01446012369877,67.75480294277381,60.97932264849643,0.95,3,55.97932264849643,M3,nan,M3,M3,1,85.68181818181819,-24.70249553332176,2.0585412944434798,5.916666666666666,0.0,poor_tracking_condition,candidate_confirmed_and_dwell_satisfied
threshold,persistent-low-generation,4,4945,82.41666666666667,10.416666666666666,2026-01-04T10:25:00Z,45.250305424997656,45.191887252058365,NORMAL,NORMAL,427.1459573354957,85.0,70.0,0.16787878787878788,154.8404095341172,68.56333334170711,61.7070000075364,0.95,3,-23.974818174281786,M3,nan,M3,M3,1,85.68181818181819,-23.974818174281786,1.9979015145234822,5.916666666666666,0.0,poor_tracking_condition,requested_mode_matches_applied_mode
threshold,persistent-low-generation,4,4950,82.5,10.5,2026-01-04T10:30:00Z,45.191887252058365,45.13515962482508,NORMAL,NORMAL,431.9485542387826,85.0,70.0,0.16787878787878788,156.5813509115587,69.33422218363819,62.40079996527437,0.95,3,-23.281018216543814,M3,nan,M3,M3,1,85.68181818181819,-23.281018216543814,1.940084851378651,5.916666666666666,0.0,poor_tracking_condition,requested_mode_matches_applied_mode
threshold,persistent-low-generation,4,4955,82.58333333333333,10.583333333333334,2026-01-04T10:35:00Z,45.13515962482508,45.080038685142036,NORMAL,NORMAL,436.5129221976478,85.0,70.0,0.16787878787878788,158.23593429664734,70.06687170655545,63.0601845358999,0.95,3,-22.621633645918287,M3,nan,M3,M3,1,85.68181818181819,-22.621633645918287,1.8851361371598572,5.916666666666666,0.0,poor_tracking_condition,requested_mode_matches_applied_mode
threshold,persistent-low-generation,4,4960,82.66666666666667,10.666666666666666,2026-01-04T10:40:00Z,45.080038685142036,45.026439331590154,NORMAL,NORMAL,440.8355292798796,85.0,70.0,0.16787878787878788,159.80287936395638,70.76071498235987,63.68464348412389,0.95,3,-21.997174697694298,M3,nan,M3,M3,1,85.68181818181819,-21.997174697694298,1.8330978914745248,5.916666666666666,0.0,poor_tracking_condition,requested_mode_matches_applied_mode
threshold,persistent-low-generation,4,4965,82.75,10.75,2026-01-04T10:45:00Z,45.026439331590154,44.97427528760425,NORMAL,NORMAL,444.91303706475765,85.0,70.0,0.16787878787878788,161.28097593597465,71.41521614444957,64.27369453000462,0.95,3,-21.40812365181357,M3,nan,M3,M3,1,85.68181818181819,-21.40812365181357,1.7840103043177973,5.916666666666666,0.0,poor_tracking_condition,requested_mode_matches_applied_mode
threshold,persistent-low-generation,4,4970,82.83333333333333,10.833333333333334,2026-01-04T10:50:00Z,44.97427528760425,45.09891462832748,NORMAL,NORMAL,448.7423020150338,85.0,70.0,0.16787878787878788,162.66908448044975,72.02987060794315,64.82688354714884,0.95,3,-20.85493463466935,M2,nan,M1,M1,0,5.0,59.82688354714884,0.0,0.0,0.0,poor_tracking_condition,safety_reduction_applied_immediately
threshold,persistent-low-generation,4,4975,82.91666666666667,10.916666666666666,2026-01-04T10:55:00Z,45.09891462832748,45.22463084656346,NORMAL,NORMAL,452.3203767960078,85.0,70.0,0.16787878787878788,163.96613658855284,72.60420528141118,65.34378475327007,0.95,3,60.34378475327007,M3,nan,M3,M1,0,5.0,60.34378475327007,0.0,0.0,0.0,poor_tracking_condition,new_candidate_started
threshold,persistent-low-generation,4,4980,83.0,11.0,2026-01-04T11:00:00Z,45.22463084656346,45.351347515088854,NORMAL,NORMAL,455.64451153536436,85.0,70.0,0.16787878787878788,165.1711354315696,73.13777876909901,65.82400089218912,0.95,3,60.82400089218912,M3,nan,M3,M1,0,5.0,60.82400089218912,0.0,0.0,0.0,poor_tracking_condition,waiting_for_candidate_confirmation
threshold,persistent-low-generation,4,4985,83.08333333333333,11.083333333333334,2026-01-04T11:05:00Z,45.351347515088854,45.304040851406185,NORMAL,NORMAL,458.71215501807666,85.0,70.0,0.16787878787878788,166.28315619405282,73.63018156272658,66.26716340645392,0.95,3,61.26716340645392,M3,nan,M3,M3,1,85.68181818181819,-19.41465477536427,1.6178878979470224,5.916666666666666,0.0,poor_tracking_condition,candidate_confirmed_and_dwell_satisfied
threshold,persistent-low-generation,4,4990,83.16666666666667,11.166666666666666,2026-01-04T11:10:00Z,45.304040851406185,45.25772290408169,NORMAL,NORMAL,461.52095581127423,85.0,70.0,0.16787878787878788,167.30134648158693,74.08103622204669,66.67293259984203,0.95,3,-19.00888558197616,M3,nan,M3,M3,1,85.68181818181819,-19.00888558197616,1.584073798498013,5.916666666666666,0.0,poor_tracking_condition,requested_mode_matches_applied_mode
threshold,persistent-low-generation,4,4995,83.25,11.25,2026-01-04T11:15:00Z,45.25772290408169,45.21230180176021,NORMAL,NORMAL,464.06876331450326,85.0,70.0,0.16787878787878788,168.22492670150746,74.48999754342749,67.04099778908474,0.95,3,-18.640820392733445,M3,nan,M3,M3,1,85.68181818181819,-18.640820392733445,1.5534016993944537,5.916666666666666,0.0,poor_tracking_condition,requested_mode_matches_applied_mode
threshold,persistent-low-generation,4,5000,83.33333333333333,11.333333333333334,2026-01-04T11:20:00Z,45.21230180176021,45.16768498709746,NORMAL,NORMAL,466.3536287313086,85.0,70.0,0.16787878787878788,169.0531904150994,74.85675271580602,67.37107744422542,0.95,3,-18.310740737592766,M3,nan,M3,M3,1,85.68181818181819,-18.310740737592766,1.5258950614660638,5.916666666666666,0.0,poor_tracking_condition,requested_mode_matches_applied_mode
threshold,persistent-low-generation,4,5005,83.41666666666667,11.416666666666666,2026-01-04T11:25:00Z,45.16768498709746,45.12377928810933,NORMAL,NORMAL,468.37380595852005,85.0,70.0,0.16787878787878788,169.78550465996355,75.18102146343188,67.6629193170887,0.95,3,-18.018898864729493,M3,nan,M3,M3,1,85.68181818181819,-18.018898864729493,1.5015749053941243,5.916666666666666,0.0,poor_tracking_condition,requested_mode_matches_applied_mode
threshold,persistent-low-generation,4,5010,83.5,11.5,2026-01-04T11:30:00Z,45.12377928810933,45.08049098980421,NORMAL,NORMAL,470.1277523900539,85.0,70.0,0.16787878787878788,170.42131024139456,75.46255617488951,67.91630055740056,0.95,3,-17.765517624417626,M3,nan,M3,M3,1,85.68181818181819,-17.765517624417626,1.480459802034802,5.916666666666666,0.0,poor_tracking_condition,requested_mode_matches_applied_mode
threshold,persistent-low-generation,4,5015,83.58333333333333,11.583333333333334,2026-01-04T11:35:00Z,45.08049098980421,45.03772590606722,NORMAL,NORMAL,471.61412963244163,85.0,70.0,0.16787878787878788,170.9601219917601,75.70114201795137,68.13102781615623,0.95,3,-17.550790365661953,M3,nan,M3,M3,1,85.68181818181819,-17.550790365661953,1.4625658638051626,5.916666666666666,0.0,poor_tracking_condition,requested_mode_matches_applied_mode
threshold,persistent-low-generation,4,5020,83.66666666666667,11.666666666666666,2026-01-04T11:40:00Z,45.03772590606722,44.995389451764275,NORMAL,NORMAL,472.8318041296715,85.0,70.0,0.16787878787878788,171.40152899700595,75.89659703987422,68.3069373358868,0.95,3,-17.374880845931386,M3,nan,M3,M3,1,85.68181818181819,-17.374880845931386,1.4479067371609489,5.916666666666666,0.0,poor_tracking_condition,requested_mode_matches_applied_mode
threshold,persistent-low-generation,4,5025,83.75,11.75,2026-01-04T11:45:00Z,44.995389451764275,45.127564233071624,NORMAL,NORMAL,473.77984769529087,85.0,70.0,0.16787878787878788,171.74519478954295,76.04877225280961,68.44389502752865,0.95,3,-17.237923154289533,M2,nan,M1,M1,0,5.0,63.443895027528654,0.0,0.0,0.0,poor_tracking_condition,safety_reduction_applied_immediately
threshold,persistent-low-generation,4,5030,83.83333333333333,11.833333333333334,2026-01-04T11:50:00Z,45.127564233071624,45.25994297585005,NORMAL,NORMAL,474.457537950053,85.0,70.0,0.16787878787878788,171.99085750689423,76.15755170405276,68.54179653364749,0.95,3,63.541796533647485,M3,nan,M3,M1,0,5.0,63.541796533647485,0.0,0.0,0.0,poor_tracking_condition,new_candidate_started
threshold,persistent-low-generation,4,5035,83.91666666666667,11.916666666666666,2026-01-04T11:55:00Z,45.25994297585005,45.392444157678845,NORMAL,NORMAL,474.86435866372636,85.0,70.0,0.16787878787878788,172.13833001560081,76.22285253090804,68.60056727781723,0.95,3,63.600567277817234,M3,nan,M3,M1,0,5.0,63.600567277817234,0.0,0.0,0.0,poor_tracking_condition,waiting_for_candidate_confirmation
threshold,persistent-low-generation,4,5040,84.0,12.0,2026-01-04T12:00:00Z,45.392444157678845,45.350870922586694,NORMAL,NORMAL,475.0,85.0,70.0,0.16787878787878788,172.18750000000003,76.24462500000001,68.62016250000002,0.95,3,63.62016250000002,M3,nan,M3,M3,1,85.68181818181819,-17.061655681818166,1.4218046401515139,5.916666666666666,0.0,poor_tracking_condition,candidate_confirmed_and_dwell_satisfied
threshold,persistent-low-generation,4,5045,84.08333333333333,12.083333333333334,2026-01-04T12:05:00Z,45.350870922586694,45.3092499408518,NORMAL,NORMAL,474.86435866372636,85.0,70.0,0.16787878787878788,172.13833001560081,76.22285253090804,68.60056727781723,0.95,3,-17.081250904000953,M3,nan,M3,M3,1,85.68181818181819,-17.081250904000953,1.4234375753334128,5.916666666666666,0.0,poor_tracking_condition,requested_mode_matches_applied_mode
threshold,persistent-low-generation,4,5050,84.16666666666667,12.166666666666666,2026-01-04T12:10:00Z,45.3092499408518,45.26748575554924,NORMAL,NORMAL,474.457537950053,85.0,70.0,0.16787878787878788,171.99085750689423,76.15755170405276,68.54179653364749,0.95,3,-17.140021648170702,M3,nan,M3,M3,1,85.68181818181819,-17.140021648170702,1.4283351373475583,5.916666666666666,0.0,poor_tracking_condition,requested_mode_matches_applied_mode
threshold,persistent-low-generation,4,5055,84.25,12.25,2026-01-04T12:15:00Z,45.26748575554924,45.22548301881851,NORMAL,NORMAL,473.77984769529087,85.0,70.0,0.16787878787878788,171.74519478954295,76.04877225280961,68.44389502752865,0.95,3,-17.237923154289533,M3,nan,M3,M3,1,85.68181818181819,-17.237923154289533,1.4364935961907943,5.916666666666666,0.0,poor_tracking_condition,requested_mode_matches_applied_mode
threshold,persistent-low-generation,4,5060,84.33333333333333,12.333333333333334,2026-01-04T12:20:00Z,45.22548301881851,45.18314656451555,NORMAL,NORMAL,472.8318041296715,85.0,70.0,0.16787878787878788,171.40152899700595,75.89659703987422,68.3069373358868,0.95,3,-17.374880845931386,M3,nan,M3,M3,1,85.68181818181819,-17.374880845931386,1.4479067371609489,5.916666666666666,0.0,poor_tracking_condition,requested_mode_matches_applied_mode
threshold,persistent-low-generation,4,5065,84.41666666666667,12.416666666666666,2026-01-04T12:25:00Z,45.18314656451555,45.140381480778565,NORMAL,NORMAL,471.61412963244163,85.0,70.0,0.16787878787878788,170.9601219917601,75.70114201795137,68.13102781615623,0.95,3,-17.550790365661953,M3,nan,M3,M3,1,85.68181818181819,-17.550790365661953,1.4625658638051626,5.916666666666666,0.0,poor_tracking_condition,requested_mode_matches_applied_mode
threshold,persistent-low-generation,4,5070,84.5,12.5,2026-01-04T12:30:00Z,45.140381480778565,45.09709318247346,NORMAL,NORMAL,470.12775239005396,85.0,70.0,0.16787878787878788,170.4213102413946,75.46255617488953,67.91630055740058,0.95,3,-17.765517624417612,M3,nan,M3,M3,1,85.68181818181819,-17.765517624417612,1.480459802034801,5.916666666666666,0.0,poor_tracking_condition,requested_mode_matches_applied_mode
threshold,persistent-low-generation,4,5075,84.58333333333333,12.583333333333334,2026-01-04T12:35:00Z,45.09709318247346,45.053187483485324,NORMAL,NORMAL,468.37380595852005,85.0,70.0,0.16787878787878788,169.78550465996355,75.18102146343188,67.6629193170887,0.95,3,-18.018898864729493,M3,nan,M3,M3,1,85.68181818181819,-18.018898864729493,1.5015749053941243,5.916666666666666,0.0,poor_tracking_condition,requested_mode_matches_applied_mode
threshold,persistent-low-generation,4,5080,84.66666666666667,12.666666666666666,2026-01-04T12:40:00Z,45.053187483485324,45.00857066882258,NORMAL,NORMAL,466.3536287313086,85.0,70.0,0.16787878787878788,169.0531904150994,74.85675271580602,67.37107744422542,0.95,3,-18.310740737592766,M3,nan,M3,M3,1,85.68181818181819,-18.310740737592766,1.5258950614660638,5.916666666666666,0.0,poor_tracking_condition,requested_mode_matches_applied_mode
threshold,persistent-low-generation,4,5085,84.75,12.75,2026-01-04T12:45:00Z,45.00857066882258,44.963149566501095,NORMAL,NORMAL,464.06876331450326,85.0,70.0,0.16787878787878788,168.22492670150746,74.48999754342749,67.04099778908474,0.95,3,-18.640820392733445,M3,nan,M3,M3,1,85.68181818181819,-18.640820392733445,1.5534016993944537,5.916666666666666,0.0,poor_tracking_condition,requested_mode_matches_applied_mode
threshold,persistent-low-generation,4,5090,84.83333333333333,12.833333333333334,2026-01-04T12:50:00Z,44.963149566501095,45.091634842750764,NORMAL,NORMAL,461.52095581127423,85.0,70.0,0.16787878787878788,167.30134648158693,74.08103622204669,66.67293259984203,0.95,3,-19.00888558197616,M2,nan,M1,M1,0,5.0,61.67293259984203,0.0,0.0,0.0,poor_tracking_condition,safety_reduction_applied_immediately
threshold,persistent-low-generation,4,5095,84.91666666666667,12.916666666666666,2026-01-04T12:55:00Z,45.091634842750764,45.21927476651422,NORMAL,NORMAL,458.71215501807666,85.0,70.0,0.16787878787878788,166.28315619405282,73.63018156272658,66.26716340645392,0.95,3,61.26716340645392,M3,nan,M3,M1,0,5.0,61.26716340645392,0.0,0.0,0.0,poor_tracking_condition,new_candidate_started
threshold,persistent-low-generation,4,5100,85.0,13.0,2026-01-04T13:00:00Z,45.21927476651422,45.345991435039615,NORMAL,NORMAL,455.64451153536436,85.0,70.0,0.16787878787878788,165.1711354315696,73.13777876909901,65.82400089218912,1.0,3,60.82400089218912,M3,nan,M3,M1,0,5.0,60.82400089218912,0.0,0.0,0.0,poor_tracking_condition,waiting_for_candidate_confirmation
threshold,persistent-low-generation,4,5105,85.08333333333333,13.083333333333334,2026-01-04T13:05:00Z,45.345991435039615,45.29643482337161,NORMAL,NORMAL,452.3203767960078,85.0,70.0,0.16787878787878788,163.96613658855284,72.60420528141118,65.34378475327007,1.0,3,60.34378475327007,M3,nan,M3,M3,1,85.68181818181819,-20.338033428548115,1.6948361190456762,5.916666666666666,0.0,poor_tracking_condition,candidate_confirmed_and_dwell_satisfied
threshold,persistent-low-generation,4,5110,85.16666666666667,13.166666666666666,2026-01-04T13:10:00Z,45.29643482337161,45.24561870584074,NORMAL,NORMAL,448.7423020150338,85.0,70.0,0.16787878787878788,162.66908448044975,72.02987060794315,64.82688354714884,1.0,3,-20.85493463466935,M3,nan,M3,M3,1,85.68181818181819,-20.85493463466935,1.7379112195557789,5.916666666666666,0.0,poor_tracking_condition,requested_mode_matches_applied_mode
threshold,persistent-low-generation,4,5115,85.25,13.25,2026-01-04T13:15:00Z,45.24561870584074,45.193454661854844,NORMAL,NORMAL,444.9130370647577,85.0,70.0,0.16787878787878788,161.28097593597468,71.41521614444959,64.27369453000463,1.0,3,-21.408123651813554,M3,nan,M3,M3,1,85.68181818181819,-21.408123651813554,1.7840103043177962,5.916666666666666,0.0,poor_tracking_condition,requested_mode_matches_applied_mode
threshold,persistent-low-generation,4,5120,85.33333333333333,13.333333333333334,2026-01-04T13:20:00Z,45.193454661854844,45.13985530830295,NORMAL,NORMAL,440.83552927987967,85.0,70.0,0.16787878787878788,159.8028793639564,70.76071498235989,63.684643484123896,1.0,3,-21.99717469769429,M3,nan,M3,M3,1,85.68181818181819,-21.99717469769429,1.8330978914745242,5.916666666666666,0.0,poor_tracking_condition,requested_mode_matches_applied_mode
threshold,persistent-low-generation,4,5125,85.41666666666667,13.416666666666666,2026-01-04T13:25:00Z,45.13985530830295,45.08473436861992,NORMAL,NORMAL,436.51292219764787,85.0,70.0,0.16787878787878788,158.23593429664737,70.06687170655545,63.0601845358999,1.0,3,-22.621633645918287,M3,nan,M3,M3,1,85.68181818181819,-22.621633645918287,1.8851361371598572,5.916666666666666,0.0,poor_tracking_condition,requested_mode_matches_applied_mode
threshold,persistent-low-generation,4,5130,85.5,13.5,2026-01-04T13:30:00Z,45.08473436861992,45.028006741386626,NORMAL,NORMAL,431.9485542387826,85.0,70.0,0.16787878787878788,156.5813509115587,69.33422218363819,62.40079996527437,1.0,3,-23.281018216543814,M3,nan,M3,M3,1,85.68181818181819,-23.281018216543814,1.940084851378651,5.916666666666666,0.0,poor_tracking_condition,requested_mode_matches_applied_mode
threshold,persistent-low-generation,4,5135,85.58333333333333,13.583333333333334,2026-01-04T13:35:00Z,45.028006741386626,44.969588568447335,NORMAL,NORMAL,427.1459573354958,85.0,70.0,0.16787878787878788,154.84040953411724,68.56333334170712,61.70700000753641,1.0,3,-23.97481817428178,M3,nan,M3,M3,1,85.68181818181819,-23.97481817428178,1.9979015145234815,5.916666666666666,0.0,poor_tracking_condition,requested_mode_matches_applied_mode
threshold,persistent-low-generation,4,5140,85.66666666666667,13.666666666666666,2026-01-04T13:40:00Z,44.969588568447335,45.08621215729838,NORMAL,NORMAL,422.10885551365175,85.0,70.0,0.16787878787878788,153.01446012369877,67.75480294277381,60.97932264849643,1.0,3,-24.70249553332176,M2,nan,M1,M1,0,5.0,55.97932264849643,0.0,0.0,0.0,poor_tracking_condition,safety_reduction_applied_immediately
threshold,persistent-low-generation,4,5145,85.75,13.75,2026-01-04T13:45:00Z,45.08621215729838,45.20125035191122,NORMAL,NORMAL,416.8411634369035,85.0,70.0,0.16787878787878788,151.10492174587753,66.90925934907456,60.218333414167105,1.0,3,55.218333414167105,M3,nan,M3,M1,0,5.0,55.218333414167105,0.0,0.0,0.0,poor_tracking_condition,new_candidate_started
threshold,persistent-low-generation,4,5150,85.83333333333333,13.833333333333334,2026-01-04T13:50:00Z,45.20125035191122,45.31463498765333,NORMAL,NORMAL,411.3469849215117,85.0,70.0,0.16787878787878788,149.113282034048,66.02736128467645,59.424625156208805,1.0,3,54.424625156208805,M3,nan,M3,M1,0,5.0,54.424625156208805,0.0,0.0,0.0,poor_tracking_condition,waiting_for_candidate_confirmation
threshold,persistent-low-generation,4,5155,85.91666666666667,13.916666666666666,2026-01-04T13:55:00Z,45.31463498765333,45.24864327140752,NORMAL,NORMAL,405.6306114315386,85.0,70.0,0.16787878787878788,147.04109664393278,65.10979759393342,58.59881783454008,1.0,3,53.59881783454008,M3,nan,M3,M3,1,85.68181818181819,-27.08300034727811,2.2569166956065088,5.916666666666666,0.0,poor_tracking_condition,candidate_confirmed_and_dwell_satisfied
threshold,persistent-low-generation,4,5160,86.0,14.0,2026-01-04T14:00:00Z,45.24864327140752,45.1805627161367,NORMAL,NORMAL,399.69652056520863,85.0,70.0,0.16787878787878788,144.88998870488814,64.15728699852447,57.741558298672025,1.0,3,-27.94025988314616,M3,nan,M3,M3,1,85.68181818181819,-27.94025988314616,2.32835499026218,5.916666666666666,0.0,poor_tracking_condition,requested_mode_matches_applied_mode
threshold,persistent-low-generation,4,5165,86.08333333333333,14.083333333333334,2026-01-04T14:05:00Z,45.1805627161367,45.11031832502483,NORMAL,NORMAL,393.5493745444712,85.0,70.0,0.16787878787878788,142.66164827237083,63.1705778550058,56.85352006950522,1.0,3,-28.828298112312964,M3,nan,M3,M3,1,85.68181818181819,-28.828298112312964,2.4023581760260804,5.916666666666666,0.0,poor_tracking_condition,requested_mode_matches_applied_mode
threshold,persistent-low-generation,4,5170,86.16666666666667,14.166666666666666,2026-01-04T14:10:00Z,45.11031832502483,45.037836806851615,NORMAL,NORMAL,387.1940187212154,85.0,70.0,0.16787878787878788,140.3578317864406,62.150447915035905,55.93540312353232,1.0,3,-29.74641505828587,M3,nan,M3,M3,1,85.68181818181819,-29.74641505828587,2.4788679215238223,5.916666666666666,0.0,poor_tracking_condition,requested_mode_matches_applied_mode
threshold,persistent-low-generation,4,5175,86.25,14.25,2026-01-04T14:15:00Z,45.037836806851615,44.96304663994079,NORMAL,NORMAL,380.63548011518446,85.0,70.0,0.16787878787878788,137.98036154175438,61.097704090688836,54.98793368161996,1.0,3,-30.69388450019823,M3,nan,M3,M3,1,85.68181818181819,-30.69388450019823,2.5578237083498525,5.916666666666666,0.0,poor_tracking_condition,requested_mode_matches_applied_mode
threshold,persistent-low-generation,4,5180,86.33333333333333,14.333333333333334,2026-01-04T14:20:00Z,44.96304663994079,45.06515468995082,NORMAL,NORMAL,373.8789660004804,85.0,70.0,0.16787878787878788,135.53112517517414,60.01318222756711,54.0118640048104,1.0,3,-31.66995417700779,M2,nan,M1,M1,0,5.0,49.0118640048104,0.0,0.0,0.0,poor_tracking_condition,safety_reduction_applied_immediately
threshold,persistent-low-generation,4,5185,86.41666666666667,14.416666666666666,2026-01-04T14:25:00Z,45.06515468995082,45.165171298700585,NORMAL,NORMAL,366.92986255965087,85.0,70.0,0.16787878787878788,133.01207517787347,58.89774688876237,53.00797219988613,1.0,3,48.00797219988613,M3,nan,M3,M1,0,5.0,48.00797219988613,0.0,0.0,0.0,poor_tracking_condition,new_candidate_started
threshold,persistent-low-generation,4,5190,86.5,14.5,2026-01-04T14:30:00Z,45.165171298700585,45.26304017794599,NORMAL,NORMAL,359.7937336267778,85.0,70.0,0.16787878787878788,130.42522843970696,57.75229115310224,51.97706203779202,1.0,3,46.97706203779202,M3,nan,M3,M1,0,5.0,46.97706203779202,0.0,0.0,0.0,poor_tracking_condition,waiting_for_candidate_confirmation
threshold,persistent-low-generation,4,5195,86.58333333333333,14.583333333333334,2026-01-04T14:35:00Z,45.26304017794599,45.17833780125641,NORMAL,NORMAL,352.47631954379665,85.0,70.0,0.16787878787878788,127.7726658346263,56.57773643157252,50.91996278841527,1.0,3,45.91996278841527,M3,nan,M3,M3,1,85.68181818181819,-34.76185539340292,2.896821282783576,5.916666666666666,0.0,poor_tracking_condition,candidate_confirmed_and_dwell_satisfied
threshold,persistent-low-generation,4,5200,86.66666666666667,14.666666666666666,2026-01-04T14:40:00Z,45.17833780125641,45.09099791552024,NORMAL,NORMAL,344.9835361575411,85.0,70.0,0.16787878787878788,125.05653185710867,55.37503230632772,49.837529075694945,1.0,3,-35.84428910612324,M3,nan,M3,M3,1,85.68181818181819,-35.84428910612324,2.9870240921769367,5.916666666666666,0.0,poor_tracking_condition,requested_mode_matches_applied_mode
threshold,persistent-low-generation,4,5205,86.75,14.75,2026-01-04T14:45:00Z,45.09099791552024,45.00096093349239,NORMAL,NORMAL,337.3214739888144,85.0,70.0,0.16787878787878788,122.27903432094523,54.145156397314544,48.73064075758309,1.0,3,-36.9511774242351,M3,nan,M3,M3,1,85.68181818181819,-36.9511774242351,3.0792647853529247,5.916666666666666,0.0,poor_tracking_condition,requested_mode_matches_applied_mode
threshold,persistent-low-generation,4,5210,86.83333333333333,14.833333333333334,2026-01-04T14:50:00Z,45.00096093349239,44.908169473098155,NORMAL,NORMAL,329.4963976092564,85.0,70.0,0.16787878787878788,119.44244413335547,52.8891142622498,47.60020283602482,1.0,3,-38.08161534579337,M3,nan,M3,M3,1,85.68181818181819,-38.08161534579337,3.1734679454827806,5.916666666666666,0.0,poor_tracking_condition,requested_mode_matches_applied_mode
threshold,persistent-low-generation,4,5215,86.91666666666667,14.916666666666666,2026-01-04T14:55:00Z,44.908169473098155,44.99451769268749,NORMAL,NORMAL,321.51474526702947,85.0,70.0,0.16787878787878788,116.54909515929819,51.60793933653724,46.44714540288352,1.0,3,-39.234672778934666,M2,nan,M1,M1,0,5.0,41.44714540288352,0.0,0.0,0.0,poor_tracking_condition,safety_reduction_applied_immediately
threshold,persistent-low-generation,4,5220,87.0,15.0,2026-01-04T15:00:00Z,44.99451769268749,45.07841857524715,NORMAL,NORMAL,313.38312880856245,85.0,70.0,0.16787878787878788,113.6013841931039,50.302692920706406,45.272423628635764,1.0,3,40.272423628635764,M2,nan,M1,M1,0,5.0,40.272423628635764,0.0,0.0,0.0,poor_tracking_condition,requested_mode_matches_applied_mode
threshold,persistent-low-generation,4,5225,87.08333333333333,15.083333333333334,2026-01-04T15:05:00Z,45.07841857524715,45.15982902900075,NORMAL,NORMAL,305.1083339509776,85.0,70.0,0.16787878787878788,110.6017710572294,48.97446422414117,44.07701780172706,1.0,3,39.07701780172706,M3,nan,M3,M1,0,5.0,39.07701780172706,0.0,0.0,0.0,poor_tracking_condition,new_candidate_started
threshold,persistent-low-generation,4,5230,87.16666666666667,15.166666666666666,2026-01-04T15:10:00Z,45.15982902900075,45.238708056975234,NORMAL,NORMAL,296.69732096864095,85.0,70.0,0.16787878787878788,107.55277885113236,47.62437047528141,42.86193342775327,1.0,3,37.86193342775327,M3,nan,M3,M1,0,5.0,37.86193342775327,0.0,0.0,0.0,poor_tracking_condition,waiting_for_candidate_confirmation
threshold,persistent-low-generation,4,5235,87.25,15.25,2026-01-04T15:15:00Z,45.238708056975234,45.1313649361598,NORMAL,NORMAL,288.15722586785273,85.0,70.0,0.16787878787878788,104.45699437709663,46.25355711017839,41.62820139916055,1.0,3,36.62820139916055,M3,nan,M3,M3,1,85.68181818181819,-44.053616782657635,3.671134731888136,5.916666666666666,0.0,poor_tracking_condition,candidate_confirmed_and_dwell_satisfied
threshold,persistent-low-generation,4,5240,87.33333333333333,15.333333333333334,2026-01-04T15:20:00Z,45.1313649361598,45.020972782324954,NORMAL,NORMAL,279.4953621364577,85.0,70.0,0.16787878787878788,101.31706877446592,44.863198053333505,40.37687824800015,1.0,3,-45.304939933818034,M3,nan,M3,M3,1,85.68181818181819,-45.304939933818034,3.7754116611515025,5.916666666666666,0.0,poor_tracking_condition,requested_mode_matches_applied_mode
threshold,persistent-low-generation,4,5245,87.41666666666667,15.416666666666666,2026-01-04T15:25:00Z,45.020972782324954,44.907491369836386,NORMAL,NORMAL,270.7192231706225,85.0,70.0,0.16787878787878788,98.13571839935068,43.45449610723247,39.10904649650923,1.0,3,-46.57277168530896,M3,nan,M3,M3,1,85.68181818181819,-46.57277168530896,3.88106430710908,5.916666666666666,0.0,poor_tracking_condition,requested_mode_matches_applied_mode
threshold,persistent-low-generation,4,5250,87.5,15.5,2026-01-04T15:30:00Z,44.907491369836386,44.975878484676,NORMAL,NORMAL,261.8364854999092,85.0,70.0,0.16787878787878788,94.9157259937171,42.02868347001793,37.82581512301614,1.0,3,-47.856003058802045,M2,nan,M1,M1,0,5.0,32.82581512301614,0.0,0.0,0.0,poor_tracking_condition,safety_reduction_applied_immediately
threshold,persistent-low-generation,4,5255,87.58333333333333,15.583333333333334,2026-01-04T15:35:00Z,44.975878484676,45.04156248501771,NORMAL,NORMAL,252.855012954932,85.0,70.0,0.16787878787878788,91.65994219616286,40.58702240446092,36.52832016401483,1.0,3,31.52832016401483,M2,nan,M1,M1,0,5.0,31.52832016401483,0.0,0.0,0.0,poor_tracking_condition,requested_mode_matches_applied_mode
threshold,persistent-low-generation,4,5260,87.66666666666667,15.666666666666666,2026-01-04T15:40:00Z,45.04156248501771,45.10451607976226,NORMAL,NORMAL,243.7828619505026,85.0,70.0,0.16787878787878788,88.3712874570572,39.13080608598493,35.21772547738644,1.0,3,30.217725477386438,M3,nan,M3,M1,0,5.0,30.217725477386438,0.0,0.0,0.0,poor_tracking_condition,new_candidate_started
threshold,persistent-low-generation,4,5265,87.75,15.75,2026-01-04T15:45:00Z,45.10451607976226,45.164714462464104,NORMAL,NORMAL,234.6282880927447,85.0,70.0,0.16787878787878788,85.05275443361997,37.66135966320692,33.895223696886234,1.0,3,28.895223696886234,M3,nan,M3,M1,0,5.0,28.895223696886234,0.0,0.0,0.0,poor_tracking_condition,waiting_for_candidate_confirmation
threshold,persistent-low-generation,4,5270,87.83333333333333,15.833333333333334,2026-01-04T15:50:00Z,45.164714462464104,45.035280298800934,NORMAL,NORMAL,225.39975436323775,85.0,70.0,0.16787878787878788,81.7074109566737,36.18004157161511,32.5620374144536,1.0,3,27.5620374144536,M3,nan,M3,M3,1,85.68181818181819,-53.11978076736459,4.426648397280382,5.916666666666666,0.0,poor_tracking_condition,candidate_confirmed_and_dwell_satisfied
threshold,persistent-low-generation,4,5275,87.91666666666667,15.916666666666666,2026-01-04T15:55:00Z,45.035280298800934,44.90257465175711,NORMAL,NORMAL,216.1059411895109,85.0,70.0,0.16787878787878788,78.33840368119772,34.688245150034355,31.21942063503092,1.0,3,-54.462397546787265,M3,nan,M3,M3,1,85.68181818181819,-54.462397546787265,4.538533128898939,5.916666666666666,0.0,poor_tracking_condition,requested_mode_matches_applied_mode
threshold,persistent-low-generation,4,5280,88.0,16.0,2026-01-04T16:00:00Z,44.90257465175711,44.95438436125486,NORMAL,NORMAL,206.75575878282945,85.0,70.0,0.16787878787878788,74.94896255877568,33.187400621025866,29.86866055892328,1.0,3,-55.813157622894906,M2,nan,M1,M1,0,5.0,24.86866055892328,0.0,0.0,0.0,poor_tracking_condition,safety_reduction_applied_immediately
threshold,persistent-low-generation,4,5285,88.08333333333333,16.083333333333332,2026-01-04T16:05:00Z,44.95438436125486,45.00336577742157,NORMAL,NORMAL,197.35836221618453,85.0,70.0,0.16787878787878788,71.5424063033669,31.678977511130867,28.511079760017783,1.0,3,23.511079760017783,M2,nan,M1,M1,0,5.0,23.511079760017783,0.0,0.0,0.0,poor_tracking_condition,requested_mode_matches_applied_mode
threshold,persistent-low-generation,4,5290,88.16666666666667,16.166666666666668,2026-01-04T16:10:00Z,45.00336577742157,45.04950752501616,NORMAL,NORMAL,187.9231698346319,85.0,70.0,0.16787878787878788,68.12214906505407,30.164487606005945,27.148038845405353,1.0,3,22.148038845405353,M3,nan,M3,M1,0,5.0,22.148038845405353,0.0,0.0,0.0,poor_tracking_condition,new_candidate_started
threshold,persistent-low-generation,4,5295,88.25,16.25,2026-01-04T16:15:00Z,45.04950752501616,45.092801149400564,NORMAL,NORMAL,178.45988574631707,85.0,70.0,0.16787878787878788,64.69170858303994,28.645488560570083,25.780939704513074,1.0,3,20.780939704513074,M3,nan,M3,M1,0,5.0,20.780939704513074,0.0,0.0,0.0,poor_tracking_condition,waiting_for_candidate_confirmation
threshold,persistent-low-generation,4,5300,88.33333333333333,16.333333333333332,2026-01-04T16:20:00Z,45.092801149400564,44.94350634263624,NORMAL,NORMAL,168.97852734939664,85.0,70.0,0.16787878787878788,61.25471616415629,27.123588317488405,24.411229485739565,1.0,3,19.411229485739565,M3,nan,M3,M3,1,85.68181818181819,-61.27058869607862,5.105882391339884,5.916666666666666,0.0,poor_tracking_condition,candidate_confirmed_and_dwell_satisfied
threshold,persistent-low-generation,4,5305,88.41666666666667,16.416666666666668,2026-01-04T16:25:00Z,44.94350634263624,44.981090520716776,NORMAL,NORMAL,159.48945912743983,85.0,70.0,0.16787878787878788,57.81492893369695,25.60045053184101,23.040405478656908,1.0,3,-62.64141270316128,M2,nan,M1,M1,0,5.0,18.040405478656908,0.0,0.0,0.0,poor_tracking_condition,safety_reduction_applied_immediately
threshold,persistent-low-generation,4,5310,88.5,16.5,2026-01-04T16:30:00Z,44.981090520716776,45.01581973141319,NORMAL,NORMAL,150.00343432272103,85.0,70.0,0.16787878787878788,54.37624494198638,24.077801260311567,21.67002113428041,1.0,3,16.67002113428041,M2,nan,M1,M1,0,5.0,16.67002113428041,0.0,0.0,0.0,poor_tracking_condition,requested_mode_matches_applied_mode
threshold,persistent-low-generation,4,5315,88.58333333333333,16.583333333333332,2026-01-04T16:35:00Z,45.01581973141319,45.04769825960266,NORMAL,NORMAL,140.53164661624447,85.0,70.0,0.16787878787878788,50.942721898388626,22.55743725660648,20.301693530945833,1.0,3,15.301693530945833,M3,nan,M3,M1,0,5.0,15.301693530945833,0.0,0.0,0.0,poor_tracking_condition,new_candidate_started
threshold,persistent-low-generation,4,5320,88.66666666666667,16.666666666666668,2026-01-04T16:40:00Z,45.04769825960266,45.07673391105774,NORMAL,NORMAL,131.08579467086645,85.0,70.0,0.16787878787878788,47.51860056818909,21.04123633159413,18.937112698434717,1.0,3,13.937112698434717,M3,nan,M3,M1,0,5.0,13.937112698434717,0.0,0.0,0.0,poor_tracking_condition,waiting_for_candidate_confirmation
threshold,persistent-low-generation,4,5325,88.75,16.75,2026-01-04T16:45:00Z,45.07673391105774,44.91078906500754,NORMAL,NORMAL,121.67816343103354,85.0,70.0,0.16787878787878788,44.10833424374967,19.53117040313235,17.578053362819116,1.0,3,12.578053362819116,M3,nan,M3,M3,1,85.68181818181819,-68.10376481899907,5.675313734916589,5.916666666666666,0.0,poor_tracking_condition,candidate_confirmed_and_dwell_satisfied
threshold,persistent-low-generation,4,5330,88.83333333333333,16.833333333333332,2026-01-04T16:50:00Z,44.91078906500754,44.93417737728325,NORMAL,NORMAL,112.32172758060456,85.0,70.0,0.16787878787878788,40.71662624796916,18.029322102600744,16.22638989234067,1.0,3,-69.45542828947751,M2,nan,M1,M1,0,5.0,11.22638989234067,0.0,0.0,0.0,poor_tracking_condition,safety_reduction_applied_immediately
threshold,persistent-low-generation,4,5335,88.91666666666667,16.916666666666668,2026-01-04T16:55:00Z,44.93417737728325,44.95476928467581,NORMAL,NORMAL,103.03028480154454,85.0,70.0,0.16787878787878788,37.3484782405599,16.537906164919924,14.884115548427932,1.0,3,9.884115548427932,M2,nan,M1,M1,0,5.0,9.884115548427932,0.0,0.0,0.0,poor_tracking_condition,requested_mode_matches_applied_mode
threshold,persistent-low-generation,4,5340,89.0,17.0,2026-01-04T17:00:00Z,44.95476928467581,44.972588800591105,NORMAL,NORMAL,93.81862989157457,85.0,70.0,0.16787878787878788,34.00925333569579,15.059297377046093,13.553367639341484,1.0,3,8.553367639341484,M2,nan,M1,M1,0,5.0,8.553367639341484,0.0,0.0,0.0,poor_tracking_condition,requested_mode_matches_applied_mode
threshold,persistent-low-generation,4,5345,89.08333333333333,17.083333333333332,2026-01-04T17:05:00Z,44.972588800591105,44.987664760898056,NORMAL,NORMAL,84.70278615246784,85.0,70.0,0.16787878787878788,30.704759980269596,13.596067719263376,12.236460947337038,1.0,3,7.236460947337038,M2,nan,M1,M1,0,5.0,7.236460947337038,0.0,0.0,0.0,poor_tracking_condition,requested_mode_matches_applied_mode
threshold,persistent-low-generation,4,5350,89.16666666666667,17.166666666666668,2026-01-04T17:10:00Z,44.987664760898056,45.00003128809107,NORMAL,NORMAL,75.70031913007257,85.0,70.0,0.16787878787878788,27.44136568465131,12.1510367251636,10.93593305264724,1.0,3,5.93593305264724,M2,nan,M1,M1,0,5.0,5.93593305264724,0.0,0.0,0.0,poor_tracking_condition,requested_mode_matches_applied_mode
threshold,persistent-low-generation,4,5355,89.25,17.25,2026-01-04T17:15:00Z,45.00003128809107,45.00972838659889,NORMAL,NORMAL,66.83077236639191,85.0,70.0,0.16787878787878788,24.22615498281707,10.7273414263914,9.65460728375226,1.0,3,4.654607283752259,M3,nan,M3,M1,0,5.0,4.654607283752259,0.0,0.0,0.0,poor_tracking_condition,new_candidate_started
threshold,persistent-low-generation,4,5360,89.33333333333333,17.333333333333332,2026-01-04T17:20:00Z,45.00972838659889,45.016802725612166,NORMAL,NORMAL,58.11629045657233,85.0,70.0,0.16787878787878788,21.067155290507472,9.32853636263671,8.395682726373039,1.0,3,3.395682726373039,M3,nan,M3,M1,0,5.0,3.395682726373039,0.0,0.0,0.0,poor_tracking_condition,waiting_for_candidate_confirmation
threshold,persistent-low-generation,4,5365,89.41666666666667,17.416666666666668,2026-01-04T17:25:00Z,45.016802725612166,44.82547974658618,NORMAL,NORMAL,49.58254223077303,85.0,70.0,0.16787878787878788,17.973671558655226,7.958741766172534,7.1628675895552805,1.0,3,2.1628675895552805,M3,nan,M3,M3,1,85.68181818181819,-78.51895059226291,6.543245882688575,5.916666666666666,0.0,poor_tracking_condition,candidate_confirmed_and_dwell_satisfied
threshold,persistent-low-generation,4,5370,89.5,17.5,2026-01-04T17:30:00Z,44.82547974658618,44.827480967026126,NORMAL,NORMAL,41.260150911287276,85.0,70.0,0.16787878787878788,14.95680470534164,6.622873123525278,5.96058581117275,1.0,3,-79.72123237064544,M2,nan,M1,M1,0,5.0,0.9605858111727503,0.0,0.0,0.0,poor_tracking_condition,safety_reduction_applied_immediately
threshold,persistent-low-generation,4,5375,89.58333333333333,17.583333333333332,2026-01-04T17:35:00Z,44.827480967026126,44.82697978752758,NORMAL,NORMAL,33.18703986676286,85.0,70.0,0.16787878787878788,12.030301951701539,5.327017704213441,4.794315933792097,1.0,3,-0.20568406620790292,M2,nan,M1,M1,0,5.0,-0.20568406620790292,0.017140338850658576,0.0,0.0,poor_tracking_condition,requested_mode_matches_applied_mode
threshold,persistent-low-generation,4,5380,89.66666666666667,17.666666666666668,2026-01-04T17:40:00Z,44.82697978752758,44.82374194826034,NORMAL,NORMAL,25.412583557295164,85.0,70.0,0.16787878787878788,9.212061539519498,4.079100849699234,3.6711907647293107,1.0,3,-1.3288092352706893,M2,nan,M1,M1,0,5.0,-1.3288092352706893,0.1107341029392241,0.0,0.0,poor_tracking_condition,requested_mode_matches_applied_mode
threshold,persistent-low-generation,4,5385,89.75,17.75,2026-01-04T17:45:00Z,44.82374194826034,44.81789686400264,NORMAL,NORMAL,18.005775996288865,85.0,70.0,0.16787878787878788,6.527093798654715,2.890197134044308,2.601177420639877,1.0,3,-2.398822579360123,M2,nan,M1,M1,0,5.0,-2.398822579360123,0.19990188161334357,0.0,0.0,poor_tracking_condition,requested_mode_matches_applied_mode
threshold,persistent-low-generation,4,5390,89.83333333333333,17.833333333333332,2026-01-04T17:50:00Z,44.81789686400264,44.809611789959504,NORMAL,NORMAL,11.074116387152324,85.0,70.0,0.16787878787878788,4.0143671903427185,1.7775617918837558,1.5998056126953804,1.0,3,-3.4001943873046194,M2,nan,M1,M1,0,5.0,-3.4001943873046194,0.28334953227538495,0.0,0.0,poor_tracking_condition,requested_mode_matches_applied_mode
threshold,persistent-low-generation,4,5395,89.91666666666667,17.916666666666668,2026-01-04T17:55:00Z,44.809611789959504,44.79912581224828,NORMAL,NORMAL,4.821666007779817,85.0,70.0,0.16787878787878788,1.747853927820184,0.7739497192387774,0.6965547473148997,1.0,3,-4.3034452526851,M2,nan,M1,M1,0,5.0,-4.3034452526851,0.35862043772375835,0.0,0.0,poor_tracking_condition,requested_mode_matches_applied_mode
threshold,persistent-low-generation,4,5400,90.0,18.0,2026-01-04T18:00:00Z,44.79912581224828,44.78694257638083,NORMAL,NORMAL,3.822140361187655e-17,85.0,70.0,0.16787878787878788,1.3855258809305252e-17,6.1351086007603655e-18,5.521597740684329e-18,1.0,3,-5.0,M2,nan,M1,M1,0,5.0,-5.0,0.41666666666666663,0.0,0.0,poor_tracking_condition,requested_mode_matches_applied_mode
threshold,persistent-low-generation,4,5405,90.08333333333333,18.083333333333332,2026-01-04T18:05:00Z,44.78694257638083,44.774759340513384,NORMAL,NORMAL,0.0,85.0,70.0,0.16787878787878788,0.0,0.0,0.0,1.0,3,-5.0,M2,nan,M1,M1,0,5.0,-5.0,0.41666666666666663,0.0,0.0,poor_tracking_condition,requested_mode_matches_applied_mode
threshold,persistent-low-generation,4,5410,90.16666666666667,18.166666666666668,2026-01-04T18:10:00Z,44.774759340513384,44.76257610464594,NORMAL,NORMAL,0.0,85.0,70.0,0.16787878787878788,0.0,0.0,0.0,1.0,3,-5.0,M2,nan,M1,M1,0,5.0,-5.0,0.41666666666666663,0.0,0.0,poor_tracking_condition,requested_mode_matches_applied_mode
threshold,persistent-low-generation,4,5415,90.25,18.25,2026-01-04T18:15:00Z,44.76257610464594,44.75039286877849,NORMAL,NORMAL,0.0,85.0,70.0,0.16787878787878788,0.0,0.0,0.0,1.0,3,-5.0,M2,nan,M1,M1,0,5.0,-5.0,0.41666666666666663,0.0,0.0,poor_tracking_condition,requested_mode_matches_applied_mode
threshold,persistent-low-generation,4,5420,90.33333333333333,18.333333333333332,2026-01-04T18:20:00Z,44.75039286877849,44.73820963291105,NORMAL,NORMAL,0.0,85.0,70.0,0.16787878787878788,0.0,0.0,0.0,1.0,3,-5.0,M2,nan,M1,M1,0,5.0,-5.0,0.41666666666666663,0.0,0.0,poor_tracking_condition,requested_mode_matches_applied_mode
threshold,persistent-low-generation,4,5425,90.41666666666667,18.416666666666668,2026-01-04T18:25:00Z,44.73820963291105,44.726026397043604,NORMAL,NORMAL,0.0,85.0,70.0,0.16787878787878788,0.0,0.0,0.0,1.0,3,-5.0,M2,nan,M1,M1,0,5.0,-5.0,0.41666666666666663,0.0,0.0,poor_tracking_condition,requested_mode_matches_applied_mode
threshold,persistent-low-generation,4,5430,90.5,18.5,2026-01-04T18:30:00Z,44.726026397043604,44.71384316117616,NORMAL,NORMAL,0.0,85.0,70.0,0.16787878787878788,0.0,0.0,0.0,1.0,3,-5.0,M2,nan,M1,M1,0,5.0,-5.0,0.41666666666666663,0.0,0.0,poor_tracking_condition,requested_mode_matches_applied_mode
threshold,persistent-low-generation,4,5435,90.58333333333333,18.583333333333332,2026-01-04T18:35:00Z,44.71384316117616,44.70165992530871,NORMAL,NORMAL,0.0,85.0,70.0,0.16787878787878788,0.0,0.0,0.0,1.0,3,-5.0,M2,nan,M1,M1,0,5.0,-5.0,0.41666666666666663,0.0,0.0,poor_tracking_condition,requested_mode_matches_applied_mode
threshold,persistent-low-generation,4,5440,90.66666666666667,18.666666666666668,2026-01-04T18:40:00Z,44.70165992530871,44.689476689441264,NORMAL,NORMAL,0.0,85.0,70.0,0.16787878787878788,0.0,0.0,0.0,1.0,3,-5.0,M2,nan,M1,M1,0,5.0,-5.0,0.41666666666666663,0.0,0.0,poor_tracking_condition,requested_mode_matches_applied_mode
threshold,persistent-low-generation,4,5445,90.75,18.75,2026-01-04T18:45:00Z,44.689476689441264,44.67729345357382,NORMAL,NORMAL,0.0,85.0,70.0,0.16787878787878788,0.0,0.0,0.0,1.0,3,-5.0,M2,nan,M1,M1,0,5.0,-5.0,0.41666666666666663,0.0,0.0,poor_tracking_condition,requested_mode_matches_applied_mode
threshold,persistent-low-generation,4,5450,90.83333333333333,18.833333333333332,2026-01-04T18:50:00Z,44.67729345357382,44.66511021770637,NORMAL,NORMAL,0.0,85.0,70.0,0.16787878787878788,0.0,0.0,0.0,1.0,3,-5.0,M2,nan,M1,M1,0,5.0,-5.0,0.41666666666666663,0.0,0.0,poor_tracking_condition,requested_mode_matches_applied_mode
threshold,persistent-low-generation,4,5455,90.91666666666667,18.916666666666668,2026-01-04T18:55:00Z,44.66511021770637,44.652926981838924,NORMAL,NORMAL,0.0,85.0,70.0,0.16787878787878788,0.0,0.0,0.0,1.0,3,-5.0,M2,nan,M1,M1,0,5.0,-5.0,0.41666666666666663,0.0,0.0,poor_tracking_condition,requested_mode_matches_applied_mode
threshold,persistent-low-generation,4,5460,91.0,19.0,2026-01-04T19:00:00Z,44.652926981838924,44.640743745971484,NORMAL,NORMAL,0.0,85.0,70.0,0.16787878787878788,0.0,0.0,0.0,1.0,3,-5.0,M2,nan,M1,M1,0,5.0,-5.0,0.41666666666666663,0.0,0.0,poor_tracking_condition,requested_mode_matches_applied_mode
threshold,persistent-low-generation,4,5465,91.08333333333333,19.083333333333332,2026-01-04T19:05:00Z,44.640743745971484,44.62856051010404,NORMAL,NORMAL,0.0,85.0,70.0,0.16787878787878788,0.0,0.0,0.0,1.0,3,-5.0,M2,nan,M1,M1,0,5.0,-5.0,0.41666666666666663,0.0,0.0,poor_tracking_condition,requested_mode_matches_applied_mode
threshold,persistent-low-generation,4,5470,91.16666666666667,19.166666666666668,2026-01-04T19:10:00Z,44.62856051010404,44.61637727423659,NORMAL,NORMAL,0.0,85.0,70.0,0.16787878787878788,0.0,0.0,0.0,1.0,3,-5.0,M2,nan,M1,M1,0,5.0,-5.0,0.41666666666666663,0.0,0.0,poor_tracking_condition,requested_mode_matches_applied_mode
threshold,persistent-low-generation,4,5475,91.25,19.25,2026-01-04T19:15:00Z,44.61637727423659,44.604194038369144,NORMAL,NORMAL,0.0,85.0,70.0,0.16787878787878788,0.0,0.0,0.0,1.0,3,-5.0,M2,nan,M1,M1,0,5.0,-5.0,0.41666666666666663,0.0,0.0,poor_tracking_condition,requested_mode_matches_applied_mode
threshold,persistent-low-generation,4,5480,91.33333333333333,19.333333333333332,2026-01-04T19:20:00Z,44.604194038369144,44.5920108025017,NORMAL,NORMAL,0.0,85.0,70.0,0.16787878787878788,0.0,0.0,0.0,1.0,3,-5.0,M2,nan,M1,M1,0,5.0,-5.0,0.41666666666666663,0.0,0.0,poor_tracking_condition,requested_mode_matches_applied_mode
threshold,persistent-low-generation,4,5485,91.41666666666667,19.416666666666668,2026-01-04T19:25:00Z,44.5920108025017,44.57982756663425,NORMAL,NORMAL,0.0,85.0,70.0,0.16787878787878788,0.0,0.0,0.0,1.0,3,-5.0,M2,nan,M1,M1,0,5.0,-5.0,0.41666666666666663,0.0,0.0,poor_tracking_condition,requested_mode_matches_applied_mode
threshold,persistent-low-generation,4,5490,91.5,19.5,2026-01-04T19:30:00Z,44.57982756663425,44.567644330766804,NORMAL,NORMAL,0.0,85.0,70.0,0.16787878787878788,0.0,0.0,0.0,1.0,3,-5.0,M2,nan,M1,M1,0,5.0,-5.0,0.41666666666666663,0.0,0.0,poor_tracking_condition,requested_mode_matches_applied_mode
threshold,persistent-low-generation,4,5495,91.58333333333333,19.583333333333332,2026-01-04T19:35:00Z,44.567644330766804,44.55546109489936,NORMAL,NORMAL,0.0,85.0,70.0,0.16787878787878788,0.0,0.0,0.0,1.0,3,-5.0,M2,nan,M1,M1,0,5.0,-5.0,0.41666666666666663,0.0,0.0,poor_tracking_condition,requested_mode_matches_applied_mode
threshold,persistent-low-generation,4,5500,91.66666666666667,19.666666666666668,2026-01-04T19:40:00Z,44.55546109489936,44.54327785903192,NORMAL,NORMAL,0.0,85.0,70.0,0.16787878787878788,0.0,0.0,0.0,1.0,3,-5.0,M2,nan,M1,M1,0,5.0,-5.0,0.41666666666666663,0.0,0.0,poor_tracking_condition,requested_mode_matches_applied_mode
threshold,persistent-low-generation,4,5505,91.75,19.75,2026-01-04T19:45:00Z,44.54327785903192,44.53109462316447,NORMAL,NORMAL,0.0,85.0,70.0,0.16787878787878788,0.0,0.0,0.0,1.0,3,-5.0,M2,nan,M1,M1,0,5.0,-5.0,0.41666666666666663,0.0,0.0,poor_tracking_condition,requested_mode_matches_applied_mode
threshold,persistent-low-generation,4,5510,91.83333333333333,19.833333333333332,2026-01-04T19:50:00Z,44.53109462316447,44.518911387297024,NORMAL,NORMAL,0.0,85.0,70.0,0.16787878787878788,0.0,0.0,0.0,1.0,3,-5.0,M2,nan,M1,M1,0,5.0,-5.0,0.41666666666666663,0.0,0.0,poor_tracking_condition,requested_mode_matches_applied_mode
threshold,persistent-low-generation,4,5515,91.91666666666667,19.916666666666668,2026-01-04T19:55:00Z,44.518911387297024,44.50672815142958,NORMAL,NORMAL,0.0,85.0,70.0,0.16787878787878788,0.0,0.0,0.0,1.0,3,-5.0,M2,nan,M1,M1,0,5.0,-5.0,0.41666666666666663,0.0,0.0,poor_tracking_condition,requested_mode_matches_applied_mode
threshold,persistent-low-generation,4,5520,92.0,20.0,2026-01-04T20:00:00Z,44.50672815142958,44.49454491556213,NORMAL,NORMAL,0.0,85.0,70.0,0.16787878787878788,0.0,0.0,0.0,0.75,2,-5.0,M2,nan,M1,M1,0,5.0,-5.0,0.41666666666666663,0.0,0.0,poor_tracking_condition,requested_mode_matches_applied_mode
threshold,persistent-low-generation,4,5525,92.08333333333333,20.083333333333332,2026-01-04T20:05:00Z,44.49454491556213,44.482361679694684,NORMAL,NORMAL,0.0,85.0,70.0,0.16787878787878788,0.0,0.0,0.0,0.75,2,-5.0,M2,nan,M1,M1,0,5.0,-5.0,0.41666666666666663,0.0,0.0,poor_tracking_condition,requested_mode_matches_applied_mode
threshold,persistent-low-generation,4,5530,92.16666666666667,20.166666666666668,2026-01-04T20:10:00Z,44.482361679694684,44.47017844382724,NORMAL,NORMAL,0.0,85.0,70.0,0.16787878787878788,0.0,0.0,0.0,0.75,2,-5.0,M2,nan,M1,M1,0,5.0,-5.0,0.41666666666666663,0.0,0.0,poor_tracking_condition,requested_mode_matches_applied_mode
threshold,persistent-low-generation,4,5535,92.25,20.25,2026-01-04T20:15:00Z,44.47017844382724,44.45799520795979,NORMAL,NORMAL,0.0,85.0,70.0,0.16787878787878788,0.0,0.0,0.0,0.75,2,-5.0,M2,nan,M1,M1,0,5.0,-5.0,0.41666666666666663,0.0,0.0,poor_tracking_condition,requested_mode_matches_applied_mode
threshold,persistent-low-generation,4,5540,92.33333333333333,20.333333333333332,2026-01-04T20:20:00Z,44.45799520795979,44.44581197209235,NORMAL,NORMAL,0.0,85.0,70.0,0.16787878787878788,0.0,0.0,0.0,0.75,2,-5.0,M2,nan,M1,M1,0,5.0,-5.0,0.41666666666666663,0.0,0.0,poor_tracking_condition,requested_mode_matches_applied_mode
threshold,persistent-low-generation,4,5545,92.41666666666667,20.416666666666668,2026-01-04T20:25:00Z,44.44581197209235,44.433628736224904,NORMAL,NORMAL,0.0,85.0,70.0,0.16787878787878788,0.0,0.0,0.0,0.75,2,-5.0,M2,nan,M1,M1,0,5.0,-5.0,0.41666666666666663,0.0,0.0,poor_tracking_condition,requested_mode_matches_applied_mode
threshold,persistent-low-generation,4,5550,92.5,20.5,2026-01-04T20:30:00Z,44.433628736224904,44.42144550035746,NORMAL,NORMAL,0.0,85.0,70.0,0.16787878787878788,0.0,0.0,0.0,0.75,2,-5.0,M2,nan,M1,M1,0,5.0,-5.0,0.41666666666666663,0.0,0.0,poor_tracking_condition,requested_mode_matches_applied_mode
threshold,persistent-low-generation,4,5555,92.58333333333333,20.583333333333332,2026-01-04T20:35:00Z,44.42144550035746,44.40926226449001,NORMAL,NORMAL,0.0,85.0,70.0,0.16787878787878788,0.0,0.0,0.0,0.75,2,-5.0,M2,nan,M1,M1,0,5.0,-5.0,0.41666666666666663,0.0,0.0,poor_tracking_condition,requested_mode_matches_applied_mode
threshold,persistent-low-generation,4,5560,92.66666666666667,20.666666666666668,2026-01-04T20:40:00Z,44.40926226449001,44.397079028622564,NORMAL,NORMAL,0.0,85.0,70.0,0.16787878787878788,0.0,0.0,0.0,0.75,2,-5.0,M2,nan,M1,M1,0,5.0,-5.0,0.41666666666666663,0.0,0.0,poor_tracking_condition,requested_mode_matches_applied_mode
threshold,persistent-low-generation,4,5565,92.75,20.75,2026-01-04T20:45:00Z,44.397079028622564,44.38489579275512,NORMAL,NORMAL,0.0,85.0,70.0,0.16787878787878788,0.0,0.0,0.0,0.75,2,-5.0,M2,nan,M1,M1,0,5.0,-5.0,0.41666666666666663,0.0,0.0,poor_tracking_condition,requested_mode_matches_applied_mode
threshold,persistent-low-generation,4,5570,92.83333333333333,20.833333333333332,2026-01-04T20:50:00Z,44.38489579275512,44.37271255688767,NORMAL,NORMAL,0.0,85.0,70.0,0.16787878787878788,0.0,0.0,0.0,0.75,2,-5.0,M2,nan,M1,M1,0,5.0,-5.0,0.41666666666666663,0.0,0.0,poor_tracking_condition,requested_mode_matches_applied_mode
threshold,persistent-low-generation,4,5575,92.91666666666667,20.916666666666668,2026-01-04T20:55:00Z,44.37271255688767,44.36052932102022,NORMAL,NORMAL,0.0,85.0,70.0,0.16787878787878788,0.0,0.0,0.0,0.75,2,-5.0,M2,nan,M1,M1,0,5.0,-5.0,0.41666666666666663,0.0,0.0,poor_tracking_condition,requested_mode_matches_applied_mode
threshold,persistent-low-generation,4,5580,93.0,21.0,2026-01-04T21:00:00Z,44.36052932102022,44.348346085152784,NORMAL,NORMAL,0.0,85.0,70.0,0.16787878787878788,0.0,0.0,0.0,0.75,2,-5.0,M2,nan,M1,M1,0,5.0,-5.0,0.41666666666666663,0.0,0.0,poor_tracking_condition,requested_mode_matches_applied_mode
threshold,persistent-low-generation,4,5585,93.08333333333333,21.083333333333332,2026-01-04T21:05:00Z,44.348346085152784,44.33616284928534,NORMAL,NORMAL,0.0,85.0,70.0,0.16787878787878788,0.0,0.0,0.0,0.75,2,-5.0,M2,nan,M1,M1,0,5.0,-5.0,0.41666666666666663,0.0,0.0,poor_tracking_condition,requested_mode_matches_applied_mode
threshold,persistent-low-generation,4,5590,93.16666666666667,21.166666666666668,2026-01-04T21:10:00Z,44.33616284928534,44.32397961341789,NORMAL,NORMAL,0.0,85.0,70.0,0.16787878787878788,0.0,0.0,0.0,0.75,2,-5.0,M2,nan,M1,M1,0,5.0,-5.0,0.41666666666666663,0.0,0.0,poor_tracking_condition,requested_mode_matches_applied_mode
threshold,persistent-low-generation,4,5595,93.25,21.25,2026-01-04T21:15:00Z,44.32397961341789,44.31179637755044,NORMAL,NORMAL,0.0,85.0,70.0,0.16787878787878788,0.0,0.0,0.0,0.75,2,-5.0,M2,nan,M1,M1,0,5.0,-5.0,0.41666666666666663,0.0,0.0,poor_tracking_condition,requested_mode_matches_applied_mode
threshold,persistent-low-generation,4,5600,93.33333333333333,21.333333333333332,2026-01-04T21:20:00Z,44.31179637755044,44.299613141683,NORMAL,NORMAL,0.0,85.0,70.0,0.16787878787878788,0.0,0.0,0.0,0.75,2,-5.0,M2,nan,M1,M1,0,5.0,-5.0,0.41666666666666663,0.0,0.0,poor_tracking_condition,requested_mode_matches_applied_mode
threshold,persistent-low-generation,4,5605,93.41666666666667,21.416666666666668,2026-01-04T21:25:00Z,44.299613141683,44.28742990581555,NORMAL,NORMAL,0.0,85.0,70.0,0.16787878787878788,0.0,0.0,0.0,0.75,2,-5.0,M2,nan,M1,M1,0,5.0,-5.0,0.41666666666666663,0.0,0.0,poor_tracking_condition,requested_mode_matches_applied_mode
threshold,persistent-low-generation,4,5610,93.5,21.5,2026-01-04T21:30:00Z,44.28742990581555,44.2752466699481,NORMAL,NORMAL,0.0,85.0,70.0,0.16787878787878788,0.0,0.0,0.0,0.75,2,-5.0,M2,nan,M1,M1,0,5.0,-5.0,0.41666666666666663,0.0,0.0,poor_tracking_condition,requested_mode_matches_applied_mode
threshold,persistent-low-generation,4,5615,93.58333333333333,21.583333333333332,2026-01-04T21:35:00Z,44.2752466699481,44.26306343408066,NORMAL,NORMAL,0.0,85.0,70.0,0.16787878787878788,0.0,0.0,0.0,0.75,2,-5.0,M2,nan,M1,M1,0,5.0,-5.0,0.41666666666666663,0.0,0.0,poor_tracking_condition,requested_mode_matches_applied_mode
threshold,persistent-low-generation,4,5620,93.66666666666667,21.666666666666668,2026-01-04T21:40:00Z,44.26306343408066,44.25088019821322,NORMAL,NORMAL,0.0,85.0,70.0,0.16787878787878788,0.0,0.0,0.0,0.75,2,-5.0,M2,nan,M1,M1,0,5.0,-5.0,0.41666666666666663,0.0,0.0,poor_tracking_condition,requested_mode_matches_applied_mode
threshold,persistent-low-generation,4,5625,93.75,21.75,2026-01-04T21:45:00Z,44.25088019821322,44.23869696234577,NORMAL,NORMAL,0.0,85.0,70.0,0.16787878787878788,0.0,0.0,0.0,0.75,2,-5.0,M2,nan,M1,M1,0,5.0,-5.0,0.41666666666666663,0.0,0.0,poor_tracking_condition,requested_mode_matches_applied_mode
threshold,persistent-low-generation,4,5630,93.83333333333333,21.833333333333332,2026-01-04T21:50:00Z,44.23869696234577,44.22651372647832,NORMAL,NORMAL,0.0,85.0,70.0,0.16787878787878788,0.0,0.0,0.0,0.75,2,-5.0,M2,nan,M1,M1,0,5.0,-5.0,0.41666666666666663,0.0,0.0,poor_tracking_condition,requested_mode_matches_applied_mode
threshold,persistent-low-generation,4,5635,93.91666666666667,21.916666666666668,2026-01-04T21:55:00Z,44.22651372647832,44.21433049061088,NORMAL,NORMAL,0.0,85.0,70.0,0.16787878787878788,0.0,0.0,0.0,0.75,2,-5.0,M2,nan,M1,M1,0,5.0,-5.0,0.41666666666666663,0.0,0.0,poor_tracking_condition,requested_mode_matches_applied_mode
threshold,persistent-low-generation,4,5640,94.0,22.0,2026-01-04T22:00:00Z,44.21433049061088,44.20214725474343,NORMAL,NORMAL,0.0,85.0,70.0,0.16787878787878788,0.0,0.0,0.0,0.75,2,-5.0,M2,nan,M1,M1,0,5.0,-5.0,0.41666666666666663,0.0,0.0,poor_tracking_condition,requested_mode_matches_applied_mode
threshold,persistent-low-generation,4,5645,94.08333333333333,22.083333333333332,2026-01-04T22:05:00Z,44.20214725474343,44.18996401887598,NORMAL,NORMAL,0.0,85.0,70.0,0.16787878787878788,0.0,0.0,0.0,0.75,2,-5.0,M2,nan,M1,M1,0,5.0,-5.0,0.41666666666666663,0.0,0.0,poor_tracking_condition,requested_mode_matches_applied_mode
threshold,persistent-low-generation,4,5650,94.16666666666667,22.166666666666668,2026-01-04T22:10:00Z,44.18996401887598,44.17778078300854,NORMAL,NORMAL,0.0,85.0,70.0,0.16787878787878788,0.0,0.0,0.0,0.75,2,-5.0,M2,nan,M1,M1,0,5.0,-5.0,0.41666666666666663,0.0,0.0,poor_tracking_condition,requested_mode_matches_applied_mode
threshold,persistent-low-generation,4,5655,94.25,22.25,2026-01-04T22:15:00Z,44.17778078300854,44.16559754714109,NORMAL,NORMAL,0.0,85.0,70.0,0.16787878787878788,0.0,0.0,0.0,0.75,2,-5.0,M2,nan,M1,M1,0,5.0,-5.0,0.41666666666666663,0.0,0.0,poor_tracking_condition,requested_mode_matches_applied_mode
threshold,persistent-low-generation,4,5660,94.33333333333333,22.333333333333332,2026-01-04T22:20:00Z,44.16559754714109,44.15341431127365,NORMAL,NORMAL,0.0,85.0,70.0,0.16787878787878788,0.0,0.0,0.0,0.75,2,-5.0,M2,nan,M1,M1,0,5.0,-5.0,0.41666666666666663,0.0,0.0,poor_tracking_condition,requested_mode_matches_applied_mode
threshold,persistent-low-generation,4,5665,94.41666666666667,22.416666666666668,2026-01-04T22:25:00Z,44.15341431127365,44.1412310754062,NORMAL,NORMAL,0.0,85.0,70.0,0.16787878787878788,0.0,0.0,0.0,0.75,2,-5.0,M2,nan,M1,M1,0,5.0,-5.0,0.41666666666666663,0.0,0.0,poor_tracking_condition,requested_mode_matches_applied_mode
threshold,persistent-low-generation,4,5670,94.5,22.5,2026-01-04T22:30:00Z,44.1412310754062,44.12904783953876,NORMAL,NORMAL,0.0,85.0,70.0,0.16787878787878788,0.0,0.0,0.0,0.75,2,-5.0,M2,nan,M1,M1,0,5.0,-5.0,0.41666666666666663,0.0,0.0,poor_tracking_condition,requested_mode_matches_applied_mode
threshold,persistent-low-generation,4,5675,94.58333333333333,22.583333333333332,2026-01-04T22:35:00Z,44.12904783953876,44.11686460367131,NORMAL,NORMAL,0.0,85.0,70.0,0.16787878787878788,0.0,0.0,0.0,0.75,2,-5.0,M2,nan,M1,M1,0,5.0,-5.0,0.41666666666666663,0.0,0.0,poor_tracking_condition,requested_mode_matches_applied_mode
threshold,persistent-low-generation,4,5680,94.66666666666667,22.666666666666668,2026-01-04T22:40:00Z,44.11686460367131,44.10468136780386,NORMAL,NORMAL,0.0,85.0,70.0,0.16787878787878788,0.0,0.0,0.0,0.75,2,-5.0,M2,nan,M1,M1,0,5.0,-5.0,0.41666666666666663,0.0,0.0,poor_tracking_condition,requested_mode_matches_applied_mode
threshold,persistent-low-generation,4,5685,94.75,22.75,2026-01-04T22:45:00Z,44.10468136780386,44.09249813193641,NORMAL,NORMAL,0.0,85.0,70.0,0.16787878787878788,0.0,0.0,0.0,0.75,2,-5.0,M2,nan,M1,M1,0,5.0,-5.0,0.41666666666666663,0.0,0.0,poor_tracking_condition,requested_mode_matches_applied_mode
threshold,persistent-low-generation,4,5690,94.83333333333333,22.833333333333332,2026-01-04T22:50:00Z,44.09249813193641,44.08031489606896,NORMAL,NORMAL,0.0,85.0,70.0,0.16787878787878788,0.0,0.0,0.0,0.75,2,-5.0,M2,nan,M1,M1,0,5.0,-5.0,0.41666666666666663,0.0,0.0,poor_tracking_condition,requested_mode_matches_applied_mode
threshold,persistent-low-generation,4,5695,94.91666666666667,22.916666666666668,2026-01-04T22:55:00Z,44.08031489606896,44.068131660201516,NORMAL,NORMAL,0.0,85.0,70.0,0.16787878787878788,0.0,0.0,0.0,0.75,2,-5.0,M2,nan,M1,M1,0,5.0,-5.0,0.41666666666666663,0.0,0.0,poor_tracking_condition,requested_mode_matches_applied_mode
threshold,persistent-low-generation,4,5700,95.0,23.0,2026-01-04T23:00:00Z,44.068131660201516,44.05594842433408,NORMAL,NORMAL,0.0,85.0,70.0,0.16787878787878788,0.0,0.0,0.0,0.35,1,-5.0,M2,nan,M1,M1,0,5.0,-5.0,0.41666666666666663,0.0,0.0,poor_tracking_condition,requested_mode_matches_applied_mode
threshold,persistent-low-generation,4,5705,95.08333333333333,23.083333333333332,2026-01-04T23:05:00Z,44.05594842433408,44.04376518846664,NORMAL,NORMAL,0.0,85.0,70.0,0.16787878787878788,0.0,0.0,0.0,0.35,1,-5.0,M2,nan,M1,M1,0,5.0,-5.0,0.41666666666666663,0.0,0.0,poor_tracking_condition,requested_mode_matches_applied_mode
threshold,persistent-low-generation,4,5710,95.16666666666667,23.166666666666668,2026-01-04T23:10:00Z,44.04376518846664,44.03158195259918,NORMAL,NORMAL,0.0,85.0,70.0,0.16787878787878788,0.0,0.0,0.0,0.35,1,-5.0,M2,nan,M1,M1,0,5.0,-5.0,0.41666666666666663,0.0,0.0,poor_tracking_condition,requested_mode_matches_applied_mode
threshold,persistent-low-generation,4,5715,95.25,23.25,2026-01-04T23:15:00Z,44.03158195259918,44.019398716731736,NORMAL,NORMAL,0.0,85.0,70.0,0.16787878787878788,0.0,0.0,0.0,0.35,1,-5.0,M2,nan,M1,M1,0,5.0,-5.0,0.41666666666666663,0.0,0.0,poor_tracking_condition,requested_mode_matches_applied_mode
threshold,persistent-low-generation,4,5720,95.33333333333333,23.333333333333332,2026-01-04T23:20:00Z,44.019398716731736,44.00721548086429,NORMAL,NORMAL,0.0,85.0,70.0,0.16787878787878788,0.0,0.0,0.0,0.35,1,-5.0,M2,nan,M1,M1,0,5.0,-5.0,0.41666666666666663,0.0,0.0,poor_tracking_condition,requested_mode_matches_applied_mode
threshold,persistent-low-generation,4,5725,95.41666666666667,23.416666666666668,2026-01-04T23:25:00Z,44.00721548086429,43.99503224499684,NORMAL,NORMAL,0.0,85.0,70.0,0.16787878787878788,0.0,0.0,0.0,0.35,1,-5.0,M2,nan,M1,M1,0,5.0,-5.0,0.41666666666666663,0.0,0.0,poor_tracking_condition,requested_mode_matches_applied_mode
threshold,persistent-low-generation,4,5730,95.5,23.5,2026-01-04T23:30:00Z,43.99503224499684,43.982849009129396,NORMAL,NORMAL,0.0,85.0,70.0,0.16787878787878788,0.0,0.0,0.0,0.35,1,-5.0,M2,nan,M1,M1,0,5.0,-5.0,0.41666666666666663,0.0,0.0,poor_tracking_condition,requested_mode_matches_applied_mode
threshold,persistent-low-generation,4,5735,95.58333333333333,23.583333333333332,2026-01-04T23:35:00Z,43.982849009129396,43.97066577326195,NORMAL,NORMAL,0.0,85.0,70.0,0.16787878787878788,0.0,0.0,0.0,0.35,1,-5.0,M2,nan,M1,M1,0,5.0,-5.0,0.41666666666666663,0.0,0.0,poor_tracking_condition,requested_mode_matches_applied_mode
threshold,persistent-low-generation,4,5740,95.66666666666667,23.666666666666668,2026-01-04T23:40:00Z,43.97066577326195,43.95848253739451,NORMAL,NORMAL,0.0,85.0,70.0,0.16787878787878788,0.0,0.0,0.0,0.35,1,-5.0,M2,nan,M1,M1,0,5.0,-5.0,0.41666666666666663,0.0,0.0,poor_tracking_condition,requested_mode_matches_applied_mode
threshold,persistent-low-generation,4,5745,95.75,23.75,2026-01-04T23:45:00Z,43.95848253739451,43.94629930152706,NORMAL,NORMAL,0.0,85.0,70.0,0.16787878787878788,0.0,0.0,0.0,0.35,1,-5.0,M2,nan,M1,M1,0,5.0,-5.0,0.41666666666666663,0.0,0.0,poor_tracking_condition,requested_mode_matches_applied_mode
threshold,persistent-low-generation,4,5750,95.83333333333333,23.833333333333332,2026-01-04T23:50:00Z,43.94629930152706,43.934116065659616,NORMAL,NORMAL,0.0,85.0,70.0,0.16787878787878788,0.0,0.0,0.0,0.35,1,-5.0,M2,nan,M1,M1,0,5.0,-5.0,0.41666666666666663,0.0,0.0,poor_tracking_condition,requested_mode_matches_applied_mode
threshold,persistent-low-generation,4,5755,95.91666666666667,23.916666666666668,2026-01-04T23:55:00Z,43.934116065659616,43.92193282979217,NORMAL,NORMAL,0.0,85.0,70.0,0.16787878787878788,0.0,0.0,0.0,0.35,1,-5.0,M2,nan,M1,M1,0,5.0,-5.0,0.41666666666666663,0.0,0.0,poor_tracking_condition,requested_mode_matches_applied_mode
threshold,persistent-low-generation,5,5760,96.0,0.0,2026-01-05T00:00:00Z,43.92193282979217,43.90974959392472,NORMAL,NORMAL,0.0,85.0,70.0,0.16787878787878788,0.0,0.0,0.0,0.2,0,-5.0,M2,nan,M1,M1,0,5.0,-5.0,0.41666666666666663,0.0,0.0,poor_tracking_condition,requested_mode_matches_applied_mode
threshold,persistent-low-generation,5,5765,96.08333333333333,0.08333333333333333,2026-01-05T00:05:00Z,43.90974959392472,43.897566358057276,NORMAL,NORMAL,0.0,85.0,70.0,0.16787878787878788,0.0,0.0,0.0,0.2,0,-5.0,M2,nan,M1,M1,0,5.0,-5.0,0.41666666666666663,0.0,0.0,poor_tracking_condition,requested_mode_matches_applied_mode
threshold,persistent-low-generation,5,5770,96.16666666666667,0.16666666666666666,2026-01-05T00:10:00Z,43.897566358057276,43.88538312218983,NORMAL,NORMAL,0.0,85.0,70.0,0.16787878787878788,0.0,0.0,0.0,0.2,0,-5.0,M2,nan,M1,M1,0,5.0,-5.0,0.41666666666666663,0.0,0.0,poor_tracking_condition,requested_mode_matches_applied_mode
threshold,persistent-low-generation,5,5775,96.25,0.25,2026-01-05T00:15:00Z,43.88538312218983,43.87319988632238,NORMAL,NORMAL,0.0,85.0,70.0,0.16787878787878788,0.0,0.0,0.0,0.2,0,-5.0,M2,nan,M1,M1,0,5.0,-5.0,0.41666666666666663,0.0,0.0,poor_tracking_condition,requested_mode_matches_applied_mode
threshold,persistent-low-generation,5,5780,96.33333333333333,0.3333333333333333,2026-01-05T00:20:00Z,43.87319988632238,43.86101665045494,NORMAL,NORMAL,0.0,85.0,70.0,0.16787878787878788,0.0,0.0,0.0,0.2,0,-5.0,M2,nan,M1,M1,0,5.0,-5.0,0.41666666666666663,0.0,0.0,poor_tracking_condition,requested_mode_matches_applied_mode
threshold,persistent-low-generation,5,5785,96.41666666666667,0.4166666666666667,2026-01-05T00:25:00Z,43.86101665045494,43.848833414587496,NORMAL,NORMAL,0.0,85.0,70.0,0.16787878787878788,0.0,0.0,0.0,0.2,0,-5.0,M2,nan,M1,M1,0,5.0,-5.0,0.41666666666666663,0.0,0.0,poor_tracking_condition,requested_mode_matches_applied_mode
threshold,persistent-low-generation,5,5790,96.5,0.5,2026-01-05T00:30:00Z,43.848833414587496,43.83665017872005,NORMAL,NORMAL,0.0,85.0,70.0,0.16787878787878788,0.0,0.0,0.0,0.2,0,-5.0,M2,nan,M1,M1,0,5.0,-5.0,0.41666666666666663,0.0,0.0,poor_tracking_condition,requested_mode_matches_applied_mode
threshold,persistent-low-generation,5,5795,96.58333333333333,0.5833333333333334,2026-01-05T00:35:00Z,43.83665017872005,43.8244669428526,NORMAL,NORMAL,0.0,85.0,70.0,0.16787878787878788,0.0,0.0,0.0,0.2,0,-5.0,M2,nan,M1,M1,0,5.0,-5.0,0.41666666666666663,0.0,0.0,poor_tracking_condition,requested_mode_matches_applied_mode
threshold,persistent-low-generation,5,5800,96.66666666666667,0.6666666666666666,2026-01-05T00:40:00Z,43.8244669428526,43.812283706985156,NORMAL,NORMAL,0.0,85.0,70.0,0.16787878787878788,0.0,0.0,0.0,0.2,0,-5.0,M2,nan,M1,M1,0,5.0,-5.0,0.41666666666666663,0.0,0.0,poor_tracking_condition,requested_mode_matches_applied_mode
threshold,persistent-low-generation,5,5805,96.75,0.75,2026-01-05T00:45:00Z,43.812283706985156,43.80010047111771,NORMAL,NORMAL,0.0,85.0,70.0,0.16787878787878788,0.0,0.0,0.0,0.2,0,-5.0,M2,nan,M1,M1,0,5.0,-5.0,0.41666666666666663,0.0,0.0,poor_tracking_condition,requested_mode_matches_applied_mode
threshold,persistent-low-generation,5,5810,96.83333333333333,0.8333333333333334,2026-01-05T00:50:00Z,43.80010047111771,43.78791723525026,NORMAL,NORMAL,0.0,85.0,70.0,0.16787878787878788,0.0,0.0,0.0,0.2,0,-5.0,M2,nan,M1,M1,0,5.0,-5.0,0.41666666666666663,0.0,0.0,poor_tracking_condition,requested_mode_matches_applied_mode
threshold,persistent-low-generation,5,5815,96.91666666666667,0.9166666666666666,2026-01-05T00:55:00Z,43.78791723525026,43.775733999382815,NORMAL,NORMAL,0.0,85.0,70.0,0.16787878787878788,0.0,0.0,0.0,0.2,0,-5.0,M2,nan,M1,M1,0,5.0,-5.0,0.41666666666666663,0.0,0.0,poor_tracking_condition,requested_mode_matches_applied_mode
threshold,persistent-low-generation,5,5820,97.0,1.0,2026-01-05T01:00:00Z,43.775733999382815,43.763550763515376,NORMAL,NORMAL,0.0,85.0,70.0,0.16787878787878788,0.0,0.0,0.0,0.2,0,-5.0,M2,nan,M1,M1,0,5.0,-5.0,0.41666666666666663,0.0,0.0,poor_tracking_condition,requested_mode_matches_applied_mode
threshold,persistent-low-generation,5,5825,97.08333333333333,1.0833333333333333,2026-01-05T01:05:00Z,43.763550763515376,43.75136752764793,NORMAL,NORMAL,0.0,85.0,70.0,0.16787878787878788,0.0,0.0,0.0,0.2,0,-5.0,M2,nan,M1,M1,0,5.0,-5.0,0.41666666666666663,0.0,0.0,poor_tracking_condition,requested_mode_matches_applied_mode
threshold,persistent-low-generation,5,5830,97.16666666666667,1.1666666666666667,2026-01-05T01:10:00Z,43.75136752764793,43.73918429178048,NORMAL,NORMAL,0.0,85.0,70.0,0.16787878787878788,0.0,0.0,0.0,0.2,0,-5.0,M2,nan,M1,M1,0,5.0,-5.0,0.41666666666666663,0.0,0.0,poor_tracking_condition,requested_mode_matches_applied_mode
threshold,persistent-low-generation,5,5835,97.25,1.25,2026-01-05T01:15:00Z,43.73918429178048,43.727001055913036,NORMAL,NORMAL,0.0,85.0,70.0,0.16787878787878788,0.0,0.0,0.0,0.2,0,-5.0,M2,nan,M1,M1,0,5.0,-5.0,0.41666666666666663,0.0,0.0,poor_tracking_condition,requested_mode_matches_applied_mode
threshold,persistent-low-generation,5,5840,97.33333333333333,1.3333333333333333,2026-01-05T01:20:00Z,43.727001055913036,43.71481782004559,NORMAL,NORMAL,0.0,85.0,70.0,0.16787878787878788,0.0,0.0,0.0,0.2,0,-5.0,M2,nan,M1,M1,0,5.0,-5.0,0.41666666666666663,0.0,0.0,poor_tracking_condition,requested_mode_matches_applied_mode
threshold,persistent-low-generation,5,5845,97.41666666666667,1.4166666666666667,2026-01-05T01:25:00Z,43.71481782004559,43.70263458417814,NORMAL,NORMAL,0.0,85.0,70.0,0.16787878787878788,0.0,0.0,0.0,0.2,0,-5.0,M2,nan,M1,M1,0,5.0,-5.0,0.41666666666666663,0.0,0.0,poor_tracking_condition,requested_mode_matches_applied_mode
threshold,persistent-low-generation,5,5850,97.5,1.5,2026-01-05T01:30:00Z,43.70263458417814,43.690451348310695,NORMAL,NORMAL,0.0,85.0,70.0,0.16787878787878788,0.0,0.0,0.0,0.2,0,-5.0,M2,nan,M1,M1,0,5.0,-5.0,0.41666666666666663,0.0,0.0,poor_tracking_condition,requested_mode_matches_applied_mode
threshold,persistent-low-generation,5,5855,97.58333333333333,1.5833333333333333,2026-01-05T01:35:00Z,43.690451348310695,43.67826811244325,NORMAL,NORMAL,0.0,85.0,70.0,0.16787878787878788,0.0,0.0,0.0,0.2,0,-5.0,M2,nan,M1,M1,0,5.0,-5.0,0.41666666666666663,0.0,0.0,poor_tracking_condition,requested_mode_matches_applied_mode
threshold,persistent-low-generation,5,5860,97.66666666666667,1.6666666666666667,2026-01-05T01:40:00Z,43.67826811244325,43.66608487657581,NORMAL,NORMAL,0.0,85.0,70.0,0.16787878787878788,0.0,0.0,0.0,0.2,0,-5.0,M2,nan,M1,M1,0,5.0,-5.0,0.41666666666666663,0.0,0.0,poor_tracking_condition,requested_mode_matches_applied_mode
threshold,persistent-low-generation,5,5865,97.75,1.75,2026-01-05T01:45:00Z,43.66608487657581,43.65390164070836,NORMAL,NORMAL,0.0,85.0,70.0,0.16787878787878788,0.0,0.0,0.0,0.2,0,-5.0,M2,nan,M1,M1,0,5.0,-5.0,0.41666666666666663,0.0,0.0,poor_tracking_condition,requested_mode_matches_applied_mode
threshold,persistent-low-generation,5,5870,97.83333333333333,1.8333333333333333,2026-01-05T01:50:00Z,43.65390164070836,43.641718404840915,NORMAL,NORMAL,0.0,85.0,70.0,0.16787878787878788,0.0,0.0,0.0,0.2,0,-5.0,M2,nan,M1,M1,0,5.0,-5.0,0.41666666666666663,0.0,0.0,poor_tracking_condition,requested_mode_matches_applied_mode
threshold,persistent-low-generation,5,5875,97.91666666666667,1.9166666666666667,2026-01-05T01:55:00Z,43.641718404840915,43.62953516897347,NORMAL,NORMAL,0.0,85.0,70.0,0.16787878787878788,0.0,0.0,0.0,0.2,0,-5.0,M2,nan,M1,M1,0,5.0,-5.0,0.41666666666666663,0.0,0.0,poor_tracking_condition,requested_mode_matches_applied_mode
threshold,persistent-low-generation,5,5880,98.0,2.0,2026-01-05T02:00:00Z,43.62953516897347,43.61735193310602,NORMAL,NORMAL,0.0,85.0,70.0,0.16787878787878788,0.0,0.0,0.0,0.2,0,-5.0,M2,nan,M1,M1,0,5.0,-5.0,0.41666666666666663,0.0,0.0,poor_tracking_condition,requested_mode_matches_applied_mode
threshold,persistent-low-generation,5,5885,98.08333333333333,2.0833333333333335,2026-01-05T02:05:00Z,43.61735193310602,43.605168697238575,NORMAL,NORMAL,0.0,85.0,70.0,0.16787878787878788,0.0,0.0,0.0,0.2,0,-5.0,M2,nan,M1,M1,0,5.0,-5.0,0.41666666666666663,0.0,0.0,poor_tracking_condition,requested_mode_matches_applied_mode
threshold,persistent-low-generation,5,5890,98.16666666666667,2.1666666666666665,2026-01-05T02:10:00Z,43.605168697238575,43.59298546137113,NORMAL,NORMAL,0.0,85.0,70.0,0.16787878787878788,0.0,0.0,0.0,0.2,0,-5.0,M2,nan,M1,M1,0,5.0,-5.0,0.41666666666666663,0.0,0.0,poor_tracking_condition,requested_mode_matches_applied_mode
threshold,persistent-low-generation,5,5895,98.25,2.25,2026-01-05T02:15:00Z,43.59298546137113,43.58080222550368,NORMAL,NORMAL,0.0,85.0,70.0,0.16787878787878788,0.0,0.0,0.0,0.2,0,-5.0,M2,nan,M1,M1,0,5.0,-5.0,0.41666666666666663,0.0,0.0,poor_tracking_condition,requested_mode_matches_applied_mode
threshold,persistent-low-generation,5,5900,98.33333333333333,2.3333333333333335,2026-01-05T02:20:00Z,43.58080222550368,43.56861898963624,NORMAL,NORMAL,0.0,85.0,70.0,0.16787878787878788,0.0,0.0,0.0,0.2,0,-5.0,M2,nan,M1,M1,0,5.0,-5.0,0.41666666666666663,0.0,0.0,poor_tracking_condition,requested_mode_matches_applied_mode
threshold,persistent-low-generation,5,5905,98.41666666666667,2.4166666666666665,2026-01-05T02:25:00Z,43.56861898963624,43.556435753768795,NORMAL,NORMAL,0.0,85.0,70.0,0.16787878787878788,0.0,0.0,0.0,0.2,0,-5.0,M2,nan,M1,M1,0,5.0,-5.0,0.41666666666666663,0.0,0.0,poor_tracking_condition,requested_mode_matches_applied_mode
threshold,persistent-low-generation,5,5910,98.5,2.5,2026-01-05T02:30:00Z,43.556435753768795,43.54425251790135,NORMAL,NORMAL,0.0,85.0,70.0,0.16787878787878788,0.0,0.0,0.0,0.2,0,-5.0,M2,nan,M1,M1,0,5.0,-5.0,0.41666666666666663,0.0,0.0,poor_tracking_condition,requested_mode_matches_applied_mode
threshold,persistent-low-generation,5,5915,98.58333333333333,2.5833333333333335,2026-01-05T02:35:00Z,43.54425251790135,43.5320692820339,NORMAL,NORMAL,0.0,85.0,70.0,0.16787878787878788,0.0,0.0,0.0,0.2,0,-5.0,M2,nan,M1,M1,0,5.0,-5.0,0.41666666666666663,0.0,0.0,poor_tracking_condition,requested_mode_matches_applied_mode
threshold,persistent-low-generation,5,5920,98.66666666666667,2.6666666666666665,2026-01-05T02:40:00Z,43.5320692820339,43.519886046166455,NORMAL,NORMAL,0.0,85.0,70.0,0.16787878787878788,0.0,0.0,0.0,0.2,0,-5.0,M2,nan,M1,M1,0,5.0,-5.0,0.41666666666666663,0.0,0.0,poor_tracking_condition,requested_mode_matches_applied_mode
threshold,persistent-low-generation,5,5925,98.75,2.75,2026-01-05T02:45:00Z,43.519886046166455,43.50770281029901,NORMAL,NORMAL,0.0,85.0,70.0,0.16787878787878788,0.0,0.0,0.0,0.2,0,-5.0,M2,nan,M1,M1,0,5.0,-5.0,0.41666666666666663,0.0,0.0,poor_tracking_condition,requested_mode_matches_applied_mode
threshold,persistent-low-generation,5,5930,98.83333333333333,2.8333333333333335,2026-01-05T02:50:00Z,43.50770281029901,43.49551957443156,NORMAL,NORMAL,0.0,85.0,70.0,0.16787878787878788,0.0,0.0,0.0,0.2,0,-5.0,M2,nan,M1,M1,0,5.0,-5.0,0.41666666666666663,0.0,0.0,poor_tracking_condition,requested_mode_matches_applied_mode
threshold,persistent-low-generation,5,5935,98.91666666666667,2.9166666666666665,2026-01-05T02:55:00Z,43.49551957443156,43.483336338564115,NORMAL,NORMAL,0.0,85.0,70.0,0.16787878787878788,0.0,0.0,0.0,0.2,0,-5.0,M2,nan,M1,M1,0,5.0,-5.0,0.41666666666666663,0.0,0.0,poor_tracking_condition,requested_mode_matches_applied_mode
threshold,persistent-low-generation,5,5940,99.0,3.0,2026-01-05T03:00:00Z,43.483336338564115,43.471153102696675,NORMAL,NORMAL,0.0,85.0,70.0,0.16787878787878788,0.0,0.0,0.0,0.2,0,-5.0,M2,nan,M1,M1,0,5.0,-5.0,0.41666666666666663,0.0,0.0,poor_tracking_condition,requested_mode_matches_applied_mode
threshold,persistent-low-generation,5,5945,99.08333333333333,3.0833333333333335,2026-01-05T03:05:00Z,43.471153102696675,43.45896986682923,NORMAL,NORMAL,0.0,85.0,70.0,0.16787878787878788,0.0,0.0,0.0,0.2,0,-5.0,M2,nan,M1,M1,0,5.0,-5.0,0.41666666666666663,0.0,0.0,poor_tracking_condition,requested_mode_matches_applied_mode
threshold,persistent-low-generation,5,5950,99.16666666666667,3.1666666666666665,2026-01-05T03:10:00Z,43.45896986682923,43.44678663096178,NORMAL,NORMAL,0.0,85.0,70.0,0.16787878787878788,0.0,0.0,0.0,0.2,0,-5.0,M2,nan,M1,M1,0,5.0,-5.0,0.41666666666666663,0.0,0.0,poor_tracking_condition,requested_mode_matches_applied_mode
threshold,persistent-low-generation,5,5955,99.25,3.25,2026-01-05T03:15:00Z,43.44678663096178,43.434603395094335,NORMAL,NORMAL,0.0,85.0,70.0,0.16787878787878788,0.0,0.0,0.0,0.2,0,-5.0,M2,nan,M1,M1,0,5.0,-5.0,0.41666666666666663,0.0,0.0,poor_tracking_condition,requested_mode_matches_applied_mode
threshold,persistent-low-generation,5,5960,99.33333333333333,3.3333333333333335,2026-01-05T03:20:00Z,43.434603395094335,43.42242015922689,NORMAL,NORMAL,0.0,85.0,70.0,0.16787878787878788,0.0,0.0,0.0,0.2,0,-5.0,M2,nan,M1,M1,0,5.0,-5.0,0.41666666666666663,0.0,0.0,poor_tracking_condition,requested_mode_matches_applied_mode
threshold,persistent-low-generation,5,5965,99.41666666666667,3.4166666666666665,2026-01-05T03:25:00Z,43.42242015922689,43.41023692335944,NORMAL,NORMAL,0.0,85.0,70.0,0.16787878787878788,0.0,0.0,0.0,0.2,0,-5.0,M2,nan,M1,M1,0,5.0,-5.0,0.41666666666666663,0.0,0.0,poor_tracking_condition,requested_mode_matches_applied_mode
threshold,persistent-low-generation,5,5970,99.5,3.5,2026-01-05T03:30:00Z,43.41023692335944,43.398053687491995,NORMAL,NORMAL,0.0,85.0,70.0,0.16787878787878788,0.0,0.0,0.0,0.2,0,-5.0,M2,nan,M1,M1,0,5.0,-5.0,0.41666666666666663,0.0,0.0,poor_tracking_condition,requested_mode_matches_applied_mode
threshold,persistent-low-generation,5,5975,99.58333333333333,3.5833333333333335,2026-01-05T03:35:00Z,43.398053687491995,43.38587045162455,NORMAL,NORMAL,0.0,85.0,70.0,0.16787878787878788,0.0,0.0,0.0,0.2,0,-5.0,M2,nan,M1,M1,0,5.0,-5.0,0.41666666666666663,0.0,0.0,poor_tracking_condition,requested_mode_matches_applied_mode
threshold,persistent-low-generation,5,5980,99.66666666666667,3.6666666666666665,2026-01-05T03:40:00Z,43.38587045162455,43.37368721575711,NORMAL,NORMAL,0.0,85.0,70.0,0.16787878787878788,0.0,0.0,0.0,0.2,0,-5.0,M2,nan,M1,M1,0,5.0,-5.0,0.41666666666666663,0.0,0.0,poor_tracking_condition,requested_mode_matches_applied_mode
threshold,persistent-low-generation,5,5985,99.75,3.75,2026-01-05T03:45:00Z,43.37368721575711,43.36150397988966,NORMAL,NORMAL,0.0,85.0,70.0,0.16787878787878788,0.0,0.0,0.0,0.2,0,-5.0,M2,nan,M1,M1,0,5.0,-5.0,0.41666666666666663,0.0,0.0,poor_tracking_condition,requested_mode_matches_applied_mode
threshold,persistent-low-generation,5,5990,99.83333333333333,3.8333333333333335,2026-01-05T03:50:00Z,43.36150397988966,43.349320744022215,NORMAL,NORMAL,0.0,85.0,70.0,0.16787878787878788,0.0,0.0,0.0,0.2,0,-5.0,M2,nan,M1,M1,0,5.0,-5.0,0.41666666666666663,0.0,0.0,poor_tracking_condition,requested_mode_matches_applied_mode
threshold,persistent-low-generation,5,5995,99.91666666666667,3.9166666666666665,2026-01-05T03:55:00Z,43.349320744022215,43.33713750815477,NORMAL,NORMAL,0.0,85.0,70.0,0.16787878787878788,0.0,0.0,0.0,0.2,0,-5.0,M2,nan,M1,M1,0,5.0,-5.0,0.41666666666666663,0.0,0.0,poor_tracking_condition,requested_mode_matches_applied_mode
threshold,persistent-low-generation,5,6000,100.0,4.0,2026-01-05T04:00:00Z,43.33713750815477,43.32495427228732,NORMAL,NORMAL,0.0,85.0,70.0,0.16787878787878788,0.0,0.0,0.0,0.2,0,-5.0,M2,nan,M1,M1,0,5.0,-5.0,0.41666666666666663,0.0,0.0,poor_tracking_condition,requested_mode_matches_applied_mode
threshold,persistent-low-generation,5,6005,100.08333333333333,4.083333333333333,2026-01-05T04:05:00Z,43.32495427228732,43.312771036419875,NORMAL,NORMAL,0.0,85.0,70.0,0.16787878787878788,0.0,0.0,0.0,0.2,0,-5.0,M2,nan,M1,M1,0,5.0,-5.0,0.41666666666666663,0.0,0.0,poor_tracking_condition,requested_mode_matches_applied_mode
threshold,persistent-low-generation,5,6010,100.16666666666667,4.166666666666667,2026-01-05T04:10:00Z,43.312771036419875,43.30058780055243,NORMAL,NORMAL,0.0,85.0,70.0,0.16787878787878788,0.0,0.0,0.0,0.2,0,-5.0,M2,nan,M1,M1,0,5.0,-5.0,0.41666666666666663,0.0,0.0,poor_tracking_condition,requested_mode_matches_applied_mode
threshold,persistent-low-generation,5,6015,100.25,4.25,2026-01-05T04:15:00Z,43.30058780055243,43.28840456468498,NORMAL,NORMAL,0.0,85.0,70.0,0.16787878787878788,0.0,0.0,0.0,0.2,0,-5.0,M2,nan,M1,M1,0,5.0,-5.0,0.41666666666666663,0.0,0.0,poor_tracking_condition,requested_mode_matches_applied_mode
threshold,persistent-low-generation,5,6020,100.33333333333333,4.333333333333333,2026-01-05T04:20:00Z,43.28840456468498,43.27622132881754,NORMAL,NORMAL,0.0,85.0,70.0,0.16787878787878788,0.0,0.0,0.0,0.2,0,-5.0,M2,nan,M1,M1,0,5.0,-5.0,0.41666666666666663,0.0,0.0,poor_tracking_condition,requested_mode_matches_applied_mode
threshold,persistent-low-generation,5,6025,100.41666666666667,4.416666666666667,2026-01-05T04:25:00Z,43.27622132881754,43.264038092950095,NORMAL,NORMAL,0.0,85.0,70.0,0.16787878787878788,0.0,0.0,0.0,0.2,0,-5.0,M2,nan,M1,M1,0,5.0,-5.0,0.41666666666666663,0.0,0.0,poor_tracking_condition,requested_mode_matches_applied_mode
threshold,persistent-low-generation,5,6030,100.5,4.5,2026-01-05T04:30:00Z,43.264038092950095,43.25185485708265,NORMAL,NORMAL,0.0,85.0,70.0,0.16787878787878788,0.0,0.0,0.0,0.2,0,-5.0,M2,nan,M1,M1,0,5.0,-5.0,0.41666666666666663,0.0,0.0,poor_tracking_condition,requested_mode_matches_applied_mode
threshold,persistent-low-generation,5,6035,100.58333333333333,4.583333333333333,2026-01-05T04:35:00Z,43.25185485708265,43.2396716212152,NORMAL,NORMAL,0.0,85.0,70.0,0.16787878787878788,0.0,0.0,0.0,0.2,0,-5.0,M2,nan,M1,M1,0,5.0,-5.0,0.41666666666666663,0.0,0.0,poor_tracking_condition,requested_mode_matches_applied_mode
threshold,persistent-low-generation,5,6040,100.66666666666667,4.666666666666667,2026-01-05T04:40:00Z,43.2396716212152,43.227488385347755,NORMAL,NORMAL,0.0,85.0,70.0,0.16787878787878788,0.0,0.0,0.0,0.2,0,-5.0,M2,nan,M1,M1,0,5.0,-5.0,0.41666666666666663,0.0,0.0,poor_tracking_condition,requested_mode_matches_applied_mode
threshold,persistent-low-generation,5,6045,100.75,4.75,2026-01-05T04:45:00Z,43.227488385347755,43.2153051494803,NORMAL,NORMAL,0.0,85.0,70.0,0.16787878787878788,0.0,0.0,0.0,0.2,0,-5.0,M2,nan,M1,M1,0,5.0,-5.0,0.41666666666666663,0.0,0.0,poor_tracking_condition,requested_mode_matches_applied_mode
threshold,persistent-low-generation,5,6050,100.83333333333333,4.833333333333333,2026-01-05T04:50:00Z,43.2153051494803,43.203121913612854,NORMAL,NORMAL,0.0,85.0,70.0,0.16787878787878788,0.0,0.0,0.0,0.2,0,-5.0,M2,nan,M1,M1,0,5.0,-5.0,0.41666666666666663,0.0,0.0,poor_tracking_condition,requested_mode_matches_applied_mode
threshold,persistent-low-generation,5,6055,100.91666666666667,4.916666666666667,2026-01-05T04:55:00Z,43.203121913612854,43.19093867774541,NORMAL,NORMAL,0.0,85.0,70.0,0.16787878787878788,0.0,0.0,0.0,0.2,0,-5.0,M2,nan,M1,M1,0,5.0,-5.0,0.41666666666666663,0.0,0.0,poor_tracking_condition,requested_mode_matches_applied_mode
threshold,persistent-low-generation,5,6060,101.0,5.0,2026-01-05T05:00:00Z,43.19093867774541,43.178755441877975,NORMAL,NORMAL,0.0,85.0,70.0,0.16787878787878788,0.0,0.0,0.0,0.2,0,-5.0,M2,nan,M1,M1,0,5.0,-5.0,0.41666666666666663,0.0,0.0,poor_tracking_condition,requested_mode_matches_applied_mode
threshold,persistent-low-generation,5,6065,101.08333333333333,5.083333333333333,2026-01-05T05:05:00Z,43.178755441877975,43.16657220601053,NORMAL,NORMAL,0.0,85.0,70.0,0.16787878787878788,0.0,0.0,0.0,0.2,0,-5.0,M2,nan,M1,M1,0,5.0,-5.0,0.41666666666666663,0.0,0.0,poor_tracking_condition,requested_mode_matches_applied_mode
threshold,persistent-low-generation,5,6070,101.16666666666667,5.166666666666667,2026-01-05T05:10:00Z,43.16657220601053,43.154388970143074,NORMAL,NORMAL,0.0,85.0,70.0,0.16787878787878788,0.0,0.0,0.0,0.2,0,-5.0,M2,nan,M1,M1,0,5.0,-5.0,0.41666666666666663,0.0,0.0,poor_tracking_condition,requested_mode_matches_applied_mode
threshold,persistent-low-generation,5,6075,101.25,5.25,2026-01-05T05:15:00Z,43.154388970143074,43.14220573427563,NORMAL,NORMAL,0.0,85.0,70.0,0.16787878787878788,0.0,0.0,0.0,0.2,0,-5.0,M2,nan,M1,M1,0,5.0,-5.0,0.41666666666666663,0.0,0.0,poor_tracking_condition,requested_mode_matches_applied_mode
threshold,persistent-low-generation,5,6080,101.33333333333333,5.333333333333333,2026-01-05T05:20:00Z,43.14220573427563,43.13002249840818,NORMAL,NORMAL,0.0,85.0,70.0,0.16787878787878788,0.0,0.0,0.0,0.2,0,-5.0,M2,nan,M1,M1,0,5.0,-5.0,0.41666666666666663,0.0,0.0,poor_tracking_condition,requested_mode_matches_applied_mode
threshold,persistent-low-generation,5,6085,101.41666666666667,5.416666666666667,2026-01-05T05:25:00Z,43.13002249840818,43.117839262540734,NORMAL,NORMAL,0.0,85.0,70.0,0.16787878787878788,0.0,0.0,0.0,0.2,0,-5.0,M2,nan,M1,M1,0,5.0,-5.0,0.41666666666666663,0.0,0.0,poor_tracking_condition,requested_mode_matches_applied_mode
threshold,persistent-low-generation,5,6090,101.5,5.5,2026-01-05T05:30:00Z,43.117839262540734,43.10565602667329,NORMAL,NORMAL,0.0,85.0,70.0,0.16787878787878788,0.0,0.0,0.0,0.7,2,-5.0,M2,nan,M1,M1,0,5.0,-5.0,0.41666666666666663,0.0,0.0,poor_tracking_condition,requested_mode_matches_applied_mode
threshold,persistent-low-generation,5,6095,101.58333333333333,5.583333333333333,2026-01-05T05:35:00Z,43.10565602667329,43.09347279080584,NORMAL,NORMAL,0.0,85.0,70.0,0.16787878787878788,0.0,0.0,0.0,0.7,2,-5.0,M2,nan,M1,M1,0,5.0,-5.0,0.41666666666666663,0.0,0.0,poor_tracking_condition,requested_mode_matches_applied_mode
threshold,persistent-low-generation,5,6100,101.66666666666667,5.666666666666667,2026-01-05T05:40:00Z,43.09347279080584,43.0812895549384,NORMAL,NORMAL,0.0,85.0,70.0,0.16787878787878788,0.0,0.0,0.0,0.7,2,-5.0,M2,nan,M1,M1,0,5.0,-5.0,0.41666666666666663,0.0,0.0,poor_tracking_condition,requested_mode_matches_applied_mode
threshold,persistent-low-generation,5,6105,101.75,5.75,2026-01-05T05:45:00Z,43.0812895549384,43.069106319070954,NORMAL,NORMAL,0.0,85.0,70.0,0.16787878787878788,0.0,0.0,0.0,0.7,2,-5.0,M2,nan,M1,M1,0,5.0,-5.0,0.41666666666666663,0.0,0.0,poor_tracking_condition,requested_mode_matches_applied_mode
threshold,persistent-low-generation,5,6110,101.83333333333333,5.833333333333333,2026-01-05T05:50:00Z,43.069106319070954,43.05692308320351,NORMAL,NORMAL,0.0,85.0,70.0,0.16787878787878788,0.0,0.0,0.0,0.7,2,-5.0,M2,nan,M1,M1,0,5.0,-5.0,0.41666666666666663,0.0,0.0,poor_tracking_condition,requested_mode_matches_applied_mode
threshold,persistent-low-generation,5,6115,101.91666666666667,5.916666666666667,2026-01-05T05:55:00Z,43.05692308320351,43.04473984733606,NORMAL,NORMAL,0.0,85.0,70.0,0.16787878787878788,0.0,0.0,0.0,0.7,2,-5.0,M2,nan,M1,M1,0,5.0,-5.0,0.41666666666666663,0.0,0.0,poor_tracking_condition,requested_mode_matches_applied_mode
threshold,persistent-low-generation,5,6120,102.0,6.0,2026-01-05T06:00:00Z,43.04473984733606,43.032556611468614,NORMAL,NORMAL,0.0,85.0,70.0,0.16787878787878788,0.0,0.0,0.0,0.7,2,-5.0,M2,nan,M1,M1,0,5.0,-5.0,0.41666666666666663,0.0,0.0,poor_tracking_condition,requested_mode_matches_applied_mode
threshold,persistent-low-generation,5,6125,102.08333333333333,6.083333333333333,2026-01-05T06:05:00Z,43.032556611468614,43.022070633757394,NORMAL,NORMAL,4.8216660077797915,85.0,70.0,0.16787878787878788,1.7478539278201746,0.7739497192387732,0.6965547473148959,0.7,2,-4.303445252685104,M2,nan,M1,M1,0,5.0,-4.303445252685104,0.3586204377237586,0.0,0.0,poor_tracking_condition,requested_mode_matches_applied_mode
threshold,persistent-low-generation,5,6130,102.16666666666667,6.166666666666667,2026-01-05T06:10:00Z,43.022070633757394,43.01378555971426,NORMAL,NORMAL,11.074116387152303,85.0,70.0,0.16787878787878788,4.0143671903427105,1.7775617918837523,1.599805612695377,0.7,2,-3.400194387304623,M2,nan,M1,M1,0,5.0,-3.400194387304623,0.28334953227538523,0.0,0.0,poor_tracking_condition,requested_mode_matches_applied_mode
threshold,persistent-low-generation,5,6135,102.25,6.25,2026-01-05T06:15:00Z,43.01378555971426,43.00794047545656,NORMAL,NORMAL,18.005775996288847,85.0,70.0,0.16787878787878788,6.5270937986547075,2.8901971340443047,2.6011774206398743,0.7,2,-2.3988225793601257,M2,nan,M1,M1,0,5.0,-2.3988225793601257,0.1999018816133438,0.0,0.0,poor_tracking_condition,requested_mode_matches_applied_mode
threshold,persistent-low-generation,5,6140,102.33333333333333,6.333333333333333,2026-01-05T06:20:00Z,43.00794047545656,43.00470263618932,NORMAL,NORMAL,25.412583557295157,85.0,70.0,0.16787878787878788,9.212061539519496,4.079100849699233,3.67119076472931,0.7,2,-1.3288092352706902,M2,nan,M1,M1,0,5.0,-1.3288092352706902,0.11073410293922417,0.0,0.0,poor_tracking_condition,requested_mode_matches_applied_mode
threshold,persistent-low-generation,5,6145,102.41666666666667,6.416666666666667,2026-01-05T06:25:00Z,43.00470263618932,43.004201456690765,NORMAL,NORMAL,33.18703986676286,85.0,70.0,0.16787878787878788,12.030301951701539,5.327017704213441,4.794315933792097,0.7,2,-0.20568406620790292,M2,nan,M1,M1,0,5.0,-0.20568406620790292,0.017140338850658576,0.0,0.0,poor_tracking_condition,requested_mode_matches_applied_mode
threshold,persistent-low-generation,5,6150,102.5,6.5,2026-01-05T06:30:00Z,43.004201456690765,43.00620267713071,NORMAL,NORMAL,41.260150911287276,85.0,70.0,0.16787878787878788,14.95680470534164,6.622873123525278,5.96058581117275,0.7,2,0.9605858111727503,M2,nan,M1,M1,0,5.0,0.9605858111727503,0.0,0.0,0.0,poor_tracking_condition,requested_mode_matches_applied_mode
threshold,persistent-low-generation,5,6155,102.58333333333333,6.583333333333333,2026-01-05T06:35:00Z,43.00620267713071,43.01070865127562,NORMAL,NORMAL,49.58254223077287,85.0,70.0,0.16787878787878788,17.97367155865517,7.958741766172509,7.162867589555258,0.7,2,2.1628675895552583,M2,nan,M1,M1,0,5.0,2.1628675895552583,0.0,0.0,0.0,poor_tracking_condition,requested_mode_matches_applied_mode
threshold,persistent-low-generation,5,6160,102.66666666666667,6.666666666666667,2026-01-05T06:40:00Z,43.01070865127562,43.0177829902889,NORMAL,NORMAL,58.11629045657219,85.0,70.0,0.16787878787878788,21.067155290507422,9.328536362636687,8.395682726373018,0.7,2,3.3956827263730176,M2,nan,M1,M1,0,5.0,3.3956827263730176,0.0,0.0,0.0,poor_tracking_condition,requested_mode_matches_applied_mode
threshold,persistent-low-generation,5,6165,102.75,6.75,2026-01-05T06:45:00Z,43.0177829902889,43.027480088796715,NORMAL,NORMAL,66.83077236639176,85.0,70.0,0.16787878787878788,24.226154982817015,10.727341426391375,9.654607283752238,0.7,2,4.654607283752238,M2,nan,M1,M1,0,5.0,4.654607283752238,0.0,0.0,0.0,poor_tracking_condition,requested_mode_matches_applied_mode
threshold,persistent-low-generation,5,6170,102.83333333333333,6.833333333333333,2026-01-05T06:50:00Z,43.027480088796715,43.03984661598974,NORMAL,NORMAL,75.70031913007261,85.0,70.0,0.16787878787878788,27.441365684651327,12.151036725163607,10.935933052647247,0.7,2,5.935933052647247,M2,nan,M1,M1,0,5.0,5.935933052647247,0.0,0.0,0.0,poor_tracking_condition,requested_mode_matches_applied_mode
threshold,persistent-low-generation,5,6175,102.91666666666667,6.916666666666667,2026-01-05T06:55:00Z,43.03984661598974,43.05492257629668,NORMAL,NORMAL,84.7027861524679,85.0,70.0,0.16787878787878788,30.704759980269614,13.596067719263385,12.236460947337047,0.7,2,7.236460947337047,M2,nan,M1,M1,0,5.0,7.236460947337047,0.0,0.0,0.0,poor_tracking_condition,requested_mode_matches_applied_mode
threshold,persistent-low-generation,5,6180,103.0,7.0,2026-01-05T07:00:00Z,43.05492257629668,43.072742092211975,NORMAL,NORMAL,93.81862989157445,85.0,70.0,0.16787878787878788,34.00925333569574,15.059297377046073,13.553367639341467,1.0,3,8.553367639341467,M2,nan,M1,M1,0,5.0,8.553367639341467,0.0,0.0,0.0,poor_tracking_condition,requested_mode_matches_applied_mode
threshold,persistent-low-generation,5,6185,103.08333333333333,7.083333333333333,2026-01-05T07:05:00Z,43.072742092211975,43.09333399960453,NORMAL,NORMAL,103.03028480154445,85.0,70.0,0.16787878787878788,37.34847824055987,16.53790616491991,14.88411554842792,1.0,3,9.88411554842792,M2,nan,M1,M1,0,5.0,9.88411554842792,0.0,0.0,1.1102230246251565e-16,poor_tracking_condition,requested_mode_matches_applied_mode
threshold,persistent-low-generation,5,6190,103.16666666666667,7.166666666666667,2026-01-05T07:10:00Z,43.09333399960453,43.116722311880245,NORMAL,NORMAL,112.32172758060445,85.0,70.0,0.16787878787878788,40.71662624796912,18.029322102600723,16.226389892340652,1.0,3,11.226389892340652,M2,nan,M1,M1,0,5.0,11.226389892340652,0.0,0.0,1.1102230246251565e-16,poor_tracking_condition,requested_mode_matches_applied_mode
threshold,persistent-low-generation,5,6195,103.25,7.25,2026-01-05T07:15:00Z,43.116722311880245,43.14292658971945,NORMAL,NORMAL,121.67816343103348,85.0,70.0,0.16787878787878788,44.108334243749646,19.531170403132343,17.57805336281911,1.0,3,12.578053362819109,M2,nan,M1,M1,0,5.0,12.578053362819109,0.0,0.0,0.0,poor_tracking_condition,requested_mode_matches_applied_mode
threshold,persistent-low-generation,5,6200,103.33333333333333,7.333333333333333,2026-01-05T07:20:00Z,43.14292658971945,43.171962241174526,NORMAL,NORMAL,131.08579467086636,85.0,70.0,0.16787878787878788,47.518600568189065,21.041236331594117,18.937112698434706,1.0,3,13.937112698434706,M2,nan,M1,M1,0,5.0,13.937112698434706,0.0,0.0,0.0,poor_tracking_condition,requested_mode_matches_applied_mode
threshold,persistent-low-generation,5,6205,103.41666666666667,7.416666666666667,2026-01-05T07:25:00Z,43.171962241174526,43.203840769364,NORMAL,NORMAL,140.53164661624442,85.0,70.0,0.16787878787878788,50.942721898388605,22.557437256606473,20.301693530945826,1.0,3,15.301693530945826,M2,nan,M1,M1,0,5.0,15.301693530945826,0.0,0.0,0.0,poor_tracking_condition,requested_mode_matches_applied_mode
threshold,persistent-low-generation,5,6210,103.5,7.5,2026-01-05T07:30:00Z,43.203840769364,43.23856998006041,NORMAL,NORMAL,150.00343432272098,85.0,70.0,0.16787878787878788,54.376244941986364,24.07780126031156,21.670021134280404,1.0,3,16.670021134280404,M2,nan,M1,M1,0,5.0,16.670021134280404,0.0,0.0,0.0,poor_tracking_condition,requested_mode_matches_applied_mode
threshold,persistent-low-generation,5,6215,103.58333333333333,7.583333333333333,2026-01-05T07:35:00Z,43.23856998006041,43.27615415814095,NORMAL,NORMAL,159.4894591274398,85.0,70.0,0.16787878787878788,57.81492893369693,25.600450531841002,23.0404054786569,1.0,3,18.0404054786569,M2,nan,M1,M1,0,5.0,18.0404054786569,0.0,0.0,0.0,poor_tracking_condition,requested_mode_matches_applied_mode
threshold,persistent-low-generation,5,6220,103.66666666666667,7.666666666666667,2026-01-05T07:40:00Z,43.27615415814095,43.31659421956957,NORMAL,NORMAL,168.97852734939661,85.0,70.0,0.16787878787878788,61.25471616415628,27.1235883174884,24.41122948573956,1.0,3,19.41122948573956,M2,nan,M1,M1,0,5.0,19.41122948573956,0.0,0.0,0.0,poor_tracking_condition,requested_mode_matches_applied_mode
threshold,persistent-low-generation,5,6225,103.75,7.75,2026-01-05T07:45:00Z,43.31659421956957,43.35988784395398,NORMAL,NORMAL,178.45988574631707,85.0,70.0,0.16787878787878788,64.69170858303994,28.645488560570083,25.780939704513074,1.0,3,20.780939704513074,M2,nan,M1,M1,0,5.0,20.780939704513074,0.0,0.0,0.0,poor_tracking_condition,requested_mode_matches_applied_mode
threshold,persistent-low-generation,5,6230,103.83333333333333,7.833333333333333,2026-01-05T07:50:00Z,43.35988784395398,43.40602959154857,NORMAL,NORMAL,187.9231698346319,85.0,70.0,0.16787878787878788,68.12214906505407,30.164487606005945,27.148038845405353,1.0,3,22.148038845405353,M2,nan,M1,M1,0,5.0,22.148038845405353,0.0,0.0,0.0,poor_tracking_condition,requested_mode_matches_applied_mode
threshold,persistent-low-generation,5,6235,103.91666666666667,7.916666666666667,2026-01-05T07:55:00Z,43.40602959154857,43.45501100771528,NORMAL,NORMAL,197.35836221618453,85.0,70.0,0.16787878787878788,71.5424063033669,31.678977511130867,28.511079760017783,1.0,3,23.511079760017783,M2,nan,M1,M1,0,5.0,23.511079760017783,0.0,0.0,0.0,poor_tracking_condition,requested_mode_matches_applied_mode
threshold,persistent-low-generation,5,6240,104.0,8.0,2026-01-05T08:00:00Z,43.45501100771528,43.50682071721303,NORMAL,NORMAL,206.75575878282945,85.0,70.0,0.16787878787878788,74.94896255877568,33.187400621025866,29.86866055892328,1.0,3,24.86866055892328,M2,nan,M1,M1,0,5.0,24.86866055892328,0.0,0.0,0.0,poor_tracking_condition,requested_mode_matches_applied_mode
threshold,persistent-low-generation,5,6245,104.08333333333333,8.083333333333334,2026-01-05T08:05:00Z,43.50682071721303,43.561444510202676,NORMAL,NORMAL,216.1059411895107,85.0,70.0,0.16787878787878788,78.33840368119763,34.68824515003431,31.219420635030882,1.0,3,26.219420635030882,M2,nan,M1,M1,0,5.0,26.219420635030882,0.0,0.0,0.0,poor_tracking_condition,requested_mode_matches_applied_mode
threshold,persistent-low-generation,5,6250,104.16666666666667,8.166666666666666,2026-01-05T08:10:00Z,43.561444510202676,43.618865421482795,NORMAL,NORMAL,225.39975436323758,85.0,70.0,0.16787878787878788,81.70741095667363,36.18004157161508,32.56203741445357,1.0,3,27.56203741445357,M2,nan,M1,M1,0,5.0,27.56203741445357,0.0,0.0,0.0,poor_tracking_condition,requested_mode_matches_applied_mode
threshold,persistent-low-generation,5,6255,104.25,8.25,2026-01-05T08:15:00Z,43.618865421482795,43.67906380418464,NORMAL,NORMAL,234.6282880927447,85.0,70.0,0.16787878787878788,85.05275443361997,37.66135966320692,33.895223696886234,1.0,3,28.895223696886234,M2,nan,M1,M1,0,5.0,28.895223696886234,0.0,0.0,0.0,poor_tracking_condition,requested_mode_matches_applied_mode
threshold,persistent-low-generation,5,6260,104.33333333333333,8.333333333333334,2026-01-05T08:20:00Z,43.67906380418464,43.7420173989292,NORMAL,NORMAL,243.78286195050265,85.0,70.0,0.16787878787878788,88.37128745705722,39.130806085984936,35.217725477386445,1.0,3,30.217725477386445,M2,nan,M1,M1,0,5.0,30.217725477386445,0.0,0.0,0.0,poor_tracking_condition,requested_mode_matches_applied_mode
threshold,persistent-low-generation,5,6265,104.41666666666667,8.416666666666666,2026-01-05T08:25:00Z,43.7420173989292,43.8077013992709,NORMAL,NORMAL,252.85501295493205,85.0,70.0,0.16787878787878788,91.65994219616287,40.58702240446092,36.52832016401483,1.0,3,31.52832016401483,M2,nan,M1,M1,0,5.0,31.52832016401483,0.0,0.0,0.0,poor_tracking_condition,requested_mode_matches_applied_mode
threshold,persistent-low-generation,5,6270,104.5,8.5,2026-01-05T08:30:00Z,43.8077013992709,43.87608851411051,NORMAL,NORMAL,261.8364854999091,85.0,70.0,0.16787878787878788,94.91572599371706,42.02868347001791,37.82581512301612,1.0,3,32.82581512301612,M2,nan,M1,M1,0,5.0,32.82581512301612,0.0,0.0,0.0,poor_tracking_condition,requested_mode_matches_applied_mode
threshold,persistent-low-generation,5,6275,104.58333333333333,8.583333333333334,2026-01-05T08:35:00Z,43.87608851411051,43.947149027644905,NORMAL,NORMAL,270.71922317062246,85.0,70.0,0.16787878787878788,98.13571839935065,43.454496107232465,39.10904649650922,1.0,3,34.10904649650922,M2,nan,M1,M1,0,5.0,34.10904649650922,0.0,0.0,0.0,poor_tracking_condition,requested_mode_matches_applied_mode
threshold,persistent-low-generation,5,6280,104.66666666666667,8.666666666666666,2026-01-05T08:40:00Z,43.947149027644905,44.02085085732824,NORMAL,NORMAL,279.4953621364576,85.0,70.0,0.16787878787878788,101.31706877446588,44.86319805333349,40.376878248000146,1.0,3,35.376878248000146,M2,nan,M1,M1,0,5.0,35.376878248000146,0.0,0.0,0.0,poor_tracking_condition,requested_mode_matches_applied_mode
threshold,persistent-low-generation,5,6285,104.75,8.75,2026-01-05T08:45:00Z,44.02085085732824,44.09715961024315,NORMAL,NORMAL,288.1572258678527,85.0,70.0,0.16787878787878788,104.4569943770966,46.25355711017838,41.62820139916054,1.0,3,36.62820139916054,M2,nan,M1,M1,0,5.0,36.62820139916054,0.0,0.0,0.0,poor_tracking_condition,requested_mode_matches_applied_mode
threshold,persistent-low-generation,5,6290,104.83333333333333,8.833333333333334,2026-01-05T08:50:00Z,44.09715961024315,44.17603863821764,NORMAL,NORMAL,296.69732096864084,85.0,70.0,0.16787878787878788,107.55277885113232,47.62437047528139,42.86193342775325,1.0,3,37.86193342775325,M2,nan,M1,M1,0,5.0,37.86193342775325,0.0,0.0,0.0,poor_tracking_condition,requested_mode_matches_applied_mode
threshold,persistent-low-generation,5,6295,104.91666666666667,8.916666666666666,2026-01-05T08:55:00Z,44.17603863821764,44.257449091971246,NORMAL,NORMAL,305.1083339509776,85.0,70.0,0.16787878787878788,110.6017710572294,48.97446422414117,44.07701780172706,1.0,3,39.07701780172706,M2,nan,M1,M1,0,5.0,39.07701780172706,0.0,0.0,0.0,poor_tracking_condition,requested_mode_matches_applied_mode
threshold,persistent-low-generation,5,6300,105.0,9.0,2026-01-05T09:00:00Z,44.257449091971246,44.3413499745309,NORMAL,NORMAL,313.38312880856245,85.0,70.0,0.16787878787878788,113.6013841931039,50.302692920706406,45.272423628635764,1.0,3,40.272423628635764,M2,nan,M1,M1,0,5.0,40.272423628635764,0.0,0.0,0.0,poor_tracking_condition,requested_mode_matches_applied_mode
threshold,persistent-low-generation,5,6305,105.08333333333333,9.083333333333334,2026-01-05T09:05:00Z,44.3413499745309,44.42769819412025,NORMAL,NORMAL,321.5147452670294,85.0,70.0,0.16787878787878788,116.54909515929818,51.607939336537235,46.447145402883514,1.0,3,41.447145402883514,M2,nan,M1,M1,0,5.0,41.447145402883514,0.0,0.0,0.0,poor_tracking_condition,requested_mode_matches_applied_mode
threshold,persistent-low-generation,5,6310,105.16666666666667,9.166666666666666,2026-01-05T09:10:00Z,44.42769819412025,44.5164486166953,NORMAL,NORMAL,329.4963976092564,85.0,70.0,0.16787878787878788,119.44244413335547,52.8891142622498,47.60020283602482,1.0,3,42.60020283602482,M2,nan,M1,M1,0,5.0,42.60020283602482,0.0,0.0,0.0,poor_tracking_condition,requested_mode_matches_applied_mode
threshold,persistent-low-generation,5,6315,105.25,9.25,2026-01-05T09:15:00Z,44.5164486166953,44.6075541182736,NORMAL,NORMAL,337.3214739888143,85.0,70.0,0.16787878787878788,122.2790343209452,54.14515639731453,48.730640757583075,1.0,3,43.730640757583075,M2,nan,M1,M1,0,5.0,43.730640757583075,0.0,0.0,0.0,poor_tracking_condition,requested_mode_matches_applied_mode
threshold,persistent-low-generation,5,6320,105.33333333333333,9.333333333333334,2026-01-05T09:20:00Z,44.6075541182736,44.70096563718129,NORMAL,NORMAL,344.9835361575411,85.0,70.0,0.16787878787878788,125.05653185710867,55.37503230632772,49.837529075694945,1.0,3,44.837529075694945,M2,nan,M1,M1,0,5.0,44.837529075694945,0.0,0.0,4.440892098500626e-16,poor_tracking_condition,requested_mode_matches_applied_mode
threshold,persistent-low-generation,5,6325,105.41666666666667,9.416666666666666,2026-01-05T09:25:00Z,44.70096563718129,44.79663222632382,NORMAL,NORMAL,352.47631954379665,85.0,70.0,0.16787878787878788,127.7726658346263,56.57773643157252,50.91996278841527,1.0,3,45.91996278841527,M2,nan,M1,M1,0,5.0,45.91996278841527,0.0,0.0,0.0,poor_tracking_condition,requested_mode_matches_applied_mode
threshold,persistent-low-generation,5,6330,105.5,9.5,2026-01-05T09:30:00Z,44.79663222632382,44.894501105569226,NORMAL,NORMAL,359.7937336267778,85.0,70.0,0.16787878787878788,130.42522843970696,57.75229115310224,51.97706203779202,1.0,3,46.97706203779202,M2,nan,M1,M1,0,5.0,46.97706203779202,0.0,0.0,0.0,poor_tracking_condition,requested_mode_matches_applied_mode
threshold,persistent-low-generation,5,6335,105.58333333333333,9.583333333333334,2026-01-05T09:35:00Z,44.894501105569226,44.99451771431898,NORMAL,NORMAL,366.9298625596508,85.0,70.0,0.16787878787878788,133.01207517787344,58.897746888762356,53.00797219988612,1.0,3,48.00797219988612,M2,nan,M1,M1,0,5.0,48.00797219988612,0.0,0.0,0.0,poor_tracking_condition,requested_mode_matches_applied_mode
threshold,persistent-low-generation,5,6340,105.66666666666667,9.666666666666666,2026-01-05T09:40:00Z,44.99451771431898,45.09662576432901,NORMAL,NORMAL,373.8789660004802,85.0,70.0,0.16787878787878788,135.53112517517408,60.01318222756708,54.01186400481037,1.0,3,49.01186400481037,M2,nan,M1,M1,0,5.0,49.01186400481037,0.0,0.0,0.0,poor_tracking_condition,requested_mode_matches_applied_mode
threshold,persistent-low-generation,5,6345,105.75,9.75,2026-01-05T09:45:00Z,45.09662576432901,45.20076729283238,NORMAL,NORMAL,380.63548011518435,85.0,70.0,0.16787878787878788,137.98036154175435,61.09770409068883,54.98793368161995,1.0,3,49.98793368161995,M3,nan,M3,M1,0,5.0,49.98793368161995,0.0,0.0,0.0,poor_tracking_condition,new_candidate_started
threshold,persistent-low-generation,5,6350,105.83333333333333,9.833333333333334,2026-01-05T09:50:00Z,45.20076729283238,45.306882716006406,NORMAL,NORMAL,387.1940187212154,85.0,70.0,0.16787878787878788,140.3578317864406,62.150447915035905,55.93540312353232,1.0,3,50.93540312353232,M3,nan,M3,M1,0,5.0,50.93540312353232,0.0,0.0,0.0,poor_tracking_condition,waiting_for_candidate_confirmation
threshold,persistent-low-generation,5,6355,105.91666666666667,9.916666666666666,2026-01-05T09:55:00Z,45.306882716006406,45.236638324894535,NORMAL,NORMAL,393.5493745444713,85.0,70.0,0.16787878787878788,142.66164827237085,63.17057785500582,56.85352006950524,1.0,3,51.85352006950524,M3,nan,M3,M3,1,85.68181818181819,-28.82829811231295,2.402358176026079,5.916666666666666,0.0,poor_tracking_condition,candidate_confirmed_and_dwell_satisfied
threshold,persistent-low-generation,5,6360,106.0,10.0,2026-01-05T10:00:00Z,45.236638324894535,45.16855776962372,NORMAL,NORMAL,399.6965205652085,85.0,70.0,0.16787878787878788,144.8899887048881,64.15728699852446,57.74155829867201,0.95,3,-27.940259883146176,M3,nan,M3,M3,1,85.68181818181819,-27.940259883146176,2.328354990262181,5.916666666666666,0.0,poor_tracking_condition,requested_mode_matches_applied_mode
threshold,persistent-low-generation,5,6365,106.08333333333333,10.083333333333334,2026-01-05T10:05:00Z,45.16855776962372,45.10256605337791,NORMAL,NORMAL,405.6306114315386,85.0,70.0,0.16787878787878788,147.04109664393278,65.10979759393342,58.59881783454008,0.95,3,-27.08300034727811,M3,nan,M3,M3,1,85.68181818181819,-27.08300034727811,2.2569166956065088,5.916666666666666,0.0,poor_tracking_condition,requested_mode_matches_applied_mode
threshold,persistent-low-generation,5,6370,106.16666666666667,10.166666666666666,2026-01-05T10:10:00Z,45.10256605337791,45.03858653820831,NORMAL,NORMAL,411.3469849215116,85.0,70.0,0.16787878787878788,149.11328203404798,66.02736128467643,59.42462515620879,0.95,3,-26.257193025609396,M3,nan,M3,M3,1,85.68181818181819,-26.257193025609396,2.1880994188007827,5.916666666666666,0.0,poor_tracking_condition,requested_mode_matches_applied_mode
threshold,persistent-low-generation,5,6375,106.25,10.25,2026-01-05T10:15:00Z,45.03858653820831,44.97654101002202,NORMAL,NORMAL,416.8411634369035,85.0,70.0,0.16787878787878788,151.10492174587753,66.90925934907456,60.218333414167105,0.95,3,-25.46348476765108,M3,nan,M3,M3,1,85.68181818181819,-25.46348476765108,2.1219570639709233,5.916666666666666,0.0,poor_tracking_condition,requested_mode_matches_applied_mode
threshold,persistent-low-generation,5,6380,106.33333333333333,10.333333333333334,2026-01-05T10:20:00Z,44.97654101002202,45.09316459887305,NORMAL,NORMAL,422.1088555136517,85.0,70.0,0.16787878787878788,153.01446012369877,67.75480294277381,60.97932264849643,0.95,3,-24.70249553332176,M2,nan,M1,M1,0,5.0,55.97932264849643,0.0,0.0,0.0,poor_tracking_condition,safety_reduction_applied_immediately
threshold,persistent-low-generation,5,6385,106.41666666666667,10.416666666666666,2026-01-05T10:25:00Z,45.09316459887305,45.21130418222209,NORMAL,NORMAL,427.1459573354957,85.0,70.0,0.16787878787878788,154.8404095341172,68.56333334170711,61.7070000075364,0.95,3,56.7070000075364,M3,nan,M3,M1,0,5.0,56.7070000075364,0.0,0.0,0.0,poor_tracking_condition,new_candidate_started
threshold,persistent-low-generation,5,6390,106.5,10.5,2026-01-05T10:30:00Z,45.21130418222209,45.33088918214974,NORMAL,NORMAL,431.9485542387826,85.0,70.0,0.16787878787878788,156.5813509115587,69.33422218363819,62.40079996527437,0.95,3,57.40079996527437,M3,nan,M3,M1,0,5.0,57.40079996527437,0.0,0.0,0.0,poor_tracking_condition,waiting_for_candidate_confirmation
threshold,persistent-low-generation,5,6395,106.58333333333333,10.583333333333334,2026-01-05T10:35:00Z,45.33088918214974,45.275768242466704,NORMAL,NORMAL,436.5129221976478,85.0,70.0,0.16787878787878788,158.23593429664734,70.06687170655545,63.0601845358999,0.95,3,58.0601845358999,M3,nan,M3,M3,1,85.68181818181819,-22.621633645918287,1.8851361371598572,5.916666666666666,0.0,poor_tracking_condition,candidate_confirmed_and_dwell_satisfied
threshold,persistent-low-generation,5,6400,106.66666666666667,10.666666666666666,2026-01-05T10:40:00Z,45.275768242466704,45.22216888891482,NORMAL,NORMAL,440.8355292798796,85.0,70.0,0.16787878787878788,159.80287936395638,70.76071498235987,63.68464348412389,0.95,3,-21.997174697694298,M3,nan,M3,M3,1,85.68181818181819,-21.997174697694298,1.8330978914745248,5.916666666666666,0.0,poor_tracking_condition,requested_mode_matches_applied_mode
threshold,persistent-low-generation,5,6405,106.75,10.75,2026-01-05T10:45:00Z,45.22216888891482,45.17000484492892,NORMAL,NORMAL,444.91303706475765,85.0,70.0,0.16787878787878788,161.28097593597465,71.41521614444957,64.27369453000462,0.95,3,-21.40812365181357,M3,nan,M3,M3,1,85.68181818181819,-21.40812365181357,1.7840103043177973,5.916666666666666,0.0,poor_tracking_condition,requested_mode_matches_applied_mode
threshold,persistent-low-generation,5,6410,106.83333333333333,10.833333333333334,2026-01-05T10:50:00Z,45.17000484492892,45.11918872739805,NORMAL,NORMAL,448.7423020150338,85.0,70.0,0.16787878787878788,162.66908448044975,72.02987060794315,64.82688354714884,0.95,3,-20.85493463466935,M3,nan,M3,M3,1,85.68181818181819,-20.85493463466935,1.7379112195557789,5.916666666666666,0.0,poor_tracking_condition,requested_mode_matches_applied_mode
threshold,persistent-low-generation,5,6415,106.91666666666667,10.916666666666666,2026-01-05T10:55:00Z,45.11918872739805,45.06963211573004,NORMAL,NORMAL,452.3203767960078,85.0,70.0,0.16787878787878788,163.96613658855284,72.60420528141118,65.34378475327007,0.95,3,-20.338033428548115,M3,nan,M3,M3,1,85.68181818181819,-20.338033428548115,1.6948361190456762,5.916666666666666,0.0,poor_tracking_condition,requested_mode_matches_applied_mode
threshold,persistent-low-generation,5,6420,107.0,11.0,2026-01-05T11:00:00Z,45.06963211573004,45.0212456213596,NORMAL,NORMAL,455.64451153536436,85.0,70.0,0.16787878787878788,165.1711354315696,73.13777876909901,65.82400089218912,0.95,3,-19.857817289629068,M3,nan,M3,M3,1,85.68181818181819,-19.857817289629068,1.6548181074690889,5.916666666666666,0.0,poor_tracking_condition,requested_mode_matches_applied_mode
threshold,persistent-low-generation,5,6425,107.08333333333333,11.083333333333334,2026-01-05T11:05:00Z,45.0212456213596,44.973938957676936,NORMAL,NORMAL,458.71215501807666,85.0,70.0,0.16787878787878788,166.28315619405282,73.63018156272658,66.26716340645392,0.95,3,-19.41465477536427,M3,nan,M3,M3,1,85.68181818181819,-19.41465477536427,1.6178878979470224,5.916666666666666,0.0,poor_tracking_condition,requested_mode_matches_applied_mode
threshold,persistent-low-generation,5,6430,107.16666666666667,11.166666666666666,2026-01-05T11:10:00Z,44.973938957676936,45.10242423392662,NORMAL,NORMAL,461.52095581127423,85.0,70.0,0.16787878787878788,167.30134648158693,74.08103622204669,66.67293259984203,0.95,3,-19.00888558197616,M2,nan,M1,M1,0,5.0,61.67293259984203,0.0,0.0,0.0,poor_tracking_condition,safety_reduction_applied_immediately
threshold,persistent-low-generation,5,6435,107.25,11.25,2026-01-05T11:15:00Z,45.10242423392662,45.231676312653875,NORMAL,NORMAL,464.06876331450326,85.0,70.0,0.16787878787878788,168.22492670150746,74.48999754342749,67.04099778908474,0.95,3,62.04099778908474,M3,nan,M3,M1,0,5.0,62.04099778908474,0.0,0.0,0.0,poor_tracking_condition,new_candidate_started
threshold,persistent-low-generation,5,6440,107.33333333333333,11.333333333333334,2026-01-05T11:20:00Z,45.231676312653875,45.36161605732934,NORMAL,NORMAL,466.3536287313086,85.0,70.0,0.16787878787878788,169.0531904150994,74.85675271580602,67.37107744422542,0.95,3,62.37107744422542,M3,nan,M3,M1,0,5.0,62.37107744422542,0.0,0.0,0.0,poor_tracking_condition,waiting_for_candidate_confirmation
threshold,persistent-low-generation,5,6445,107.41666666666667,11.416666666666666,2026-01-05T11:25:00Z,45.36161605732934,45.31771035834121,NORMAL,NORMAL,468.37380595852005,85.0,70.0,0.16787878787878788,169.78550465996355,75.18102146343188,67.6629193170887,0.95,3,62.662919317088694,M3,nan,M3,M3,1,85.68181818181819,-18.018898864729493,1.5015749053941243,5.916666666666666,0.0,poor_tracking_condition,candidate_confirmed_and_dwell_satisfied
threshold,persistent-low-generation,5,6450,107.5,11.5,2026-01-05T11:30:00Z,45.31771035834121,45.2744220600361,NORMAL,NORMAL,470.1277523900539,85.0,70.0,0.16787878787878788,170.42131024139456,75.46255617488951,67.91630055740056,0.95,3,-17.765517624417626,M3,nan,M3,M3,1,85.68181818181819,-17.765517624417626,1.480459802034802,5.916666666666666,0.0,poor_tracking_condition,requested_mode_matches_applied_mode
threshold,persistent-low-generation,5,6455,107.58333333333333,11.583333333333334,2026-01-05T11:35:00Z,45.2744220600361,45.231656976299114,NORMAL,NORMAL,471.61412963244163,85.0,70.0,0.16787878787878788,170.9601219917601,75.70114201795137,68.13102781615623,0.95,3,-17.550790365661953,M3,nan,M3,M3,1,85.68181818181819,-17.550790365661953,1.4625658638051626,5.916666666666666,0.0,poor_tracking_condition,requested_mode_matches_applied_mode
threshold,persistent-low-generation,5,6460,107.66666666666667,11.666666666666666,2026-01-05T11:40:00Z,45.231656976299114,45.18932052199616,NORMAL,NORMAL,472.8318041296715,85.0,70.0,0.16787878787878788,171.40152899700595,75.89659703987422,68.3069373358868,0.95,3,-17.374880845931386,M3,nan,M3,M3,1,85.68181818181819,-17.374880845931386,1.4479067371609489,5.916666666666666,0.0,poor_tracking_condition,requested_mode_matches_applied_mode
threshold,persistent-low-generation,5,6465,107.75,11.75,2026-01-05T11:45:00Z,45.18932052199616,45.14731778526543,NORMAL,NORMAL,473.77984769529087,85.0,70.0,0.16787878787878788,171.74519478954295,76.04877225280961,68.44389502752865,0.95,3,-17.237923154289533,M3,nan,M3,M3,1,85.68181818181819,-17.237923154289533,1.4364935961907943,5.916666666666666,0.0,poor_tracking_condition,requested_mode_matches_applied_mode
threshold,persistent-low-generation,5,6470,107.83333333333333,11.833333333333334,2026-01-05T11:50:00Z,45.14731778526543,45.10555359996287,NORMAL,NORMAL,474.457537950053,85.0,70.0,0.16787878787878788,171.99085750689423,76.15755170405276,68.54179653364749,0.95,3,-17.140021648170702,M3,nan,M3,M3,1,85.68181818181819,-17.140021648170702,1.4283351373475583,5.916666666666666,0.0,poor_tracking_condition,requested_mode_matches_applied_mode
threshold,persistent-low-generation,5,6475,107.91666666666667,11.916666666666666,2026-01-05T11:55:00Z,45.10555359996287,45.06393261822797,NORMAL,NORMAL,474.86435866372636,85.0,70.0,0.16787878787878788,172.13833001560081,76.22285253090804,68.60056727781723,0.95,3,-17.081250904000953,M3,nan,M3,M3,1,85.68181818181819,-17.081250904000953,1.4234375753334128,5.916666666666666,0.0,poor_tracking_condition,requested_mode_matches_applied_mode
threshold,persistent-low-generation,5,6480,108.0,12.0,2026-01-05T12:00:00Z,45.06393261822797,45.02235938313582,NORMAL,NORMAL,475.0,85.0,70.0,0.16787878787878788,172.18750000000003,76.24462500000001,68.62016250000002,0.95,3,-17.061655681818166,M3,nan,M3,M3,1,85.68181818181819,-17.061655681818166,1.4218046401515139,5.916666666666666,0.0,poor_tracking_condition,requested_mode_matches_applied_mode
threshold,persistent-low-generation,5,6485,108.08333333333333,12.083333333333334,2026-01-05T12:05:00Z,45.02235938313582,44.98073840140093,NORMAL,NORMAL,474.86435866372636,85.0,70.0,0.16787878787878788,172.13833001560081,76.22285253090804,68.60056727781723,0.95,3,-17.081250904000953,M3,nan,M3,M3,1,85.68181818181819,-17.081250904000953,1.4234375753334128,5.916666666666666,0.0,poor_tracking_condition,requested_mode_matches_applied_mode
threshold,persistent-low-generation,5,6490,108.16666666666667,12.166666666666666,2026-01-05T12:10:00Z,44.98073840140093,45.113117144179355,NORMAL,NORMAL,474.457537950053,85.0,70.0,0.16787878787878788,171.99085750689423,76.15755170405276,68.54179653364749,0.95,3,-17.140021648170702,M2,nan,M1,M1,0,5.0,63.541796533647485,0.0,0.0,0.0,poor_tracking_condition,safety_reduction_applied_immediately
threshold,persistent-low-generation,5,6495,108.25,12.25,2026-01-05T12:15:00Z,45.113117144179355,45.24529192548671,NORMAL,NORMAL,473.77984769529087,85.0,70.0,0.16787878787878788,171.74519478954295,76.04877225280961,68.44389502752865,0.95,3,63.443895027528654,M3,nan,M3,M1,0,5.0,63.443895027528654,0.0,0.0,0.0,poor_tracking_condition,new_candidate_started
threshold,persistent-low-generation,5,6500,108.33333333333333,12.333333333333334,2026-01-05T12:20:00Z,45.24529192548671,45.37718137826981,NORMAL,NORMAL,472.8318041296715,85.0,70.0,0.16787878787878788,171.40152899700595,75.89659703987422,68.3069373358868,0.95,3,63.3069373358868,M3,nan,M3,M1,0,5.0,63.3069373358868,0.0,0.0,0.0,poor_tracking_condition,waiting_for_candidate_confirmation
threshold,persistent-low-generation,5,6505,108.41666666666667,12.416666666666666,2026-01-05T12:25:00Z,45.37718137826981,45.33441629453281,NORMAL,NORMAL,471.61412963244163,85.0,70.0,0.16787878787878788,170.9601219917601,75.70114201795137,68.13102781615623,0.95,3,63.131027816156234,M3,nan,M3,M3,1,85.68181818181819,-17.550790365661953,1.4625658638051626,5.916666666666666,0.0,poor_tracking_condition,candidate_confirmed_and_dwell_satisfied
threshold,persistent-low-generation,5,6510,108.5,12.5,2026-01-05T12:30:00Z,45.33441629453281,45.2911279962277,NORMAL,NORMAL,470.12775239005396,85.0,70.0,0.16787878787878788,170.4213102413946,75.46255617488953,67.91630055740058,0.95,3,-17.765517624417612,M3,nan,M3,M3,1,85.68181818181819,-17.765517624417612,1.480459802034801,5.916666666666666,0.0,poor_tracking_condition,requested_mode_matches_applied_mode
threshold,persistent-low-generation,5,6515,108.58333333333333,12.583333333333334,2026-01-05T12:35:00Z,45.2911279962277,45.24722229723957,NORMAL,NORMAL,468.37380595852005,85.0,70.0,0.16787878787878788,169.78550465996355,75.18102146343188,67.6629193170887,0.95,3,-18.018898864729493,M3,nan,M3,M3,1,85.68181818181819,-18.018898864729493,1.5015749053941243,5.916666666666666,0.0,poor_tracking_condition,requested_mode_matches_applied_mode
threshold,persistent-low-generation,5,6520,108.66666666666667,12.666666666666666,2026-01-05T12:40:00Z,45.24722229723957,45.20260548257682,NORMAL,NORMAL,466.3536287313086,85.0,70.0,0.16787878787878788,169.0531904150994,74.85675271580602,67.37107744422542,0.95,3,-18.310740737592766,M3,nan,M3,M3,1,85.68181818181819,-18.310740737592766,1.5258950614660638,5.916666666666666,0.0,poor_tracking_condition,requested_mode_matches_applied_mode
threshold,persistent-low-generation,5,6525,108.75,12.75,2026-01-05T12:45:00Z,45.20260548257682,45.15718438025534,NORMAL,NORMAL,464.06876331450326,85.0,70.0,0.16787878787878788,168.22492670150746,74.48999754342749,67.04099778908474,0.95,3,-18.640820392733445,M3,nan,M3,M3,1,85.68181818181819,-18.640820392733445,1.5534016993944537,5.916666666666666,0.0,poor_tracking_condition,requested_mode_matches_applied_mode
threshold,persistent-low-generation,5,6530,108.83333333333333,12.833333333333334,2026-01-05T12:50:00Z,45.15718438025534,45.11086643293084,NORMAL,NORMAL,461.52095581127423,85.0,70.0,0.16787878787878788,167.30134648158693,74.08103622204669,66.67293259984203,0.95,3,-19.00888558197616,M3,nan,M3,M3,1,85.68181818181819,-19.00888558197616,1.584073798498013,5.916666666666666,0.0,poor_tracking_condition,requested_mode_matches_applied_mode
threshold,persistent-low-generation,5,6535,108.91666666666667,12.916666666666666,2026-01-05T12:55:00Z,45.11086643293084,45.06355976924817,NORMAL,NORMAL,458.71215501807666,85.0,70.0,0.16787878787878788,166.28315619405282,73.63018156272658,66.26716340645392,0.95,3,-19.41465477536427,M3,nan,M3,M3,1,85.68181818181819,-19.41465477536427,1.6178878979470224,5.916666666666666,0.0,poor_tracking_condition,requested_mode_matches_applied_mode
threshold,persistent-low-generation,5,6540,109.0,13.0,2026-01-05T13:00:00Z,45.06355976924817,45.01517327487773,NORMAL,NORMAL,455.64451153536436,85.0,70.0,0.16787878787878788,165.1711354315696,73.13777876909901,65.82400089218912,1.0,3,-19.857817289629068,M3,nan,M3,M3,1,85.68181818181819,-19.857817289629068,1.6548181074690889,5.916666666666666,0.0,poor_tracking_condition,requested_mode_matches_applied_mode
threshold,persistent-low-generation,5,6545,109.08333333333333,13.083333333333334,2026-01-05T13:05:00Z,45.01517327487773,44.96561666320974,NORMAL,NORMAL,452.3203767960078,85.0,70.0,0.16787878787878788,163.96613658855284,72.60420528141118,65.34378475327007,1.0,3,-20.338033428548115,M3,nan,M3,M3,1,85.68181818181819,-20.338033428548115,1.6948361190456762,5.916666666666666,0.0,poor_tracking_condition,requested_mode_matches_applied_mode
threshold,persistent-low-generation,5,6550,109.16666666666667,13.166666666666666,2026-01-05T13:10:00Z,44.96561666320974,45.090256003932964,NORMAL,NORMAL,448.7423020150338,85.0,70.0,0.16787878787878788,162.66908448044975,72.02987060794315,64.82688354714884,1.0,3,-20.85493463466935,M2,nan,M1,M1,0,5.0,59.82688354714884,0.0,0.0,0.0,poor_tracking_condition,safety_reduction_applied_immediately
threshold,persistent-low-generation,5,6555,109.25,13.25,2026-01-05T13:15:00Z,45.090256003932964,45.21374286753714,NORMAL,NORMAL,444.9130370647577,85.0,70.0,0.16787878787878788,161.28097593597468,71.41521614444959,64.27369453000463,1.0,3,59.27369453000463,M3,nan,M3,M1,0,5.0,59.27369453000463,0.0,0.0,0.0,poor_tracking_condition,new_candidate_started
threshold,persistent-low-generation,5,6560,109.33333333333333,13.333333333333334,2026-01-05T13:20:00Z,45.21374286753714,45.3360025414624,NORMAL,NORMAL,440.83552927987967,85.0,70.0,0.16787878787878788,159.8028793639564,70.76071498235989,63.684643484123896,1.0,3,58.684643484123896,M3,nan,M3,M1,0,5.0,58.684643484123896,0.0,0.0,0.0,poor_tracking_condition,waiting_for_candidate_confirmation
threshold,persistent-low-generation,5,6565,109.41666666666667,13.416666666666666,2026-01-05T13:25:00Z,45.3360025414624,45.28088160177936,NORMAL,NORMAL,436.51292219764787,85.0,70.0,0.16787878787878788,158.23593429664737,70.06687170655545,63.0601845358999,1.0,3,58.0601845358999,M3,nan,M3,M3,1,85.68181818181819,-22.621633645918287,1.8851361371598572,5.916666666666666,0.0,poor_tracking_condition,candidate_confirmed_and_dwell_satisfied
threshold,persistent-low-generation,5,6570,109.5,13.5,2026-01-05T13:30:00Z,45.28088160177936,45.22415397454607,NORMAL,NORMAL,431.9485542387826,85.0,70.0,0.16787878787878788,156.5813509115587,69.33422218363819,62.40079996527437,1.0,3,-23.281018216543814,M3,nan,M3,M3,1,85.68181818181819,-23.281018216543814,1.940084851378651,5.916666666666666,0.0,poor_tracking_condition,requested_mode_matches_applied_mode
threshold,persistent-low-generation,5,6575,109.58333333333333,13.583333333333334,2026-01-05T13:35:00Z,45.22415397454607,45.165735801606786,NORMAL,NORMAL,427.1459573354958,85.0,70.0,0.16787878787878788,154.84040953411724,68.56333334170712,61.70700000753641,1.0,3,-23.97481817428178,M3,nan,M3,M3,1,85.68181818181819,-23.97481817428178,1.9979015145234815,5.916666666666666,0.0,poor_tracking_condition,requested_mode_matches_applied_mode
threshold,persistent-low-generation,5,6580,109.66666666666667,13.666666666666666,2026-01-05T13:40:00Z,45.165735801606786,45.105544535687386,NORMAL,NORMAL,422.10885551365175,85.0,70.0,0.16787878787878788,153.01446012369877,67.75480294277381,60.97932264849643,1.0,3,-24.70249553332176,M3,nan,M3,M3,1,85.68181818181819,-24.70249553332176,2.0585412944434798,5.916666666666666,0.0,poor_tracking_condition,requested_mode_matches_applied_mode
threshold,persistent-low-generation,5,6585,109.75,13.75,2026-01-05T13:45:00Z,45.105544535687386,45.043499007501104,NORMAL,NORMAL,416.8411634369035,85.0,70.0,0.16787878787878788,151.10492174587753,66.90925934907456,60.218333414167105,1.0,3,-25.46348476765108,M3,nan,M3,M3,1,85.68181818181819,-25.46348476765108,2.1219570639709233,5.916666666666666,0.0,poor_tracking_condition,requested_mode_matches_applied_mode
threshold,persistent-low-generation,5,6590,109.83333333333333,13.833333333333334,2026-01-05T13:50:00Z,45.043499007501104,44.97951949233149,NORMAL,NORMAL,411.3469849215117,85.0,70.0,0.16787878787878788,149.113282034048,66.02736128467645,59.424625156208805,1.0,3,-26.257193025609382,M3,nan,M3,M3,1,85.68181818181819,-26.257193025609382,2.188099418800782,5.916666666666666,0.0,poor_tracking_condition,requested_mode_matches_applied_mode
threshold,persistent-low-generation,5,6595,109.91666666666667,13.916666666666666,2026-01-05T13:55:00Z,44.97951949233149,45.09118369615344,NORMAL,NORMAL,405.6306114315386,85.0,70.0,0.16787878787878788,147.04109664393278,65.10979759393342,58.59881783454008,1.0,3,-27.08300034727811,M2,nan,M1,M1,0,5.0,53.59881783454008,0.0,0.0,0.0,poor_tracking_condition,safety_reduction_applied_immediately
threshold,persistent-low-generation,5,6600,110.0,14.0,2026-01-05T14:00:00Z,45.09118369615344,45.201061942609016,NORMAL,NORMAL,399.69652056520863,85.0,70.0,0.16787878787878788,144.88998870488814,64.15728699852447,57.741558298672025,1.0,3,52.741558298672025,M3,nan,M3,M1,0,5.0,52.741558298672025,0.0,0.0,0.0,poor_tracking_condition,new_candidate_started
threshold,persistent-low-generation,5,6605,110.08333333333333,14.083333333333334,2026-01-05T14:05:00Z,45.201061942609016,45.30909010942048,NORMAL,NORMAL,393.5493745444712,85.0,70.0,0.16787878787878788,142.66164827237083,63.1705778550058,56.85352006950522,1.0,3,51.85352006950522,M3,nan,M3,M1,0,5.0,51.85352006950522,0.0,0.0,0.0,poor_tracking_condition,waiting_for_candidate_confirmation
threshold,persistent-low-generation,5,6610,110.16666666666667,14.166666666666666,2026-01-05T14:10:00Z,45.30909010942048,45.23660859124727,NORMAL,NORMAL,387.1940187212154,85.0,70.0,0.16787878787878788,140.3578317864406,62.150447915035905,55.93540312353232,1.0,3,50.93540312353232,M3,nan,M3,M3,1,85.68181818181819,-29.74641505828587,2.4788679215238223,5.916666666666666,0.0,poor_tracking_condition,candidate_confirmed_and_dwell_satisfied
threshold,persistent-low-generation,5,6615,110.25,14.25,2026-01-05T14:15:00Z,45.23660859124727,45.16181842433645,NORMAL,NORMAL,380.63548011518446,85.0,70.0,0.16787878787878788,137.98036154175438,61.097704090688836,54.98793368161996,1.0,3,-30.69388450019823,M3,nan,M3,M3,1,85.68181818181819,-30.69388450019823,2.5578237083498525,5.916666666666666,0.0,poor_tracking_condition,requested_mode_matches_applied_mode
threshold,persistent-low-generation,5,6620,110.33333333333333,14.333333333333334,2026-01-05T14:20:00Z,45.16181842433645,45.08464992000651,NORMAL,NORMAL,373.8789660004804,85.0,70.0,0.16787878787878788,135.53112517517414,60.01318222756711,54.0118640048104,1.0,3,-31.66995417700779,M3,nan,M3,M3,1,85.68181818181819,-31.66995417700779,2.6391628480839824,5.916666666666666,0.0,poor_tracking_condition,requested_mode_matches_applied_mode
threshold,persistent-low-generation,5,6625,110.41666666666667,14.416666666666666,2026-01-05T14:25:00Z,45.08464992000651,45.00503528554761,NORMAL,NORMAL,366.92986255965087,85.0,70.0,0.16787878787878788,133.01207517787347,58.89774688876237,53.00797219988613,1.0,3,-32.673845981932054,M3,nan,M3,M3,1,85.68181818181819,-32.673845981932054,2.722820498494338,5.916666666666666,0.0,poor_tracking_condition,requested_mode_matches_applied_mode
threshold,persistent-low-generation,5,6630,110.5,14.5,2026-01-05T14:30:00Z,45.00503528554761,44.92290868675612,NORMAL,NORMAL,359.7937336267778,85.0,70.0,0.16787878787878788,130.42522843970696,57.75229115310224,51.97706203779202,1.0,3,-33.70475614402617,M3,nan,M3,M3,1,85.68181818181819,-33.70475614402617,2.8087296786688474,5.916666666666666,0.0,poor_tracking_condition,requested_mode_matches_applied_mode
threshold,persistent-low-generation,5,6635,110.58333333333333,14.583333333333334,2026-01-05T14:35:00Z,44.92290868675612,45.018575275898655,NORMAL,NORMAL,352.47631954379665,85.0,70.0,0.16787878787878788,127.7726658346263,56.57773643157252,50.91996278841527,1.0,3,-34.76185539340292,M2,nan,M1,M1,0,5.0,45.91996278841527,0.0,0.0,0.0,poor_tracking_condition,safety_reduction_applied_immediately
threshold,persistent-low-generation,5,6640,110.66666666666667,14.666666666666666,2026-01-05T14:40:00Z,45.018575275898655,45.11198679480635,NORMAL,NORMAL,344.9835361575411,85.0,70.0,0.16787878787878788,125.05653185710867,55.37503230632772,49.837529075694945,1.0,3,44.837529075694945,M3,nan,M3,M1,0,5.0,44.837529075694945,0.0,0.0,4.440892098500626e-16,poor_tracking_condition,new_candidate_started
threshold,persistent-low-generation,5,6645,110.75,14.75,2026-01-05T14:45:00Z,45.11198679480635,45.203092296384646,NORMAL,NORMAL,337.3214739888144,85.0,70.0,0.16787878787878788,122.27903432094523,54.145156397314544,48.73064075758309,1.0,3,43.73064075758309,M3,nan,M3,M1,0,5.0,43.73064075758309,0.0,0.0,0.0,poor_tracking_condition,waiting_for_candidate_confirmation
threshold,persistent-low-generation,5,6650,110.83333333333333,14.833333333333334,2026-01-05T14:50:00Z,45.203092296384646,45.110300835990415,NORMAL,NORMAL,329.4963976092564,85.0,70.0,0.16787878787878788,119.44244413335547,52.8891142622498,47.60020283602482,1.0,3,42.60020283602482,M3,nan,M3,M3,1,85.68181818181819,-38.08161534579337,3.1734679454827806,5.916666666666666,0.0,poor_tracking_condition,candidate_confirmed_and_dwell_satisfied
threshold,persistent-low-generation,5,6655,110.91666666666667,14.916666666666666,2026-01-05T14:55:00Z,45.110300835990415,45.014699781460834,NORMAL,NORMAL,321.51474526702947,85.0,70.0,0.16787878787878788,116.54909515929819,51.60793933653724,46.44714540288352,1.0,3,-39.234672778934666,M3,nan,M3,M3,1,85.68181818181819,-39.234672778934666,3.269556064911222,5.916666666666666,0.0,poor_tracking_condition,requested_mode_matches_applied_mode
threshold,persistent-low-generation,5,6660,111.0,15.0,2026-01-05T15:00:00Z,45.014699781460834,44.916236344440414,NORMAL,NORMAL,313.38312880856245,85.0,70.0,0.16787878787878788,113.6013841931039,50.302692920706406,45.272423628635764,1.0,3,-40.40939455318242,M3,nan,M3,M3,1,85.68181818181819,-40.40939455318242,3.367449546098535,5.916666666666666,0.0,poor_tracking_condition,requested_mode_matches_applied_mode
threshold,persistent-low-generation,5,6665,111.08333333333333,15.083333333333334,2026-01-05T15:05:00Z,44.916236344440414,44.99764679819401,NORMAL,NORMAL,305.1083339509776,85.0,70.0,0.16787878787878788,110.6017710572294,48.97446422414117,44.07701780172706,1.0,3,-41.60480038009113,M2,nan,M1,M1,0,5.0,39.07701780172706,0.0,0.0,0.0,poor_tracking_condition,safety_reduction_applied_immediately
threshold,persistent-low-generation,5,6670,111.16666666666667,15.166666666666666,2026-01-05T15:10:00Z,44.99764679819401,45.0765258261685,NORMAL,NORMAL,296.69732096864095,85.0,70.0,0.16787878787878788,107.55277885113236,47.62437047528141,42.86193342775327,1.0,3,37.86193342775327,M2,nan,M1,M1,0,5.0,37.86193342775327,0.0,0.0,0.0,poor_tracking_condition,requested_mode_matches_applied_mode
threshold,persistent-low-generation,5,6675,111.25,15.25,2026-01-05T15:15:00Z,45.0765258261685,45.15283457908341,NORMAL,NORMAL,288.15722586785273,85.0,70.0,0.16787878787878788,104.45699437709663,46.25355711017839,41.62820139916055,1.0,3,36.62820139916055,M3,nan,M3,M1,0,5.0,36.62820139916055,0.0,0.0,0.0,poor_tracking_condition,new_candidate_started
threshold,persistent-low-generation,5,6680,111.33333333333333,15.333333333333334,2026-01-05T15:20:00Z,45.15283457908341,45.226536408766755,NORMAL,NORMAL,279.4953621364577,85.0,70.0,0.16787878787878788,101.31706877446592,44.863198053333505,40.37687824800015,1.0,3,35.37687824800015,M3,nan,M3,M1,0,5.0,35.37687824800015,0.0,0.0,0.0,poor_tracking_condition,waiting_for_candidate_confirmation
threshold,persistent-low-generation,5,6685,111.41666666666667,15.416666666666666,2026-01-05T15:25:00Z,45.226536408766755,45.11305499627819,NORMAL,NORMAL,270.7192231706225,85.0,70.0,0.16787878787878788,98.13571839935068,43.45449610723247,39.10904649650923,1.0,3,34.10904649650923,M3,nan,M3,M3,1,85.68181818181819,-46.57277168530896,3.88106430710908,5.916666666666666,0.0,poor_tracking_condition,candidate_confirmed_and_dwell_satisfied
threshold,persistent-low-generation,5,6690,111.5,15.5,2026-01-05T15:30:00Z,45.11305499627819,44.99644680169047,NORMAL,NORMAL,261.8364854999092,85.0,70.0,0.16787878787878788,94.9157259937171,42.02868347001793,37.82581512301614,1.0,3,-47.856003058802045,M3,nan,M3,M3,1,85.68181818181819,-47.856003058802045,3.98800025490017,5.916666666666666,0.0,poor_tracking_condition,requested_mode_matches_applied_mode
threshold,persistent-low-generation,5,6695,111.58333333333333,15.583333333333334,2026-01-05T15:35:00Z,44.99644680169047,45.062130802032165,NORMAL,NORMAL,252.855012954932,85.0,70.0,0.16787878787878788,91.65994219616286,40.58702240446092,36.52832016401483,1.0,3,-49.15349801780336,M2,nan,M1,M1,0,5.0,31.52832016401483,0.0,0.0,0.0,poor_tracking_condition,safety_reduction_applied_immediately
threshold,persistent-low-generation,5,6700,111.66666666666667,15.666666666666666,2026-01-05T15:40:00Z,45.062130802032165,45.12508439677672,NORMAL,NORMAL,243.7828619505026,85.0,70.0,0.16787878787878788,88.3712874570572,39.13080608598493,35.21772547738644,1.0,3,30.217725477386438,M3,nan,M3,M1,0,5.0,30.217725477386438,0.0,0.0,0.0,poor_tracking_condition,new_candidate_started
threshold,persistent-low-generation,5,6705,111.75,15.75,2026-01-05T15:45:00Z,45.12508439677672,45.18528277947857,NORMAL,NORMAL,234.6282880927447,85.0,70.0,0.16787878787878788,85.05275443361997,37.66135966320692,33.895223696886234,1.0,3,28.895223696886234,M3,nan,M3,M1,0,5.0,28.895223696886234,0.0,0.0,0.0,poor_tracking_condition,waiting_for_candidate_confirmation
threshold,persistent-low-generation,5,6710,111.83333333333333,15.833333333333334,2026-01-05T15:50:00Z,45.18528277947857,45.05584861581539,NORMAL,NORMAL,225.39975436323775,85.0,70.0,0.16787878787878788,81.7074109566737,36.18004157161511,32.5620374144536,1.0,3,27.5620374144536,M3,nan,M3,M3,1,85.68181818181819,-53.11978076736459,4.426648397280382,5.916666666666666,0.0,poor_tracking_condition,candidate_confirmed_and_dwell_satisfied
threshold,persistent-low-generation,5,6715,111.91666666666667,15.916666666666666,2026-01-05T15:55:00Z,45.05584861581539,44.923142968771565,NORMAL,NORMAL,216.1059411895109,85.0,70.0,0.16787878787878788,78.33840368119772,34.688245150034355,31.21942063503092,1.0,3,-54.462397546787265,M3,nan,M3,M3,1,85.68181818181819,-54.462397546787265,4.538533128898939,5.916666666666666,0.0,poor_tracking_condition,requested_mode_matches_applied_mode
threshold,persistent-low-generation,5,6720,112.0,16.0,2026-01-05T16:00:00Z,44.923142968771565,44.97495267826932,NORMAL,NORMAL,206.75575878282945,85.0,70.0,0.16787878787878788,74.94896255877568,33.187400621025866,29.86866055892328,1.0,3,-55.813157622894906,M2,nan,M1,M1,0,5.0,24.86866055892328,0.0,0.0,0.0,poor_tracking_condition,safety_reduction_applied_immediately
threshold,persistent-low-generation,5,6725,112.08333333333333,16.083333333333332,2026-01-05T16:05:00Z,44.97495267826932,45.02393409443603,NORMAL,NORMAL,197.35836221618453,85.0,70.0,0.16787878787878788,71.5424063033669,31.678977511130867,28.511079760017783,1.0,3,23.511079760017783,M2,nan,M1,M1,0,5.0,23.511079760017783,0.0,0.0,0.0,poor_tracking_condition,requested_mode_matches_applied_mode
threshold,persistent-low-generation,5,6730,112.16666666666667,16.166666666666668,2026-01-05T16:10:00Z,45.02393409443603,45.07007584203062,NORMAL,NORMAL,187.9231698346319,85.0,70.0,0.16787878787878788,68.12214906505407,30.164487606005945,27.148038845405353,1.0,3,22.148038845405353,M3,nan,M3,M1,0,5.0,22.148038845405353,0.0,0.0,0.0,poor_tracking_condition,new_candidate_started
threshold,persistent-low-generation,5,6735,112.25,16.25,2026-01-05T16:15:00Z,45.07007584203062,45.11336946641502,NORMAL,NORMAL,178.45988574631707,85.0,70.0,0.16787878787878788,64.69170858303994,28.645488560570083,25.780939704513074,1.0,3,20.780939704513074,M3,nan,M3,M1,0,5.0,20.780939704513074,0.0,0.0,0.0,poor_tracking_condition,waiting_for_candidate_confirmation
threshold,persistent-low-generation,5,6740,112.33333333333333,16.333333333333332,2026-01-05T16:20:00Z,45.11336946641502,44.9640746596507,NORMAL,NORMAL,168.97852734939664,85.0,70.0,0.16787878787878788,61.25471616415629,27.123588317488405,24.411229485739565,1.0,3,19.411229485739565,M3,nan,M3,M3,1,85.68181818181819,-61.27058869607862,5.105882391339884,5.916666666666666,0.0,poor_tracking_condition,candidate_confirmed_and_dwell_satisfied
threshold,persistent-low-generation,5,6745,112.41666666666667,16.416666666666668,2026-01-05T16:25:00Z,44.9640746596507,45.00165883773123,NORMAL,NORMAL,159.48945912743983,85.0,70.0,0.16787878787878788,57.81492893369695,25.60045053184101,23.040405478656908,1.0,3,-62.64141270316128,M2,nan,M1,M1,0,5.0,18.040405478656908,0.0,0.0,0.0,poor_tracking_condition,safety_reduction_applied_immediately
threshold,persistent-low-generation,5,6750,112.5,16.5,2026-01-05T16:30:00Z,45.00165883773123,45.036388048427646,NORMAL,NORMAL,150.00343432272103,85.0,70.0,0.16787878787878788,54.37624494198638,24.077801260311567,21.67002113428041,1.0,3,16.67002113428041,M3,nan,M3,M1,0,5.0,16.67002113428041,0.0,0.0,0.0,poor_tracking_condition,new_candidate_started
threshold,persistent-low-generation,5,6755,112.58333333333333,16.583333333333332,2026-01-05T16:35:00Z,45.036388048427646,45.06826657661712,NORMAL,NORMAL,140.53164661624447,85.0,70.0,0.16787878787878788,50.942721898388626,22.55743725660648,20.301693530945833,1.0,3,15.301693530945833,M3,nan,M3,M1,0,5.0,15.301693530945833,0.0,0.0,0.0,poor_tracking_condition,waiting_for_candidate_confirmation
threshold,persistent-low-generation,5,6760,112.66666666666667,16.666666666666668,2026-01-05T16:40:00Z,45.06826657661712,44.90563327865566,NORMAL,NORMAL,131.08579467086645,85.0,70.0,0.16787878787878788,47.51860056818909,21.04123633159413,18.937112698434717,1.0,3,13.937112698434717,M3,nan,M3,M3,1,85.68181818181819,-66.74470548338347,5.562058790281956,5.916666666666666,0.0,poor_tracking_condition,candidate_confirmed_and_dwell_satisfied
threshold,persistent-low-generation,5,6765,112.75,16.75,2026-01-05T16:45:00Z,44.90563327865566,44.93183755649486,NORMAL,NORMAL,121.67816343103354,85.0,70.0,0.16787878787878788,44.10833424374967,19.53117040313235,17.578053362819116,1.0,3,-68.10376481899907,M2,nan,M1,M1,0,5.0,12.578053362819116,0.0,0.0,0.0,poor_tracking_condition,safety_reduction_applied_immediately
threshold,persistent-low-generation,5,6770,112.83333333333333,16.833333333333332,2026-01-05T16:50:00Z,44.93183755649486,44.955225868770576,NORMAL,NORMAL,112.32172758060456,85.0,70.0,0.16787878787878788,40.71662624796916,18.029322102600744,16.22638989234067,1.0,3,11.22638989234067,M2,nan,M1,M1,0,5.0,11.22638989234067,0.0,0.0,0.0,poor_tracking_condition,requested_mode_matches_applied_mode
threshold,persistent-low-generation,5,6775,112.91666666666667,16.916666666666668,2026-01-05T16:55:00Z,44.955225868770576,44.97581777616313,NORMAL,NORMAL,103.03028480154454,85.0,70.0,0.16787878787878788,37.3484782405599,16.537906164919924,14.884115548427932,1.0,3,9.884115548427932,M2,nan,M1,M1,0,5.0,9.884115548427932,0.0,0.0,0.0,poor_tracking_condition,requested_mode_matches_applied_mode
threshold,persistent-low-generation,5,6780,113.0,17.0,2026-01-05T17:00:00Z,44.97581777616313,44.993637292078425,NORMAL,NORMAL,93.81862989157457,85.0,70.0,0.16787878787878788,34.00925333569579,15.059297377046093,13.553367639341484,1.0,3,8.553367639341484,M2,nan,M1,M1,0,5.0,8.553367639341484,0.0,0.0,0.0,poor_tracking_condition,requested_mode_matches_applied_mode
threshold,persistent-low-generation,5,6785,113.08333333333333,17.083333333333332,2026-01-05T17:05:00Z,44.993637292078425,45.008713252385384,NORMAL,NORMAL,84.70278615246784,85.0,70.0,0.16787878787878788,30.704759980269596,13.596067719263376,12.236460947337038,1.0,3,7.236460947337038,M2,nan,M1,M1,0,5.0,7.236460947337038,0.0,0.0,0.0,poor_tracking_condition,requested_mode_matches_applied_mode
threshold,persistent-low-generation,5,6790,113.16666666666667,17.166666666666668,2026-01-05T17:10:00Z,45.008713252385384,45.0210797795784,NORMAL,NORMAL,75.70031913007257,85.0,70.0,0.16787878787878788,27.44136568465131,12.1510367251636,10.93593305264724,1.0,3,5.93593305264724,M3,nan,M3,M1,0,5.0,5.93593305264724,0.0,0.0,0.0,poor_tracking_condition,new_candidate_started
threshold,persistent-low-generation,5,6795,113.25,17.25,2026-01-05T17:15:00Z,45.0210797795784,45.030776878086215,NORMAL,NORMAL,66.83077236639191,85.0,70.0,0.16787878787878788,24.22615498281707,10.7273414263914,9.65460728375226,1.0,3,4.654607283752259,M3,nan,M3,M1,0,5.0,4.654607283752259,0.0,0.0,0.0,poor_tracking_condition,waiting_for_candidate_confirmation
threshold,persistent-low-generation,5,6800,113.33333333333333,17.333333333333332,2026-01-05T17:20:00Z,45.030776878086215,44.842457834578795,NORMAL,NORMAL,58.11629045657233,85.0,70.0,0.16787878787878788,21.067155290507472,9.32853636263671,8.395682726373039,1.0,3,3.395682726373039,M3,nan,M3,M3,1,85.68181818181819,-77.28613545544515,6.440511287953762,5.916666666666666,0.0,poor_tracking_condition,candidate_confirmed_and_dwell_satisfied
threshold,persistent-low-generation,5,6805,113.41666666666667,17.416666666666668,2026-01-05T17:25:00Z,44.842457834578795,44.8469638087237,NORMAL,NORMAL,49.58254223077303,85.0,70.0,0.16787878787878788,17.973671558655226,7.958741766172534,7.1628675895552805,1.0,3,-78.51895059226291,M2,nan,M1,M1,0,5.0,2.1628675895552805,0.0,0.0,0.0,poor_tracking_condition,safety_reduction_applied_immediately
threshold,persistent-low-generation,5,6810,113.5,17.5,2026-01-05T17:30:00Z,44.8469638087237,44.84896502916365,NORMAL,NORMAL,41.260150911287276,85.0,70.0,0.16787878787878788,14.95680470534164,6.622873123525278,5.96058581117275,1.0,3,0.9605858111727503,M2,nan,M1,M1,0,5.0,0.9605858111727503,0.0,0.0,0.0,poor_tracking_condition,requested_mode_matches_applied_mode
threshold,persistent-low-generation,5,6815,113.58333333333333,17.583333333333332,2026-01-05T17:35:00Z,44.84896502916365,44.848463849665094,NORMAL,NORMAL,33.18703986676286,85.0,70.0,0.16787878787878788,12.030301951701539,5.327017704213441,4.794315933792097,1.0,3,-0.20568406620790292,M2,nan,M1,M1,0,5.0,-0.20568406620790292,0.017140338850658576,0.0,0.0,poor_tracking_condition,requested_mode_matches_applied_mode
threshold,persistent-low-generation,5,6820,113.66666666666667,17.666666666666668,2026-01-05T17:40:00Z,44.848463849665094,44.84522601039786,NORMAL,NORMAL,25.412583557295164,85.0,70.0,0.16787878787878788,9.212061539519498,4.079100849699234,3.6711907647293107,1.0,3,-1.3288092352706893,M2,nan,M1,M1,0,5.0,-1.3288092352706893,0.1107341029392241,0.0,0.0,poor_tracking_condition,requested_mode_matches_applied_mode
threshold,persistent-low-generation,5,6825,113.75,17.75,2026-01-05T17:45:00Z,44.84522601039786,44.83938092614016,NORMAL,NORMAL,18.005775996288865,85.0,70.0,0.16787878787878788,6.527093798654715,2.890197134044308,2.601177420639877,1.0,3,-2.398822579360123,M2,nan,M1,M1,0,5.0,-2.398822579360123,0.19990188161334357,0.0,0.0,poor_tracking_condition,requested_mode_matches_applied_mode
threshold,persistent-low-generation,5,6830,113.83333333333333,17.833333333333332,2026-01-05T17:50:00Z,44.83938092614016,44.83109585209702,NORMAL,NORMAL,11.074116387152324,85.0,70.0,0.16787878787878788,4.0143671903427185,1.7775617918837558,1.5998056126953804,1.0,3,-3.4001943873046194,M2,nan,M1,M1,0,5.0,-3.4001943873046194,0.28334953227538495,0.0,0.0,poor_tracking_condition,requested_mode_matches_applied_mode
threshold,persistent-low-generation,5,6835,113.91666666666667,17.916666666666668,2026-01-05T17:55:00Z,44.83109585209702,44.820609874385795,NORMAL,NORMAL,4.821666007779817,85.0,70.0,0.16787878787878788,1.747853927820184,0.7739497192387774,0.6965547473148997,1.0,3,-4.3034452526851,M2,nan,M1,M1,0,5.0,-4.3034452526851,0.35862043772375835,0.0,0.0,poor_tracking_condition,requested_mode_matches_applied_mode
threshold,persistent-low-generation,5,6840,114.0,18.0,2026-01-05T18:00:00Z,44.820609874385795,44.80842663851835,NORMAL,NORMAL,3.822140361187655e-17,85.0,70.0,0.16787878787878788,1.3855258809305252e-17,6.1351086007603655e-18,5.521597740684329e-18,1.0,3,-5.0,M2,nan,M1,M1,0,5.0,-5.0,0.41666666666666663,0.0,0.0,poor_tracking_condition,requested_mode_matches_applied_mode
threshold,persistent-low-generation,5,6845,114.08333333333333,18.083333333333332,2026-01-05T18:05:00Z,44.80842663851835,44.7962434026509,NORMAL,NORMAL,0.0,85.0,70.0,0.16787878787878788,0.0,0.0,0.0,1.0,3,-5.0,M2,nan,M1,M1,0,5.0,-5.0,0.41666666666666663,0.0,0.0,poor_tracking_condition,requested_mode_matches_applied_mode
threshold,persistent-low-generation,5,6850,114.16666666666667,18.166666666666668,2026-01-05T18:10:00Z,44.7962434026509,44.784060166783455,NORMAL,NORMAL,0.0,85.0,70.0,0.16787878787878788,0.0,0.0,0.0,1.0,3,-5.0,M2,nan,M1,M1,0,5.0,-5.0,0.41666666666666663,0.0,0.0,poor_tracking_condition,requested_mode_matches_applied_mode
threshold,persistent-low-generation,5,6855,114.25,18.25,2026-01-05T18:15:00Z,44.784060166783455,44.77187693091601,NORMAL,NORMAL,0.0,85.0,70.0,0.16787878787878788,0.0,0.0,0.0,1.0,3,-5.0,M2,nan,M1,M1,0,5.0,-5.0,0.41666666666666663,0.0,0.0,poor_tracking_condition,requested_mode_matches_applied_mode
threshold,persistent-low-generation,5,6860,114.33333333333333,18.333333333333332,2026-01-05T18:20:00Z,44.77187693091601,44.75969369504857,NORMAL,NORMAL,0.0,85.0,70.0,0.16787878787878788,0.0,0.0,0.0,1.0,3,-5.0,M2,nan,M1,M1,0,5.0,-5.0,0.41666666666666663,0.0,0.0,poor_tracking_condition,requested_mode_matches_applied_mode
threshold,persistent-low-generation,5,6865,114.41666666666667,18.416666666666668,2026-01-05T18:25:00Z,44.75969369504857,44.74751045918112,NORMAL,NORMAL,0.0,85.0,70.0,0.16787878787878788,0.0,0.0,0.0,1.0,3,-5.0,M2,nan,M1,M1,0,5.0,-5.0,0.41666666666666663,0.0,0.0,poor_tracking_condition,requested_mode_matches_applied_mode
threshold,persistent-low-generation,5,6870,114.5,18.5,2026-01-05T18:30:00Z,44.74751045918112,44.735327223313675,NORMAL,NORMAL,0.0,85.0,70.0,0.16787878787878788,0.0,0.0,0.0,1.0,3,-5.0,M2,nan,M1,M1,0,5.0,-5.0,0.41666666666666663,0.0,0.0,poor_tracking_condition,requested_mode_matches_applied_mode
threshold,persistent-low-generation,5,6875,114.58333333333333,18.583333333333332,2026-01-05T18:35:00Z,44.735327223313675,44.72314398744623,NORMAL,NORMAL,0.0,85.0,70.0,0.16787878787878788,0.0,0.0,0.0,1.0,3,-5.0,M2,nan,M1,M1,0,5.0,-5.0,0.41666666666666663,0.0,0.0,poor_tracking_condition,requested_mode_matches_applied_mode
threshold,persistent-low-generation,5,6880,114.66666666666667,18.666666666666668,2026-01-05T18:40:00Z,44.72314398744623,44.71096075157878,NORMAL,NORMAL,0.0,85.0,70.0,0.16787878787878788,0.0,0.0,0.0,1.0,3,-5.0,M2,nan,M1,M1,0,5.0,-5.0,0.41666666666666663,0.0,0.0,poor_tracking_condition,requested_mode_matches_applied_mode
threshold,persistent-low-generation,5,6885,114.75,18.75,2026-01-05T18:45:00Z,44.71096075157878,44.698777515711335,NORMAL,NORMAL,0.0,85.0,70.0,0.16787878787878788,0.0,0.0,0.0,1.0,3,-5.0,M2,nan,M1,M1,0,5.0,-5.0,0.41666666666666663,0.0,0.0,poor_tracking_condition,requested_mode_matches_applied_mode
threshold,persistent-low-generation,5,6890,114.83333333333333,18.833333333333332,2026-01-05T18:50:00Z,44.698777515711335,44.68659427984389,NORMAL,NORMAL,0.0,85.0,70.0,0.16787878787878788,0.0,0.0,0.0,1.0,3,-5.0,M2,nan,M1,M1,0,5.0,-5.0,0.41666666666666663,0.0,0.0,poor_tracking_condition,requested_mode_matches_applied_mode
threshold,persistent-low-generation,5,6895,114.91666666666667,18.916666666666668,2026-01-05T18:55:00Z,44.68659427984389,44.67441104397644,NORMAL,NORMAL,0.0,85.0,70.0,0.16787878787878788,0.0,0.0,0.0,1.0,3,-5.0,M2,nan,M1,M1,0,5.0,-5.0,0.41666666666666663,0.0,0.0,poor_tracking_condition,requested_mode_matches_applied_mode
threshold,persistent-low-generation,5,6900,115.0,19.0,2026-01-05T19:00:00Z,44.67441104397644,44.662227808109,NORMAL,NORMAL,0.0,85.0,70.0,0.16787878787878788,0.0,0.0,0.0,1.0,3,-5.0,M2,nan,M1,M1,0,5.0,-5.0,0.41666666666666663,0.0,0.0,poor_tracking_condition,requested_mode_matches_applied_mode
threshold,persistent-low-generation,5,6905,115.08333333333333,19.083333333333332,2026-01-05T19:05:00Z,44.662227808109,44.650044572241555,NORMAL,NORMAL,0.0,85.0,70.0,0.16787878787878788,0.0,0.0,0.0,1.0,3,-5.0,M2,nan,M1,M1,0,5.0,-5.0,0.41666666666666663,0.0,0.0,poor_tracking_condition,requested_mode_matches_applied_mode
threshold,persistent-low-generation,5,6910,115.16666666666667,19.166666666666668,2026-01-05T19:10:00Z,44.650044572241555,44.63786133637411,NORMAL,NORMAL,0.0,85.0,70.0,0.16787878787878788,0.0,0.0,0.0,1.0,3,-5.0,M2,nan,M1,M1,0,5.0,-5.0,0.41666666666666663,0.0,0.0,poor_tracking_condition,requested_mode_matches_applied_mode
threshold,persistent-low-generation,5,6915,115.25,19.25,2026-01-05T19:15:00Z,44.63786133637411,44.62567810050666,NORMAL,NORMAL,0.0,85.0,70.0,0.16787878787878788,0.0,0.0,0.0,1.0,3,-5.0,M2,nan,M1,M1,0,5.0,-5.0,0.41666666666666663,0.0,0.0,poor_tracking_condition,requested_mode_matches_applied_mode
threshold,persistent-low-generation,5,6920,115.33333333333333,19.333333333333332,2026-01-05T19:20:00Z,44.62567810050666,44.613494864639215,NORMAL,NORMAL,0.0,85.0,70.0,0.16787878787878788,0.0,0.0,0.0,1.0,3,-5.0,M2,nan,M1,M1,0,5.0,-5.0,0.41666666666666663,0.0,0.0,poor_tracking_condition,requested_mode_matches_applied_mode
threshold,persistent-low-generation,5,6925,115.41666666666667,19.416666666666668,2026-01-05T19:25:00Z,44.613494864639215,44.60131162877177,NORMAL,NORMAL,0.0,85.0,70.0,0.16787878787878788,0.0,0.0,0.0,1.0,3,-5.0,M2,nan,M1,M1,0,5.0,-5.0,0.41666666666666663,0.0,0.0,poor_tracking_condition,requested_mode_matches_applied_mode
threshold,persistent-low-generation,5,6930,115.5,19.5,2026-01-05T19:30:00Z,44.60131162877177,44.58912839290432,NORMAL,NORMAL,0.0,85.0,70.0,0.16787878787878788,0.0,0.0,0.0,1.0,3,-5.0,M2,nan,M1,M1,0,5.0,-5.0,0.41666666666666663,0.0,0.0,poor_tracking_condition,requested_mode_matches_applied_mode
threshold,persistent-low-generation,5,6935,115.58333333333333,19.583333333333332,2026-01-05T19:35:00Z,44.58912839290432,44.576945157036874,NORMAL,NORMAL,0.0,85.0,70.0,0.16787878787878788,0.0,0.0,0.0,1.0,3,-5.0,M2,nan,M1,M1,0,5.0,-5.0,0.41666666666666663,0.0,0.0,poor_tracking_condition,requested_mode_matches_applied_mode
threshold,persistent-low-generation,5,6940,115.66666666666667,19.666666666666668,2026-01-05T19:40:00Z,44.576945157036874,44.564761921169435,NORMAL,NORMAL,0.0,85.0,70.0,0.16787878787878788,0.0,0.0,0.0,1.0,3,-5.0,M2,nan,M1,M1,0,5.0,-5.0,0.41666666666666663,0.0,0.0,poor_tracking_condition,requested_mode_matches_applied_mode
threshold,persistent-low-generation,5,6945,115.75,19.75,2026-01-05T19:45:00Z,44.564761921169435,44.55257868530199,NORMAL,NORMAL,0.0,85.0,70.0,0.16787878787878788,0.0,0.0,0.0,1.0,3,-5.0,M2,nan,M1,M1,0,5.0,-5.0,0.41666666666666663,0.0,0.0,poor_tracking_condition,requested_mode_matches_applied_mode
threshold,persistent-low-generation,5,6950,115.83333333333333,19.833333333333332,2026-01-05T19:50:00Z,44.55257868530199,44.54039544943454,NORMAL,NORMAL,0.0,85.0,70.0,0.16787878787878788,0.0,0.0,0.0,1.0,3,-5.0,M2,nan,M1,M1,0,5.0,-5.0,0.41666666666666663,0.0,0.0,poor_tracking_condition,requested_mode_matches_applied_mode
threshold,persistent-low-generation,5,6955,115.91666666666667,19.916666666666668,2026-01-05T19:55:00Z,44.54039544943454,44.528212213567095,NORMAL,NORMAL,0.0,85.0,70.0,0.16787878787878788,0.0,0.0,0.0,1.0,3,-5.0,M2,nan,M1,M1,0,5.0,-5.0,0.41666666666666663,0.0,0.0,poor_tracking_condition,requested_mode_matches_applied_mode
threshold,persistent-low-generation,5,6960,116.0,20.0,2026-01-05T20:00:00Z,44.528212213567095,44.51602897769965,NORMAL,NORMAL,0.0,85.0,70.0,0.16787878787878788,0.0,0.0,0.0,0.75,2,-5.0,M2,nan,M1,M1,0,5.0,-5.0,0.41666666666666663,0.0,0.0,poor_tracking_condition,requested_mode_matches_applied_mode
threshold,persistent-low-generation,5,6965,116.08333333333333,20.083333333333332,2026-01-05T20:05:00Z,44.51602897769965,44.5038457418322,NORMAL,NORMAL,0.0,85.0,70.0,0.16787878787878788,0.0,0.0,0.0,0.75,2,-5.0,M2,nan,M1,M1,0,5.0,-5.0,0.41666666666666663,0.0,0.0,poor_tracking_condition,requested_mode_matches_applied_mode
threshold,persistent-low-generation,5,6970,116.16666666666667,20.166666666666668,2026-01-05T20:10:00Z,44.5038457418322,44.491662505964754,NORMAL,NORMAL,0.0,85.0,70.0,0.16787878787878788,0.0,0.0,0.0,0.75,2,-5.0,M2,nan,M1,M1,0,5.0,-5.0,0.41666666666666663,0.0,0.0,poor_tracking_condition,requested_mode_matches_applied_mode
threshold,persistent-low-generation,5,6975,116.25,20.25,2026-01-05T20:15:00Z,44.491662505964754,44.47947927009731,NORMAL,NORMAL,0.0,85.0,70.0,0.16787878787878788,0.0,0.0,0.0,0.75,2,-5.0,M2,nan,M1,M1,0,5.0,-5.0,0.41666666666666663,0.0,0.0,poor_tracking_condition,requested_mode_matches_applied_mode
threshold,persistent-low-generation,5,6980,116.33333333333333,20.333333333333332,2026-01-05T20:20:00Z,44.47947927009731,44.46729603422987,NORMAL,NORMAL,0.0,85.0,70.0,0.16787878787878788,0.0,0.0,0.0,0.75,2,-5.0,M2,nan,M1,M1,0,5.0,-5.0,0.41666666666666663,0.0,0.0,poor_tracking_condition,requested_mode_matches_applied_mode
threshold,persistent-low-generation,5,6985,116.41666666666667,20.416666666666668,2026-01-05T20:25:00Z,44.46729603422987,44.45511279836242,NORMAL,NORMAL,0.0,85.0,70.0,0.16787878787878788,0.0,0.0,0.0,0.75,2,-5.0,M2,nan,M1,M1,0,5.0,-5.0,0.41666666666666663,0.0,0.0,poor_tracking_condition,requested_mode_matches_applied_mode
threshold,persistent-low-generation,5,6990,116.5,20.5,2026-01-05T20:30:00Z,44.45511279836242,44.442929562494975,NORMAL,NORMAL,0.0,85.0,70.0,0.16787878787878788,0.0,0.0,0.0,0.75,2,-5.0,M2,nan,M1,M1,0,5.0,-5.0,0.41666666666666663,0.0,0.0,poor_tracking_condition,requested_mode_matches_applied_mode
threshold,persistent-low-generation,5,6995,116.58333333333333,20.583333333333332,2026-01-05T20:35:00Z,44.442929562494975,44.43074632662753,NORMAL,NORMAL,0.0,85.0,70.0,0.16787878787878788,0.0,0.0,0.0,0.75,2,-5.0,M2,nan,M1,M1,0,5.0,-5.0,0.41666666666666663,0.0,0.0,poor_tracking_condition,requested_mode_matches_applied_mode
threshold,persistent-low-generation,5,7000,116.66666666666667,20.666666666666668,2026-01-05T20:40:00Z,44.43074632662753,44.41856309076008,NORMAL,NORMAL,0.0,85.0,70.0,0.16787878787878788,0.0,0.0,0.0,0.75,2,-5.0,M2,nan,M1,M1,0,5.0,-5.0,0.41666666666666663,0.0,0.0,poor_tracking_condition,requested_mode_matches_applied_mode
threshold,persistent-low-generation,5,7005,116.75,20.75,2026-01-05T20:45:00Z,44.41856309076008,44.406379854892634,NORMAL,NORMAL,0.0,85.0,70.0,0.16787878787878788,0.0,0.0,0.0,0.75,2,-5.0,M2,nan,M1,M1,0,5.0,-5.0,0.41666666666666663,0.0,0.0,poor_tracking_condition,requested_mode_matches_applied_mode
threshold,persistent-low-generation,5,7010,116.83333333333333,20.833333333333332,2026-01-05T20:50:00Z,44.406379854892634,44.39419661902519,NORMAL,NORMAL,0.0,85.0,70.0,0.16787878787878788,0.0,0.0,0.0,0.75,2,-5.0,M2,nan,M1,M1,0,5.0,-5.0,0.41666666666666663,0.0,0.0,poor_tracking_condition,requested_mode_matches_applied_mode
threshold,persistent-low-generation,5,7015,116.91666666666667,20.916666666666668,2026-01-05T20:55:00Z,44.39419661902519,44.38201338315774,NORMAL,NORMAL,0.0,85.0,70.0,0.16787878787878788,0.0,0.0,0.0,0.75,2,-5.0,M2,nan,M1,M1,0,5.0,-5.0,0.41666666666666663,0.0,0.0,poor_tracking_condition,requested_mode_matches_applied_mode
threshold,persistent-low-generation,5,7020,117.0,21.0,2026-01-05T21:00:00Z,44.38201338315774,44.3698301472903,NORMAL,NORMAL,0.0,85.0,70.0,0.16787878787878788,0.0,0.0,0.0,0.75,2,-5.0,M2,nan,M1,M1,0,5.0,-5.0,0.41666666666666663,0.0,0.0,poor_tracking_condition,requested_mode_matches_applied_mode
threshold,persistent-low-generation,5,7025,117.08333333333333,21.083333333333332,2026-01-05T21:05:00Z,44.3698301472903,44.357646911422854,NORMAL,NORMAL,0.0,85.0,70.0,0.16787878787878788,0.0,0.0,0.0,0.75,2,-5.0,M2,nan,M1,M1,0,5.0,-5.0,0.41666666666666663,0.0,0.0,poor_tracking_condition,requested_mode_matches_applied_mode
threshold,persistent-low-generation,5,7030,117.16666666666667,21.166666666666668,2026-01-05T21:10:00Z,44.357646911422854,44.34546367555541,NORMAL,NORMAL,0.0,85.0,70.0,0.16787878787878788,0.0,0.0,0.0,0.75,2,-5.0,M2,nan,M1,M1,0,5.0,-5.0,0.41666666666666663,0.0,0.0,poor_tracking_condition,requested_mode_matches_applied_mode
threshold,persistent-low-generation,5,7035,117.25,21.25,2026-01-05T21:15:00Z,44.34546367555541,44.33328043968796,NORMAL,NORMAL,0.0,85.0,70.0,0.16787878787878788,0.0,0.0,0.0,0.75,2,-5.0,M2,nan,M1,M1,0,5.0,-5.0,0.41666666666666663,0.0,0.0,poor_tracking_condition,requested_mode_matches_applied_mode
threshold,persistent-low-generation,5,7040,117.33333333333333,21.333333333333332,2026-01-05T21:20:00Z,44.33328043968796,44.321097203820514,NORMAL,NORMAL,0.0,85.0,70.0,0.16787878787878788,0.0,0.0,0.0,0.75,2,-5.0,M2,nan,M1,M1,0,5.0,-5.0,0.41666666666666663,0.0,0.0,poor_tracking_condition,requested_mode_matches_applied_mode
threshold,persistent-low-generation,5,7045,117.41666666666667,21.416666666666668,2026-01-05T21:25:00Z,44.321097203820514,44.30891396795307,NORMAL,NORMAL,0.0,85.0,70.0,0.16787878787878788,0.0,0.0,0.0,0.75,2,-5.0,M2,nan,M1,M1,0,5.0,-5.0,0.41666666666666663,0.0,0.0,poor_tracking_condition,requested_mode_matches_applied_mode
threshold,persistent-low-generation,5,7050,117.5,21.5,2026-01-05T21:30:00Z,44.30891396795307,44.29673073208562,NORMAL,NORMAL,0.0,85.0,70.0,0.16787878787878788,0.0,0.0,0.0,0.75,2,-5.0,M2,nan,M1,M1,0,5.0,-5.0,0.41666666666666663,0.0,0.0,poor_tracking_condition,requested_mode_matches_applied_mode
threshold,persistent-low-generation,5,7055,117.58333333333333,21.583333333333332,2026-01-05T21:35:00Z,44.29673073208562,44.284547496218174,NORMAL,NORMAL,0.0,85.0,70.0,0.16787878787878788,0.0,0.0,0.0,0.75,2,-5.0,M2,nan,M1,M1,0,5.0,-5.0,0.41666666666666663,0.0,0.0,poor_tracking_condition,requested_mode_matches_applied_mode
threshold,persistent-low-generation,5,7060,117.66666666666667,21.666666666666668,2026-01-05T21:40:00Z,44.284547496218174,44.272364260350734,NORMAL,NORMAL,0.0,85.0,70.0,0.16787878787878788,0.0,0.0,0.0,0.75,2,-5.0,M2,nan,M1,M1,0,5.0,-5.0,0.41666666666666663,0.0,0.0,poor_tracking_condition,requested_mode_matches_applied_mode
threshold,persistent-low-generation,5,7065,117.75,21.75,2026-01-05T21:45:00Z,44.272364260350734,44.26018102448329,NORMAL,NORMAL,0.0,85.0,70.0,0.16787878787878788,0.0,0.0,0.0,0.75,2,-5.0,M2,nan,M1,M1,0,5.0,-5.0,0.41666666666666663,0.0,0.0,poor_tracking_condition,requested_mode_matches_applied_mode
threshold,persistent-low-generation,5,7070,117.83333333333333,21.833333333333332,2026-01-05T21:50:00Z,44.26018102448329,44.24799778861584,NORMAL,NORMAL,0.0,85.0,70.0,0.16787878787878788,0.0,0.0,0.0,0.75,2,-5.0,M2,nan,M1,M1,0,5.0,-5.0,0.41666666666666663,0.0,0.0,poor_tracking_condition,requested_mode_matches_applied_mode
threshold,persistent-low-generation,5,7075,117.91666666666667,21.916666666666668,2026-01-05T21:55:00Z,44.24799778861584,44.235814552748394,NORMAL,NORMAL,0.0,85.0,70.0,0.16787878787878788,0.0,0.0,0.0,0.75,2,-5.0,M2,nan,M1,M1,0,5.0,-5.0,0.41666666666666663,0.0,0.0,poor_tracking_condition,requested_mode_matches_applied_mode
threshold,persistent-low-generation,5,7080,118.0,22.0,2026-01-05T22:00:00Z,44.235814552748394,44.22363131688095,NORMAL,NORMAL,0.0,85.0,70.0,0.16787878787878788,0.0,0.0,0.0,0.75,2,-5.0,M2,nan,M1,M1,0,5.0,-5.0,0.41666666666666663,0.0,0.0,poor_tracking_condition,requested_mode_matches_applied_mode
threshold,persistent-low-generation,5,7085,118.08333333333333,22.083333333333332,2026-01-05T22:05:00Z,44.22363131688095,44.2114480810135,NORMAL,NORMAL,0.0,85.0,70.0,0.16787878787878788,0.0,0.0,0.0,0.75,2,-5.0,M2,nan,M1,M1,0,5.0,-5.0,0.41666666666666663,0.0,0.0,poor_tracking_condition,requested_mode_matches_applied_mode
threshold,persistent-low-generation,5,7090,118.16666666666667,22.166666666666668,2026-01-05T22:10:00Z,44.2114480810135,44.199264845146054,NORMAL,NORMAL,0.0,85.0,70.0,0.16787878787878788,0.0,0.0,0.0,0.75,2,-5.0,M2,nan,M1,M1,0,5.0,-5.0,0.41666666666666663,0.0,0.0,poor_tracking_condition,requested_mode_matches_applied_mode
threshold,persistent-low-generation,5,7095,118.25,22.25,2026-01-05T22:15:00Z,44.199264845146054,44.18708160927861,NORMAL,NORMAL,0.0,85.0,70.0,0.16787878787878788,0.0,0.0,0.0,0.75,2,-5.0,M2,nan,M1,M1,0,5.0,-5.0,0.41666666666666663,0.0,0.0,poor_tracking_condition,requested_mode_matches_applied_mode
threshold,persistent-low-generation,5,7100,118.33333333333333,22.333333333333332,2026-01-05T22:20:00Z,44.18708160927861,44.17489837341117,NORMAL,NORMAL,0.0,85.0,70.0,0.16787878787878788,0.0,0.0,0.0,0.75,2,-5.0,M2,nan,M1,M1,0,5.0,-5.0,0.41666666666666663,0.0,0.0,poor_tracking_condition,requested_mode_matches_applied_mode
threshold,persistent-low-generation,5,7105,118.41666666666667,22.416666666666668,2026-01-05T22:25:00Z,44.17489837341117,44.16271513754372,NORMAL,NORMAL,0.0,85.0,70.0,0.16787878787878788,0.0,0.0,0.0,0.75,2,-5.0,M2,nan,M1,M1,0,5.0,-5.0,0.41666666666666663,0.0,0.0,poor_tracking_condition,requested_mode_matches_applied_mode
threshold,persistent-low-generation,5,7110,118.5,22.5,2026-01-05T22:30:00Z,44.16271513754372,44.150531901676274,NORMAL,NORMAL,0.0,85.0,70.0,0.16787878787878788,0.0,0.0,0.0,0.75,2,-5.0,M2,nan,M1,M1,0,5.0,-5.0,0.41666666666666663,0.0,0.0,poor_tracking_condition,requested_mode_matches_applied_mode
threshold,persistent-low-generation,5,7115,118.58333333333333,22.583333333333332,2026-01-05T22:35:00Z,44.150531901676274,44.13834866580883,NORMAL,NORMAL,0.0,85.0,70.0,0.16787878787878788,0.0,0.0,0.0,0.75,2,-5.0,M2,nan,M1,M1,0,5.0,-5.0,0.41666666666666663,0.0,0.0,poor_tracking_condition,requested_mode_matches_applied_mode
threshold,persistent-low-generation,5,7120,118.66666666666667,22.666666666666668,2026-01-05T22:40:00Z,44.13834866580883,44.12616542994137,NORMAL,NORMAL,0.0,85.0,70.0,0.16787878787878788,0.0,0.0,0.0,0.75,2,-5.0,M2,nan,M1,M1,0,5.0,-5.0,0.41666666666666663,0.0,0.0,poor_tracking_condition,requested_mode_matches_applied_mode
threshold,persistent-low-generation,5,7125,118.75,22.75,2026-01-05T22:45:00Z,44.12616542994137,44.11398219407393,NORMAL,NORMAL,0.0,85.0,70.0,0.16787878787878788,0.0,0.0,0.0,0.75,2,-5.0,M2,nan,M1,M1,0,5.0,-5.0,0.41666666666666663,0.0,0.0,poor_tracking_condition,requested_mode_matches_applied_mode
threshold,persistent-low-generation,5,7130,118.83333333333333,22.833333333333332,2026-01-05T22:50:00Z,44.11398219407393,44.10179895820648,NORMAL,NORMAL,0.0,85.0,70.0,0.16787878787878788,0.0,0.0,0.0,0.75,2,-5.0,M2,nan,M1,M1,0,5.0,-5.0,0.41666666666666663,0.0,0.0,poor_tracking_condition,requested_mode_matches_applied_mode
threshold,persistent-low-generation,5,7135,118.91666666666667,22.916666666666668,2026-01-05T22:55:00Z,44.10179895820648,44.08961572233903,NORMAL,NORMAL,0.0,85.0,70.0,0.16787878787878788,0.0,0.0,0.0,0.75,2,-5.0,M2,nan,M1,M1,0,5.0,-5.0,0.41666666666666663,0.0,0.0,poor_tracking_condition,requested_mode_matches_applied_mode
threshold,persistent-low-generation,5,7140,119.0,23.0,2026-01-05T23:00:00Z,44.08961572233903,44.077432486471594,NORMAL,NORMAL,0.0,85.0,70.0,0.16787878787878788,0.0,0.0,0.0,0.35,1,-5.0,M2,nan,M1,M1,0,5.0,-5.0,0.41666666666666663,0.0,0.0,poor_tracking_condition,requested_mode_matches_applied_mode
threshold,persistent-low-generation,5,7145,119.08333333333333,23.083333333333332,2026-01-05T23:05:00Z,44.077432486471594,44.06524925060415,NORMAL,NORMAL,0.0,85.0,70.0,0.16787878787878788,0.0,0.0,0.0,0.35,1,-5.0,M2,nan,M1,M1,0,5.0,-5.0,0.41666666666666663,0.0,0.0,poor_tracking_condition,requested_mode_matches_applied_mode
threshold,persistent-low-generation,5,7150,119.16666666666667,23.166666666666668,2026-01-05T23:10:00Z,44.06524925060415,44.0530660147367,NORMAL,NORMAL,0.0,85.0,70.0,0.16787878787878788,0.0,0.0,0.0,0.35,1,-5.0,M2,nan,M1,M1,0,5.0,-5.0,0.41666666666666663,0.0,0.0,poor_tracking_condition,requested_mode_matches_applied_mode
threshold,persistent-low-generation,5,7155,119.25,23.25,2026-01-05T23:15:00Z,44.0530660147367,44.04088277886925,NORMAL,NORMAL,0.0,85.0,70.0,0.16787878787878788,0.0,0.0,0.0,0.35,1,-5.0,M2,nan,M1,M1,0,5.0,-5.0,0.41666666666666663,0.0,0.0,poor_tracking_condition,requested_mode_matches_applied_mode
threshold,persistent-low-generation,5,7160,119.33333333333333,23.333333333333332,2026-01-05T23:20:00Z,44.04088277886925,44.02869954300181,NORMAL,NORMAL,0.0,85.0,70.0,0.16787878787878788,0.0,0.0,0.0,0.35,1,-5.0,M2,nan,M1,M1,0,5.0,-5.0,0.41666666666666663,0.0,0.0,poor_tracking_condition,requested_mode_matches_applied_mode
threshold,persistent-low-generation,5,7165,119.41666666666667,23.416666666666668,2026-01-05T23:25:00Z,44.02869954300181,44.01651630713436,NORMAL,NORMAL,0.0,85.0,70.0,0.16787878787878788,0.0,0.0,0.0,0.35,1,-5.0,M2,nan,M1,M1,0,5.0,-5.0,0.41666666666666663,0.0,0.0,poor_tracking_condition,requested_mode_matches_applied_mode
threshold,persistent-low-generation,5,7170,119.5,23.5,2026-01-05T23:30:00Z,44.01651630713436,44.00433307126691,NORMAL,NORMAL,0.0,85.0,70.0,0.16787878787878788,0.0,0.0,0.0,0.35,1,-5.0,M2,nan,M1,M1,0,5.0,-5.0,0.41666666666666663,0.0,0.0,poor_tracking_condition,requested_mode_matches_applied_mode
threshold,persistent-low-generation,5,7175,119.58333333333333,23.583333333333332,2026-01-05T23:35:00Z,44.00433307126691,43.992149835399466,NORMAL,NORMAL,0.0,85.0,70.0,0.16787878787878788,0.0,0.0,0.0,0.35,1,-5.0,M2,nan,M1,M1,0,5.0,-5.0,0.41666666666666663,0.0,0.0,poor_tracking_condition,requested_mode_matches_applied_mode
threshold,persistent-low-generation,5,7180,119.66666666666667,23.666666666666668,2026-01-05T23:40:00Z,43.992149835399466,43.97996659953203,NORMAL,NORMAL,0.0,85.0,70.0,0.16787878787878788,0.0,0.0,0.0,0.35,1,-5.0,M2,nan,M1,M1,0,5.0,-5.0,0.41666666666666663,0.0,0.0,poor_tracking_condition,requested_mode_matches_applied_mode
threshold,persistent-low-generation,5,7185,119.75,23.75,2026-01-05T23:45:00Z,43.97996659953203,43.96778336366458,NORMAL,NORMAL,0.0,85.0,70.0,0.16787878787878788,0.0,0.0,0.0,0.35,1,-5.0,M2,nan,M1,M1,0,5.0,-5.0,0.41666666666666663,0.0,0.0,poor_tracking_condition,requested_mode_matches_applied_mode
threshold,persistent-low-generation,5,7190,119.83333333333333,23.833333333333332,2026-01-05T23:50:00Z,43.96778336366458,43.95560012779713,NORMAL,NORMAL,0.0,85.0,70.0,0.16787878787878788,0.0,0.0,0.0,0.35,1,-5.0,M2,nan,M1,M1,0,5.0,-5.0,0.41666666666666663,0.0,0.0,poor_tracking_condition,requested_mode_matches_applied_mode
threshold,persistent-low-generation,5,7195,119.91666666666667,23.916666666666668,2026-01-05T23:55:00Z,43.95560012779713,43.94341689192969,NORMAL,NORMAL,0.0,85.0,70.0,0.16787878787878788,0.0,0.0,0.0,0.35,1,-5.0,M2,nan,M1,M1,0,5.0,-5.0,0.41666666666666663,0.0,0.0,poor_tracking_condition,requested_mode_matches_applied_mode
